country_id,country_name,island_id,island_name,prefecture_id,prefecture_name,commune_id,commune_name,town_village_id,town_village_name,year,population
KM,Comores,KM3,MWALI,KM31,DJANDO,KM311,DJANDO,KM311_0006,HAGNAMOIDA,2017,817
KM,Comores,KM3,MWALI,KM31,DJANDO,KM311,DJANDO,KM311_0008,HAMAVOUNA,2017,1326
KM,Comores,KM3,MWALI,KM31,DJANDO,KM311,DJANDO,KM311_0007,ITSAMIA,2017,405
KM,Comores,KM3,MWALI,KM31,DJANDO,KM311,DJANDO,KM121_0005,KANGANI,2017,1357
KM,Comores,KM3,MWALI,KM31,DJANDO,KM311,DJANDO,KM311_0003,MLANBANDA,2017,407
KM,Comores,KM3,MWALI,KM31,DJANDO,KM311,DJANDO,KM311_0002,WANANI,2017,3291
KM,Comores,KM3,MWALI,KM31,DJANDO,KM311,DJANDO,KM311_0001,ZIROUDANI,2017,1746
KM,Comores,KM3,MWALI,KM32,FOMBONI,KM321,FOMBONI,KM321_0001,FOMBONI,2017,17290
KM,Comores,KM3,MWALI,KM32,FOMBONI,KM322,MOILI MDJINI,KM322_0002,BANDAR SALAMA,2017,2413
KM,Comores,KM3,MWALI,KM32,FOMBONI,KM322,MOILI MDJINI,KM322_0003,DJOIEZI,2017,2942
KM,Comores,KM3,MWALI,KM32,FOMBONI,KM322,MOILI MDJINI,KM322_0001,MBOIGOMA,2017,2055
KM,Comores,KM3,MWALI,KM32,FOMBONI,KM323,MOINBASSA,KM252_0007,DOMONI,2017,258
KM,Comores,KM3,MWALI,KM32,FOMBONI,KM323,MOINBASSA,KM323_0002,HOANI,2017,2199
KM,Comores,KM3,MWALI,KM32,FOMBONI,KM323,MOINBASSA,KM323_0001,M'BATSE,2017,3676
KM,Comores,KM3,MWALI,KM33,NIOUMACHOUA,KM331,MLEDJELE,KM331_0001,MIREMANI,2017,288
KM,Comores,KM3,MWALI,KM33,NIOUMACHOUA,KM331,MLEDJELE,KM331_0004,NDREMEANI,2017,57
KM,Comores,KM3,MWALI,KM33,NIOUMACHOUA,KM331,MLEDJELE,KM331_0002,NDRONDRONI,2017,4240
KM,Comores,KM3,MWALI,KM33,NIOUMACHOUA,KM331,MLEDJELE,KM331_0003,NIOUMACHOUA,2017,3329
KM,Comores,KM3,MWALI,KM33,NIOUMACHOUA,KM332,MOIMBAO,KM143_0003,BARAKANI,2017,940
KM,Comores,KM3,MWALI,KM33,NIOUMACHOUA,KM332,MOIMBAO,KM332_0001,HAMBA,2017,243
KM,Comores,KM3,MWALI,KM33,NIOUMACHOUA,KM332,MOIMBAO,KM332_0004,MIRINGONI,2017,1007
KM,Comores,KM3,MWALI,KM33,NIOUMACHOUA,KM332,MOIMBAO,KM332_0005,WALLAH 1,2017,446
KM,Comores,KM3,MWALI,KM33,NIOUMACHOUA,KM332,MOIMBAO,KM332_0006,WALLAH 2,2017,835
KM,Comores,KM1,NDZUWANI,KM11,DOMONI,KM111,BAMBAO MSTANGA,KM111_0001,BAMBAO MTSANGA,2017,5026
KM,Comores,KM1,NDZUWANI,KM11,DOMONI,KM111,BAMBAO MSTANGA,KM111_0004,MAHALE,2017,3589
KM,Comores,KM1,NDZUWANI,KM11,DOMONI,KM111,BAMBAO MSTANGA,KM111_0002,MROMAJI,2017,2780
KM,Comores,KM1,NDZUWANI,KM11,DOMONI,KM111,BAMBAO MSTANGA,KM111_0003,ONGONI,2017,2384
KM,Comores,KM1,NDZUWANI,KM11,DOMONI,KM112,DOMONI,KM112_0004,BWELADUGU,2017,748
KM,Comores,KM1,NDZUWANI,KM11,DOMONI,KM112,DOMONI,KM252_0007,DOMONI,2017,12262
KM,Comores,KM1,NDZUWANI,KM11,DOMONI,KM112,DOMONI,KM112_0003,LIMBI,2017,2612
KM,Comores,KM1,NDZUWANI,KM11,DOMONI,KM113,JIMLIME,KM113_0003,HAJOHO,2017,3781
KM,Comores,KM1,NDZUWANI,KM11,DOMONI,KM113,JIMLIME,KM113_0001,HAREMBO I,2017,582
KM,Comores,KM1,NDZUWANI,KM11,DOMONI,KM113,JIMLIME,KM113_0002,HAREMBO II,2017,977
KM,Comores,KM1,NDZUWANI,KM11,DOMONI,KM113,JIMLIME,KM113_0004,JIMLIME,2017,6140
KM,Comores,KM1,NDZUWANI,KM11,DOMONI,KM114,KONI,KM114_0004,GEGE,2017,1116
KM,Comores,KM1,NDZUWANI,KM11,DOMONI,KM114,KONI,KM114_0003,HACHIPENDA,2017,1885
KM,Comores,KM1,NDZUWANI,KM11,DOMONI,KM114,KONI,KM114_0001,KONI DJODJO,2017,10712
KM,Comores,KM1,NDZUWANI,KM11,DOMONI,KM114,KONI,KM114_0002,KONI NGANI,2017,5170
KM,Comores,KM1,NDZUWANI,KM11,DOMONI,KM115,NGADZALE,KM115_0001,NGADZALE,2017,5524
KM,Comores,KM1,NDZUWANI,KM11,DOMONI,KM115,NGADZALE,KM115_0002,OUTSA,2017,726
KM,Comores,KM1,NDZUWANI,KM11,DOMONI,KM115,NGADZALE,KM115_0005,OUZINI,2017,1760
KM,Comores,KM1,NDZUWANI,KM11,DOMONI,KM115,NGADZALE,KM153_0014,SALAMANI,2017,2130
KM,Comores,KM1,NDZUWANI,KM16,MOYA,KM151,MOYA,KM151_0002,KOWET,2017,2101
KM,Comores,KM1,NDZUWANI,KM16,MOYA,KM151,MOYA,KM151_0005,LINGONI,2017,4947
KM,Comores,KM1,NDZUWANI,KM16,MOYA,KM151,MOYA,KM151_0007,MAWENI,2017,794
KM,Comores,KM1,NDZUWANI,KM16,MOYA,KM151,MOYA,KM151_0001,MOYA,2017,8986
KM,Comores,KM1,NDZUWANI,KM16,MOYA,KM151,MOYA,KM151_0004,NINDRI,2017,3074
KM,Comores,KM1,NDZUWANI,KM16,MOYA,KM151,MOYA,KM151_0003,POMONI,2017,4238
KM,Comores,KM1,NDZUWANI,KM12,MREMANI,KM121,ADDA,KM121_0001,ADDA DAWENI,2017,11449
KM,Comores,KM1,NDZUWANI,KM12,MREMANI,KM121,ADDA,KM121_0002,DJANZA,2017,829
KM,Comores,KM1,NDZUWANI,KM12,MREMANI,KM121,ADDA,KM121_0005,KANGANI,2017,4890
KM,Comores,KM1,NDZUWANI,KM12,MREMANI,KM121,ADDA,KM121_0003,MAGNASSINI,2017,4314
KM,Comores,KM1,NDZUWANI,KM12,MREMANI,KM123,MRAMANI,KM123_0004,DZIANII,2017,1958
KM,Comores,KM1,NDZUWANI,KM12,MREMANI,KM123,MRAMANI,KM123_0002,HANTSAHII,2017,1479
KM,Comores,KM1,NDZUWANI,KM12,MREMANI,KM123,MRAMANI,KM123_0001,MRAMANI,2017,4046
KM,Comores,KM1,NDZUWANI,KM12,MREMANI,KM123,MRAMANI,KM123_0003,NYAMBOIMRO,2017,2079
KM,Comores,KM1,NDZUWANI,KM12,MREMANI,KM124,MREMANI,KM124_0002,BANDA KOUNI,2017,3706
KM,Comores,KM1,NDZUWANI,KM12,MREMANI,KM124,MREMANI,KM124_0004,DAJI,2017,3124
KM,Comores,KM1,NDZUWANI,KM12,MREMANI,KM124,MREMANI,KM124_0001,MREMANI,2017,5470
KM,Comores,KM1,NDZUWANI,KM12,MREMANI,KM124,MREMANI,KM124_0003,MRIDJOU,2017,3506
KM,Comores,KM1,NDZUWANI,KM12,MREMANI,KM125,ONGOJOU,KM125_0002,KIYO,2017,1654
KM,Comores,KM1,NDZUWANI,KM12,MREMANI,KM125,ONGOJOU,KM125_0003,KOMONI,2017,2679
KM,Comores,KM1,NDZUWANI,KM12,MREMANI,KM125,ONGOJOU,KM125_0004,MIRONDRONI,2017,407
KM,Comores,KM1,NDZUWANI,KM12,MREMANI,KM125,ONGOJOU,KM125_0001,ONGODJOU,2017,6306
KM,Comores,KM1,NDZUWANI,KM12,MREMANI,KM125,ONGOJOU,KM125_0005,TRINDRINI,2017,160
KM,Comores,KM1,NDZUWANI,KM12,MREMANI,KM122,SHAWENI,KM122_0002,HAMCHACO,2017,1946
KM,Comores,KM1,NDZUWANI,KM12,MREMANI,KM122,SHAWENI,KM122_0005,MNADZICHOUMWE,2017,1009
KM,Comores,KM1,NDZUWANI,KM12,MREMANI,KM122,SHAWENI,KM122_0004,NOUNGA,2017,436
KM,Comores,KM1,NDZUWANI,KM12,MREMANI,KM122,SHAWENI,KM122_0003,SADAPOINI,2017,2920
KM,Comores,KM1,NDZUWANI,KM12,MREMANI,KM122,SHAWENI,KM122_0001,SHAWENI,2017,1082
KM,Comores,KM1,NDZUWANI,KM13,MUTSAMUDU,KM131,BANDRANI YA CHIRONKAMBA,KM131_0002,ANKIBANI,2017,2173
KM,Comores,KM1,NDZUWANI,KM13,MUTSAMUDU,KM131,BANDRANI YA CHIRONKAMBA,KM131_0008,BANDRADJOU,2017,1847
KM,Comores,KM1,NDZUWANI,KM13,MUTSAMUDU,KM131,BANDRANI YA CHIRONKAMBA,KM131_0006,CHICONI 2,2017,137
KM,Comores,KM1,NDZUWANI,KM13,MUTSAMUDU,KM131,BANDRANI YA CHIRONKAMBA,KM131_0003,CHIRONKAMBA,2017,2010
KM,Comores,KM1,NDZUWANI,KM13,MUTSAMUDU,KM131,BANDRANI YA CHIRONKAMBA,KM151_0007,MAWENI,2017,804
KM,Comores,KM1,NDZUWANI,KM13,MUTSAMUDU,KM131,BANDRANI YA CHIRONKAMBA,KM131_0001,MDJIMANDRA,2017,2699
KM,Comores,KM1,NDZUWANI,KM13,MUTSAMUDU,KM131,BANDRANI YA CHIRONKAMBA,KM131_0007,MPOUZINI,2017,63
KM,Comores,KM1,NDZUWANI,KM13,MUTSAMUDU,KM132,Commune BANDRANI YA MITSANGANI,KM132_0001,BANDRANI MTSANGANI,2017,1922
KM,Comores,KM1,NDZUWANI,KM13,MUTSAMUDU,KM132,Commune BANDRANI YA MITSANGANI,KM132_0002,CHITROUNI,2017,1256
KM,Comores,KM1,NDZUWANI,KM13,MUTSAMUDU,KM132,Commune BANDRANI YA MITSANGANI,KM132_0004,MDJAMAOUE,2017,1730
KM,Comores,KM1,NDZUWANI,KM13,MUTSAMUDU,KM132,Commune BANDRANI YA MITSANGANI,KM132_0003,SAANDANI,2017,2295
KM,Comores,KM1,NDZUWANI,KM13,MUTSAMUDU,KM133,MIRONTSI,KM133_0001,MIRONTSI,2017,11955
KM,Comores,KM1,NDZUWANI,KM13,MUTSAMUDU,KM134,MUTSAMUDU,KM134_0005,CHICONI1,2017,4
KM,Comores,KM1,NDZUWANI,KM13,MUTSAMUDU,KM134,MUTSAMUDU,KM134_0001,MUTSAMUDU,2017,26313
KM,Comores,KM1,NDZUWANI,KM13,MUTSAMUDU,KM134,MUTSAMUDU,KM134_0003,MWAMWA I,2017,1905
KM,Comores,KM1,NDZUWANI,KM13,MUTSAMUDU,KM134,MUTSAMUDU,KM134_0004,MWAMWA II,2017,802
KM,Comores,KM1,NDZUWANI,KM13,MUTSAMUDU,KM134,MUTSAMUDU,KM134_0002,PAJE,2017,5917
KM,Comores,KM1,NDZUWANI,KM14,OUANI,KM141,BAMBAO MTROUNI,KM141_0003,CHANDRA,2017,4963
KM,Comores,KM1,NDZUWANI,KM14,OUANI,KM141,BAMBAO MTROUNI,KM141_0002,DINDRI,2017,10364
KM,Comores,KM1,NDZUWANI,KM14,OUANI,KM141,BAMBAO MTROUNI,KM141_0001,TSEMBEHOU,2017,12590
KM,Comores,KM1,NDZUWANI,KM14,OUANI,KM142,BAZIMINI,KM142_0001,BAZIMINI,2017,8218
KM,Comores,KM1,NDZUWANI,KM14,OUANI,KM142,BAZIMINI,KM142_0002,KOKI,2017,6366
KM,Comores,KM1,NDZUWANI,KM14,OUANI,KM142,BAZIMINI,KM142_0003,PATSY,2017,3884
KM,Comores,KM1,NDZUWANI,KM14,OUANI,KM143,OUANI,KM143_0003,BARAKANI,2017,7034
KM,Comores,KM1,NDZUWANI,KM14,OUANI,KM143,OUANI,KM143_0004,GNATRANGA,2017,3289
KM,Comores,KM1,NDZUWANI,KM14,OUANI,KM143,OUANI,KM143_0001,OUANI,2017,10073
KM,Comores,KM1,NDZUWANI,KM14,OUANI,KM143,OUANI,KM143_0005,TANAMBAO,2017,2105
KM,Comores,KM1,NDZUWANI,KM15,SIMA,KM152,SIMA,KM152_0003,BIMBINI,2017,1786
KM,Comores,KM1,NDZUWANI,KM15,SIMA,KM152,SIMA,KM152_0004,BOUNGOUENI,2017,3534
KM,Comores,KM1,NDZUWANI,KM15,SIMA,KM152,SIMA,KM152_0002,KAVANI,2017,2172
KM,Comores,KM1,NDZUWANI,KM15,SIMA,KM152,SIMA,KM234_0004,MILEMBENI,2017,727
KM,Comores,KM1,NDZUWANI,KM15,SIMA,KM152,SIMA,KM152_0005,MIRONGANI,2017,1459
KM,Comores,KM1,NDZUWANI,KM15,SIMA,KM152,SIMA,KM232_0003,SIMA,2017,8737
KM,Comores,KM1,NDZUWANI,KM15,SIMA,KM153,VOUANI,KM153_0010,BANDRANI YA VOUANI,2017,1685
KM,Comores,KM1,NDZUWANI,KM15,SIMA,KM153,VOUANI,KM153_0011,CHIROVE,2017,264
KM,Comores,KM1,NDZUWANI,KM15,SIMA,KM153,VOUANI,KM153_0009,DAR SALAMA,2017,1344
KM,Comores,KM1,NDZUWANI,KM15,SIMA,KM153,VOUANI,KM153_0007,DZINDRI I,2017,2537
KM,Comores,KM1,NDZUWANI,KM15,SIMA,KM153,VOUANI,KM153_0003,HASSIMPAO,2017,1533
KM,Comores,KM1,NDZUWANI,KM15,SIMA,KM153,VOUANI,KM153_0006,IMERE,2017,448
KM,Comores,KM1,NDZUWANI,KM15,SIMA,KM153,VOUANI,KM153_0015,IMERE YA GAWANI,2017,742
KM,Comores,KM1,NDZUWANI,KM15,SIMA,KM153,VOUANI,KM153_0002,MARAHARE,2017,1969
KM,Comores,KM1,NDZUWANI,KM15,SIMA,KM153,VOUANI,KM153_0012,MARONTRONI,2017,407
KM,Comores,KM1,NDZUWANI,KM15,SIMA,KM153,VOUANI,KM153_0001,MROMOUHOULI,2017,607
KM,Comores,KM1,NDZUWANI,KM15,SIMA,KM153,VOUANI,KM153_0014,SALAMANI,2017,407
KM,Comores,KM1,NDZUWANI,KM15,SIMA,KM153,VOUANI,KM153_0004,SHITSANGASHELI,2017,155
KM,Comores,KM1,NDZUWANI,KM15,SIMA,KM153,VOUANI,KM153_0005,VASSI,2017,1263
KM,Comores,KM1,NDZUWANI,KM15,SIMA,KM153,VOUANI,KM153_0008,VOUANI,2017,3397
KM,Comores,KM2,NGAZIDJA,KM21,HAMAHAMET MBOINKOU,KM211,MBOINKOU,KM211_0008,BANDAMADJI LA MBOIKOU,2017,691
KM,Comores,KM2,NGAZIDJA,KM21,HAMAHAMET MBOINKOU,KM211,MBOINKOU,KM211_0004,CHEZANI,2017,2657
KM,Comores,KM2,NGAZIDJA,KM21,HAMAHAMET MBOINKOU,KM211,MBOINKOU,KM211_0007,HANTSINDZI,2017,2053
KM,Comores,KM2,NGAZIDJA,KM21,HAMAHAMET MBOINKOU,KM211,MBOINKOU,KM211_0001,MADJEOUENI,2017,1719
KM,Comores,KM2,NGAZIDJA,KM21,HAMAHAMET MBOINKOU,KM211,MBOINKOU,KM211_0005,NDROUDE,2017,2013
KM,Comores,KM2,NGAZIDJA,KM21,HAMAHAMET MBOINKOU,KM211,MBOINKOU,KM211_0006,NIOUMAMILIMA,2017,1304
KM,Comores,KM2,NGAZIDJA,KM21,HAMAHAMET MBOINKOU,KM211,MBOINKOU,KM211_0002,SADANI YA MBOIKOU,2017,603
KM,Comores,KM2,NGAZIDJA,KM21,HAMAHAMET MBOINKOU,KM211,MBOINKOU,KM211_0003,TRELEZINI,2017,534
KM,Comores,KM2,NGAZIDJA,KM21,HAMAHAMET MBOINKOU,KM212,NYUMA MRO,KM212_0005,BAMBADJANI,2017,1200
KM,Comores,KM2,NGAZIDJA,KM21,HAMAHAMET MBOINKOU,KM212,NYUMA MRO,KM212_0001,DIMADJOU YA HAMAHAMET,2017,2337
KM,Comores,KM2,NGAZIDJA,KM21,HAMAHAMET MBOINKOU,KM212,NYUMA MRO,KM212_0009,HADJAMBOU,2017,1237
KM,Comores,KM2,NGAZIDJA,KM21,HAMAHAMET MBOINKOU,KM212,NYUMA MRO,KM212_0007,ITSANDZENI,2017,1797
KM,Comores,KM2,NGAZIDJA,KM21,HAMAHAMET MBOINKOU,KM212,NYUMA MRO,KM212_0010,MBATSE YA HAMAHAMET,2017,225
KM,Comores,KM2,NGAZIDJA,KM21,HAMAHAMET MBOINKOU,KM212,NYUMA MRO,KM212_0003,MDJIHARI,2017,637
KM,Comores,KM2,NGAZIDJA,KM21,HAMAHAMET MBOINKOU,KM212,NYUMA MRO,KM212_0004,MOIDJA,2017,1984
KM,Comores,KM2,NGAZIDJA,KM21,HAMAHAMET MBOINKOU,KM212,NYUMA MRO,KM212_0006,NGOLE,2017,367
KM,Comores,KM2,NGAZIDJA,KM21,HAMAHAMET MBOINKOU,KM212,NYUMA MRO,KM212_0002,NYADOMBWENI,2017,979
KM,Comores,KM2,NGAZIDJA,KM21,HAMAHAMET MBOINKOU,KM212,NYUMA MRO,KM212_0008,OUELLAH YA HAMAHAMET,2017,682
KM,Comores,KM2,NGAZIDJA,KM21,HAMAHAMET MBOINKOU,KM213,NYUMA MSIRU,KM213_0008,BATOU,2017,665
KM,Comores,KM2,NGAZIDJA,KM21,HAMAHAMET MBOINKOU,KM213,NYUMA MSIRU,KM213_0006,BOUNI,2017,1389
KM,Comores,KM2,NGAZIDJA,KM21,HAMAHAMET MBOINKOU,KM213,NYUMA MSIRU,KM213_0007,HEROUMBILI,2017,1435
KM,Comores,KM2,NGAZIDJA,KM21,HAMAHAMET MBOINKOU,KM213,NYUMA MSIRU,KM213_0010,IFOUNDIHE YA HAMAHAMET,2017,678
KM,Comores,KM2,NGAZIDJA,KM21,HAMAHAMET MBOINKOU,KM213,NYUMA MSIRU,KM213_0009,KOURANI YA HAMAHAMET,2017,129
KM,Comores,KM2,NGAZIDJA,KM21,HAMAHAMET MBOINKOU,KM213,NYUMA MSIRU,KM213_0001,MBENI,2017,5128
KM,Comores,KM2,NGAZIDJA,KM21,HAMAHAMET MBOINKOU,KM213,NYUMA MSIRU,KM213_0011,MNOUNGOU,2017,1221
KM,Comores,KM2,NGAZIDJA,KM21,HAMAHAMET MBOINKOU,KM213,NYUMA MSIRU,KM213_0004,SADA CHIHOUWE,2017,781
KM,Comores,KM2,NGAZIDJA,KM21,HAMAHAMET MBOINKOU,KM213,NYUMA MSIRU,KM213_0005,SADA MHUWAMBOI,2017,198
KM,Comores,KM2,NGAZIDJA,KM21,HAMAHAMET MBOINKOU,KM213,NYUMA MSIRU,KM213_0003,SALIMANI YA HAMAHAMET,2017,616
KM,Comores,KM2,NGAZIDJA,KM21,HAMAHAMET MBOINKOU,KM213,NYUMA MSIRU,KM213_0002,SELEANI,2017,1389
KM,Comores,KM2,NGAZIDJA,KM22,HAMBOU,KM221,DJOUMOIPANGUA,KM221_0004,BAMBANI,2017,1245
KM,Comores,KM2,NGAZIDJA,KM22,HAMBOU,KM221,DJOUMOIPANGUA,KM221_0005,DZAHADJOU,2017,2121
KM,Comores,KM2,NGAZIDJA,KM22,HAMBOU,KM221,DJOUMOIPANGUA,KM221_0003,HETSA,2017,835
KM,Comores,KM2,NGAZIDJA,KM22,HAMBOU,KM221,DJOUMOIPANGUA,KM221_0002,MDJOIEZI,2017,3015
KM,Comores,KM2,NGAZIDJA,KM22,HAMBOU,KM221,DJOUMOIPANGUA,KM221_0001,SINGANI,2017,2117
KM,Comores,KM2,NGAZIDJA,KM22,HAMBOU,KM222,TSINIMOIPANGUA,KM222_0005,BANGOI,2017,2830
KM,Comores,KM2,NGAZIDJA,KM22,HAMBOU,KM222,TSINIMOIPANGUA,KM222_0003,CHOUANI,2017,2591
KM,Comores,KM2,NGAZIDJA,KM22,HAMBOU,KM222,TSINIMOIPANGUA,KM222_0004,DJOUMOICHONGO,2017,1535
KM,Comores,KM2,NGAZIDJA,KM22,HAMBOU,KM222,TSINIMOIPANGUA,KM222_0001,MITSOUDJE,2017,3741
KM,Comores,KM2,NGAZIDJA,KM22,HAMBOU,KM222,TSINIMOIPANGUA,KM222_0006,NKOMIONI,2017,557
KM,Comores,KM2,NGAZIDJA,KM22,HAMBOU,KM222,TSINIMOIPANGUA,KM222_0007,SALIMANI,2017,1957
KM,Comores,KM2,NGAZIDJA,KM22,HAMBOU,KM222,TSINIMOIPANGUA,KM222_0002,TROUMBENI,2017,232
KM,Comores,KM2,NGAZIDJA,KM23,ITSANDRA HAMANVOU,KM231,BANGAANI,KM231_0007,BANDAMADJI LA ITSANDRA,2017,916
KM,Comores,KM2,NGAZIDJA,KM23,ITSANDRA HAMANVOU,KM231,BANGAANI,KM231_0008,DIMADJOU YA ITSANDRA,2017,1420
KM,Comores,KM2,NGAZIDJA,KM23,ITSANDRA HAMANVOU,KM231,BANGAANI,KM231_0004,DZAHANI LA TSIDJE,2017,7899
KM,Comores,KM2,NGAZIDJA,KM23,ITSANDRA HAMANVOU,KM231,BANGAANI,KM231_0001,ITSANDRA MDJINI,2017,3273
KM,Comores,KM2,NGAZIDJA,KM23,ITSANDRA HAMANVOU,KM231,BANGAANI,KM231_0005,MAOUENI YA ITSANDRA,2017,824
KM,Comores,KM2,NGAZIDJA,KM23,ITSANDRA HAMANVOU,KM231,BANGAANI,KM231_0006,MIRONTSI YA ITSANDRA,2017,438
KM,Comores,KM2,NGAZIDJA,KM23,ITSANDRA HAMANVOU,KM231,BANGAANI,KM231_0002,SALIMANI YA ITSANDRA,2017,3198
KM,Comores,KM2,NGAZIDJA,KM23,ITSANDRA HAMANVOU,KM231,BANGAANI,KM231_0003,SAMBA MBODONI,2017,1388
KM,Comores,KM2,NGAZIDJA,KM23,ITSANDRA HAMANVOU,KM232,DJOUMOICHONGO,KM232_0002,BAHANI,2017,1818
KM,Comores,KM2,NGAZIDJA,KM23,ITSANDRA HAMANVOU,KM232,DJOUMOICHONGO,KM232_0001,DZAHANI II,2017,1464
KM,Comores,KM2,NGAZIDJA,KM23,ITSANDRA HAMANVOU,KM232,DJOUMOICHONGO,KM232_0004,OUELLAH YA ITSANDRA,2017,1271
KM,Comores,KM2,NGAZIDJA,KM23,ITSANDRA HAMANVOU,KM232,DJOUMOICHONGO,KM232_0005,SAMBA KOUNI,2017,2047
KM,Comores,KM2,NGAZIDJA,KM23,ITSANDRA HAMANVOU,KM232,DJOUMOICHONGO,KM232_0003,SIMA,2017,842
KM,Comores,KM2,NGAZIDJA,KM23,ITSANDRA HAMANVOU,KM233,HAMANVOU,KM233_0008,BIBAVOU,2017,1112
KM,Comores,KM2,NGAZIDJA,KM23,ITSANDRA HAMANVOU,KM233,HAMANVOU,KM233_0002,BOENINDI,2017,772
KM,Comores,KM2,NGAZIDJA,KM23,ITSANDRA HAMANVOU,KM233,HAMANVOU,KM233_0007,DIBOINI,2017,1442
KM,Comores,KM2,NGAZIDJA,KM23,ITSANDRA HAMANVOU,KM233,HAMANVOU,KM233_0001,HAHAYA,2017,4589
KM,Comores,KM2,NGAZIDJA,KM23,ITSANDRA HAMANVOU,KM233,HAMANVOU,KM233_0004,MBALENI,2017,185
KM,Comores,KM2,NGAZIDJA,KM23,ITSANDRA HAMANVOU,KM233,HAMANVOU,KM233_0003,MBAMBANI YA HAMANVOU,2017,697
KM,Comores,KM2,NGAZIDJA,KM23,ITSANDRA HAMANVOU,KM233,HAMANVOU,KM233_0006,MBANGANI,2017,1477
KM,Comores,KM2,NGAZIDJA,KM23,ITSANDRA HAMANVOU,KM233,HAMANVOU,KM233_0009,MILEVANI,2017,1230
KM,Comores,KM2,NGAZIDJA,KM23,ITSANDRA HAMANVOU,KM233,HAMANVOU,KM233_0005,OUSSIVO,2017,2285
KM,Comores,KM2,NGAZIDJA,KM23,ITSANDRA HAMANVOU,KM234,ISAHARI,KM234_0002,HANTSAMBOU,2017,1624
KM,Comores,KM2,NGAZIDJA,KM23,ITSANDRA HAMANVOU,KM234,ISAHARI,KM234_0004,MILEMBENI,2017,990
KM,Comores,KM2,NGAZIDJA,KM23,ITSANDRA HAMANVOU,KM234,ISAHARI,KM234_0001,NTSOUDJINI,2017,4330
KM,Comores,KM2,NGAZIDJA,KM23,ITSANDRA HAMANVOU,KM234,ISAHARI,KM234_0005,ZIVANDANI,2017,1335
KM,Comores,KM2,NGAZIDJA,KM23,ITSANDRA HAMANVOU,KM235,MBADANI,KM235_0001,BATSA ITSANDRA,2017,2670
KM,Comores,KM2,NGAZIDJA,KM23,ITSANDRA HAMANVOU,KM235,MBADANI,KM235_0005,DZAHADJOU LA ITSANDRA,2017,1416
KM,Comores,KM2,NGAZIDJA,KM23,ITSANDRA HAMANVOU,KM235,MBADANI,KM235_0004,MHANDANI,2017,549
KM,Comores,KM2,NGAZIDJA,KM23,ITSANDRA HAMANVOU,KM235,MBADANI,KM235_0003,VANADJOU,2017,962
KM,Comores,KM2,NGAZIDJA,KM23,ITSANDRA HAMANVOU,KM235,MBADANI,KM235_0002,VANAMBOINI,2017,2088
KM,Comores,KM2,NGAZIDJA,KM23,ITSANDRA HAMANVOU,KM235,MBADANI,KM235_0006,VOUNA MBADANI,2017,784
KM,Comores,KM2,NGAZIDJA,KM24,MBADJINI EST,KM241,DOMBA,KM241_0002,BANDADAOUENI,2017,1505
KM,Comores,KM2,NGAZIDJA,KM24,MBADJINI EST,KM241,DOMBA,KM241_0001,BANDAMADJI LADOMBA,2017,1061
KM,Comores,KM2,NGAZIDJA,KM24,MBADJINI EST,KM241,DOMBA,KM241_0004,OUNGONI,2017,1001
KM,Comores,KM2,NGAZIDJA,KM24,MBADJINI EST,KM241,DOMBA,KM264_0004,PIDJANI,2017,2162
KM,Comores,KM2,NGAZIDJA,KM24,MBADJINI EST,KM241,DOMBA,KM241_0003,TSINIMOIPANGA,2017,2434
KM,Comores,KM2,NGAZIDJA,KM24,MBADJINI EST,KM242,ITSAHIDI,KM242_0007,CHINDINI,2017,1714
KM,Comores,KM2,NGAZIDJA,KM24,MBADJINI EST,KM242,ITSAHIDI,KM242_0009,DZAHADJOU LA MBADJINI,2017,1114
KM,Comores,KM2,NGAZIDJA,KM24,MBADJINI EST,KM242,ITSAHIDI,KM242_0001,FOUMBOUNI,2017,2551
KM,Comores,KM2,NGAZIDJA,KM24,MBADJINI EST,KM242,ITSAHIDI,KM242_0002,KOIMBANI LA MBADJINI,2017,442
KM,Comores,KM2,NGAZIDJA,KM24,MBADJINI EST,KM242,ITSAHIDI,KM242_0003,MALE,2017,2268
KM,Comores,KM2,NGAZIDJA,KM24,MBADJINI EST,KM242,ITSAHIDI,KM242_0004,MIDJENDJENI,2017,412
KM,Comores,KM2,NGAZIDJA,KM24,MBADJINI EST,KM242,ITSAHIDI,KM242_0010,MOHORO,2017,2143
KM,Comores,KM2,NGAZIDJA,KM24,MBADJINI EST,KM242,ITSAHIDI,KM242_0006,NDZOUANI,2017,203
KM,Comores,KM2,NGAZIDJA,KM24,MBADJINI EST,KM242,ITSAHIDI,KM242_0011,NGNOUMADZHA MVOUBARI,2017,2035
KM,Comores,KM2,NGAZIDJA,KM24,MBADJINI EST,KM242,ITSAHIDI,KM242_0005,OUROVENI,2017,1413
KM,Comores,KM2,NGAZIDJA,KM24,MBADJINI EST,KM242,ITSAHIDI,KM242_0008,SIMAMBOINI,2017,931
KM,Comores,KM2,NGAZIDJA,KM24,MBADJINI EST,KM243,PIMBA,KM243_0004,BANDAMADJI LA KOUBOINI,2017,759
KM,Comores,KM2,NGAZIDJA,KM24,MBADJINI EST,KM243,PIMBA,KM243_0005,DARISSALAMA,2017,519
KM,Comores,KM2,NGAZIDJA,KM24,MBADJINI EST,KM243,PIMBA,KM243_0009,DIDJONI,2017,588
KM,Comores,KM2,NGAZIDJA,KM24,MBADJINI EST,KM243,PIMBA,KM243_0002,INANI,2017,876
KM,Comores,KM2,NGAZIDJA,KM24,MBADJINI EST,KM243,PIMBA,KM243_0010,KOVE,2017,850
KM,Comores,KM2,NGAZIDJA,KM24,MBADJINI EST,KM243,PIMBA,KM243_0006,MLALOI NKOUDJOU,2017,1060
KM,Comores,KM2,NGAZIDJA,KM24,MBADJINI EST,KM243,PIMBA,KM243_0003,NGNAMBENI,2017,1734
KM,Comores,KM2,NGAZIDJA,KM24,MBADJINI EST,KM243,PIMBA,KM243_0007,NGNOUMA MILIMA,2017,2974
KM,Comores,KM2,NGAZIDJA,KM24,MBADJINI EST,KM243,PIMBA,KM243_0008,NKOURANI MKANGA,2017,627
KM,Comores,KM2,NGAZIDJA,KM24,MBADJINI EST,KM243,PIMBA,KM243_0001,SIMBOUSSA YA MBADJINI,2017,1936
KM,Comores,KM2,NGAZIDJA,KM25,MBADJINI OUEST,KM251,NGOUENGOE,KM251_0001,DEMBENI,2017,2142
KM,Comores,KM2,NGAZIDJA,KM25,MBADJINI OUEST,KM251,NGOUENGOE,KM251_0011,ITSOUDZOU,2017,225
KM,Comores,KM2,NGAZIDJA,KM25,MBADJINI OUEST,KM251,NGOUENGOE,KM251_0009,KANDZILE,2017,1215
KM,Comores,KM2,NGAZIDJA,KM25,MBADJINI OUEST,KM251,NGOUENGOE,KM251_0010,MAKORANI,2017,44
KM,Comores,KM2,NGAZIDJA,KM25,MBADJINI OUEST,KM251,NGOUENGOE,KM251_0007,MANDZISSANI,2017,498
KM,Comores,KM2,NGAZIDJA,KM25,MBADJINI OUEST,KM251,NGOUENGOE,KM251_0003,MBOUDE YA MBOINI,2017,559
KM,Comores,KM2,NGAZIDJA,KM25,MBADJINI OUEST,KM251,NGOUENGOE,KM251_0002,MDJAMKAGNOI,2017,903
KM,Comores,KM2,NGAZIDJA,KM25,MBADJINI OUEST,KM251,NGOUENGOE,KM251_0006,MINDRADOU,2017,439
KM,Comores,KM2,NGAZIDJA,KM25,MBADJINI OUEST,KM251,NGOUENGOE,KM251_0004,MLIMANI,2017,187
KM,Comores,KM2,NGAZIDJA,KM25,MBADJINI OUEST,KM251,NGOUENGOE,KM251_0005,PANDA,2017,824
KM,Comores,KM2,NGAZIDJA,KM25,MBADJINI OUEST,KM251,NGOUENGOE,KM251_0008,TSINI MOICHONGO,2017,2208
KM,Comores,KM2,NGAZIDJA,KM25,MBADJINI OUEST,KM252,NIOUMAGAMA,KM252_0004,DIMA,2017,537
KM,Comores,KM2,NGAZIDJA,KM25,MBADJINI OUEST,KM252,NIOUMAGAMA,KM252_0007,DOMONI,2017,769
KM,Comores,KM2,NGAZIDJA,KM25,MBADJINI OUEST,KM252,NIOUMAGAMA,KM252_0008,DZOIDJOU,2017,687
KM,Comores,KM2,NGAZIDJA,KM25,MBADJINI OUEST,KM252,NIOUMAGAMA,KM252_0009,FAMARE,2017,504
KM,Comores,KM2,NGAZIDJA,KM25,MBADJINI OUEST,KM252,NIOUMAGAMA,KM252_0002,IFOUNDIHE CHADJOU,2017,220
KM,Comores,KM2,NGAZIDJA,KM25,MBADJINI OUEST,KM252,NIOUMAGAMA,KM252_0003,IFOUNDIHE CHAMBOINI,2017,1031
KM,Comores,KM2,NGAZIDJA,KM25,MBADJINI OUEST,KM252,NIOUMAGAMA,KM252_0005,NKOURANI YA SIMA,2017,8459
KM,Comores,KM2,NGAZIDJA,KM25,MBADJINI OUEST,KM252,NIOUMAGAMA,KM252_0001,OUZIOINI,2017,2149
KM,Comores,KM2,NGAZIDJA,KM26,MBOUDE,KM265,NYUMAMRO KIBLANI,KM265_0002,CHAMLE,2017,1403
KM,Comores,KM2,NGAZIDJA,KM26,MBOUDE,KM265,NYUMAMRO KIBLANI,KM265_0001,DJOMANI,2017,3386
KM,Comores,KM2,NGAZIDJA,KM26,MBOUDE,KM265,NYUMAMRO KIBLANI,KM265_0007,DOUNIANI,2017,1866
KM,Comores,KM2,NGAZIDJA,KM26,MBOUDE,KM265,NYUMAMRO KIBLANI,KM265_0006,HELINDJE,2017,1823
KM,Comores,KM2,NGAZIDJA,KM26,MBOUDE,KM265,NYUMAMRO KIBLANI,KM265_0009,KOUA,2017,682
KM,Comores,KM2,NGAZIDJA,KM26,MBOUDE,KM265,NYUMAMRO KIBLANI,KM265_0004,MANDZA YA MBOUDE,2017,1628
KM,Comores,KM2,NGAZIDJA,KM26,MBOUDE,KM265,NYUMAMRO KIBLANI,KM265_0005,MDJOIEZI YA MBOUNDE,2017,827
KM,Comores,KM2,NGAZIDJA,KM26,MBOUDE,KM265,NYUMAMRO KIBLANI,KM265_0003,VOUVOUNI YA MBOUNDE,2017,474
KM,Comores,KM2,NGAZIDJA,KM26,MBOUDE,KM266,NYUMAMRO SOUHEILI,KM266_0003,DJONGOE,2017,886
KM,Comores,KM2,NGAZIDJA,KM26,MBOUDE,KM266,NYUMAMRO SOUHEILI,KM266_0007,DOMOIDJOU,2017,917
KM,Comores,KM2,NGAZIDJA,KM26,MBOUDE,KM266,NYUMAMRO SOUHEILI,KM266_0008,DOMOIMBOINI,2017,442
KM,Comores,KM2,NGAZIDJA,KM26,MBOUDE,KM266,NYUMAMRO SOUHEILI,KM266_0002,IVEMBENI,2017,3943
KM,Comores,KM2,NGAZIDJA,KM26,MBOUDE,KM266,NYUMAMRO SOUHEILI,KM266_0004,MAOUENI YA MBOUDE,2017,1245
KM,Comores,KM2,NGAZIDJA,KM26,MBOUDE,KM266,NYUMAMRO SOUHEILI,KM266_0009,MOIDJA YA MBOUDE,2017,575
KM,Comores,KM2,NGAZIDJA,KM26,MBOUDE,KM266,NYUMAMRO SOUHEILI,KM266_0001,NTSAOUENI,2017,3240
KM,Comores,KM2,NGAZIDJA,KM26,MBOUDE,KM266,NYUMAMRO SOUHEILI,KM266_0006,NTSORALE YA MBOUDE,2017,674
KM,Comores,KM2,NGAZIDJA,KM26,MBOUDE,KM266,NYUMAMRO SOUHEILI,KM266_0005,SIMBOUSSA YA MBOUDE,2017,328
KM,Comores,KM2,NGAZIDJA,KM26,MITSAMIOULI,KM261,CEMBENOI LAC SALE,KM261_0001,BANGOIKOUNI,2017,2504
KM,Comores,KM2,NGAZIDJA,KM26,MITSAMIOULI,KM261,CEMBENOI LAC SALE,KM261_0002,BATSA YA MITSAMIHOULI,2017,1190
KM,Comores,KM2,NGAZIDJA,KM26,MITSAMIOULI,KM261,CEMBENOI LAC SALE,KM261_0004,IVOINI,2017,1600
KM,Comores,KM2,NGAZIDJA,KM26,MITSAMIOULI,KM261,CEMBENOI LAC SALE,KM261_0003,OUZIO,2017,2632
KM,Comores,KM2,NGAZIDJA,KM26,MITSAMIOULI,KM262,CEMBENOI SADA DJOULAMLIMA,KM265_0009,KOUA,2017,1505
KM,Comores,KM2,NGAZIDJA,KM26,MITSAMIOULI,KM262,CEMBENOI SADA DJOULAMLIMA,KM262_0004,OUELLAH YA MITSAMIHOULI,2017,4222
KM,Comores,KM2,NGAZIDJA,KM26,MITSAMIOULI,KM262,CEMBENOI SADA DJOULAMLIMA,KM262_0001,OUEMANI,2017,647
KM,Comores,KM2,NGAZIDJA,KM26,MITSAMIOULI,KM263,MITSAMIOULI,KM263_0003,FASSI,2017,459
KM,Comores,KM2,NGAZIDJA,KM26,MITSAMIOULI,KM263,MITSAMIOULI,KM263_0002,HADAWA,2017,570
KM,Comores,KM2,NGAZIDJA,KM26,MITSAMIOULI,KM263,MITSAMIOULI,KM263_0001,MEMBOI - BOINI,2017,861
KM,Comores,KM2,NGAZIDJA,KM26,MITSAMIOULI,KM263,MITSAMIOULI,KM263_0004,MITSAMIHOULI,2017,4965
KM,Comores,KM2,NGAZIDJA,KM26,MITSAMIOULI,KM263,MITSAMIOULI,KM263_0006,NDZAOUZE,2017,2695
KM,Comores,KM2,NGAZIDJA,KM26,MITSAMIOULI,KM263,MITSAMIOULI,KM263_0005,NKOURANI YA MITSAMIHOULI,2017,357
KM,Comores,KM2,NGAZIDJA,KM26,MITSAMIOULI,KM264,NYUMA KOMO,KM264_0001,BANGOI MAFUSA NKOA,2017,662
KM,Comores,KM2,NGAZIDJA,KM26,MITSAMIOULI,KM264,NYUMA KOMO,KM264_0008,FOUNGA,2017,921
KM,Comores,KM2,NGAZIDJA,KM26,MITSAMIOULI,KM264,NYUMA KOMO,KM264_0002,MEMBOI - DJOU,2017,1612
KM,Comores,KM2,NGAZIDJA,KM26,MITSAMIOULI,KM264,NYUMA KOMO,KM264_0007,NTSADJENI,2017,1687
KM,Comores,KM2,NGAZIDJA,KM26,MITSAMIOULI,KM264,NYUMA KOMO,KM264_0009,OUHOZI,2017,1204
KM,Comores,KM2,NGAZIDJA,KM26,MITSAMIOULI,KM264,NYUMA KOMO,KM264_0004,PIDJANI,2017,586
KM,Comores,KM2,NGAZIDJA,KM26,MITSAMIOULI,KM264,NYUMA KOMO,KM264_0005,SONGOMANI,2017,470
KM,Comores,KM2,NGAZIDJA,KM26,MITSAMIOULI,KM264,NYUMA KOMO,KM264_0006,TOIYFA,2017,472
KM,Comores,KM2,NGAZIDJA,KM27,MORONI BAMBAO,KM273,BAMBAO YA DJOU,KM273_0002,M'VOUNI,2017,5377
KM,Comores,KM2,NGAZIDJA,KM27,MORONI BAMBAO,KM273,BAMBAO YA DJOU,KM273_0003,MAVINGOUNI,2017,1766
KM,Comores,KM2,NGAZIDJA,KM27,MORONI BAMBAO,KM273,BAMBAO YA DJOU,KM273_0001,MKAZI,2017,6383
KM,Comores,KM2,NGAZIDJA,KM27,MORONI BAMBAO,KM271,BAMBAO YA HARI,KM271_0010,BOENI YA BAMBAO,2017,2086
KM,Comores,KM2,NGAZIDJA,KM27,MORONI BAMBAO,KM271,BAMBAO YA HARI,KM271_0007,DAOUENI,2017,380
KM,Comores,KM2,NGAZIDJA,KM27,MORONI BAMBAO,KM271,BAMBAO YA HARI,KM283_0003,DZAHANI,2017,678
KM,Comores,KM2,NGAZIDJA,KM27,MORONI BAMBAO,KM271,BAMBAO YA HARI,KM271_0002,M'DE,2017,6520
KM,Comores,KM2,NGAZIDJA,KM27,MORONI BAMBAO,KM271,BAMBAO YA HARI,KM271_0006,MBOUDADJOU,2017,1032
KM,Comores,KM2,NGAZIDJA,KM27,MORONI BAMBAO,KM271,BAMBAO YA HARI,KM271_0005,MOIDZAZA DJOUMBE,2017,463
KM,Comores,KM2,NGAZIDJA,KM27,MORONI BAMBAO,KM271,BAMBAO YA HARI,KM271_0004,NIOUMADZAHA,2017,3222
KM,Comores,KM2,NGAZIDJA,KM27,MORONI BAMBAO,KM271,BAMBAO YA HARI,KM271_0003,SELEA,2017,2138
KM,Comores,KM2,NGAZIDJA,KM27,MORONI BAMBAO,KM271,BAMBAO YA HARI,KM271_0001,VOUVOUNI,2017,4335
KM,Comores,KM2,NGAZIDJA,KM27,MORONI BAMBAO,KM272,BAMBAO YA MBOINI,KM272_0001,ICONI,2017,5474
KM,Comores,KM2,NGAZIDJA,KM27,MORONI BAMBAO,KM272,BAMBAO YA MBOINI,KM272_0002,MBACHILE,2017,1678
KM,Comores,KM2,NGAZIDJA,KM27,MORONI BAMBAO,KM272,BAMBAO YA MBOINI,KM272_0003,MOIDZAZA - MBOINI,2017,2837
KM,Comores,KM2,NGAZIDJA,KM27,MORONI BAMBAO,KM272,BAMBAO YA MBOINI,KM272_0004,NDROUANI,2017,1376
KM,Comores,KM2,NGAZIDJA,KM27,MORONI BAMBAO,KM272,BAMBAO YA MBOINI,KM272_0005,SEREHINI,2017,743
KM,Comores,KM2,NGAZIDJA,KM27,MORONI BAMBAO,KM274,MORONI,KM274_0001,MORONI,2017,74751
KM,Comores,KM2,NGAZIDJA,KM28,OICHILI DIMANI,KM281,DIMANI,KM281_0002,FOUMBOU DZIVOUNI,2017,445
KM,Comores,KM2,NGAZIDJA,KM28,OICHILI DIMANI,KM281,DIMANI,KM281_0007,IDJINKOUNDZI,2017,2418
KM,Comores,KM2,NGAZIDJA,KM28,OICHILI DIMANI,KM281,DIMANI,KM281_0006,IDJOINDRADJA,2017,189
KM,Comores,KM2,NGAZIDJA,KM28,OICHILI DIMANI,KM281,DIMANI,KM281_0005,MADJOMA,2017,546
KM,Comores,KM2,NGAZIDJA,KM28,OICHILI DIMANI,KM281,DIMANI,KM281_0008,MAOUENI DIMANI,2017,1499
KM,Comores,KM2,NGAZIDJA,KM28,OICHILI DIMANI,KM281,DIMANI,KM281_0003,MBOUDE,2017,645
KM,Comores,KM2,NGAZIDJA,KM28,OICHILI DIMANI,KM281,DIMANI,KM281_0004,MIDJINDZE,2017,155
KM,Comores,KM2,NGAZIDJA,KM28,OICHILI DIMANI,KM281,DIMANI,KM281_0009,MIRERENI,2017,520
KM,Comores,KM2,NGAZIDJA,KM28,OICHILI DIMANI,KM281,DIMANI,KM281_0001,MTSANGADJOU,2017,1282
KM,Comores,KM2,NGAZIDJA,KM28,OICHILI DIMANI,KM281,DIMANI,KM281_0010,NTSORALE,2017,2449
KM,Comores,KM2,NGAZIDJA,KM28,OICHILI DIMANI,KM281,DIMANI,KM281_0012,REHEMANI,2017,401
KM,Comores,KM2,NGAZIDJA,KM28,OICHILI DIMANI,KM281,DIMANI,KM281_0011,SIDJOU,2017,862
KM,Comores,KM2,NGAZIDJA,KM28,OICHILI DIMANI,KM283,OICHILI YABOINI,KM283_0003,DZAHANI,2017,662
KM,Comores,KM2,NGAZIDJA,KM28,OICHILI DIMANI,KM283,OICHILI YABOINI,KM283_0006,HAMBOU,2017,994
KM,Comores,KM2,NGAZIDJA,KM28,OICHILI DIMANI,KM283,OICHILI YABOINI,KM283_0007,HASSENDJE,2017,292
KM,Comores,KM2,NGAZIDJA,KM28,OICHILI DIMANI,KM283,OICHILI YABOINI,KM283_0001,ITSINKOUDI,2017,2444
KM,Comores,KM2,NGAZIDJA,KM28,OICHILI DIMANI,KM283,OICHILI YABOINI,KM283_0004,KOUHANI,2017,478
KM,Comores,KM2,NGAZIDJA,KM28,OICHILI DIMANI,KM283,OICHILI YABOINI,KM283_0005,MTSAMDU,2017,1155
KM,Comores,KM2,NGAZIDJA,KM28,OICHILI DIMANI,KM282,OICHILI YADJOU,KM282_0003,BOENI YAWACHILI,2017,864
KM,Comores,KM2,NGAZIDJA,KM28,OICHILI DIMANI,KM282,OICHILI YADJOU,KM282_0009,CHAMRO,2017,158
KM,Comores,KM2,NGAZIDJA,KM28,OICHILI DIMANI,KM282,OICHILI YADJOU,KM282_0007,CHOMONI,2017,816
KM,Comores,KM2,NGAZIDJA,KM28,OICHILI DIMANI,KM282,OICHILI YADJOU,KM282_0004,DZAHADJOU YA WACHILI,2017,1043
KM,Comores,KM2,NGAZIDJA,KM28,OICHILI DIMANI,KM282,OICHILI YADJOU,KM282_0002,IROHE,2017,949
KM,Comores,KM2,NGAZIDJA,KM28,OICHILI DIMANI,KM282,OICHILI YADJOU,KM282_0001,KOIMBANI YA WACHILI,2017,2927
KM,Comores,KM2,NGAZIDJA,KM28,OICHILI DIMANI,KM282,OICHILI YADJOU,KM282_0005,SADA,2017,356
KM,Comores,KM2,NGAZIDJA,KM28,OICHILI DIMANI,KM282,OICHILI YADJOU,KM282_0006,SADANI,2017,615
KM,Comores,KM2,NGAZIDJA,KM28,OICHILI DIMANI,KM282,OICHILI YADJOU,KM282_0008,SAMBA MADI,2017,107
KM,Comores,KM2,NGAZIDJA,KM28,OICHILI DIMANI,KM282,OICHILI YADJOU,KM282_0010,SIMA YA WACHILI,2017,1026
KM,Comores,KM3,MWALI,KM31,DJANDO,KM311,DJANDO,KM311_0006,HAGNAMOIDA,2018,843
KM,Comores,KM3,MWALI,KM31,DJANDO,KM311,DJANDO,KM311_0008,HAMAVOUNA,2018,1369
KM,Comores,KM3,MWALI,KM31,DJANDO,KM311,DJANDO,KM311_0007,ITSAMIA,2018,418
KM,Comores,KM3,MWALI,KM31,DJANDO,KM311,DJANDO,KM121_0005,KANGANI,2018,1401
KM,Comores,KM3,MWALI,KM31,DJANDO,KM311,DJANDO,KM311_0003,MLANBANDA,2018,420
KM,Comores,KM3,MWALI,KM31,DJANDO,KM311,DJANDO,KM311_0002,WANANI,2018,3397
KM,Comores,KM3,MWALI,KM31,DJANDO,KM311,DJANDO,KM311_0001,ZIROUDANI,2018,1802
KM,Comores,KM3,MWALI,KM32,FOMBONI,KM321,FOMBONI,KM321_0001,FOMBONI,2018,17848
KM,Comores,KM3,MWALI,KM32,FOMBONI,KM322,MOILI MDJINI,KM322_0002,BANDAR SALAMA,2018,2491
KM,Comores,KM3,MWALI,KM32,FOMBONI,KM322,MOILI MDJINI,KM322_0003,DJOIEZI,2018,3037
KM,Comores,KM3,MWALI,KM32,FOMBONI,KM322,MOILI MDJINI,KM322_0001,MBOIGOMA,2018,2121
KM,Comores,KM3,MWALI,KM32,FOMBONI,KM323,MOINBASSA,KM252_0007,DOMONI,2018,266
KM,Comores,KM3,MWALI,KM32,FOMBONI,KM323,MOINBASSA,KM323_0002,HOANI,2018,2270
KM,Comores,KM3,MWALI,KM32,FOMBONI,KM323,MOINBASSA,KM323_0001,M'BATSE,2018,3794
KM,Comores,KM3,MWALI,KM33,NIOUMACHOUA,KM331,MLEDJELE,KM331_0001,MIREMANI,2018,297
KM,Comores,KM3,MWALI,KM33,NIOUMACHOUA,KM331,MLEDJELE,KM331_0004,NDREMEANI,2018,58
KM,Comores,KM3,MWALI,KM33,NIOUMACHOUA,KM331,MLEDJELE,KM331_0002,NDRONDRONI,2018,4376
KM,Comores,KM3,MWALI,KM33,NIOUMACHOUA,KM331,MLEDJELE,KM331_0003,NIOUMACHOUA,2018,3436
KM,Comores,KM3,MWALI,KM33,NIOUMACHOUA,KM332,MOIMBAO,KM143_0003,BARAKANI,2018,970
KM,Comores,KM3,MWALI,KM33,NIOUMACHOUA,KM332,MOIMBAO,KM332_0001,HAMBA,2018,251
KM,Comores,KM3,MWALI,KM33,NIOUMACHOUA,KM332,MOIMBAO,KM332_0004,MIRINGONI,2018,1039
KM,Comores,KM3,MWALI,KM33,NIOUMACHOUA,KM332,MOIMBAO,KM332_0005,WALLAH 1,2018,460
KM,Comores,KM3,MWALI,KM33,NIOUMACHOUA,KM332,MOIMBAO,KM332_0006,WALLAH 2,2018,862
KM,Comores,KM1,NDZUWANI,KM11,DOMONI,KM111,BAMBAO MSTANGA,KM111_0001,BAMBAO MTSANGA,2018,5152
KM,Comores,KM1,NDZUWANI,KM11,DOMONI,KM111,BAMBAO MSTANGA,KM111_0004,MAHALE,2018,3679
KM,Comores,KM1,NDZUWANI,KM11,DOMONI,KM111,BAMBAO MSTANGA,KM111_0002,MROMAJI,2018,2850
KM,Comores,KM1,NDZUWANI,KM11,DOMONI,KM111,BAMBAO MSTANGA,KM111_0003,ONGONI,2018,2444
KM,Comores,KM1,NDZUWANI,KM11,DOMONI,KM112,DOMONI,KM112_0004,BWELADUGU,2018,767
KM,Comores,KM1,NDZUWANI,KM11,DOMONI,KM112,DOMONI,KM252_0007,DOMONI,2018,12575
KM,Comores,KM1,NDZUWANI,KM11,DOMONI,KM112,DOMONI,KM112_0003,LIMBI,2018,2678
KM,Comores,KM1,NDZUWANI,KM11,DOMONI,KM113,JIMLIME,KM113_0003,HAJOHO,2018,3876
KM,Comores,KM1,NDZUWANI,KM11,DOMONI,KM113,JIMLIME,KM113_0001,HAREMBO I,2018,597
KM,Comores,KM1,NDZUWANI,KM11,DOMONI,KM113,JIMLIME,KM113_0002,HAREMBO II,2018,1002
KM,Comores,KM1,NDZUWANI,KM11,DOMONI,KM113,JIMLIME,KM113_0004,JIMLIME,2018,6294
KM,Comores,KM1,NDZUWANI,KM11,DOMONI,KM114,KONI,KM114_0004,GEGE,2018,1144
KM,Comores,KM1,NDZUWANI,KM11,DOMONI,KM114,KONI,KM114_0003,HACHIPENDA,2018,1932
KM,Comores,KM1,NDZUWANI,KM11,DOMONI,KM114,KONI,KM114_0001,KONI DJODJO,2018,10984
KM,Comores,KM1,NDZUWANI,KM11,DOMONI,KM114,KONI,KM114_0002,KONI NGANI,2018,5300
KM,Comores,KM1,NDZUWANI,KM11,DOMONI,KM115,NGADZALE,KM115_0001,NGADZALE,2018,5663
KM,Comores,KM1,NDZUWANI,KM11,DOMONI,KM115,NGADZALE,KM115_0002,OUTSA,2018,744
KM,Comores,KM1,NDZUWANI,KM11,DOMONI,KM115,NGADZALE,KM115_0005,OUZINI,2018,1804
KM,Comores,KM1,NDZUWANI,KM11,DOMONI,KM115,NGADZALE,KM153_0014,SALAMANI,2018,2183
KM,Comores,KM1,NDZUWANI,KM16,MOYA,KM151,MOYA,KM151_0002,KOWET,2018,2154
KM,Comores,KM1,NDZUWANI,KM16,MOYA,KM151,MOYA,KM151_0005,LINGONI,2018,5071
KM,Comores,KM1,NDZUWANI,KM16,MOYA,KM151,MOYA,KM151_0007,MAWENI,2018,814
KM,Comores,KM1,NDZUWANI,KM16,MOYA,KM151,MOYA,KM151_0001,MOYA,2018,9212
KM,Comores,KM1,NDZUWANI,KM16,MOYA,KM151,MOYA,KM151_0004,NINDRI,2018,3151
KM,Comores,KM1,NDZUWANI,KM16,MOYA,KM151,MOYA,KM151_0003,POMONI,2018,4344
KM,Comores,KM1,NDZUWANI,KM12,MREMANI,KM121,ADDA,KM121_0001,ADDA DAWENI,2018,11736
KM,Comores,KM1,NDZUWANI,KM12,MREMANI,KM121,ADDA,KM121_0002,DJANZA,2018,850
KM,Comores,KM1,NDZUWANI,KM12,MREMANI,KM121,ADDA,KM121_0005,KANGANI,2018,5013
KM,Comores,KM1,NDZUWANI,KM12,MREMANI,KM121,ADDA,KM121_0003,MAGNASSINI,2018,4422
KM,Comores,KM1,NDZUWANI,KM12,MREMANI,KM123,MRAMANI,KM123_0004,DZIANII,2018,2007
KM,Comores,KM1,NDZUWANI,KM12,MREMANI,KM123,MRAMANI,KM123_0002,HANTSAHII,2018,1516
KM,Comores,KM1,NDZUWANI,KM12,MREMANI,KM123,MRAMANI,KM123_0001,MRAMANI,2018,4148
KM,Comores,KM1,NDZUWANI,KM12,MREMANI,KM123,MRAMANI,KM123_0003,NYAMBOIMRO,2018,2131
KM,Comores,KM1,NDZUWANI,KM12,MREMANI,KM124,MREMANI,KM124_0002,BANDA KOUNI,2018,3799
KM,Comores,KM1,NDZUWANI,KM12,MREMANI,KM124,MREMANI,KM124_0004,DAJI,2018,3202
KM,Comores,KM1,NDZUWANI,KM12,MREMANI,KM124,MREMANI,KM124_0001,MREMANI,2018,5607
KM,Comores,KM1,NDZUWANI,KM12,MREMANI,KM124,MREMANI,KM124_0003,MRIDJOU,2018,3594
KM,Comores,KM1,NDZUWANI,KM12,MREMANI,KM125,ONGOJOU,KM125_0002,KIYO,2018,1696
KM,Comores,KM1,NDZUWANI,KM12,MREMANI,KM125,ONGOJOU,KM125_0003,KOMONI,2018,2746
KM,Comores,KM1,NDZUWANI,KM12,MREMANI,KM125,ONGOJOU,KM125_0004,MIRONDRONI,2018,417
KM,Comores,KM1,NDZUWANI,KM12,MREMANI,KM125,ONGOJOU,KM125_0001,ONGODJOU,2018,6464
KM,Comores,KM1,NDZUWANI,KM12,MREMANI,KM125,ONGOJOU,KM125_0005,TRINDRINI,2018,164
KM,Comores,KM1,NDZUWANI,KM12,MREMANI,KM122,SHAWENI,KM122_0002,HAMCHACO,2018,1995
KM,Comores,KM1,NDZUWANI,KM12,MREMANI,KM122,SHAWENI,KM122_0005,MNADZICHOUMWE,2018,1034
KM,Comores,KM1,NDZUWANI,KM12,MREMANI,KM122,SHAWENI,KM122_0004,NOUNGA,2018,447
KM,Comores,KM1,NDZUWANI,KM12,MREMANI,KM122,SHAWENI,KM122_0003,SADAPOINI,2018,2993
KM,Comores,KM1,NDZUWANI,KM12,MREMANI,KM122,SHAWENI,KM122_0001,SHAWENI,2018,1109
KM,Comores,KM1,NDZUWANI,KM13,MUTSAMUDU,KM131,BANDRANI YA CHIRONKAMBA,KM131_0002,ANKIBANI,2018,2228
KM,Comores,KM1,NDZUWANI,KM13,MUTSAMUDU,KM131,BANDRANI YA CHIRONKAMBA,KM131_0008,BANDRADJOU,2018,1893
KM,Comores,KM1,NDZUWANI,KM13,MUTSAMUDU,KM131,BANDRANI YA CHIRONKAMBA,KM131_0006,CHICONI 2,2018,140
KM,Comores,KM1,NDZUWANI,KM13,MUTSAMUDU,KM131,BANDRANI YA CHIRONKAMBA,KM131_0003,CHIRONKAMBA,2018,2060
KM,Comores,KM1,NDZUWANI,KM13,MUTSAMUDU,KM131,BANDRANI YA CHIRONKAMBA,KM151_0007,MAWENI,2018,824
KM,Comores,KM1,NDZUWANI,KM13,MUTSAMUDU,KM131,BANDRANI YA CHIRONKAMBA,KM131_0001,MDJIMANDRA,2018,2767
KM,Comores,KM1,NDZUWANI,KM13,MUTSAMUDU,KM131,BANDRANI YA CHIRONKAMBA,KM131_0007,MPOUZINI,2018,65
KM,Comores,KM1,NDZUWANI,KM13,MUTSAMUDU,KM132,Commune BANDRANI YA MITSANGANI,KM132_0001,BANDRANI MTSANGANI,2018,1970
KM,Comores,KM1,NDZUWANI,KM13,MUTSAMUDU,KM132,Commune BANDRANI YA MITSANGANI,KM132_0002,CHITROUNI,2018,1288
KM,Comores,KM1,NDZUWANI,KM13,MUTSAMUDU,KM132,Commune BANDRANI YA MITSANGANI,KM132_0004,MDJAMAOUE,2018,1773
KM,Comores,KM1,NDZUWANI,KM13,MUTSAMUDU,KM132,Commune BANDRANI YA MITSANGANI,KM132_0003,SAANDANI,2018,2353
KM,Comores,KM1,NDZUWANI,KM13,MUTSAMUDU,KM133,MIRONTSI,KM133_0001,MIRONTSI,2018,12260
KM,Comores,KM1,NDZUWANI,KM13,MUTSAMUDU,KM134,MUTSAMUDU,KM134_0005,CHICONI1,2018,4
KM,Comores,KM1,NDZUWANI,KM13,MUTSAMUDU,KM134,MUTSAMUDU,KM134_0001,MUTSAMUDU,2018,26978
KM,Comores,KM1,NDZUWANI,KM13,MUTSAMUDU,KM134,MUTSAMUDU,KM134_0003,MWAMWA I,2018,1953
KM,Comores,KM1,NDZUWANI,KM13,MUTSAMUDU,KM134,MUTSAMUDU,KM134_0004,MWAMWA II,2018,822
KM,Comores,KM1,NDZUWANI,KM13,MUTSAMUDU,KM134,MUTSAMUDU,KM134_0002,PAJE,2018,6066
KM,Comores,KM1,NDZUWANI,KM14,OUANI,KM141,BAMBAO MTROUNI,KM141_0003,CHANDRA,2018,5088
KM,Comores,KM1,NDZUWANI,KM14,OUANI,KM141,BAMBAO MTROUNI,KM141_0002,DINDRI,2018,10624
KM,Comores,KM1,NDZUWANI,KM14,OUANI,KM141,BAMBAO MTROUNI,KM141_0001,TSEMBEHOU,2018,12907
KM,Comores,KM1,NDZUWANI,KM14,OUANI,KM142,BAZIMINI,KM142_0001,BAZIMINI,2018,8424
KM,Comores,KM1,NDZUWANI,KM14,OUANI,KM142,BAZIMINI,KM142_0002,KOKI,2018,6526
KM,Comores,KM1,NDZUWANI,KM14,OUANI,KM142,BAZIMINI,KM142_0003,PATSY,2018,3982
KM,Comores,KM1,NDZUWANI,KM14,OUANI,KM143,OUANI,KM143_0003,BARAKANI,2018,7211
KM,Comores,KM1,NDZUWANI,KM14,OUANI,KM143,OUANI,KM143_0004,GNATRANGA,2018,3372
KM,Comores,KM1,NDZUWANI,KM14,OUANI,KM143,OUANI,KM143_0001,OUANI,2018,10330
KM,Comores,KM1,NDZUWANI,KM14,OUANI,KM143,OUANI,KM143_0005,TANAMBAO,2018,2158
KM,Comores,KM1,NDZUWANI,KM15,SIMA,KM152,SIMA,KM152_0003,BIMBINI,2018,1831
KM,Comores,KM1,NDZUWANI,KM15,SIMA,KM152,SIMA,KM152_0004,BOUNGOUENI,2018,3623
KM,Comores,KM1,NDZUWANI,KM15,SIMA,KM152,SIMA,KM152_0002,KAVANI,2018,2227
KM,Comores,KM1,NDZUWANI,KM15,SIMA,KM152,SIMA,KM234_0004,MILEMBENI,2018,745
KM,Comores,KM1,NDZUWANI,KM15,SIMA,KM152,SIMA,KM152_0005,MIRONGANI,2018,1496
KM,Comores,KM1,NDZUWANI,KM15,SIMA,KM152,SIMA,KM232_0003,SIMA,2018,8747
KM,Comores,KM1,NDZUWANI,KM15,SIMA,KM153,VOUANI,KM153_0010,BANDRANI YA VOUANI,2018,1727
KM,Comores,KM1,NDZUWANI,KM15,SIMA,KM153,VOUANI,KM153_0011,CHIROVE,2018,271
KM,Comores,KM1,NDZUWANI,KM15,SIMA,KM153,VOUANI,KM153_0009,DAR SALAMA,2018,1378
KM,Comores,KM1,NDZUWANI,KM15,SIMA,KM153,VOUANI,KM153_0007,DZINDRI I,2018,2601
KM,Comores,KM1,NDZUWANI,KM15,SIMA,KM153,VOUANI,KM153_0003,HASSIMPAO,2018,1571
KM,Comores,KM1,NDZUWANI,KM15,SIMA,KM153,VOUANI,KM153_0006,IMERE,2018,459
KM,Comores,KM1,NDZUWANI,KM15,SIMA,KM153,VOUANI,KM153_0015,IMERE YA GAWANI,2018,761
KM,Comores,KM1,NDZUWANI,KM15,SIMA,KM153,VOUANI,KM153_0002,MARAHARE,2018,2018
KM,Comores,KM1,NDZUWANI,KM15,SIMA,KM153,VOUANI,KM153_0012,MARONTRONI,2018,417
KM,Comores,KM1,NDZUWANI,KM15,SIMA,KM153,VOUANI,KM153_0001,MROMOUHOULI,2018,622
KM,Comores,KM1,NDZUWANI,KM15,SIMA,KM153,VOUANI,KM153_0014,SALAMANI,2018,417
KM,Comores,KM1,NDZUWANI,KM15,SIMA,KM153,VOUANI,KM153_0004,SHITSANGASHELI,2018,159
KM,Comores,KM1,NDZUWANI,KM15,SIMA,KM153,VOUANI,KM153_0005,VASSI,2018,1295
KM,Comores,KM1,NDZUWANI,KM15,SIMA,KM153,VOUANI,KM153_0008,VOUANI,2018,3482
KM,Comores,KM2,NGAZIDJA,KM21,HAMAHAMET MBOINKOU,KM211,MBOINKOU,KM211_0008,BANDAMADJI LA MBOIKOU,2018,706
KM,Comores,KM2,NGAZIDJA,KM21,HAMAHAMET MBOINKOU,KM211,MBOINKOU,KM211_0004,CHEZANI,2018,2715
KM,Comores,KM2,NGAZIDJA,KM21,HAMAHAMET MBOINKOU,KM211,MBOINKOU,KM211_0007,HANTSINDZI,2018,2098
KM,Comores,KM2,NGAZIDJA,KM21,HAMAHAMET MBOINKOU,KM211,MBOINKOU,KM211_0001,MADJEOUENI,2018,1756
KM,Comores,KM2,NGAZIDJA,KM21,HAMAHAMET MBOINKOU,KM211,MBOINKOU,KM211_0005,NDROUDE,2018,2057
KM,Comores,KM2,NGAZIDJA,KM21,HAMAHAMET MBOINKOU,KM211,MBOINKOU,KM211_0006,NIOUMAMILIMA,2018,1332
KM,Comores,KM2,NGAZIDJA,KM21,HAMAHAMET MBOINKOU,KM211,MBOINKOU,KM211_0002,SADANI YA MBOIKOU,2018,616
KM,Comores,KM2,NGAZIDJA,KM21,HAMAHAMET MBOINKOU,KM211,MBOINKOU,KM211_0003,TRELEZINI,2018,546
KM,Comores,KM2,NGAZIDJA,KM21,HAMAHAMET MBOINKOU,KM212,NYUMA MRO,KM212_0005,BAMBADJANI,2018,1226
KM,Comores,KM2,NGAZIDJA,KM21,HAMAHAMET MBOINKOU,KM212,NYUMA MRO,KM212_0001,DIMADJOU YA HAMAHAMET,2018,2388
KM,Comores,KM2,NGAZIDJA,KM21,HAMAHAMET MBOINKOU,KM212,NYUMA MRO,KM212_0009,HADJAMBOU,2018,1264
KM,Comores,KM2,NGAZIDJA,KM21,HAMAHAMET MBOINKOU,KM212,NYUMA MRO,KM212_0007,ITSANDZENI,2018,1836
KM,Comores,KM2,NGAZIDJA,KM21,HAMAHAMET MBOINKOU,KM212,NYUMA MRO,KM212_0010,MBATSE YA HAMAHAMET,2018,230
KM,Comores,KM2,NGAZIDJA,KM21,HAMAHAMET MBOINKOU,KM212,NYUMA MRO,KM212_0003,MDJIHARI,2018,651
KM,Comores,KM2,NGAZIDJA,KM21,HAMAHAMET MBOINKOU,KM212,NYUMA MRO,KM212_0004,MOIDJA,2018,2027
KM,Comores,KM2,NGAZIDJA,KM21,HAMAHAMET MBOINKOU,KM212,NYUMA MRO,KM212_0006,NGOLE,2018,375
KM,Comores,KM2,NGAZIDJA,KM21,HAMAHAMET MBOINKOU,KM212,NYUMA MRO,KM212_0002,NYADOMBWENI,2018,1000
KM,Comores,KM2,NGAZIDJA,KM21,HAMAHAMET MBOINKOU,KM212,NYUMA MRO,KM212_0008,OUELLAH YA HAMAHAMET,2018,697
KM,Comores,KM2,NGAZIDJA,KM21,HAMAHAMET MBOINKOU,KM213,NYUMA MSIRU,KM213_0008,BATOU,2018,679
KM,Comores,KM2,NGAZIDJA,KM21,HAMAHAMET MBOINKOU,KM213,NYUMA MSIRU,KM213_0006,BOUNI,2018,1419
KM,Comores,KM2,NGAZIDJA,KM21,HAMAHAMET MBOINKOU,KM213,NYUMA MSIRU,KM213_0007,HEROUMBILI,2018,1466
KM,Comores,KM2,NGAZIDJA,KM21,HAMAHAMET MBOINKOU,KM213,NYUMA MSIRU,KM213_0010,IFOUNDIHE YA HAMAHAMET,2018,693
KM,Comores,KM2,NGAZIDJA,KM21,HAMAHAMET MBOINKOU,KM213,NYUMA MSIRU,KM213_0009,KOURANI YA HAMAHAMET,2018,132
KM,Comores,KM2,NGAZIDJA,KM21,HAMAHAMET MBOINKOU,KM213,NYUMA MSIRU,KM213_0001,MBENI,2018,5240
KM,Comores,KM2,NGAZIDJA,KM21,HAMAHAMET MBOINKOU,KM213,NYUMA MSIRU,KM213_0011,MNOUNGOU,2018,1248
KM,Comores,KM2,NGAZIDJA,KM21,HAMAHAMET MBOINKOU,KM213,NYUMA MSIRU,KM213_0004,SADA CHIHOUWE,2018,798
KM,Comores,KM2,NGAZIDJA,KM21,HAMAHAMET MBOINKOU,KM213,NYUMA MSIRU,KM213_0005,SADA MHUWAMBOI,2018,202
KM,Comores,KM2,NGAZIDJA,KM21,HAMAHAMET MBOINKOU,KM213,NYUMA MSIRU,KM213_0003,SALIMANI YA HAMAHAMET,2018,629
KM,Comores,KM2,NGAZIDJA,KM21,HAMAHAMET MBOINKOU,KM213,NYUMA MSIRU,KM213_0002,SELEANI,2018,1419
KM,Comores,KM2,NGAZIDJA,KM22,HAMBOU,KM221,DJOUMOIPANGUA,KM221_0004,BAMBANI,2018,1272
KM,Comores,KM2,NGAZIDJA,KM22,HAMBOU,KM221,DJOUMOIPANGUA,KM221_0005,DZAHADJOU,2018,2167
KM,Comores,KM2,NGAZIDJA,KM22,HAMBOU,KM221,DJOUMOIPANGUA,KM221_0003,HETSA,2018,853
KM,Comores,KM2,NGAZIDJA,KM22,HAMBOU,KM221,DJOUMOIPANGUA,KM221_0002,MDJOIEZI,2018,3081
KM,Comores,KM2,NGAZIDJA,KM22,HAMBOU,KM221,DJOUMOIPANGUA,KM221_0001,SINGANI,2018,2163
KM,Comores,KM2,NGAZIDJA,KM22,HAMBOU,KM222,TSINIMOIPANGUA,KM222_0005,BANGOI,2018,2892
KM,Comores,KM2,NGAZIDJA,KM22,HAMBOU,KM222,TSINIMOIPANGUA,KM222_0003,CHOUANI,2018,2647
KM,Comores,KM2,NGAZIDJA,KM22,HAMBOU,KM222,TSINIMOIPANGUA,KM222_0004,DJOUMOICHONGO,2018,1568
KM,Comores,KM2,NGAZIDJA,KM22,HAMBOU,KM222,TSINIMOIPANGUA,KM222_0001,MITSOUDJE,2018,3822
KM,Comores,KM2,NGAZIDJA,KM22,HAMBOU,KM222,TSINIMOIPANGUA,KM222_0006,NKOMIONI,2018,569
KM,Comores,KM2,NGAZIDJA,KM22,HAMBOU,KM222,TSINIMOIPANGUA,KM222_0007,SALIMANI,2018,2000
KM,Comores,KM2,NGAZIDJA,KM22,HAMBOU,KM222,TSINIMOIPANGUA,KM222_0002,TROUMBENI,2018,237
KM,Comores,KM2,NGAZIDJA,KM23,ITSANDRA HAMANVOU,KM231,BANGAANI,KM231_0007,BANDAMADJI LA ITSANDRA,2018,936
KM,Comores,KM2,NGAZIDJA,KM23,ITSANDRA HAMANVOU,KM231,BANGAANI,KM231_0008,DIMADJOU YA ITSANDRA,2018,1451
KM,Comores,KM2,NGAZIDJA,KM23,ITSANDRA HAMANVOU,KM231,BANGAANI,KM231_0004,DZAHANI LA TSIDJE,2018,8071
KM,Comores,KM2,NGAZIDJA,KM23,ITSANDRA HAMANVOU,KM231,BANGAANI,KM231_0001,ITSANDRA MDJINI,2018,3344
KM,Comores,KM2,NGAZIDJA,KM23,ITSANDRA HAMANVOU,KM231,BANGAANI,KM231_0005,MAOUENI YA ITSANDRA,2018,842
KM,Comores,KM2,NGAZIDJA,KM23,ITSANDRA HAMANVOU,KM231,BANGAANI,KM231_0006,MIRONTSI YA ITSANDRA,2018,448
KM,Comores,KM2,NGAZIDJA,KM23,ITSANDRA HAMANVOU,KM231,BANGAANI,KM231_0002,SALIMANI YA ITSANDRA,2018,3268
KM,Comores,KM2,NGAZIDJA,KM23,ITSANDRA HAMANVOU,KM231,BANGAANI,KM231_0003,SAMBA MBODONI,2018,1418
KM,Comores,KM2,NGAZIDJA,KM23,ITSANDRA HAMANVOU,KM232,DJOUMOICHONGO,KM232_0002,BAHANI,2018,1858
KM,Comores,KM2,NGAZIDJA,KM23,ITSANDRA HAMANVOU,KM232,DJOUMOICHONGO,KM232_0001,DZAHANI II,2018,1496
KM,Comores,KM2,NGAZIDJA,KM23,ITSANDRA HAMANVOU,KM232,DJOUMOICHONGO,KM232_0004,OUELLAH YA ITSANDRA,2018,1299
KM,Comores,KM2,NGAZIDJA,KM23,ITSANDRA HAMANVOU,KM232,DJOUMOICHONGO,KM232_0005,SAMBA KOUNI,2018,2092
KM,Comores,KM2,NGAZIDJA,KM23,ITSANDRA HAMANVOU,KM232,DJOUMOICHONGO,KM232_0003,SIMA,2018,860
KM,Comores,KM2,NGAZIDJA,KM23,ITSANDRA HAMANVOU,KM233,HAMANVOU,KM233_0008,BIBAVOU,2018,1136
KM,Comores,KM2,NGAZIDJA,KM23,ITSANDRA HAMANVOU,KM233,HAMANVOU,KM233_0002,BOENINDI,2018,789
KM,Comores,KM2,NGAZIDJA,KM23,ITSANDRA HAMANVOU,KM233,HAMANVOU,KM233_0007,DIBOINI,2018,1473
KM,Comores,KM2,NGAZIDJA,KM23,ITSANDRA HAMANVOU,KM233,HAMANVOU,KM233_0001,HAHAYA,2018,4689
KM,Comores,KM2,NGAZIDJA,KM23,ITSANDRA HAMANVOU,KM233,HAMANVOU,KM233_0004,MBALENI,2018,189
KM,Comores,KM2,NGAZIDJA,KM23,ITSANDRA HAMANVOU,KM233,HAMANVOU,KM233_0003,MBAMBANI YA HAMANVOU,2018,712
KM,Comores,KM2,NGAZIDJA,KM23,ITSANDRA HAMANVOU,KM233,HAMANVOU,KM233_0006,MBANGANI,2018,1509
KM,Comores,KM2,NGAZIDJA,KM23,ITSANDRA HAMANVOU,KM233,HAMANVOU,KM233_0009,MILEVANI,2018,1257
KM,Comores,KM2,NGAZIDJA,KM23,ITSANDRA HAMANVOU,KM233,HAMANVOU,KM233_0005,OUSSIVO,2018,2335
KM,Comores,KM2,NGAZIDJA,KM23,ITSANDRA HAMANVOU,KM234,ISAHARI,KM234_0002,HANTSAMBOU,2018,1659
KM,Comores,KM2,NGAZIDJA,KM23,ITSANDRA HAMANVOU,KM234,ISAHARI,KM234_0004,MILEMBENI,2018,1012
KM,Comores,KM2,NGAZIDJA,KM23,ITSANDRA HAMANVOU,KM234,ISAHARI,KM234_0001,NTSOUDJINI,2018,4424
KM,Comores,KM2,NGAZIDJA,KM23,ITSANDRA HAMANVOU,KM234,ISAHARI,KM234_0005,ZIVANDANI,2018,1364
KM,Comores,KM2,NGAZIDJA,KM23,ITSANDRA HAMANVOU,KM235,MBADANI,KM235_0001,BATSA ITSANDRA,2018,2728
KM,Comores,KM2,NGAZIDJA,KM23,ITSANDRA HAMANVOU,KM235,MBADANI,KM235_0005,DZAHADJOU LA ITSANDRA,2018,1447
KM,Comores,KM2,NGAZIDJA,KM23,ITSANDRA HAMANVOU,KM235,MBADANI,KM235_0004,MHANDANI,2018,561
KM,Comores,KM2,NGAZIDJA,KM23,ITSANDRA HAMANVOU,KM235,MBADANI,KM235_0003,VANADJOU,2018,983
KM,Comores,KM2,NGAZIDJA,KM23,ITSANDRA HAMANVOU,KM235,MBADANI,KM235_0002,VANAMBOINI,2018,2133
KM,Comores,KM2,NGAZIDJA,KM23,ITSANDRA HAMANVOU,KM235,MBADANI,KM235_0006,VOUNA MBADANI,2018,801
KM,Comores,KM2,NGAZIDJA,KM24,MBADJINI EST,KM241,DOMBA,KM241_0002,BANDADAOUENI,2018,1538
KM,Comores,KM2,NGAZIDJA,KM24,MBADJINI EST,KM241,DOMBA,KM241_0001,BANDAMADJI LADOMBA,2018,1084
KM,Comores,KM2,NGAZIDJA,KM24,MBADJINI EST,KM241,DOMBA,KM241_0004,OUNGONI,2018,1023
KM,Comores,KM2,NGAZIDJA,KM24,MBADJINI EST,KM241,DOMBA,KM264_0004,PIDJANI,2018,2209
KM,Comores,KM2,NGAZIDJA,KM24,MBADJINI EST,KM241,DOMBA,KM241_0003,TSINIMOIPANGA,2018,2487
KM,Comores,KM2,NGAZIDJA,KM24,MBADJINI EST,KM242,ITSAHIDI,KM242_0007,CHINDINI,2018,1751
KM,Comores,KM2,NGAZIDJA,KM24,MBADJINI EST,KM242,ITSAHIDI,KM242_0009,DZAHADJOU LA MBADJINI,2018,1138
KM,Comores,KM2,NGAZIDJA,KM24,MBADJINI EST,KM242,ITSAHIDI,KM242_0001,FOUMBOUNI,2018,2607
KM,Comores,KM2,NGAZIDJA,KM24,MBADJINI EST,KM242,ITSAHIDI,KM242_0002,KOIMBANI LA MBADJINI,2018,452
KM,Comores,KM2,NGAZIDJA,KM24,MBADJINI EST,KM242,ITSAHIDI,KM242_0003,MALE,2018,2317
KM,Comores,KM2,NGAZIDJA,KM24,MBADJINI EST,KM242,ITSAHIDI,KM242_0004,MIDJENDJENI,2018,421
KM,Comores,KM2,NGAZIDJA,KM24,MBADJINI EST,KM242,ITSAHIDI,KM242_0010,MOHORO,2018,2190
KM,Comores,KM2,NGAZIDJA,KM24,MBADJINI EST,KM242,ITSAHIDI,KM242_0006,NDZOUANI,2018,207
KM,Comores,KM2,NGAZIDJA,KM24,MBADJINI EST,KM242,ITSAHIDI,KM242_0011,NGNOUMADZHA MVOUBARI,2018,2079
KM,Comores,KM2,NGAZIDJA,KM24,MBADJINI EST,KM242,ITSAHIDI,KM242_0005,OUROVENI,2018,1444
KM,Comores,KM2,NGAZIDJA,KM24,MBADJINI EST,KM242,ITSAHIDI,KM242_0008,SIMAMBOINI,2018,951
KM,Comores,KM2,NGAZIDJA,KM24,MBADJINI EST,KM243,PIMBA,KM243_0004,BANDAMADJI LA KOUBOINI,2018,776
KM,Comores,KM2,NGAZIDJA,KM24,MBADJINI EST,KM243,PIMBA,KM243_0005,DARISSALAMA,2018,530
KM,Comores,KM2,NGAZIDJA,KM24,MBADJINI EST,KM243,PIMBA,KM243_0009,DIDJONI,2018,601
KM,Comores,KM2,NGAZIDJA,KM24,MBADJINI EST,KM243,PIMBA,KM243_0002,INANI,2018,895
KM,Comores,KM2,NGAZIDJA,KM24,MBADJINI EST,KM243,PIMBA,KM243_0010,KOVE,2018,868
KM,Comores,KM2,NGAZIDJA,KM24,MBADJINI EST,KM243,PIMBA,KM243_0006,MLALOI NKOUDJOU,2018,1083
KM,Comores,KM2,NGAZIDJA,KM24,MBADJINI EST,KM243,PIMBA,KM243_0003,NGNAMBENI,2018,1772
KM,Comores,KM2,NGAZIDJA,KM24,MBADJINI EST,KM243,PIMBA,KM243_0007,NGNOUMA MILIMA,2018,3039
KM,Comores,KM2,NGAZIDJA,KM24,MBADJINI EST,KM243,PIMBA,KM243_0008,NKOURANI MKANGA,2018,641
KM,Comores,KM2,NGAZIDJA,KM24,MBADJINI EST,KM243,PIMBA,KM243_0001,SIMBOUSSA YA MBADJINI,2018,1978
KM,Comores,KM2,NGAZIDJA,KM25,MBADJINI OUEST,KM251,NGOUENGOE,KM251_0001,DEMBENI,2018,2189
KM,Comores,KM2,NGAZIDJA,KM25,MBADJINI OUEST,KM251,NGOUENGOE,KM251_0011,ITSOUDZOU,2018,230
KM,Comores,KM2,NGAZIDJA,KM25,MBADJINI OUEST,KM251,NGOUENGOE,KM251_0009,KANDZILE,2018,1241
KM,Comores,KM2,NGAZIDJA,KM25,MBADJINI OUEST,KM251,NGOUENGOE,KM251_0010,MAKORANI,2018,45
KM,Comores,KM2,NGAZIDJA,KM25,MBADJINI OUEST,KM251,NGOUENGOE,KM251_0007,MANDZISSANI,2018,509
KM,Comores,KM2,NGAZIDJA,KM25,MBADJINI OUEST,KM251,NGOUENGOE,KM251_0003,MBOUDE YA MBOINI,2018,571
KM,Comores,KM2,NGAZIDJA,KM25,MBADJINI OUEST,KM251,NGOUENGOE,KM251_0002,MDJAMKAGNOI,2018,923
KM,Comores,KM2,NGAZIDJA,KM25,MBADJINI OUEST,KM251,NGOUENGOE,KM251_0006,MINDRADOU,2018,449
KM,Comores,KM2,NGAZIDJA,KM25,MBADJINI OUEST,KM251,NGOUENGOE,KM251_0004,MLIMANI,2018,191
KM,Comores,KM2,NGAZIDJA,KM25,MBADJINI OUEST,KM251,NGOUENGOE,KM251_0005,PANDA,2018,842
KM,Comores,KM2,NGAZIDJA,KM25,MBADJINI OUEST,KM251,NGOUENGOE,KM251_0008,TSINI MOICHONGO,2018,2256
KM,Comores,KM2,NGAZIDJA,KM25,MBADJINI OUEST,KM252,NIOUMAGAMA,KM252_0004,DIMA,2018,549
KM,Comores,KM2,NGAZIDJA,KM25,MBADJINI OUEST,KM252,NIOUMAGAMA,KM252_0007,DOMONI,2018,786
KM,Comores,KM2,NGAZIDJA,KM25,MBADJINI OUEST,KM252,NIOUMAGAMA,KM252_0008,DZOIDJOU,2018,702
KM,Comores,KM2,NGAZIDJA,KM25,MBADJINI OUEST,KM252,NIOUMAGAMA,KM252_0009,FAMARE,2018,515
KM,Comores,KM2,NGAZIDJA,KM25,MBADJINI OUEST,KM252,NIOUMAGAMA,KM252_0002,IFOUNDIHE CHADJOU,2018,225
KM,Comores,KM2,NGAZIDJA,KM25,MBADJINI OUEST,KM252,NIOUMAGAMA,KM252_0003,IFOUNDIHE CHAMBOINI,2018,1053
KM,Comores,KM2,NGAZIDJA,KM25,MBADJINI OUEST,KM252,NIOUMAGAMA,KM252_0005,NKOURANI YA SIMA,2018,8643
KM,Comores,KM2,NGAZIDJA,KM25,MBADJINI OUEST,KM252,NIOUMAGAMA,KM252_0001,OUZIOINI,2018,2196
KM,Comores,KM2,NGAZIDJA,KM26,MBOUDE,KM265,NYUMAMRO KIBLANI,KM265_0002,CHAMLE,2018,1434
KM,Comores,KM2,NGAZIDJA,KM26,MBOUDE,KM265,NYUMAMRO KIBLANI,KM265_0001,DJOMANI,2018,3460
KM,Comores,KM2,NGAZIDJA,KM26,MBOUDE,KM265,NYUMAMRO KIBLANI,KM265_0007,DOUNIANI,2018,1907
KM,Comores,KM2,NGAZIDJA,KM26,MBOUDE,KM265,NYUMAMRO KIBLANI,KM265_0006,HELINDJE,2018,1863
KM,Comores,KM2,NGAZIDJA,KM26,MBOUDE,KM265,NYUMAMRO KIBLANI,KM265_0009,KOUA,2018,697
KM,Comores,KM2,NGAZIDJA,KM26,MBOUDE,KM265,NYUMAMRO KIBLANI,KM265_0004,MANDZA YA MBOUDE,2018,1663
KM,Comores,KM2,NGAZIDJA,KM26,MBOUDE,KM265,NYUMAMRO KIBLANI,KM265_0005,MDJOIEZI YA MBOUNDE,2018,845
KM,Comores,KM2,NGAZIDJA,KM26,MBOUDE,KM265,NYUMAMRO KIBLANI,KM265_0003,VOUVOUNI YA MBOUNDE,2018,484
KM,Comores,KM2,NGAZIDJA,KM26,MBOUDE,KM266,NYUMAMRO SOUHEILI,KM266_0003,DJONGOE,2018,905
KM,Comores,KM2,NGAZIDJA,KM26,MBOUDE,KM266,NYUMAMRO SOUHEILI,KM266_0007,DOMOIDJOU,2018,937
KM,Comores,KM2,NGAZIDJA,KM26,MBOUDE,KM266,NYUMAMRO SOUHEILI,KM266_0008,DOMOIMBOINI,2018,452
KM,Comores,KM2,NGAZIDJA,KM26,MBOUDE,KM266,NYUMAMRO SOUHEILI,KM266_0002,IVEMBENI,2018,4029
KM,Comores,KM2,NGAZIDJA,KM26,MBOUDE,KM266,NYUMAMRO SOUHEILI,KM266_0004,MAOUENI YA MBOUDE,2018,1272
KM,Comores,KM2,NGAZIDJA,KM26,MBOUDE,KM266,NYUMAMRO SOUHEILI,KM266_0009,MOIDJA YA MBOUDE,2018,588
KM,Comores,KM2,NGAZIDJA,KM26,MBOUDE,KM266,NYUMAMRO SOUHEILI,KM266_0001,NTSAOUENI,2018,3311
KM,Comores,KM2,NGAZIDJA,KM26,MBOUDE,KM266,NYUMAMRO SOUHEILI,KM266_0006,NTSORALE YA MBOUDE,2018,689
KM,Comores,KM2,NGAZIDJA,KM26,MBOUDE,KM266,NYUMAMRO SOUHEILI,KM266_0005,SIMBOUSSA YA MBOUDE,2018,335
KM,Comores,KM2,NGAZIDJA,KM26,MITSAMIOULI,KM261,CEMBENOI LAC SALE,KM261_0001,BANGOIKOUNI,2018,2558
KM,Comores,KM2,NGAZIDJA,KM26,MITSAMIOULI,KM261,CEMBENOI LAC SALE,KM261_0002,BATSA YA MITSAMIHOULI,2018,1216
KM,Comores,KM2,NGAZIDJA,KM26,MITSAMIOULI,KM261,CEMBENOI LAC SALE,KM261_0004,IVOINI,2018,1635
KM,Comores,KM2,NGAZIDJA,KM26,MITSAMIOULI,KM261,CEMBENOI LAC SALE,KM261_0003,OUZIO,2018,2689
KM,Comores,KM2,NGAZIDJA,KM26,MITSAMIOULI,KM262,CEMBENOI SADA DJOULAMLIMA,KM265_0009,KOUA,2018,1538
KM,Comores,KM2,NGAZIDJA,KM26,MITSAMIOULI,KM262,CEMBENOI SADA DJOULAMLIMA,KM262_0004,OUELLAH YA MITSAMIHOULI,2018,4314
KM,Comores,KM2,NGAZIDJA,KM26,MITSAMIOULI,KM262,CEMBENOI SADA DJOULAMLIMA,KM262_0001,OUEMANI,2018,661
KM,Comores,KM2,NGAZIDJA,KM26,MITSAMIOULI,KM263,MITSAMIOULI,KM263_0003,FASSI,2018,469
KM,Comores,KM2,NGAZIDJA,KM26,MITSAMIOULI,KM263,MITSAMIOULI,KM263_0002,HADAWA,2018,582
KM,Comores,KM2,NGAZIDJA,KM26,MITSAMIOULI,KM263,MITSAMIOULI,KM263_0001,MEMBOI - BOINI,2018,880
KM,Comores,KM2,NGAZIDJA,KM26,MITSAMIOULI,KM263,MITSAMIOULI,KM263_0004,MITSAMIHOULI,2018,5073
KM,Comores,KM2,NGAZIDJA,KM26,MITSAMIOULI,KM263,MITSAMIOULI,KM263_0006,NDZAOUZE,2018,2754
KM,Comores,KM2,NGAZIDJA,KM26,MITSAMIOULI,KM263,MITSAMIOULI,KM263_0005,NKOURANI YA MITSAMIHOULI,2018,365
KM,Comores,KM2,NGAZIDJA,KM26,MITSAMIOULI,KM264,NYUMA KOMO,KM264_0001,BANGOI MAFUSA NKOA,2018,676
KM,Comores,KM2,NGAZIDJA,KM26,MITSAMIOULI,KM264,NYUMA KOMO,KM264_0008,FOUNGA,2018,941
KM,Comores,KM2,NGAZIDJA,KM26,MITSAMIOULI,KM264,NYUMA KOMO,KM264_0002,MEMBOI - DJOU,2018,1647
KM,Comores,KM2,NGAZIDJA,KM26,MITSAMIOULI,KM264,NYUMA KOMO,KM264_0007,NTSADJENI,2018,1724
KM,Comores,KM2,NGAZIDJA,KM26,MITSAMIOULI,KM264,NYUMA KOMO,KM264_0009,OUHOZI,2018,1230
KM,Comores,KM2,NGAZIDJA,KM26,MITSAMIOULI,KM264,NYUMA KOMO,KM264_0004,PIDJANI,2018,599
KM,Comores,KM2,NGAZIDJA,KM26,MITSAMIOULI,KM264,NYUMA KOMO,KM264_0005,SONGOMANI,2018,480
KM,Comores,KM2,NGAZIDJA,KM26,MITSAMIOULI,KM264,NYUMA KOMO,KM264_0006,TOIYFA,2018,482
KM,Comores,KM2,NGAZIDJA,KM27,MORONI BAMBAO,KM273,BAMBAO YA DJOU,KM273_0002,M'VOUNI,2018,5494
KM,Comores,KM2,NGAZIDJA,KM27,MORONI BAMBAO,KM273,BAMBAO YA DJOU,KM273_0003,MAVINGOUNI,2018,1804
KM,Comores,KM2,NGAZIDJA,KM27,MORONI BAMBAO,KM273,BAMBAO YA DJOU,KM273_0001,MKAZI,2018,6522
KM,Comores,KM2,NGAZIDJA,KM27,MORONI BAMBAO,KM271,BAMBAO YA HARI,KM271_0010,BOENI YA BAMBAO,2018,2131
KM,Comores,KM2,NGAZIDJA,KM27,MORONI BAMBAO,KM271,BAMBAO YA HARI,KM271_0007,DAOUENI,2018,388
KM,Comores,KM2,NGAZIDJA,KM27,MORONI BAMBAO,KM271,BAMBAO YA HARI,KM283_0003,DZAHANI,2018,693
KM,Comores,KM2,NGAZIDJA,KM27,MORONI BAMBAO,KM271,BAMBAO YA HARI,KM271_0002,M'DE,2018,6662
KM,Comores,KM2,NGAZIDJA,KM27,MORONI BAMBAO,KM271,BAMBAO YA HARI,KM271_0006,MBOUDADJOU,2018,1054
KM,Comores,KM2,NGAZIDJA,KM27,MORONI BAMBAO,KM271,BAMBAO YA HARI,KM271_0005,MOIDZAZA DJOUMBE,2018,473
KM,Comores,KM2,NGAZIDJA,KM27,MORONI BAMBAO,KM271,BAMBAO YA HARI,KM271_0004,NIOUMADZAHA,2018,3292
KM,Comores,KM2,NGAZIDJA,KM27,MORONI BAMBAO,KM271,BAMBAO YA HARI,KM271_0003,SELEA,2018,2185
KM,Comores,KM2,NGAZIDJA,KM27,MORONI BAMBAO,KM271,BAMBAO YA HARI,KM271_0001,VOUVOUNI,2018,4429
KM,Comores,KM2,NGAZIDJA,KM27,MORONI BAMBAO,KM272,BAMBAO YA MBOINI,KM272_0001,ICONI,2018,5593
KM,Comores,KM2,NGAZIDJA,KM27,MORONI BAMBAO,KM272,BAMBAO YA MBOINI,KM272_0002,MBACHILE,2018,1715
KM,Comores,KM2,NGAZIDJA,KM27,MORONI BAMBAO,KM272,BAMBAO YA MBOINI,KM272_0003,MOIDZAZA - MBOINI,2018,2899
KM,Comores,KM2,NGAZIDJA,KM27,MORONI BAMBAO,KM272,BAMBAO YA MBOINI,KM272_0004,NDROUANI,2018,1406
KM,Comores,KM2,NGAZIDJA,KM27,MORONI BAMBAO,KM272,BAMBAO YA MBOINI,KM272_0005,SEREHINI,2018,759
KM,Comores,KM2,NGAZIDJA,KM27,MORONI BAMBAO,KM274,MORONI,KM274_0001,MORONI,2018,76376
KM,Comores,KM2,NGAZIDJA,KM28,OICHILI DIMANI,KM281,DIMANI,KM281_0002,FOUMBOU DZIVOUNI,2018,455
KM,Comores,KM2,NGAZIDJA,KM28,OICHILI DIMANI,KM281,DIMANI,KM281_0007,IDJINKOUNDZI,2018,2471
KM,Comores,KM2,NGAZIDJA,KM28,OICHILI DIMANI,KM281,DIMANI,KM281_0006,IDJOINDRADJA,2018,193
KM,Comores,KM2,NGAZIDJA,KM28,OICHILI DIMANI,KM281,DIMANI,KM281_0005,MADJOMA,2018,558
KM,Comores,KM2,NGAZIDJA,KM28,OICHILI DIMANI,KM281,DIMANI,KM281_0008,MAOUENI DIMANI,2018,1532
KM,Comores,KM2,NGAZIDJA,KM28,OICHILI DIMANI,KM281,DIMANI,KM281_0003,MBOUDE,2018,659
KM,Comores,KM2,NGAZIDJA,KM28,OICHILI DIMANI,KM281,DIMANI,KM281_0004,MIDJINDZE,2018,158
KM,Comores,KM2,NGAZIDJA,KM28,OICHILI DIMANI,KM281,DIMANI,KM281_0009,MIRERENI,2018,531
KM,Comores,KM2,NGAZIDJA,KM28,OICHILI DIMANI,KM281,DIMANI,KM281_0001,MTSANGADJOU,2018,1310
KM,Comores,KM2,NGAZIDJA,KM28,OICHILI DIMANI,KM281,DIMANI,KM281_0010,NTSORALE,2018,2502
KM,Comores,KM2,NGAZIDJA,KM28,OICHILI DIMANI,KM281,DIMANI,KM281_0012,REHEMANI,2018,410
KM,Comores,KM2,NGAZIDJA,KM28,OICHILI DIMANI,KM281,DIMANI,KM281_0011,SIDJOU,2018,881
KM,Comores,KM2,NGAZIDJA,KM28,OICHILI DIMANI,KM283,OICHILI YABOINI,KM283_0003,DZAHANI,2018,676
KM,Comores,KM2,NGAZIDJA,KM28,OICHILI DIMANI,KM283,OICHILI YABOINI,KM283_0006,HAMBOU,2018,1016
KM,Comores,KM2,NGAZIDJA,KM28,OICHILI DIMANI,KM283,OICHILI YABOINI,KM283_0007,HASSENDJE,2018,298
KM,Comores,KM2,NGAZIDJA,KM28,OICHILI DIMANI,KM283,OICHILI YABOINI,KM283_0001,ITSINKOUDI,2018,2497
KM,Comores,KM2,NGAZIDJA,KM28,OICHILI DIMANI,KM283,OICHILI YABOINI,KM283_0004,KOUHANI,2018,488
KM,Comores,KM2,NGAZIDJA,KM28,OICHILI DIMANI,KM283,OICHILI YABOINI,KM283_0005,MTSAMDU,2018,1180
KM,Comores,KM2,NGAZIDJA,KM28,OICHILI DIMANI,KM282,OICHILI YADJOU,KM282_0003,BOENI YAWACHILI,2018,883
KM,Comores,KM2,NGAZIDJA,KM28,OICHILI DIMANI,KM282,OICHILI YADJOU,KM282_0009,CHAMRO,2018,161
KM,Comores,KM2,NGAZIDJA,KM28,OICHILI DIMANI,KM282,OICHILI YADJOU,KM282_0007,CHOMONI,2018,834
KM,Comores,KM2,NGAZIDJA,KM28,OICHILI DIMANI,KM282,OICHILI YADJOU,KM282_0004,DZAHADJOU YA WACHILI,2018,1066
KM,Comores,KM2,NGAZIDJA,KM28,OICHILI DIMANI,KM282,OICHILI YADJOU,KM282_0002,IROHE,2018,970
KM,Comores,KM2,NGAZIDJA,KM28,OICHILI DIMANI,KM282,OICHILI YADJOU,KM282_0001,KOIMBANI YA WACHILI,2018,2991
KM,Comores,KM2,NGAZIDJA,KM28,OICHILI DIMANI,KM282,OICHILI YADJOU,KM282_0005,SADA,2018,364
KM,Comores,KM2,NGAZIDJA,KM28,OICHILI DIMANI,KM282,OICHILI YADJOU,KM282_0006,SADANI,2018,628
KM,Comores,KM2,NGAZIDJA,KM28,OICHILI DIMANI,KM282,OICHILI YADJOU,KM282_0008,SAMBA MADI,2018,109
KM,Comores,KM2,NGAZIDJA,KM28,OICHILI DIMANI,KM282,OICHILI YADJOU,KM282_0010,SIMA YA WACHILI,2018,1048
KM,Comores,KM3,MWALI,KM31,DJANDO,KM311,DJANDO,KM311_0006,HAGNAMOIDA,2019,870
KM,Comores,KM3,MWALI,KM31,DJANDO,KM311,DJANDO,KM311_0008,HAMAVOUNA,2019,1412
KM,Comores,KM3,MWALI,KM31,DJANDO,KM311,DJANDO,KM311_0007,ITSAMIA,2019,431
KM,Comores,KM3,MWALI,KM31,DJANDO,KM311,DJANDO,KM121_0005,KANGANI,2019,1445
KM,Comores,KM3,MWALI,KM31,DJANDO,KM311,DJANDO,KM311_0003,MLANBANDA,2019,434
KM,Comores,KM3,MWALI,KM31,DJANDO,KM311,DJANDO,KM311_0002,WANANI,2019,3506
KM,Comores,KM3,MWALI,KM31,DJANDO,KM311,DJANDO,KM311_0001,ZIROUDANI,2019,1860
KM,Comores,KM3,MWALI,KM32,FOMBONI,KM321,FOMBONI,KM321_0001,FOMBONI,2019,18419
KM,Comores,KM3,MWALI,KM32,FOMBONI,KM322,MOILI MDJINI,KM322_0002,BANDAR SALAMA,2019,2570
KM,Comores,KM3,MWALI,KM32,FOMBONI,KM322,MOILI MDJINI,KM322_0003,DJOIEZI,2019,3134
KM,Comores,KM3,MWALI,KM32,FOMBONI,KM322,MOILI MDJINI,KM322_0001,MBOIGOMA,2019,2189
KM,Comores,KM3,MWALI,KM32,FOMBONI,KM323,MOINBASSA,KM252_0007,DOMONI,2019,275
KM,Comores,KM3,MWALI,KM32,FOMBONI,KM323,MOINBASSA,KM323_0002,HOANI,2019,2342
KM,Comores,KM3,MWALI,KM32,FOMBONI,KM323,MOINBASSA,KM323_0001,M'BATSE,2019,3916
KM,Comores,KM3,MWALI,KM33,NIOUMACHOUA,KM331,MLEDJELE,KM331_0001,MIREMANI,2019,307
KM,Comores,KM3,MWALI,KM33,NIOUMACHOUA,KM331,MLEDJELE,KM331_0004,NDREMEANI,2019,61
KM,Comores,KM3,MWALI,KM33,NIOUMACHOUA,KM331,MLEDJELE,KM331_0002,NDRONDRONI,2019,4517
KM,Comores,KM3,MWALI,KM33,NIOUMACHOUA,KM331,MLEDJELE,KM331_0003,NIOUMACHOUA,2019,3546
KM,Comores,KM3,MWALI,KM33,NIOUMACHOUA,KM332,MOIMBAO,KM143_0003,BARAKANI,2019,1001
KM,Comores,KM3,MWALI,KM33,NIOUMACHOUA,KM332,MOIMBAO,KM332_0001,HAMBA,2019,259
KM,Comores,KM3,MWALI,KM33,NIOUMACHOUA,KM332,MOIMBAO,KM332_0004,MIRINGONI,2019,1073
KM,Comores,KM3,MWALI,KM33,NIOUMACHOUA,KM332,MOIMBAO,KM332_0005,WALLAH 1,2019,475
KM,Comores,KM3,MWALI,KM33,NIOUMACHOUA,KM332,MOIMBAO,KM332_0006,WALLAH 2,2019,889
KM,Comores,KM1,NDZUWANI,KM11,DOMONI,KM111,BAMBAO MSTANGA,KM111_0001,BAMBAO MTSANGA,2019,5283
KM,Comores,KM1,NDZUWANI,KM11,DOMONI,KM111,BAMBAO MSTANGA,KM111_0004,MAHALE,2019,3773
KM,Comores,KM1,NDZUWANI,KM11,DOMONI,KM111,BAMBAO MSTANGA,KM111_0002,MROMAJI,2019,2922
KM,Comores,KM1,NDZUWANI,KM11,DOMONI,KM111,BAMBAO MSTANGA,KM111_0003,ONGONI,2019,2506
KM,Comores,KM1,NDZUWANI,KM11,DOMONI,KM112,DOMONI,KM112_0004,BWELADUGU,2019,786
KM,Comores,KM1,NDZUWANI,KM11,DOMONI,KM112,DOMONI,KM252_0007,DOMONI,2019,12899
KM,Comores,KM1,NDZUWANI,KM11,DOMONI,KM112,DOMONI,KM112_0003,LIMBI,2019,2746
KM,Comores,KM1,NDZUWANI,KM11,DOMONI,KM113,JIMLIME,KM113_0003,HAJOHO,2019,3974
KM,Comores,KM1,NDZUWANI,KM11,DOMONI,KM113,JIMLIME,KM113_0001,HAREMBO I,2019,612
KM,Comores,KM1,NDZUWANI,KM11,DOMONI,KM113,JIMLIME,KM113_0002,HAREMBO II,2019,1027
KM,Comores,KM1,NDZUWANI,KM11,DOMONI,KM113,JIMLIME,KM113_0004,JIMLIME,2019,6454
KM,Comores,KM1,NDZUWANI,KM11,DOMONI,KM114,KONI,KM114_0004,GEGE,2019,1173
KM,Comores,KM1,NDZUWANI,KM11,DOMONI,KM114,KONI,KM114_0003,HACHIPENDA,2019,1981
KM,Comores,KM1,NDZUWANI,KM11,DOMONI,KM114,KONI,KM114_0001,KONI DJODJO,2019,11266
KM,Comores,KM1,NDZUWANI,KM11,DOMONI,KM114,KONI,KM114_0002,KONI NGANI,2019,5434
KM,Comores,KM1,NDZUWANI,KM11,DOMONI,KM115,NGADZALE,KM115_0001,NGADZALE,2019,5807
KM,Comores,KM1,NDZUWANI,KM11,DOMONI,KM115,NGADZALE,KM115_0002,OUTSA,2019,763
KM,Comores,KM1,NDZUWANI,KM11,DOMONI,KM115,NGADZALE,KM115_0005,OUZINI,2019,1850
KM,Comores,KM1,NDZUWANI,KM11,DOMONI,KM115,NGADZALE,KM153_0014,SALAMANI,2019,2239
KM,Comores,KM1,NDZUWANI,KM16,MOYA,KM151,MOYA,KM151_0002,KOWET,2019,2208
KM,Comores,KM1,NDZUWANI,KM16,MOYA,KM151,MOYA,KM151_0005,LINGONI,2019,5200
KM,Comores,KM1,NDZUWANI,KM16,MOYA,KM151,MOYA,KM151_0007,MAWENI,2019,835
KM,Comores,KM1,NDZUWANI,KM16,MOYA,KM151,MOYA,KM151_0001,MOYA,2019,9446
KM,Comores,KM1,NDZUWANI,KM16,MOYA,KM151,MOYA,KM151_0004,NINDRI,2019,3231
KM,Comores,KM1,NDZUWANI,KM16,MOYA,KM151,MOYA,KM151_0003,POMONI,2019,4455
KM,Comores,KM1,NDZUWANI,KM12,MREMANI,KM121,ADDA,KM121_0001,ADDA DAWENI,2019,12035
KM,Comores,KM1,NDZUWANI,KM12,MREMANI,KM121,ADDA,KM121_0002,DJANZA,2019,871
KM,Comores,KM1,NDZUWANI,KM12,MREMANI,KM121,ADDA,KM121_0005,KANGANI,2019,5140
KM,Comores,KM1,NDZUWANI,KM12,MREMANI,KM121,ADDA,KM121_0003,MAGNASSINI,2019,4535
KM,Comores,KM1,NDZUWANI,KM12,MREMANI,KM123,MRAMANI,KM123_0004,DZIANII,2019,2058
KM,Comores,KM1,NDZUWANI,KM12,MREMANI,KM123,MRAMANI,KM123_0002,HANTSAHII,2019,1555
KM,Comores,KM1,NDZUWANI,KM12,MREMANI,KM123,MRAMANI,KM123_0001,MRAMANI,2019,4253
KM,Comores,KM1,NDZUWANI,KM12,MREMANI,KM123,MRAMANI,KM123_0003,NYAMBOIMRO,2019,2185
KM,Comores,KM1,NDZUWANI,KM12,MREMANI,KM124,MREMANI,KM124_0002,BANDA KOUNI,2019,3896
KM,Comores,KM1,NDZUWANI,KM12,MREMANI,KM124,MREMANI,KM124_0004,DAJI,2019,3284
KM,Comores,KM1,NDZUWANI,KM12,MREMANI,KM124,MREMANI,KM124_0001,MREMANI,2019,5750
KM,Comores,KM1,NDZUWANI,KM12,MREMANI,KM124,MREMANI,KM124_0003,MRIDJOU,2019,3685
KM,Comores,KM1,NDZUWANI,KM12,MREMANI,KM125,ONGOJOU,KM125_0002,KIYO,2019,1739
KM,Comores,KM1,NDZUWANI,KM12,MREMANI,KM125,ONGOJOU,KM125_0003,KOMONI,2019,2816
KM,Comores,KM1,NDZUWANI,KM12,MREMANI,KM125,ONGOJOU,KM125_0004,MIRONDRONI,2019,428
KM,Comores,KM1,NDZUWANI,KM12,MREMANI,KM125,ONGOJOU,KM125_0001,ONGODJOU,2019,6629
KM,Comores,KM1,NDZUWANI,KM12,MREMANI,KM125,ONGOJOU,KM125_0005,TRINDRINI,2019,168
KM,Comores,KM1,NDZUWANI,KM12,MREMANI,KM122,SHAWENI,KM122_0002,HAMCHACO,2019,2046
KM,Comores,KM1,NDZUWANI,KM12,MREMANI,KM122,SHAWENI,KM122_0005,MNADZICHOUMWE,2019,1061
KM,Comores,KM1,NDZUWANI,KM12,MREMANI,KM122,SHAWENI,KM122_0004,NOUNGA,2019,458
KM,Comores,KM1,NDZUWANI,KM12,MREMANI,KM122,SHAWENI,KM122_0003,SADAPOINI,2019,3069
KM,Comores,KM1,NDZUWANI,KM12,MREMANI,KM122,SHAWENI,KM122_0001,SHAWENI,2019,1137
KM,Comores,KM1,NDZUWANI,KM13,MUTSAMUDU,KM131,BANDRANI YA CHIRONKAMBA,KM131_0002,ANKIBANI,2019,2284
KM,Comores,KM1,NDZUWANI,KM13,MUTSAMUDU,KM131,BANDRANI YA CHIRONKAMBA,KM131_0008,BANDRADJOU,2019,1941
KM,Comores,KM1,NDZUWANI,KM13,MUTSAMUDU,KM131,BANDRANI YA CHIRONKAMBA,KM131_0006,CHICONI 2,2019,144
KM,Comores,KM1,NDZUWANI,KM13,MUTSAMUDU,KM131,BANDRANI YA CHIRONKAMBA,KM131_0003,CHIRONKAMBA,2019,2113
KM,Comores,KM1,NDZUWANI,KM13,MUTSAMUDU,KM131,BANDRANI YA CHIRONKAMBA,KM151_0007,MAWENI,2019,845
KM,Comores,KM1,NDZUWANI,KM13,MUTSAMUDU,KM131,BANDRANI YA CHIRONKAMBA,KM131_0001,MDJIMANDRA,2019,2837
KM,Comores,KM1,NDZUWANI,KM13,MUTSAMUDU,KM131,BANDRANI YA CHIRONKAMBA,KM131_0007,MPOUZINI,2019,66
KM,Comores,KM1,NDZUWANI,KM13,MUTSAMUDU,KM132,Commune BANDRANI YA MITSANGANI,KM132_0001,BANDRANI MTSANGANI,2019,2020
KM,Comores,KM1,NDZUWANI,KM13,MUTSAMUDU,KM132,Commune BANDRANI YA MITSANGANI,KM132_0002,CHITROUNI,2019,1320
KM,Comores,KM1,NDZUWANI,KM13,MUTSAMUDU,KM132,Commune BANDRANI YA MITSANGANI,KM132_0004,MDJAMAOUE,2019,1818
KM,Comores,KM1,NDZUWANI,KM13,MUTSAMUDU,KM132,Commune BANDRANI YA MITSANGANI,KM132_0003,SAANDANI,2019,2412
KM,Comores,KM1,NDZUWANI,KM13,MUTSAMUDU,KM133,MIRONTSI,KM133_0001,MIRONTSI,2019,12577
KM,Comores,KM1,NDZUWANI,KM13,MUTSAMUDU,KM134,MUTSAMUDU,KM134_0005,CHICONI1,2019,4
KM,Comores,KM1,NDZUWANI,KM13,MUTSAMUDU,KM134,MUTSAMUDU,KM134_0001,MUTSAMUDU,2019,27668
KM,Comores,KM1,NDZUWANI,KM13,MUTSAMUDU,KM134,MUTSAMUDU,KM134_0003,MWAMWA I,2019,2002
KM,Comores,KM1,NDZUWANI,KM13,MUTSAMUDU,KM134,MUTSAMUDU,KM134_0004,MWAMWA II,2019,843
KM,Comores,KM1,NDZUWANI,KM13,MUTSAMUDU,KM134,MUTSAMUDU,KM134_0002,PAJE,2019,6220
KM,Comores,KM1,NDZUWANI,KM14,OUANI,KM141,BAMBAO MTROUNI,KM141_0003,CHANDRA,2019,5217
KM,Comores,KM1,NDZUWANI,KM14,OUANI,KM141,BAMBAO MTROUNI,KM141_0002,DINDRI,2019,10894
KM,Comores,KM1,NDZUWANI,KM14,OUANI,KM141,BAMBAO MTROUNI,KM141_0001,TSEMBEHOU,2019,13235
KM,Comores,KM1,NDZUWANI,KM14,OUANI,KM142,BAZIMINI,KM142_0001,BAZIMINI,2019,8638
KM,Comores,KM1,NDZUWANI,KM14,OUANI,KM142,BAZIMINI,KM142_0002,KOKI,2019,6692
KM,Comores,KM1,NDZUWANI,KM14,OUANI,KM142,BAZIMINI,KM142_0003,PATSY,2019,4083
KM,Comores,KM1,NDZUWANI,KM14,OUANI,KM143,OUANI,KM143_0003,BARAKANI,2019,7394
KM,Comores,KM1,NDZUWANI,KM14,OUANI,KM143,OUANI,KM143_0004,GNATRANGA,2019,3457
KM,Comores,KM1,NDZUWANI,KM14,OUANI,KM143,OUANI,KM143_0001,OUANI,2019,10595
KM,Comores,KM1,NDZUWANI,KM14,OUANI,KM143,OUANI,KM143_0005,TANAMBAO,2019,2213
KM,Comores,KM1,NDZUWANI,KM15,SIMA,KM152,SIMA,KM152_0003,BIMBINI,2019,1877
KM,Comores,KM1,NDZUWANI,KM15,SIMA,KM152,SIMA,KM152_0004,BOUNGOUENI,2019,3715
KM,Comores,KM1,NDZUWANI,KM15,SIMA,KM152,SIMA,KM152_0002,KAVANI,2019,2283
KM,Comores,KM1,NDZUWANI,KM15,SIMA,KM152,SIMA,KM234_0004,MILEMBENI,2019,764
KM,Comores,KM1,NDZUWANI,KM15,SIMA,KM152,SIMA,KM152_0005,MIRONGANI,2019,1534
KM,Comores,KM1,NDZUWANI,KM15,SIMA,KM152,SIMA,KM232_0003,SIMA,2019,8758
KM,Comores,KM1,NDZUWANI,KM15,SIMA,KM153,VOUANI,KM153_0010,BANDRANI YA VOUANI,2019,1771
KM,Comores,KM1,NDZUWANI,KM15,SIMA,KM153,VOUANI,KM153_0011,CHIROVE,2019,278
KM,Comores,KM1,NDZUWANI,KM15,SIMA,KM153,VOUANI,KM153_0009,DAR SALAMA,2019,1413
KM,Comores,KM1,NDZUWANI,KM15,SIMA,KM153,VOUANI,KM153_0007,DZINDRI I,2019,2667
KM,Comores,KM1,NDZUWANI,KM15,SIMA,KM153,VOUANI,KM153_0003,HASSIMPAO,2019,1611
KM,Comores,KM1,NDZUWANI,KM15,SIMA,KM153,VOUANI,KM153_0006,IMERE,2019,471
KM,Comores,KM1,NDZUWANI,KM15,SIMA,KM153,VOUANI,KM153_0015,IMERE YA GAWANI,2019,780
KM,Comores,KM1,NDZUWANI,KM15,SIMA,KM153,VOUANI,KM153_0002,MARAHARE,2019,2070
KM,Comores,KM1,NDZUWANI,KM15,SIMA,KM153,VOUANI,KM153_0012,MARONTRONI,2019,428
KM,Comores,KM1,NDZUWANI,KM15,SIMA,KM153,VOUANI,KM153_0001,MROMOUHOULI,2019,638
KM,Comores,KM1,NDZUWANI,KM15,SIMA,KM153,VOUANI,KM153_0014,SALAMANI,2019,428
KM,Comores,KM1,NDZUWANI,KM15,SIMA,KM153,VOUANI,KM153_0004,SHITSANGASHELI,2019,163
KM,Comores,KM1,NDZUWANI,KM15,SIMA,KM153,VOUANI,KM153_0005,VASSI,2019,1328
KM,Comores,KM1,NDZUWANI,KM15,SIMA,KM153,VOUANI,KM153_0008,VOUANI,2019,3571
KM,Comores,KM2,NGAZIDJA,KM21,HAMAHAMET MBOINKOU,KM211,MBOINKOU,KM211_0008,BANDAMADJI LA MBOIKOU,2019,722
KM,Comores,KM2,NGAZIDJA,KM21,HAMAHAMET MBOINKOU,KM211,MBOINKOU,KM211_0004,CHEZANI,2019,2775
KM,Comores,KM2,NGAZIDJA,KM21,HAMAHAMET MBOINKOU,KM211,MBOINKOU,KM211_0007,HANTSINDZI,2019,2144
KM,Comores,KM2,NGAZIDJA,KM21,HAMAHAMET MBOINKOU,KM211,MBOINKOU,KM211_0001,MADJEOUENI,2019,1796
KM,Comores,KM2,NGAZIDJA,KM21,HAMAHAMET MBOINKOU,KM211,MBOINKOU,KM211_0005,NDROUDE,2019,2103
KM,Comores,KM2,NGAZIDJA,KM21,HAMAHAMET MBOINKOU,KM211,MBOINKOU,KM211_0006,NIOUMAMILIMA,2019,1362
KM,Comores,KM2,NGAZIDJA,KM21,HAMAHAMET MBOINKOU,KM211,MBOINKOU,KM211_0002,SADANI YA MBOIKOU,2019,630
KM,Comores,KM2,NGAZIDJA,KM21,HAMAHAMET MBOINKOU,KM211,MBOINKOU,KM211_0003,TRELEZINI,2019,558
KM,Comores,KM2,NGAZIDJA,KM21,HAMAHAMET MBOINKOU,KM212,NYUMA MRO,KM212_0005,BAMBADJANI,2019,1253
KM,Comores,KM2,NGAZIDJA,KM21,HAMAHAMET MBOINKOU,KM212,NYUMA MRO,KM212_0001,DIMADJOU YA HAMAHAMET,2019,2441
KM,Comores,KM2,NGAZIDJA,KM21,HAMAHAMET MBOINKOU,KM212,NYUMA MRO,KM212_0009,HADJAMBOU,2019,1292
KM,Comores,KM2,NGAZIDJA,KM21,HAMAHAMET MBOINKOU,KM212,NYUMA MRO,KM212_0007,ITSANDZENI,2019,1877
KM,Comores,KM2,NGAZIDJA,KM21,HAMAHAMET MBOINKOU,KM212,NYUMA MRO,KM212_0010,MBATSE YA HAMAHAMET,2019,235
KM,Comores,KM2,NGAZIDJA,KM21,HAMAHAMET MBOINKOU,KM212,NYUMA MRO,KM212_0003,MDJIHARI,2019,665
KM,Comores,KM2,NGAZIDJA,KM21,HAMAHAMET MBOINKOU,KM212,NYUMA MRO,KM212_0004,MOIDJA,2019,2072
KM,Comores,KM2,NGAZIDJA,KM21,HAMAHAMET MBOINKOU,KM212,NYUMA MRO,KM212_0006,NGOLE,2019,383
KM,Comores,KM2,NGAZIDJA,KM21,HAMAHAMET MBOINKOU,KM212,NYUMA MRO,KM212_0002,NYADOMBWENI,2019,1023
KM,Comores,KM2,NGAZIDJA,KM21,HAMAHAMET MBOINKOU,KM212,NYUMA MRO,KM212_0008,OUELLAH YA HAMAHAMET,2019,712
KM,Comores,KM2,NGAZIDJA,KM21,HAMAHAMET MBOINKOU,KM213,NYUMA MSIRU,KM213_0008,BATOU,2019,695
KM,Comores,KM2,NGAZIDJA,KM21,HAMAHAMET MBOINKOU,KM213,NYUMA MSIRU,KM213_0006,BOUNI,2019,1451
KM,Comores,KM2,NGAZIDJA,KM21,HAMAHAMET MBOINKOU,KM213,NYUMA MSIRU,KM213_0007,HEROUMBILI,2019,1499
KM,Comores,KM2,NGAZIDJA,KM21,HAMAHAMET MBOINKOU,KM213,NYUMA MSIRU,KM213_0010,IFOUNDIHE YA HAMAHAMET,2019,708
KM,Comores,KM2,NGAZIDJA,KM21,HAMAHAMET MBOINKOU,KM213,NYUMA MSIRU,KM213_0009,KOURANI YA HAMAHAMET,2019,135
KM,Comores,KM2,NGAZIDJA,KM21,HAMAHAMET MBOINKOU,KM213,NYUMA MSIRU,KM213_0001,MBENI,2019,5356
KM,Comores,KM2,NGAZIDJA,KM21,HAMAHAMET MBOINKOU,KM213,NYUMA MSIRU,KM213_0011,MNOUNGOU,2019,1275
KM,Comores,KM2,NGAZIDJA,KM21,HAMAHAMET MBOINKOU,KM213,NYUMA MSIRU,KM213_0004,SADA CHIHOUWE,2019,816
KM,Comores,KM2,NGAZIDJA,KM21,HAMAHAMET MBOINKOU,KM213,NYUMA MSIRU,KM213_0005,SADA MHUWAMBOI,2019,207
KM,Comores,KM2,NGAZIDJA,KM21,HAMAHAMET MBOINKOU,KM213,NYUMA MSIRU,KM213_0003,SALIMANI YA HAMAHAMET,2019,643
KM,Comores,KM2,NGAZIDJA,KM21,HAMAHAMET MBOINKOU,KM213,NYUMA MSIRU,KM213_0002,SELEANI,2019,1451
KM,Comores,KM2,NGAZIDJA,KM22,HAMBOU,KM221,DJOUMOIPANGUA,KM221_0004,BAMBANI,2019,1300
KM,Comores,KM2,NGAZIDJA,KM22,HAMBOU,KM221,DJOUMOIPANGUA,KM221_0005,DZAHADJOU,2019,2215
KM,Comores,KM2,NGAZIDJA,KM22,HAMBOU,KM221,DJOUMOIPANGUA,KM221_0003,HETSA,2019,872
KM,Comores,KM2,NGAZIDJA,KM22,HAMBOU,KM221,DJOUMOIPANGUA,KM221_0002,MDJOIEZI,2019,3149
KM,Comores,KM2,NGAZIDJA,KM22,HAMBOU,KM221,DJOUMOIPANGUA,KM221_0001,SINGANI,2019,2211
KM,Comores,KM2,NGAZIDJA,KM22,HAMBOU,KM222,TSINIMOIPANGUA,KM222_0005,BANGOI,2019,2956
KM,Comores,KM2,NGAZIDJA,KM22,HAMBOU,KM222,TSINIMOIPANGUA,KM222_0003,CHOUANI,2019,2706
KM,Comores,KM2,NGAZIDJA,KM22,HAMBOU,KM222,TSINIMOIPANGUA,KM222_0004,DJOUMOICHONGO,2019,1603
KM,Comores,KM2,NGAZIDJA,KM22,HAMBOU,KM222,TSINIMOIPANGUA,KM222_0001,MITSOUDJE,2019,3908
KM,Comores,KM2,NGAZIDJA,KM22,HAMBOU,KM222,TSINIMOIPANGUA,KM222_0006,NKOMIONI,2019,582
KM,Comores,KM2,NGAZIDJA,KM22,HAMBOU,KM222,TSINIMOIPANGUA,KM222_0007,SALIMANI,2019,2044
KM,Comores,KM2,NGAZIDJA,KM22,HAMBOU,KM222,TSINIMOIPANGUA,KM222_0002,TROUMBENI,2019,242
KM,Comores,KM2,NGAZIDJA,KM23,ITSANDRA HAMANVOU,KM231,BANGAANI,KM231_0007,BANDAMADJI LA ITSANDRA,2019,957
KM,Comores,KM2,NGAZIDJA,KM23,ITSANDRA HAMANVOU,KM231,BANGAANI,KM231_0008,DIMADJOU YA ITSANDRA,2019,1483
KM,Comores,KM2,NGAZIDJA,KM23,ITSANDRA HAMANVOU,KM231,BANGAANI,KM231_0004,DZAHANI LA TSIDJE,2019,8251
KM,Comores,KM2,NGAZIDJA,KM23,ITSANDRA HAMANVOU,KM231,BANGAANI,KM231_0001,ITSANDRA MDJINI,2019,3419
KM,Comores,KM2,NGAZIDJA,KM23,ITSANDRA HAMANVOU,KM231,BANGAANI,KM231_0005,MAOUENI YA ITSANDRA,2019,861
KM,Comores,KM2,NGAZIDJA,KM23,ITSANDRA HAMANVOU,KM231,BANGAANI,KM231_0006,MIRONTSI YA ITSANDRA,2019,458
KM,Comores,KM2,NGAZIDJA,KM23,ITSANDRA HAMANVOU,KM231,BANGAANI,KM231_0002,SALIMANI YA ITSANDRA,2019,3340
KM,Comores,KM2,NGAZIDJA,KM23,ITSANDRA HAMANVOU,KM231,BANGAANI,KM231_0003,SAMBA MBODONI,2019,1450
KM,Comores,KM2,NGAZIDJA,KM23,ITSANDRA HAMANVOU,KM232,DJOUMOICHONGO,KM232_0002,BAHANI,2019,1899
KM,Comores,KM2,NGAZIDJA,KM23,ITSANDRA HAMANVOU,KM232,DJOUMOICHONGO,KM232_0001,DZAHANI II,2019,1529
KM,Comores,KM2,NGAZIDJA,KM23,ITSANDRA HAMANVOU,KM232,DJOUMOICHONGO,KM232_0004,OUELLAH YA ITSANDRA,2019,1328
KM,Comores,KM2,NGAZIDJA,KM23,ITSANDRA HAMANVOU,KM232,DJOUMOICHONGO,KM232_0005,SAMBA KOUNI,2019,2138
KM,Comores,KM2,NGAZIDJA,KM23,ITSANDRA HAMANVOU,KM232,DJOUMOICHONGO,KM232_0003,SIMA,2019,879
KM,Comores,KM2,NGAZIDJA,KM23,ITSANDRA HAMANVOU,KM233,HAMANVOU,KM233_0008,BIBAVOU,2019,1162
KM,Comores,KM2,NGAZIDJA,KM23,ITSANDRA HAMANVOU,KM233,HAMANVOU,KM233_0002,BOENINDI,2019,806
KM,Comores,KM2,NGAZIDJA,KM23,ITSANDRA HAMANVOU,KM233,HAMANVOU,KM233_0007,DIBOINI,2019,1506
KM,Comores,KM2,NGAZIDJA,KM23,ITSANDRA HAMANVOU,KM233,HAMANVOU,KM233_0001,HAHAYA,2019,4793
KM,Comores,KM2,NGAZIDJA,KM23,ITSANDRA HAMANVOU,KM233,HAMANVOU,KM233_0004,MBALENI,2019,193
KM,Comores,KM2,NGAZIDJA,KM23,ITSANDRA HAMANVOU,KM233,HAMANVOU,KM233_0003,MBAMBANI YA HAMANVOU,2019,728
KM,Comores,KM2,NGAZIDJA,KM23,ITSANDRA HAMANVOU,KM233,HAMANVOU,KM233_0006,MBANGANI,2019,1543
KM,Comores,KM2,NGAZIDJA,KM23,ITSANDRA HAMANVOU,KM233,HAMANVOU,KM233_0009,MILEVANI,2019,1285
KM,Comores,KM2,NGAZIDJA,KM23,ITSANDRA HAMANVOU,KM233,HAMANVOU,KM233_0005,OUSSIVO,2019,2387
KM,Comores,KM2,NGAZIDJA,KM23,ITSANDRA HAMANVOU,KM234,ISAHARI,KM234_0002,HANTSAMBOU,2019,1696
KM,Comores,KM2,NGAZIDJA,KM23,ITSANDRA HAMANVOU,KM234,ISAHARI,KM234_0004,MILEMBENI,2019,1034
KM,Comores,KM2,NGAZIDJA,KM23,ITSANDRA HAMANVOU,KM234,ISAHARI,KM234_0001,NTSOUDJINI,2019,4523
KM,Comores,KM2,NGAZIDJA,KM23,ITSANDRA HAMANVOU,KM234,ISAHARI,KM234_0005,ZIVANDANI,2019,1394
KM,Comores,KM2,NGAZIDJA,KM23,ITSANDRA HAMANVOU,KM235,MBADANI,KM235_0001,BATSA ITSANDRA,2019,2789
KM,Comores,KM2,NGAZIDJA,KM23,ITSANDRA HAMANVOU,KM235,MBADANI,KM235_0005,DZAHADJOU LA ITSANDRA,2019,1479
KM,Comores,KM2,NGAZIDJA,KM23,ITSANDRA HAMANVOU,KM235,MBADANI,KM235_0004,MHANDANI,2019,573
KM,Comores,KM2,NGAZIDJA,KM23,ITSANDRA HAMANVOU,KM235,MBADANI,KM235_0003,VANADJOU,2019,1005
KM,Comores,KM2,NGAZIDJA,KM23,ITSANDRA HAMANVOU,KM235,MBADANI,KM235_0002,VANAMBOINI,2019,2181
KM,Comores,KM2,NGAZIDJA,KM23,ITSANDRA HAMANVOU,KM235,MBADANI,KM235_0006,VOUNA MBADANI,2019,819
KM,Comores,KM2,NGAZIDJA,KM24,MBADJINI EST,KM241,DOMBA,KM241_0002,BANDADAOUENI,2019,1572
KM,Comores,KM2,NGAZIDJA,KM24,MBADJINI EST,KM241,DOMBA,KM241_0001,BANDAMADJI LADOMBA,2019,1108
KM,Comores,KM2,NGAZIDJA,KM24,MBADJINI EST,KM241,DOMBA,KM241_0004,OUNGONI,2019,1046
KM,Comores,KM2,NGAZIDJA,KM24,MBADJINI EST,KM241,DOMBA,KM264_0004,PIDJANI,2019,2258
KM,Comores,KM2,NGAZIDJA,KM24,MBADJINI EST,KM241,DOMBA,KM241_0003,TSINIMOIPANGA,2019,2542
KM,Comores,KM2,NGAZIDJA,KM24,MBADJINI EST,KM242,ITSAHIDI,KM242_0007,CHINDINI,2019,1790
KM,Comores,KM2,NGAZIDJA,KM24,MBADJINI EST,KM242,ITSAHIDI,KM242_0009,DZAHADJOU LA MBADJINI,2019,1164
KM,Comores,KM2,NGAZIDJA,KM24,MBADJINI EST,KM242,ITSAHIDI,KM242_0001,FOUMBOUNI,2019,2665
KM,Comores,KM2,NGAZIDJA,KM24,MBADJINI EST,KM242,ITSAHIDI,KM242_0002,KOIMBANI LA MBADJINI,2019,462
KM,Comores,KM2,NGAZIDJA,KM24,MBADJINI EST,KM242,ITSAHIDI,KM242_0003,MALE,2019,2369
KM,Comores,KM2,NGAZIDJA,KM24,MBADJINI EST,KM242,ITSAHIDI,KM242_0004,MIDJENDJENI,2019,430
KM,Comores,KM2,NGAZIDJA,KM24,MBADJINI EST,KM242,ITSAHIDI,KM242_0010,MOHORO,2019,2238
KM,Comores,KM2,NGAZIDJA,KM24,MBADJINI EST,KM242,ITSAHIDI,KM242_0006,NDZOUANI,2019,212
KM,Comores,KM2,NGAZIDJA,KM24,MBADJINI EST,KM242,ITSAHIDI,KM242_0011,NGNOUMADZHA MVOUBARI,2019,2126
KM,Comores,KM2,NGAZIDJA,KM24,MBADJINI EST,KM242,ITSAHIDI,KM242_0005,OUROVENI,2019,1476
KM,Comores,KM2,NGAZIDJA,KM24,MBADJINI EST,KM242,ITSAHIDI,KM242_0008,SIMAMBOINI,2019,972
KM,Comores,KM2,NGAZIDJA,KM24,MBADJINI EST,KM243,PIMBA,KM243_0004,BANDAMADJI LA KOUBOINI,2019,793
KM,Comores,KM2,NGAZIDJA,KM24,MBADJINI EST,KM243,PIMBA,KM243_0005,DARISSALAMA,2019,542
KM,Comores,KM2,NGAZIDJA,KM24,MBADJINI EST,KM243,PIMBA,KM243_0009,DIDJONI,2019,614
KM,Comores,KM2,NGAZIDJA,KM24,MBADJINI EST,KM243,PIMBA,KM243_0002,INANI,2019,915
KM,Comores,KM2,NGAZIDJA,KM24,MBADJINI EST,KM243,PIMBA,KM243_0010,KOVE,2019,888
KM,Comores,KM2,NGAZIDJA,KM24,MBADJINI EST,KM243,PIMBA,KM243_0006,MLALOI NKOUDJOU,2019,1107
KM,Comores,KM2,NGAZIDJA,KM24,MBADJINI EST,KM243,PIMBA,KM243_0003,NGNAMBENI,2019,1811
KM,Comores,KM2,NGAZIDJA,KM24,MBADJINI EST,KM243,PIMBA,KM243_0007,NGNOUMA MILIMA,2019,3106
KM,Comores,KM2,NGAZIDJA,KM24,MBADJINI EST,KM243,PIMBA,KM243_0008,NKOURANI MKANGA,2019,655
KM,Comores,KM2,NGAZIDJA,KM24,MBADJINI EST,KM243,PIMBA,KM243_0001,SIMBOUSSA YA MBADJINI,2019,2022
KM,Comores,KM2,NGAZIDJA,KM25,MBADJINI OUEST,KM251,NGOUENGOE,KM251_0001,DEMBENI,2019,2237
KM,Comores,KM2,NGAZIDJA,KM25,MBADJINI OUEST,KM251,NGOUENGOE,KM251_0011,ITSOUDZOU,2019,235
KM,Comores,KM2,NGAZIDJA,KM25,MBADJINI OUEST,KM251,NGOUENGOE,KM251_0009,KANDZILE,2019,1269
KM,Comores,KM2,NGAZIDJA,KM25,MBADJINI OUEST,KM251,NGOUENGOE,KM251_0010,MAKORANI,2019,46
KM,Comores,KM2,NGAZIDJA,KM25,MBADJINI OUEST,KM251,NGOUENGOE,KM251_0007,MANDZISSANI,2019,520
KM,Comores,KM2,NGAZIDJA,KM25,MBADJINI OUEST,KM251,NGOUENGOE,KM251_0003,MBOUDE YA MBOINI,2019,584
KM,Comores,KM2,NGAZIDJA,KM25,MBADJINI OUEST,KM251,NGOUENGOE,KM251_0002,MDJAMKAGNOI,2019,943
KM,Comores,KM2,NGAZIDJA,KM25,MBADJINI OUEST,KM251,NGOUENGOE,KM251_0006,MINDRADOU,2019,459
KM,Comores,KM2,NGAZIDJA,KM25,MBADJINI OUEST,KM251,NGOUENGOE,KM251_0004,MLIMANI,2019,195
KM,Comores,KM2,NGAZIDJA,KM25,MBADJINI OUEST,KM251,NGOUENGOE,KM251_0005,PANDA,2019,861
KM,Comores,KM2,NGAZIDJA,KM25,MBADJINI OUEST,KM251,NGOUENGOE,KM251_0008,TSINI MOICHONGO,2019,2306
KM,Comores,KM2,NGAZIDJA,KM25,MBADJINI OUEST,KM252,NIOUMAGAMA,KM252_0004,DIMA,2019,561
KM,Comores,KM2,NGAZIDJA,KM25,MBADJINI OUEST,KM252,NIOUMAGAMA,KM252_0007,DOMONI,2019,803
KM,Comores,KM2,NGAZIDJA,KM25,MBADJINI OUEST,KM252,NIOUMAGAMA,KM252_0008,DZOIDJOU,2019,718
KM,Comores,KM2,NGAZIDJA,KM25,MBADJINI OUEST,KM252,NIOUMAGAMA,KM252_0009,FAMARE,2019,526
KM,Comores,KM2,NGAZIDJA,KM25,MBADJINI OUEST,KM252,NIOUMAGAMA,KM252_0002,IFOUNDIHE CHADJOU,2019,230
KM,Comores,KM2,NGAZIDJA,KM25,MBADJINI OUEST,KM252,NIOUMAGAMA,KM252_0003,IFOUNDIHE CHAMBOINI,2019,1077
KM,Comores,KM2,NGAZIDJA,KM25,MBADJINI OUEST,KM252,NIOUMAGAMA,KM252_0005,NKOURANI YA SIMA,2019,8836
KM,Comores,KM2,NGAZIDJA,KM25,MBADJINI OUEST,KM252,NIOUMAGAMA,KM252_0001,OUZIOINI,2019,2245
KM,Comores,KM2,NGAZIDJA,KM26,MBOUDE,KM265,NYUMAMRO KIBLANI,KM265_0002,CHAMLE,2019,1465
KM,Comores,KM2,NGAZIDJA,KM26,MBOUDE,KM265,NYUMAMRO KIBLANI,KM265_0001,DJOMANI,2019,3537
KM,Comores,KM2,NGAZIDJA,KM26,MBOUDE,KM265,NYUMAMRO KIBLANI,KM265_0007,DOUNIANI,2019,1949
KM,Comores,KM2,NGAZIDJA,KM26,MBOUDE,KM265,NYUMAMRO KIBLANI,KM265_0006,HELINDJE,2019,1904
KM,Comores,KM2,NGAZIDJA,KM26,MBOUDE,KM265,NYUMAMRO KIBLANI,KM265_0009,KOUA,2019,712
KM,Comores,KM2,NGAZIDJA,KM26,MBOUDE,KM265,NYUMAMRO KIBLANI,KM265_0004,MANDZA YA MBOUDE,2019,1700
KM,Comores,KM2,NGAZIDJA,KM26,MBOUDE,KM265,NYUMAMRO KIBLANI,KM265_0005,MDJOIEZI YA MBOUNDE,2019,864
KM,Comores,KM2,NGAZIDJA,KM26,MBOUDE,KM265,NYUMAMRO KIBLANI,KM265_0003,VOUVOUNI YA MBOUNDE,2019,495
KM,Comores,KM2,NGAZIDJA,KM26,MBOUDE,KM266,NYUMAMRO SOUHEILI,KM266_0003,DJONGOE,2019,925
KM,Comores,KM2,NGAZIDJA,KM26,MBOUDE,KM266,NYUMAMRO SOUHEILI,KM266_0007,DOMOIDJOU,2019,958
KM,Comores,KM2,NGAZIDJA,KM26,MBOUDE,KM266,NYUMAMRO SOUHEILI,KM266_0008,DOMOIMBOINI,2019,462
KM,Comores,KM2,NGAZIDJA,KM26,MBOUDE,KM266,NYUMAMRO SOUHEILI,KM266_0002,IVEMBENI,2019,4119
KM,Comores,KM2,NGAZIDJA,KM26,MBOUDE,KM266,NYUMAMRO SOUHEILI,KM266_0004,MAOUENI YA MBOUDE,2019,1300
KM,Comores,KM2,NGAZIDJA,KM26,MBOUDE,KM266,NYUMAMRO SOUHEILI,KM266_0009,MOIDJA YA MBOUDE,2019,601
KM,Comores,KM2,NGAZIDJA,KM26,MBOUDE,KM266,NYUMAMRO SOUHEILI,KM266_0001,NTSAOUENI,2019,3384
KM,Comores,KM2,NGAZIDJA,KM26,MBOUDE,KM266,NYUMAMRO SOUHEILI,KM266_0006,NTSORALE YA MBOUDE,2019,704
KM,Comores,KM2,NGAZIDJA,KM26,MBOUDE,KM266,NYUMAMRO SOUHEILI,KM266_0005,SIMBOUSSA YA MBOUDE,2019,343
KM,Comores,KM2,NGAZIDJA,KM26,MITSAMIOULI,KM261,CEMBENOI LAC SALE,KM261_0001,BANGOIKOUNI,2019,2615
KM,Comores,KM2,NGAZIDJA,KM26,MITSAMIOULI,KM261,CEMBENOI LAC SALE,KM261_0002,BATSA YA MITSAMIHOULI,2019,1243
KM,Comores,KM2,NGAZIDJA,KM26,MITSAMIOULI,KM261,CEMBENOI LAC SALE,KM261_0004,IVOINI,2019,1671
KM,Comores,KM2,NGAZIDJA,KM26,MITSAMIOULI,KM261,CEMBENOI LAC SALE,KM261_0003,OUZIO,2019,2749
KM,Comores,KM2,NGAZIDJA,KM26,MITSAMIOULI,KM262,CEMBENOI SADA DJOULAMLIMA,KM265_0009,KOUA,2019,1572
KM,Comores,KM2,NGAZIDJA,KM26,MITSAMIOULI,KM262,CEMBENOI SADA DJOULAMLIMA,KM262_0004,OUELLAH YA MITSAMIHOULI,2019,4410
KM,Comores,KM2,NGAZIDJA,KM26,MITSAMIOULI,KM262,CEMBENOI SADA DJOULAMLIMA,KM262_0001,OUEMANI,2019,676
KM,Comores,KM2,NGAZIDJA,KM26,MITSAMIOULI,KM263,MITSAMIOULI,KM263_0003,FASSI,2019,479
KM,Comores,KM2,NGAZIDJA,KM26,MITSAMIOULI,KM263,MITSAMIOULI,KM263_0002,HADAWA,2019,595
KM,Comores,KM2,NGAZIDJA,KM26,MITSAMIOULI,KM263,MITSAMIOULI,KM263_0001,MEMBOI - BOINI,2019,899
KM,Comores,KM2,NGAZIDJA,KM26,MITSAMIOULI,KM263,MITSAMIOULI,KM263_0004,MITSAMIHOULI,2019,5186
KM,Comores,KM2,NGAZIDJA,KM26,MITSAMIOULI,KM263,MITSAMIOULI,KM263_0006,NDZAOUZE,2019,2815
KM,Comores,KM2,NGAZIDJA,KM26,MITSAMIOULI,KM263,MITSAMIOULI,KM263_0005,NKOURANI YA MITSAMIHOULI,2019,373
KM,Comores,KM2,NGAZIDJA,KM26,MITSAMIOULI,KM264,NYUMA KOMO,KM264_0001,BANGOI MAFUSA NKOA,2019,691
KM,Comores,KM2,NGAZIDJA,KM26,MITSAMIOULI,KM264,NYUMA KOMO,KM264_0008,FOUNGA,2019,962
KM,Comores,KM2,NGAZIDJA,KM26,MITSAMIOULI,KM264,NYUMA KOMO,KM264_0002,MEMBOI - DJOU,2019,1684
KM,Comores,KM2,NGAZIDJA,KM26,MITSAMIOULI,KM264,NYUMA KOMO,KM264_0007,NTSADJENI,2019,1762
KM,Comores,KM2,NGAZIDJA,KM26,MITSAMIOULI,KM264,NYUMA KOMO,KM264_0009,OUHOZI,2019,1258
KM,Comores,KM2,NGAZIDJA,KM26,MITSAMIOULI,KM264,NYUMA KOMO,KM264_0004,PIDJANI,2019,612
KM,Comores,KM2,NGAZIDJA,KM26,MITSAMIOULI,KM264,NYUMA KOMO,KM264_0005,SONGOMANI,2019,491
KM,Comores,KM2,NGAZIDJA,KM26,MITSAMIOULI,KM264,NYUMA KOMO,KM264_0006,TOIYFA,2019,493
KM,Comores,KM2,NGAZIDJA,KM27,MORONI BAMBAO,KM273,BAMBAO YA DJOU,KM273_0002,M'VOUNI,2019,5616
KM,Comores,KM2,NGAZIDJA,KM27,MORONI BAMBAO,KM273,BAMBAO YA DJOU,KM273_0003,MAVINGOUNI,2019,1845
KM,Comores,KM2,NGAZIDJA,KM27,MORONI BAMBAO,KM273,BAMBAO YA DJOU,KM273_0001,MKAZI,2019,6667
KM,Comores,KM2,NGAZIDJA,KM27,MORONI BAMBAO,KM271,BAMBAO YA HARI,KM271_0010,BOENI YA BAMBAO,2019,2179
KM,Comores,KM2,NGAZIDJA,KM27,MORONI BAMBAO,KM271,BAMBAO YA HARI,KM271_0007,DAOUENI,2019,397
KM,Comores,KM2,NGAZIDJA,KM27,MORONI BAMBAO,KM271,BAMBAO YA HARI,KM283_0003,DZAHANI,2019,708
KM,Comores,KM2,NGAZIDJA,KM27,MORONI BAMBAO,KM271,BAMBAO YA HARI,KM271_0002,M'DE,2019,6810
KM,Comores,KM2,NGAZIDJA,KM27,MORONI BAMBAO,KM271,BAMBAO YA HARI,KM271_0006,MBOUDADJOU,2019,1078
KM,Comores,KM2,NGAZIDJA,KM27,MORONI BAMBAO,KM271,BAMBAO YA HARI,KM271_0005,MOIDZAZA DJOUMBE,2019,484
KM,Comores,KM2,NGAZIDJA,KM27,MORONI BAMBAO,KM271,BAMBAO YA HARI,KM271_0004,NIOUMADZAHA,2019,3365
KM,Comores,KM2,NGAZIDJA,KM27,MORONI BAMBAO,KM271,BAMBAO YA HARI,KM271_0003,SELEA,2019,2233
KM,Comores,KM2,NGAZIDJA,KM27,MORONI BAMBAO,KM271,BAMBAO YA HARI,KM271_0001,VOUVOUNI,2019,4528
KM,Comores,KM2,NGAZIDJA,KM27,MORONI BAMBAO,KM272,BAMBAO YA MBOINI,KM272_0001,ICONI,2019,5718
KM,Comores,KM2,NGAZIDJA,KM27,MORONI BAMBAO,KM272,BAMBAO YA MBOINI,KM272_0002,MBACHILE,2019,1753
KM,Comores,KM2,NGAZIDJA,KM27,MORONI BAMBAO,KM272,BAMBAO YA MBOINI,KM272_0003,MOIDZAZA - MBOINI,2019,2963
KM,Comores,KM2,NGAZIDJA,KM27,MORONI BAMBAO,KM272,BAMBAO YA MBOINI,KM272_0004,NDROUANI,2019,1437
KM,Comores,KM2,NGAZIDJA,KM27,MORONI BAMBAO,KM272,BAMBAO YA MBOINI,KM272_0005,SEREHINI,2019,776
KM,Comores,KM2,NGAZIDJA,KM27,MORONI BAMBAO,KM274,MORONI,KM274_0001,MORONI,2019,78077
KM,Comores,KM2,NGAZIDJA,KM28,OICHILI DIMANI,KM281,DIMANI,KM281_0002,FOUMBOU DZIVOUNI,2019,465
KM,Comores,KM2,NGAZIDJA,KM28,OICHILI DIMANI,KM281,DIMANI,KM281_0007,IDJINKOUNDZI,2019,2526
KM,Comores,KM2,NGAZIDJA,KM28,OICHILI DIMANI,KM281,DIMANI,KM281_0006,IDJOINDRADJA,2019,197
KM,Comores,KM2,NGAZIDJA,KM28,OICHILI DIMANI,KM281,DIMANI,KM281_0005,MADJOMA,2019,570
KM,Comores,KM2,NGAZIDJA,KM28,OICHILI DIMANI,KM281,DIMANI,KM281_0008,MAOUENI DIMANI,2019,1566
KM,Comores,KM2,NGAZIDJA,KM28,OICHILI DIMANI,KM281,DIMANI,KM281_0003,MBOUDE,2019,674
KM,Comores,KM2,NGAZIDJA,KM28,OICHILI DIMANI,KM281,DIMANI,KM281_0004,MIDJINDZE,2019,162
KM,Comores,KM2,NGAZIDJA,KM28,OICHILI DIMANI,KM281,DIMANI,KM281_0009,MIRERENI,2019,543
KM,Comores,KM2,NGAZIDJA,KM28,OICHILI DIMANI,KM281,DIMANI,KM281_0001,MTSANGADJOU,2019,1339
KM,Comores,KM2,NGAZIDJA,KM28,OICHILI DIMANI,KM281,DIMANI,KM281_0010,NTSORALE,2019,2558
KM,Comores,KM2,NGAZIDJA,KM28,OICHILI DIMANI,KM281,DIMANI,KM281_0012,REHEMANI,2019,419
KM,Comores,KM2,NGAZIDJA,KM28,OICHILI DIMANI,KM281,DIMANI,KM281_0011,SIDJOU,2019,900
KM,Comores,KM2,NGAZIDJA,KM28,OICHILI DIMANI,KM283,OICHILI YABOINI,KM283_0003,DZAHANI,2019,691
KM,Comores,KM2,NGAZIDJA,KM28,OICHILI DIMANI,KM283,OICHILI YABOINI,KM283_0006,HAMBOU,2019,1038
KM,Comores,KM2,NGAZIDJA,KM28,OICHILI DIMANI,KM283,OICHILI YABOINI,KM283_0007,HASSENDJE,2019,305
KM,Comores,KM2,NGAZIDJA,KM28,OICHILI DIMANI,KM283,OICHILI YABOINI,KM283_0001,ITSINKOUDI,2019,2553
KM,Comores,KM2,NGAZIDJA,KM28,OICHILI DIMANI,KM283,OICHILI YABOINI,KM283_0004,KOUHANI,2019,499
KM,Comores,KM2,NGAZIDJA,KM28,OICHILI DIMANI,KM283,OICHILI YABOINI,KM283_0005,MTSAMDU,2019,1206
KM,Comores,KM2,NGAZIDJA,KM28,OICHILI DIMANI,KM282,OICHILI YADJOU,KM282_0003,BOENI YAWACHILI,2019,902
KM,Comores,KM2,NGAZIDJA,KM28,OICHILI DIMANI,KM282,OICHILI YADJOU,KM282_0009,CHAMRO,2019,165
KM,Comores,KM2,NGAZIDJA,KM28,OICHILI DIMANI,KM282,OICHILI YADJOU,KM282_0007,CHOMONI,2019,852
KM,Comores,KM2,NGAZIDJA,KM28,OICHILI DIMANI,KM282,OICHILI YADJOU,KM282_0004,DZAHADJOU YA WACHILI,2019,1089
KM,Comores,KM2,NGAZIDJA,KM28,OICHILI DIMANI,KM282,OICHILI YADJOU,KM282_0002,IROHE,2019,991
KM,Comores,KM2,NGAZIDJA,KM28,OICHILI DIMANI,KM282,OICHILI YADJOU,KM282_0001,KOIMBANI YA WACHILI,2019,3057
KM,Comores,KM2,NGAZIDJA,KM28,OICHILI DIMANI,KM282,OICHILI YADJOU,KM282_0005,SADA,2019,372
KM,Comores,KM2,NGAZIDJA,KM28,OICHILI DIMANI,KM282,OICHILI YADJOU,KM282_0006,SADANI,2019,642
KM,Comores,KM2,NGAZIDJA,KM28,OICHILI DIMANI,KM282,OICHILI YADJOU,KM282_0008,SAMBA MADI,2019,112
KM,Comores,KM2,NGAZIDJA,KM28,OICHILI DIMANI,KM282,OICHILI YADJOU,KM282_0010,SIMA YA WACHILI,2019,1072
KM,Comores,KM3,MWALI,KM31,DJANDO,KM311,DJANDO,KM311_0006,HAGNAMOIDA,2020,898
KM,Comores,KM3,MWALI,KM31,DJANDO,KM311,DJANDO,KM311_0008,HAMAVOUNA,2020,1457
KM,Comores,KM3,MWALI,KM31,DJANDO,KM311,DJANDO,KM311_0007,ITSAMIA,2020,445
KM,Comores,KM3,MWALI,KM31,DJANDO,KM311,DJANDO,KM121_0005,KANGANI,2020,1491
KM,Comores,KM3,MWALI,KM31,DJANDO,KM311,DJANDO,KM311_0003,MLANBANDA,2020,447
KM,Comores,KM3,MWALI,KM31,DJANDO,KM311,DJANDO,KM311_0002,WANANI,2020,3617
KM,Comores,KM3,MWALI,KM31,DJANDO,KM311,DJANDO,KM311_0001,ZIROUDANI,2020,1919
KM,Comores,KM3,MWALI,KM32,FOMBONI,KM321,FOMBONI,KM321_0001,FOMBONI,2020,19004
KM,Comores,KM3,MWALI,KM32,FOMBONI,KM322,MOILI MDJINI,KM322_0002,BANDAR SALAMA,2020,2652
KM,Comores,KM3,MWALI,KM32,FOMBONI,KM322,MOILI MDJINI,KM322_0003,DJOIEZI,2020,3233
KM,Comores,KM3,MWALI,KM32,FOMBONI,KM322,MOILI MDJINI,KM322_0001,MBOIGOMA,2020,2259
KM,Comores,KM3,MWALI,KM32,FOMBONI,KM323,MOINBASSA,KM252_0007,DOMONI,2020,284
KM,Comores,KM3,MWALI,KM32,FOMBONI,KM323,MOINBASSA,KM323_0002,HOANI,2020,2417
KM,Comores,KM3,MWALI,KM32,FOMBONI,KM323,MOINBASSA,KM323_0001,M'BATSE,2020,4040
KM,Comores,KM3,MWALI,KM33,NIOUMACHOUA,KM331,MLEDJELE,KM331_0001,MIREMANI,2020,317
KM,Comores,KM3,MWALI,KM33,NIOUMACHOUA,KM331,MLEDJELE,KM331_0004,NDREMEANI,2020,63
KM,Comores,KM3,MWALI,KM33,NIOUMACHOUA,KM331,MLEDJELE,KM331_0002,NDRONDRONI,2020,4660
KM,Comores,KM3,MWALI,KM33,NIOUMACHOUA,KM331,MLEDJELE,KM331_0003,NIOUMACHOUA,2020,3659
KM,Comores,KM3,MWALI,KM33,NIOUMACHOUA,KM332,MOIMBAO,KM143_0003,BARAKANI,2020,1033
KM,Comores,KM3,MWALI,KM33,NIOUMACHOUA,KM332,MOIMBAO,KM332_0001,HAMBA,2020,267
KM,Comores,KM3,MWALI,KM33,NIOUMACHOUA,KM332,MOIMBAO,KM332_0004,MIRINGONI,2020,1107
KM,Comores,KM3,MWALI,KM33,NIOUMACHOUA,KM332,MOIMBAO,KM332_0005,WALLAH 1,2020,490
KM,Comores,KM3,MWALI,KM33,NIOUMACHOUA,KM332,MOIMBAO,KM332_0006,WALLAH 2,2020,918
KM,Comores,KM1,NDZUWANI,KM11,DOMONI,KM111,BAMBAO MSTANGA,KM111_0001,BAMBAO MTSANGA,2020,5419
KM,Comores,KM1,NDZUWANI,KM11,DOMONI,KM111,BAMBAO MSTANGA,KM111_0004,MAHALE,2020,3869
KM,Comores,KM1,NDZUWANI,KM11,DOMONI,KM111,BAMBAO MSTANGA,KM111_0002,MROMAJI,2020,2997
KM,Comores,KM1,NDZUWANI,KM11,DOMONI,KM111,BAMBAO MSTANGA,KM111_0003,ONGONI,2020,2570
KM,Comores,KM1,NDZUWANI,KM11,DOMONI,KM112,DOMONI,KM112_0004,BWELADUGU,2020,806
KM,Comores,KM1,NDZUWANI,KM11,DOMONI,KM112,DOMONI,KM252_0007,DOMONI,2020,13235
KM,Comores,KM1,NDZUWANI,KM11,DOMONI,KM112,DOMONI,KM112_0003,LIMBI,2020,2816
KM,Comores,KM1,NDZUWANI,KM11,DOMONI,KM113,JIMLIME,KM113_0003,HAJOHO,2020,4076
KM,Comores,KM1,NDZUWANI,KM11,DOMONI,KM113,JIMLIME,KM113_0001,HAREMBO I,2020,627
KM,Comores,KM1,NDZUWANI,KM11,DOMONI,KM113,JIMLIME,KM113_0002,HAREMBO II,2020,1053
KM,Comores,KM1,NDZUWANI,KM11,DOMONI,KM113,JIMLIME,KM113_0004,JIMLIME,2020,6620
KM,Comores,KM1,NDZUWANI,KM11,DOMONI,KM114,KONI,KM114_0004,GEGE,2020,1203
KM,Comores,KM1,NDZUWANI,KM11,DOMONI,KM114,KONI,KM114_0003,HACHIPENDA,2020,2032
KM,Comores,KM1,NDZUWANI,KM11,DOMONI,KM114,KONI,KM114_0001,KONI DJODJO,2020,11559
KM,Comores,KM1,NDZUWANI,KM11,DOMONI,KM114,KONI,KM114_0002,KONI NGANI,2020,5574
KM,Comores,KM1,NDZUWANI,KM11,DOMONI,KM115,NGADZALE,KM115_0001,NGADZALE,2020,5956
KM,Comores,KM1,NDZUWANI,KM11,DOMONI,KM115,NGADZALE,KM115_0002,OUTSA,2020,783
KM,Comores,KM1,NDZUWANI,KM11,DOMONI,KM115,NGADZALE,KM115_0005,OUZINI,2020,1898
KM,Comores,KM1,NDZUWANI,KM11,DOMONI,KM115,NGADZALE,KM153_0014,SALAMANI,2020,2296
KM,Comores,KM1,NDZUWANI,KM16,MOYA,KM151,MOYA,KM151_0002,KOWET,2020,2265
KM,Comores,KM1,NDZUWANI,KM16,MOYA,KM151,MOYA,KM151_0005,LINGONI,2020,5334
KM,Comores,KM1,NDZUWANI,KM16,MOYA,KM151,MOYA,KM151_0007,MAWENI,2020,856
KM,Comores,KM1,NDZUWANI,KM16,MOYA,KM151,MOYA,KM151_0001,MOYA,2020,9688
KM,Comores,KM1,NDZUWANI,KM16,MOYA,KM151,MOYA,KM151_0004,NINDRI,2020,3314
KM,Comores,KM1,NDZUWANI,KM16,MOYA,KM151,MOYA,KM151_0003,POMONI,2020,4569
KM,Comores,KM1,NDZUWANI,KM12,MREMANI,KM121,ADDA,KM121_0001,ADDA DAWENI,2020,12344
KM,Comores,KM1,NDZUWANI,KM12,MREMANI,KM121,ADDA,KM121_0002,DJANZA,2020,894
KM,Comores,KM1,NDZUWANI,KM12,MREMANI,KM121,ADDA,KM121_0005,KANGANI,2020,5272
KM,Comores,KM1,NDZUWANI,KM12,MREMANI,KM121,ADDA,KM121_0003,MAGNASSINI,2020,4651
KM,Comores,KM1,NDZUWANI,KM12,MREMANI,KM123,MRAMANI,KM123_0004,DZIANII,2020,2111
KM,Comores,KM1,NDZUWANI,KM12,MREMANI,KM123,MRAMANI,KM123_0002,HANTSAHII,2020,1595
KM,Comores,KM1,NDZUWANI,KM12,MREMANI,KM123,MRAMANI,KM123_0001,MRAMANI,2020,4362
KM,Comores,KM1,NDZUWANI,KM12,MREMANI,KM123,MRAMANI,KM123_0003,NYAMBOIMRO,2020,2241
KM,Comores,KM1,NDZUWANI,KM12,MREMANI,KM124,MREMANI,KM124_0002,BANDA KOUNI,2020,3996
KM,Comores,KM1,NDZUWANI,KM12,MREMANI,KM124,MREMANI,KM124_0004,DAJI,2020,3368
KM,Comores,KM1,NDZUWANI,KM12,MREMANI,KM124,MREMANI,KM124_0001,MREMANI,2020,5897
KM,Comores,KM1,NDZUWANI,KM12,MREMANI,KM124,MREMANI,KM124_0003,MRIDJOU,2020,3780
KM,Comores,KM1,NDZUWANI,KM12,MREMANI,KM125,ONGOJOU,KM125_0002,KIYO,2020,1783
KM,Comores,KM1,NDZUWANI,KM12,MREMANI,KM125,ONGOJOU,KM125_0003,KOMONI,2020,2888
KM,Comores,KM1,NDZUWANI,KM12,MREMANI,KM125,ONGOJOU,KM125_0004,MIRONDRONI,2020,439
KM,Comores,KM1,NDZUWANI,KM12,MREMANI,KM125,ONGOJOU,KM125_0001,ONGODJOU,2020,6799
KM,Comores,KM1,NDZUWANI,KM12,MREMANI,KM125,ONGOJOU,KM125_0005,TRINDRINI,2020,173
KM,Comores,KM1,NDZUWANI,KM12,MREMANI,KM122,SHAWENI,KM122_0002,HAMCHACO,2020,2098
KM,Comores,KM1,NDZUWANI,KM12,MREMANI,KM122,SHAWENI,KM122_0005,MNADZICHOUMWE,2020,1088
KM,Comores,KM1,NDZUWANI,KM12,MREMANI,KM122,SHAWENI,KM122_0004,NOUNGA,2020,470
KM,Comores,KM1,NDZUWANI,KM12,MREMANI,KM122,SHAWENI,KM122_0003,SADAPOINI,2020,3148
KM,Comores,KM1,NDZUWANI,KM12,MREMANI,KM122,SHAWENI,KM122_0001,SHAWENI,2020,1167
KM,Comores,KM1,NDZUWANI,KM13,MUTSAMUDU,KM131,BANDRANI YA CHIRONKAMBA,KM131_0002,ANKIBANI,2020,2343
KM,Comores,KM1,NDZUWANI,KM13,MUTSAMUDU,KM131,BANDRANI YA CHIRONKAMBA,KM131_0008,BANDRADJOU,2020,1991
KM,Comores,KM1,NDZUWANI,KM13,MUTSAMUDU,KM131,BANDRANI YA CHIRONKAMBA,KM131_0006,CHICONI 2,2020,148
KM,Comores,KM1,NDZUWANI,KM13,MUTSAMUDU,KM131,BANDRANI YA CHIRONKAMBA,KM131_0003,CHIRONKAMBA,2020,2167
KM,Comores,KM1,NDZUWANI,KM13,MUTSAMUDU,KM131,BANDRANI YA CHIRONKAMBA,KM151_0007,MAWENI,2020,867
KM,Comores,KM1,NDZUWANI,KM13,MUTSAMUDU,KM131,BANDRANI YA CHIRONKAMBA,KM131_0001,MDJIMANDRA,2020,2910
KM,Comores,KM1,NDZUWANI,KM13,MUTSAMUDU,KM131,BANDRANI YA CHIRONKAMBA,KM131_0007,MPOUZINI,2020,68
KM,Comores,KM1,NDZUWANI,KM13,MUTSAMUDU,KM132,Commune BANDRANI YA MITSANGANI,KM132_0001,BANDRANI MTSANGANI,2020,2072
KM,Comores,KM1,NDZUWANI,KM13,MUTSAMUDU,KM132,Commune BANDRANI YA MITSANGANI,KM132_0002,CHITROUNI,2020,1354
KM,Comores,KM1,NDZUWANI,KM13,MUTSAMUDU,KM132,Commune BANDRANI YA MITSANGANI,KM132_0004,MDJAMAOUE,2020,1865
KM,Comores,KM1,NDZUWANI,KM13,MUTSAMUDU,KM132,Commune BANDRANI YA MITSANGANI,KM132_0003,SAANDANI,2020,2474
KM,Comores,KM1,NDZUWANI,KM13,MUTSAMUDU,KM133,MIRONTSI,KM133_0001,MIRONTSI,2020,12905
KM,Comores,KM1,NDZUWANI,KM13,MUTSAMUDU,KM134,MUTSAMUDU,KM134_0005,CHICONI1,2020,4
KM,Comores,KM1,NDZUWANI,KM13,MUTSAMUDU,KM134,MUTSAMUDU,KM134_0001,MUTSAMUDU,2020,28382
KM,Comores,KM1,NDZUWANI,KM13,MUTSAMUDU,KM134,MUTSAMUDU,KM134_0003,MWAMWA I,2020,2054
KM,Comores,KM1,NDZUWANI,KM13,MUTSAMUDU,KM134,MUTSAMUDU,KM134_0004,MWAMWA II,2020,865
KM,Comores,KM1,NDZUWANI,KM13,MUTSAMUDU,KM134,MUTSAMUDU,KM134_0002,PAJE,2020,6379
KM,Comores,KM1,NDZUWANI,KM14,OUANI,KM141,BAMBAO MTROUNI,KM141_0003,CHANDRA,2020,5351
KM,Comores,KM1,NDZUWANI,KM14,OUANI,KM141,BAMBAO MTROUNI,KM141_0002,DINDRI,2020,11174
KM,Comores,KM1,NDZUWANI,KM14,OUANI,KM141,BAMBAO MTROUNI,KM141_0001,TSEMBEHOU,2020,13576
KM,Comores,KM1,NDZUWANI,KM14,OUANI,KM142,BAZIMINI,KM142_0001,BAZIMINI,2020,8860
KM,Comores,KM1,NDZUWANI,KM14,OUANI,KM142,BAZIMINI,KM142_0002,KOKI,2020,6863
KM,Comores,KM1,NDZUWANI,KM14,OUANI,KM142,BAZIMINI,KM142_0003,PATSY,2020,4188
KM,Comores,KM1,NDZUWANI,KM14,OUANI,KM143,OUANI,KM143_0003,BARAKANI,2020,7584
KM,Comores,KM1,NDZUWANI,KM14,OUANI,KM143,OUANI,KM143_0004,GNATRANGA,2020,3546
KM,Comores,KM1,NDZUWANI,KM14,OUANI,KM143,OUANI,KM143_0001,OUANI,2020,10871
KM,Comores,KM1,NDZUWANI,KM14,OUANI,KM143,OUANI,KM143_0005,TANAMBAO,2020,2269
KM,Comores,KM1,NDZUWANI,KM15,SIMA,KM152,SIMA,KM152_0003,BIMBINI,2020,1926
KM,Comores,KM1,NDZUWANI,KM15,SIMA,KM152,SIMA,KM152_0004,BOUNGOUENI,2020,3810
KM,Comores,KM1,NDZUWANI,KM15,SIMA,KM152,SIMA,KM152_0002,KAVANI,2020,2342
KM,Comores,KM1,NDZUWANI,KM15,SIMA,KM152,SIMA,KM234_0004,MILEMBENI,2020,784
KM,Comores,KM1,NDZUWANI,KM15,SIMA,KM152,SIMA,KM152_0005,MIRONGANI,2020,1573
KM,Comores,KM1,NDZUWANI,KM15,SIMA,KM152,SIMA,KM232_0003,SIMA,2020,8767
KM,Comores,KM1,NDZUWANI,KM15,SIMA,KM153,VOUANI,KM153_0010,BANDRANI YA VOUANI,2020,1817
KM,Comores,KM1,NDZUWANI,KM15,SIMA,KM153,VOUANI,KM153_0011,CHIROVE,2020,285
KM,Comores,KM1,NDZUWANI,KM15,SIMA,KM153,VOUANI,KM153_0009,DAR SALAMA,2020,1449
KM,Comores,KM1,NDZUWANI,KM15,SIMA,KM153,VOUANI,KM153_0007,DZINDRI I,2020,2735
KM,Comores,KM1,NDZUWANI,KM15,SIMA,KM153,VOUANI,KM153_0003,HASSIMPAO,2020,1653
KM,Comores,KM1,NDZUWANI,KM15,SIMA,KM153,VOUANI,KM153_0006,IMERE,2020,483
KM,Comores,KM1,NDZUWANI,KM15,SIMA,KM153,VOUANI,KM153_0015,IMERE YA GAWANI,2020,800
KM,Comores,KM1,NDZUWANI,KM15,SIMA,KM153,VOUANI,KM153_0002,MARAHARE,2020,2123
KM,Comores,KM1,NDZUWANI,KM15,SIMA,KM153,VOUANI,KM153_0012,MARONTRONI,2020,439
KM,Comores,KM1,NDZUWANI,KM15,SIMA,KM153,VOUANI,KM153_0001,MROMOUHOULI,2020,654
KM,Comores,KM1,NDZUWANI,KM15,SIMA,KM153,VOUANI,KM153_0014,SALAMANI,2020,439
KM,Comores,KM1,NDZUWANI,KM15,SIMA,KM153,VOUANI,KM153_0004,SHITSANGASHELI,2020,167
KM,Comores,KM1,NDZUWANI,KM15,SIMA,KM153,VOUANI,KM153_0005,VASSI,2020,1362
KM,Comores,KM1,NDZUWANI,KM15,SIMA,KM153,VOUANI,KM153_0008,VOUANI,2020,3662
KM,Comores,KM2,NGAZIDJA,KM21,HAMAHAMET MBOINKOU,KM211,MBOINKOU,KM211_0008,BANDAMADJI LA MBOIKOU,2020,738
KM,Comores,KM2,NGAZIDJA,KM21,HAMAHAMET MBOINKOU,KM211,MBOINKOU,KM211_0004,CHEZANI,2020,2839
KM,Comores,KM2,NGAZIDJA,KM21,HAMAHAMET MBOINKOU,KM211,MBOINKOU,KM211_0007,HANTSINDZI,2020,2193
KM,Comores,KM2,NGAZIDJA,KM21,HAMAHAMET MBOINKOU,KM211,MBOINKOU,KM211_0001,MADJEOUENI,2020,1836
KM,Comores,KM2,NGAZIDJA,KM21,HAMAHAMET MBOINKOU,KM211,MBOINKOU,KM211_0005,NDROUDE,2020,2151
KM,Comores,KM2,NGAZIDJA,KM21,HAMAHAMET MBOINKOU,KM211,MBOINKOU,KM211_0006,NIOUMAMILIMA,2020,1393
KM,Comores,KM2,NGAZIDJA,KM21,HAMAHAMET MBOINKOU,KM211,MBOINKOU,KM211_0002,SADANI YA MBOIKOU,2020,644
KM,Comores,KM2,NGAZIDJA,KM21,HAMAHAMET MBOINKOU,KM211,MBOINKOU,KM211_0003,TRELEZINI,2020,570
KM,Comores,KM2,NGAZIDJA,KM21,HAMAHAMET MBOINKOU,KM212,NYUMA MRO,KM212_0005,BAMBADJANI,2020,1282
KM,Comores,KM2,NGAZIDJA,KM21,HAMAHAMET MBOINKOU,KM212,NYUMA MRO,KM212_0001,DIMADJOU YA HAMAHAMET,2020,2497
KM,Comores,KM2,NGAZIDJA,KM21,HAMAHAMET MBOINKOU,KM212,NYUMA MRO,KM212_0009,HADJAMBOU,2020,1322
KM,Comores,KM2,NGAZIDJA,KM21,HAMAHAMET MBOINKOU,KM212,NYUMA MRO,KM212_0007,ITSANDZENI,2020,1920
KM,Comores,KM2,NGAZIDJA,KM21,HAMAHAMET MBOINKOU,KM212,NYUMA MRO,KM212_0010,MBATSE YA HAMAHAMET,2020,240
KM,Comores,KM2,NGAZIDJA,KM21,HAMAHAMET MBOINKOU,KM212,NYUMA MRO,KM212_0003,MDJIHARI,2020,681
KM,Comores,KM2,NGAZIDJA,KM21,HAMAHAMET MBOINKOU,KM212,NYUMA MRO,KM212_0004,MOIDJA,2020,2120
KM,Comores,KM2,NGAZIDJA,KM21,HAMAHAMET MBOINKOU,KM212,NYUMA MRO,KM212_0006,NGOLE,2020,392
KM,Comores,KM2,NGAZIDJA,KM21,HAMAHAMET MBOINKOU,KM212,NYUMA MRO,KM212_0002,NYADOMBWENI,2020,1046
KM,Comores,KM2,NGAZIDJA,KM21,HAMAHAMET MBOINKOU,KM212,NYUMA MRO,KM212_0008,OUELLAH YA HAMAHAMET,2020,729
KM,Comores,KM2,NGAZIDJA,KM21,HAMAHAMET MBOINKOU,KM213,NYUMA MSIRU,KM213_0008,BATOU,2020,710
KM,Comores,KM2,NGAZIDJA,KM21,HAMAHAMET MBOINKOU,KM213,NYUMA MSIRU,KM213_0006,BOUNI,2020,1484
KM,Comores,KM2,NGAZIDJA,KM21,HAMAHAMET MBOINKOU,KM213,NYUMA MSIRU,KM213_0007,HEROUMBILI,2020,1533
KM,Comores,KM2,NGAZIDJA,KM21,HAMAHAMET MBOINKOU,KM213,NYUMA MSIRU,KM213_0010,IFOUNDIHE YA HAMAHAMET,2020,724
KM,Comores,KM2,NGAZIDJA,KM21,HAMAHAMET MBOINKOU,KM213,NYUMA MSIRU,KM213_0009,KOURANI YA HAMAHAMET,2020,138
KM,Comores,KM2,NGAZIDJA,KM21,HAMAHAMET MBOINKOU,KM213,NYUMA MSIRU,KM213_0001,MBENI,2020,5478
KM,Comores,KM2,NGAZIDJA,KM21,HAMAHAMET MBOINKOU,KM213,NYUMA MSIRU,KM213_0011,MNOUNGOU,2020,1304
KM,Comores,KM2,NGAZIDJA,KM21,HAMAHAMET MBOINKOU,KM213,NYUMA MSIRU,KM213_0004,SADA CHIHOUWE,2020,834
KM,Comores,KM2,NGAZIDJA,KM21,HAMAHAMET MBOINKOU,KM213,NYUMA MSIRU,KM213_0005,SADA MHUWAMBOI,2020,212
KM,Comores,KM2,NGAZIDJA,KM21,HAMAHAMET MBOINKOU,KM213,NYUMA MSIRU,KM213_0003,SALIMANI YA HAMAHAMET,2020,658
KM,Comores,KM2,NGAZIDJA,KM21,HAMAHAMET MBOINKOU,KM213,NYUMA MSIRU,KM213_0002,SELEANI,2020,1484
KM,Comores,KM2,NGAZIDJA,KM22,HAMBOU,KM221,DJOUMOIPANGUA,KM221_0004,BAMBANI,2020,1330
KM,Comores,KM2,NGAZIDJA,KM22,HAMBOU,KM221,DJOUMOIPANGUA,KM221_0005,DZAHADJOU,2020,2266
KM,Comores,KM2,NGAZIDJA,KM22,HAMBOU,KM221,DJOUMOIPANGUA,KM221_0003,HETSA,2020,892
KM,Comores,KM2,NGAZIDJA,KM22,HAMBOU,KM221,DJOUMOIPANGUA,KM221_0002,MDJOIEZI,2020,3221
KM,Comores,KM2,NGAZIDJA,KM22,HAMBOU,KM221,DJOUMOIPANGUA,KM221_0001,SINGANI,2020,2262
KM,Comores,KM2,NGAZIDJA,KM22,HAMBOU,KM222,TSINIMOIPANGUA,KM222_0005,BANGOI,2020,3023
KM,Comores,KM2,NGAZIDJA,KM22,HAMBOU,KM222,TSINIMOIPANGUA,KM222_0003,CHOUANI,2020,2768
KM,Comores,KM2,NGAZIDJA,KM22,HAMBOU,KM222,TSINIMOIPANGUA,KM222_0004,DJOUMOICHONGO,2020,1640
KM,Comores,KM2,NGAZIDJA,KM22,HAMBOU,KM222,TSINIMOIPANGUA,KM222_0001,MITSOUDJE,2020,3997
KM,Comores,KM2,NGAZIDJA,KM22,HAMBOU,KM222,TSINIMOIPANGUA,KM222_0006,NKOMIONI,2020,595
KM,Comores,KM2,NGAZIDJA,KM22,HAMBOU,KM222,TSINIMOIPANGUA,KM222_0007,SALIMANI,2020,2091
KM,Comores,KM2,NGAZIDJA,KM22,HAMBOU,KM222,TSINIMOIPANGUA,KM222_0002,TROUMBENI,2020,248
KM,Comores,KM2,NGAZIDJA,KM23,ITSANDRA HAMANVOU,KM231,BANGAANI,KM231_0007,BANDAMADJI LA ITSANDRA,2020,979
KM,Comores,KM2,NGAZIDJA,KM23,ITSANDRA HAMANVOU,KM231,BANGAANI,KM231_0008,DIMADJOU YA ITSANDRA,2020,1517
KM,Comores,KM2,NGAZIDJA,KM23,ITSANDRA HAMANVOU,KM231,BANGAANI,KM231_0004,DZAHANI LA TSIDJE,2020,8439
KM,Comores,KM2,NGAZIDJA,KM23,ITSANDRA HAMANVOU,KM231,BANGAANI,KM231_0001,ITSANDRA MDJINI,2020,3497
KM,Comores,KM2,NGAZIDJA,KM23,ITSANDRA HAMANVOU,KM231,BANGAANI,KM231_0005,MAOUENI YA ITSANDRA,2020,880
KM,Comores,KM2,NGAZIDJA,KM23,ITSANDRA HAMANVOU,KM231,BANGAANI,KM231_0006,MIRONTSI YA ITSANDRA,2020,468
KM,Comores,KM2,NGAZIDJA,KM23,ITSANDRA HAMANVOU,KM231,BANGAANI,KM231_0002,SALIMANI YA ITSANDRA,2020,3417
KM,Comores,KM2,NGAZIDJA,KM23,ITSANDRA HAMANVOU,KM231,BANGAANI,KM231_0003,SAMBA MBODONI,2020,1483
KM,Comores,KM2,NGAZIDJA,KM23,ITSANDRA HAMANVOU,KM232,DJOUMOICHONGO,KM232_0002,BAHANI,2020,1942
KM,Comores,KM2,NGAZIDJA,KM23,ITSANDRA HAMANVOU,KM232,DJOUMOICHONGO,KM232_0001,DZAHANI II,2020,1564
KM,Comores,KM2,NGAZIDJA,KM23,ITSANDRA HAMANVOU,KM232,DJOUMOICHONGO,KM232_0004,OUELLAH YA ITSANDRA,2020,1358
KM,Comores,KM2,NGAZIDJA,KM23,ITSANDRA HAMANVOU,KM232,DJOUMOICHONGO,KM232_0005,SAMBA KOUNI,2020,2187
KM,Comores,KM2,NGAZIDJA,KM23,ITSANDRA HAMANVOU,KM232,DJOUMOICHONGO,KM232_0003,SIMA,2020,900
KM,Comores,KM2,NGAZIDJA,KM23,ITSANDRA HAMANVOU,KM233,HAMANVOU,KM233_0008,BIBAVOU,2020,1188
KM,Comores,KM2,NGAZIDJA,KM23,ITSANDRA HAMANVOU,KM233,HAMANVOU,KM233_0002,BOENINDI,2020,825
KM,Comores,KM2,NGAZIDJA,KM23,ITSANDRA HAMANVOU,KM233,HAMANVOU,KM233_0007,DIBOINI,2020,1541
KM,Comores,KM2,NGAZIDJA,KM23,ITSANDRA HAMANVOU,KM233,HAMANVOU,KM233_0001,HAHAYA,2020,4903
KM,Comores,KM2,NGAZIDJA,KM23,ITSANDRA HAMANVOU,KM233,HAMANVOU,KM233_0004,MBALENI,2020,198
KM,Comores,KM2,NGAZIDJA,KM23,ITSANDRA HAMANVOU,KM233,HAMANVOU,KM233_0003,MBAMBANI YA HAMANVOU,2020,745
KM,Comores,KM2,NGAZIDJA,KM23,ITSANDRA HAMANVOU,KM233,HAMANVOU,KM233_0006,MBANGANI,2020,1578
KM,Comores,KM2,NGAZIDJA,KM23,ITSANDRA HAMANVOU,KM233,HAMANVOU,KM233_0009,MILEVANI,2020,1314
KM,Comores,KM2,NGAZIDJA,KM23,ITSANDRA HAMANVOU,KM233,HAMANVOU,KM233_0005,OUSSIVO,2020,2441
KM,Comores,KM2,NGAZIDJA,KM23,ITSANDRA HAMANVOU,KM234,ISAHARI,KM234_0002,HANTSAMBOU,2020,1735
KM,Comores,KM2,NGAZIDJA,KM23,ITSANDRA HAMANVOU,KM234,ISAHARI,KM234_0004,MILEMBENI,2020,1058
KM,Comores,KM2,NGAZIDJA,KM23,ITSANDRA HAMANVOU,KM234,ISAHARI,KM234_0001,NTSOUDJINI,2020,4626
KM,Comores,KM2,NGAZIDJA,KM23,ITSANDRA HAMANVOU,KM234,ISAHARI,KM234_0005,ZIVANDANI,2020,1426
KM,Comores,KM2,NGAZIDJA,KM23,ITSANDRA HAMANVOU,KM235,MBADANI,KM235_0001,BATSA ITSANDRA,2020,2852
KM,Comores,KM2,NGAZIDJA,KM23,ITSANDRA HAMANVOU,KM235,MBADANI,KM235_0005,DZAHADJOU LA ITSANDRA,2020,1513
KM,Comores,KM2,NGAZIDJA,KM23,ITSANDRA HAMANVOU,KM235,MBADANI,KM235_0004,MHANDANI,2020,587
KM,Comores,KM2,NGAZIDJA,KM23,ITSANDRA HAMANVOU,KM235,MBADANI,KM235_0003,VANADJOU,2020,1028
KM,Comores,KM2,NGAZIDJA,KM23,ITSANDRA HAMANVOU,KM235,MBADANI,KM235_0002,VANAMBOINI,2020,2231
KM,Comores,KM2,NGAZIDJA,KM23,ITSANDRA HAMANVOU,KM235,MBADANI,KM235_0006,VOUNA MBADANI,2020,838
KM,Comores,KM2,NGAZIDJA,KM24,MBADJINI EST,KM241,DOMBA,KM241_0002,BANDADAOUENI,2020,1608
KM,Comores,KM2,NGAZIDJA,KM24,MBADJINI EST,KM241,DOMBA,KM241_0001,BANDAMADJI LADOMBA,2020,1133
KM,Comores,KM2,NGAZIDJA,KM24,MBADJINI EST,KM241,DOMBA,KM241_0004,OUNGONI,2020,1069
KM,Comores,KM2,NGAZIDJA,KM24,MBADJINI EST,KM241,DOMBA,KM264_0004,PIDJANI,2020,2310
KM,Comores,KM2,NGAZIDJA,KM24,MBADJINI EST,KM241,DOMBA,KM241_0003,TSINIMOIPANGA,2020,2600
KM,Comores,KM2,NGAZIDJA,KM24,MBADJINI EST,KM242,ITSAHIDI,KM242_0007,CHINDINI,2020,1831
KM,Comores,KM2,NGAZIDJA,KM24,MBADJINI EST,KM242,ITSAHIDI,KM242_0009,DZAHADJOU LA MBADJINI,2020,1190
KM,Comores,KM2,NGAZIDJA,KM24,MBADJINI EST,KM242,ITSAHIDI,KM242_0001,FOUMBOUNI,2020,2725
KM,Comores,KM2,NGAZIDJA,KM24,MBADJINI EST,KM242,ITSAHIDI,KM242_0002,KOIMBANI LA MBADJINI,2020,472
KM,Comores,KM2,NGAZIDJA,KM24,MBADJINI EST,KM242,ITSAHIDI,KM242_0003,MALE,2020,2423
KM,Comores,KM2,NGAZIDJA,KM24,MBADJINI EST,KM242,ITSAHIDI,KM242_0004,MIDJENDJENI,2020,440
KM,Comores,KM2,NGAZIDJA,KM24,MBADJINI EST,KM242,ITSAHIDI,KM242_0010,MOHORO,2020,2289
KM,Comores,KM2,NGAZIDJA,KM24,MBADJINI EST,KM242,ITSAHIDI,KM242_0006,NDZOUANI,2020,217
KM,Comores,KM2,NGAZIDJA,KM24,MBADJINI EST,KM242,ITSAHIDI,KM242_0011,NGNOUMADZHA MVOUBARI,2020,2174
KM,Comores,KM2,NGAZIDJA,KM24,MBADJINI EST,KM242,ITSAHIDI,KM242_0005,OUROVENI,2020,1510
KM,Comores,KM2,NGAZIDJA,KM24,MBADJINI EST,KM242,ITSAHIDI,KM242_0008,SIMAMBOINI,2020,995
KM,Comores,KM2,NGAZIDJA,KM24,MBADJINI EST,KM243,PIMBA,KM243_0004,BANDAMADJI LA KOUBOINI,2020,811
KM,Comores,KM2,NGAZIDJA,KM24,MBADJINI EST,KM243,PIMBA,KM243_0005,DARISSALAMA,2020,554
KM,Comores,KM2,NGAZIDJA,KM24,MBADJINI EST,KM243,PIMBA,KM243_0009,DIDJONI,2020,628
KM,Comores,KM2,NGAZIDJA,KM24,MBADJINI EST,KM243,PIMBA,KM243_0002,INANI,2020,936
KM,Comores,KM2,NGAZIDJA,KM24,MBADJINI EST,KM243,PIMBA,KM243_0010,KOVE,2020,908
KM,Comores,KM2,NGAZIDJA,KM24,MBADJINI EST,KM243,PIMBA,KM243_0006,MLALOI NKOUDJOU,2020,1132
KM,Comores,KM2,NGAZIDJA,KM24,MBADJINI EST,KM243,PIMBA,KM243_0003,NGNAMBENI,2020,1852
KM,Comores,KM2,NGAZIDJA,KM24,MBADJINI EST,KM243,PIMBA,KM243_0007,NGNOUMA MILIMA,2020,3177
KM,Comores,KM2,NGAZIDJA,KM24,MBADJINI EST,KM243,PIMBA,KM243_0008,NKOURANI MKANGA,2020,670
KM,Comores,KM2,NGAZIDJA,KM24,MBADJINI EST,KM243,PIMBA,KM243_0001,SIMBOUSSA YA MBADJINI,2020,2068
KM,Comores,KM2,NGAZIDJA,KM25,MBADJINI OUEST,KM251,NGOUENGOE,KM251_0001,DEMBENI,2020,2288
KM,Comores,KM2,NGAZIDJA,KM25,MBADJINI OUEST,KM251,NGOUENGOE,KM251_0011,ITSOUDZOU,2020,240
KM,Comores,KM2,NGAZIDJA,KM25,MBADJINI OUEST,KM251,NGOUENGOE,KM251_0009,KANDZILE,2020,1298
KM,Comores,KM2,NGAZIDJA,KM25,MBADJINI OUEST,KM251,NGOUENGOE,KM251_0010,MAKORANI,2020,47
KM,Comores,KM2,NGAZIDJA,KM25,MBADJINI OUEST,KM251,NGOUENGOE,KM251_0007,MANDZISSANI,2020,532
KM,Comores,KM2,NGAZIDJA,KM25,MBADJINI OUEST,KM251,NGOUENGOE,KM251_0003,MBOUDE YA MBOINI,2020,597
KM,Comores,KM2,NGAZIDJA,KM25,MBADJINI OUEST,KM251,NGOUENGOE,KM251_0002,MDJAMKAGNOI,2020,965
KM,Comores,KM2,NGAZIDJA,KM25,MBADJINI OUEST,KM251,NGOUENGOE,KM251_0006,MINDRADOU,2020,469
KM,Comores,KM2,NGAZIDJA,KM25,MBADJINI OUEST,KM251,NGOUENGOE,KM251_0004,MLIMANI,2020,200
KM,Comores,KM2,NGAZIDJA,KM25,MBADJINI OUEST,KM251,NGOUENGOE,KM251_0005,PANDA,2020,880
KM,Comores,KM2,NGAZIDJA,KM25,MBADJINI OUEST,KM251,NGOUENGOE,KM251_0008,TSINI MOICHONGO,2020,2359
KM,Comores,KM2,NGAZIDJA,KM25,MBADJINI OUEST,KM252,NIOUMAGAMA,KM252_0004,DIMA,2020,574
KM,Comores,KM2,NGAZIDJA,KM25,MBADJINI OUEST,KM252,NIOUMAGAMA,KM252_0007,DOMONI,2020,822
KM,Comores,KM2,NGAZIDJA,KM25,MBADJINI OUEST,KM252,NIOUMAGAMA,KM252_0008,DZOIDJOU,2020,734
KM,Comores,KM2,NGAZIDJA,KM25,MBADJINI OUEST,KM252,NIOUMAGAMA,KM252_0009,FAMARE,2020,538
KM,Comores,KM2,NGAZIDJA,KM25,MBADJINI OUEST,KM252,NIOUMAGAMA,KM252_0002,IFOUNDIHE CHADJOU,2020,235
KM,Comores,KM2,NGAZIDJA,KM25,MBADJINI OUEST,KM252,NIOUMAGAMA,KM252_0003,IFOUNDIHE CHAMBOINI,2020,1101
KM,Comores,KM2,NGAZIDJA,KM25,MBADJINI OUEST,KM252,NIOUMAGAMA,KM252_0005,NKOURANI YA SIMA,2020,9037
KM,Comores,KM2,NGAZIDJA,KM25,MBADJINI OUEST,KM252,NIOUMAGAMA,KM252_0001,OUZIOINI,2020,2296
KM,Comores,KM2,NGAZIDJA,KM26,MBOUDE,KM265,NYUMAMRO KIBLANI,KM265_0002,CHAMLE,2020,1499
KM,Comores,KM2,NGAZIDJA,KM26,MBOUDE,KM265,NYUMAMRO KIBLANI,KM265_0001,DJOMANI,2020,3617
KM,Comores,KM2,NGAZIDJA,KM26,MBOUDE,KM265,NYUMAMRO KIBLANI,KM265_0007,DOUNIANI,2020,1993
KM,Comores,KM2,NGAZIDJA,KM26,MBOUDE,KM265,NYUMAMRO KIBLANI,KM265_0006,HELINDJE,2020,1948
KM,Comores,KM2,NGAZIDJA,KM26,MBOUDE,KM265,NYUMAMRO KIBLANI,KM265_0009,KOUA,2020,729
KM,Comores,KM2,NGAZIDJA,KM26,MBOUDE,KM265,NYUMAMRO KIBLANI,KM265_0004,MANDZA YA MBOUDE,2020,1739
KM,Comores,KM2,NGAZIDJA,KM26,MBOUDE,KM265,NYUMAMRO KIBLANI,KM265_0005,MDJOIEZI YA MBOUNDE,2020,884
KM,Comores,KM2,NGAZIDJA,KM26,MBOUDE,KM265,NYUMAMRO KIBLANI,KM265_0003,VOUVOUNI YA MBOUNDE,2020,506
KM,Comores,KM2,NGAZIDJA,KM26,MBOUDE,KM266,NYUMAMRO SOUHEILI,KM266_0003,DJONGOE,2020,947
KM,Comores,KM2,NGAZIDJA,KM26,MBOUDE,KM266,NYUMAMRO SOUHEILI,KM266_0007,DOMOIDJOU,2020,980
KM,Comores,KM2,NGAZIDJA,KM26,MBOUDE,KM266,NYUMAMRO SOUHEILI,KM266_0008,DOMOIMBOINI,2020,472
KM,Comores,KM2,NGAZIDJA,KM26,MBOUDE,KM266,NYUMAMRO SOUHEILI,KM266_0002,IVEMBENI,2020,4212
KM,Comores,KM2,NGAZIDJA,KM26,MBOUDE,KM266,NYUMAMRO SOUHEILI,KM266_0004,MAOUENI YA MBOUDE,2020,1330
KM,Comores,KM2,NGAZIDJA,KM26,MBOUDE,KM266,NYUMAMRO SOUHEILI,KM266_0009,MOIDJA YA MBOUDE,2020,614
KM,Comores,KM2,NGAZIDJA,KM26,MBOUDE,KM266,NYUMAMRO SOUHEILI,KM266_0001,NTSAOUENI,2020,3461
KM,Comores,KM2,NGAZIDJA,KM26,MBOUDE,KM266,NYUMAMRO SOUHEILI,KM266_0006,NTSORALE YA MBOUDE,2020,720
KM,Comores,KM2,NGAZIDJA,KM26,MBOUDE,KM266,NYUMAMRO SOUHEILI,KM266_0005,SIMBOUSSA YA MBOUDE,2020,350
KM,Comores,KM2,NGAZIDJA,KM26,MITSAMIOULI,KM261,CEMBENOI LAC SALE,KM261_0001,BANGOIKOUNI,2020,2675
KM,Comores,KM2,NGAZIDJA,KM26,MITSAMIOULI,KM261,CEMBENOI LAC SALE,KM261_0002,BATSA YA MITSAMIHOULI,2020,1271
KM,Comores,KM2,NGAZIDJA,KM26,MITSAMIOULI,KM261,CEMBENOI LAC SALE,KM261_0004,IVOINI,2020,1709
KM,Comores,KM2,NGAZIDJA,KM26,MITSAMIOULI,KM261,CEMBENOI LAC SALE,KM261_0003,OUZIO,2020,2812
KM,Comores,KM2,NGAZIDJA,KM26,MITSAMIOULI,KM262,CEMBENOI SADA DJOULAMLIMA,KM265_0009,KOUA,2020,1608
KM,Comores,KM2,NGAZIDJA,KM26,MITSAMIOULI,KM262,CEMBENOI SADA DJOULAMLIMA,KM262_0004,OUELLAH YA MITSAMIHOULI,2020,4510
KM,Comores,KM2,NGAZIDJA,KM26,MITSAMIOULI,KM262,CEMBENOI SADA DJOULAMLIMA,KM262_0001,OUEMANI,2020,691
KM,Comores,KM2,NGAZIDJA,KM26,MITSAMIOULI,KM263,MITSAMIOULI,KM263_0003,FASSI,2020,490
KM,Comores,KM2,NGAZIDJA,KM26,MITSAMIOULI,KM263,MITSAMIOULI,KM263_0002,HADAWA,2020,609
KM,Comores,KM2,NGAZIDJA,KM26,MITSAMIOULI,KM263,MITSAMIOULI,KM263_0001,MEMBOI - BOINI,2020,920
KM,Comores,KM2,NGAZIDJA,KM26,MITSAMIOULI,KM263,MITSAMIOULI,KM263_0004,MITSAMIHOULI,2020,5304
KM,Comores,KM2,NGAZIDJA,KM26,MITSAMIOULI,KM263,MITSAMIOULI,KM263_0006,NDZAOUZE,2020,2879
KM,Comores,KM2,NGAZIDJA,KM26,MITSAMIOULI,KM263,MITSAMIOULI,KM263_0005,NKOURANI YA MITSAMIHOULI,2020,381
KM,Comores,KM2,NGAZIDJA,KM26,MITSAMIOULI,KM264,NYUMA KOMO,KM264_0001,BANGOI MAFUSA NKOA,2020,707
KM,Comores,KM2,NGAZIDJA,KM26,MITSAMIOULI,KM264,NYUMA KOMO,KM264_0008,FOUNGA,2020,984
KM,Comores,KM2,NGAZIDJA,KM26,MITSAMIOULI,KM264,NYUMA KOMO,KM264_0002,MEMBOI - DJOU,2020,1722
KM,Comores,KM2,NGAZIDJA,KM26,MITSAMIOULI,KM264,NYUMA KOMO,KM264_0007,NTSADJENI,2020,1802
KM,Comores,KM2,NGAZIDJA,KM26,MITSAMIOULI,KM264,NYUMA KOMO,KM264_0009,OUHOZI,2020,1286
KM,Comores,KM2,NGAZIDJA,KM26,MITSAMIOULI,KM264,NYUMA KOMO,KM264_0004,PIDJANI,2020,626
KM,Comores,KM2,NGAZIDJA,KM26,MITSAMIOULI,KM264,NYUMA KOMO,KM264_0005,SONGOMANI,2020,502
KM,Comores,KM2,NGAZIDJA,KM26,MITSAMIOULI,KM264,NYUMA KOMO,KM264_0006,TOIYFA,2020,504
KM,Comores,KM2,NGAZIDJA,KM27,MORONI BAMBAO,KM273,BAMBAO YA DJOU,KM273_0002,M'VOUNI,2020,5744
KM,Comores,KM2,NGAZIDJA,KM27,MORONI BAMBAO,KM273,BAMBAO YA DJOU,KM273_0003,MAVINGOUNI,2020,1887
KM,Comores,KM2,NGAZIDJA,KM27,MORONI BAMBAO,KM273,BAMBAO YA DJOU,KM273_0001,MKAZI,2020,6819
KM,Comores,KM2,NGAZIDJA,KM27,MORONI BAMBAO,KM271,BAMBAO YA HARI,KM271_0010,BOENI YA BAMBAO,2020,2229
KM,Comores,KM2,NGAZIDJA,KM27,MORONI BAMBAO,KM271,BAMBAO YA HARI,KM271_0007,DAOUENI,2020,406
KM,Comores,KM2,NGAZIDJA,KM27,MORONI BAMBAO,KM271,BAMBAO YA HARI,KM283_0003,DZAHANI,2020,724
KM,Comores,KM2,NGAZIDJA,KM27,MORONI BAMBAO,KM271,BAMBAO YA HARI,KM271_0002,M'DE,2020,6965
KM,Comores,KM2,NGAZIDJA,KM27,MORONI BAMBAO,KM271,BAMBAO YA HARI,KM271_0006,MBOUDADJOU,2020,1103
KM,Comores,KM2,NGAZIDJA,KM27,MORONI BAMBAO,KM271,BAMBAO YA HARI,KM271_0005,MOIDZAZA DJOUMBE,2020,495
KM,Comores,KM2,NGAZIDJA,KM27,MORONI BAMBAO,KM271,BAMBAO YA HARI,KM271_0004,NIOUMADZAHA,2020,3442
KM,Comores,KM2,NGAZIDJA,KM27,MORONI BAMBAO,KM271,BAMBAO YA HARI,KM271_0003,SELEA,2020,2284
KM,Comores,KM2,NGAZIDJA,KM27,MORONI BAMBAO,KM271,BAMBAO YA HARI,KM271_0001,VOUVOUNI,2020,4631
KM,Comores,KM2,NGAZIDJA,KM27,MORONI BAMBAO,KM272,BAMBAO YA MBOINI,KM272_0001,ICONI,2020,5848
KM,Comores,KM2,NGAZIDJA,KM27,MORONI BAMBAO,KM272,BAMBAO YA MBOINI,KM272_0002,MBACHILE,2020,1793
KM,Comores,KM2,NGAZIDJA,KM27,MORONI BAMBAO,KM272,BAMBAO YA MBOINI,KM272_0003,MOIDZAZA - MBOINI,2020,3031
KM,Comores,KM2,NGAZIDJA,KM27,MORONI BAMBAO,KM272,BAMBAO YA MBOINI,KM272_0004,NDROUANI,2020,1470
KM,Comores,KM2,NGAZIDJA,KM27,MORONI BAMBAO,KM272,BAMBAO YA MBOINI,KM272_0005,SEREHINI,2020,794
KM,Comores,KM2,NGAZIDJA,KM27,MORONI BAMBAO,KM274,MORONI,KM274_0001,MORONI,2020,79855
KM,Comores,KM2,NGAZIDJA,KM28,OICHILI DIMANI,KM281,DIMANI,KM281_0002,FOUMBOU DZIVOUNI,2020,475
KM,Comores,KM2,NGAZIDJA,KM28,OICHILI DIMANI,KM281,DIMANI,KM281_0007,IDJINKOUNDZI,2020,2583
KM,Comores,KM2,NGAZIDJA,KM28,OICHILI DIMANI,KM281,DIMANI,KM281_0006,IDJOINDRADJA,2020,202
KM,Comores,KM2,NGAZIDJA,KM28,OICHILI DIMANI,KM281,DIMANI,KM281_0005,MADJOMA,2020,583
KM,Comores,KM2,NGAZIDJA,KM28,OICHILI DIMANI,KM281,DIMANI,KM281_0008,MAOUENI DIMANI,2020,1601
KM,Comores,KM2,NGAZIDJA,KM28,OICHILI DIMANI,KM281,DIMANI,KM281_0003,MBOUDE,2020,689
KM,Comores,KM2,NGAZIDJA,KM28,OICHILI DIMANI,KM281,DIMANI,KM281_0004,MIDJINDZE,2020,166
KM,Comores,KM2,NGAZIDJA,KM28,OICHILI DIMANI,KM281,DIMANI,KM281_0009,MIRERENI,2020,556
KM,Comores,KM2,NGAZIDJA,KM28,OICHILI DIMANI,KM281,DIMANI,KM281_0001,MTSANGADJOU,2020,1370
KM,Comores,KM2,NGAZIDJA,KM28,OICHILI DIMANI,KM281,DIMANI,KM281_0010,NTSORALE,2020,2616
KM,Comores,KM2,NGAZIDJA,KM28,OICHILI DIMANI,KM281,DIMANI,KM281_0012,REHEMANI,2020,429
KM,Comores,KM2,NGAZIDJA,KM28,OICHILI DIMANI,KM281,DIMANI,KM281_0011,SIDJOU,2020,921
KM,Comores,KM2,NGAZIDJA,KM28,OICHILI DIMANI,KM283,OICHILI YABOINI,KM283_0003,DZAHANI,2020,707
KM,Comores,KM2,NGAZIDJA,KM28,OICHILI DIMANI,KM283,OICHILI YABOINI,KM283_0006,HAMBOU,2020,1062
KM,Comores,KM2,NGAZIDJA,KM28,OICHILI DIMANI,KM283,OICHILI YABOINI,KM283_0007,HASSENDJE,2020,312
KM,Comores,KM2,NGAZIDJA,KM28,OICHILI DIMANI,KM283,OICHILI YABOINI,KM283_0001,ITSINKOUDI,2020,2611
KM,Comores,KM2,NGAZIDJA,KM28,OICHILI DIMANI,KM283,OICHILI YABOINI,KM283_0004,KOUHANI,2020,511
KM,Comores,KM2,NGAZIDJA,KM28,OICHILI DIMANI,KM283,OICHILI YABOINI,KM283_0005,MTSAMDU,2020,1234
KM,Comores,KM2,NGAZIDJA,KM28,OICHILI DIMANI,KM282,OICHILI YADJOU,KM282_0003,BOENI YAWACHILI,2020,923
KM,Comores,KM2,NGAZIDJA,KM28,OICHILI DIMANI,KM282,OICHILI YADJOU,KM282_0009,CHAMRO,2020,169
KM,Comores,KM2,NGAZIDJA,KM28,OICHILI DIMANI,KM282,OICHILI YADJOU,KM282_0007,CHOMONI,2020,872
KM,Comores,KM2,NGAZIDJA,KM28,OICHILI DIMANI,KM282,OICHILI YADJOU,KM282_0004,DZAHADJOU YA WACHILI,2020,1114
KM,Comores,KM2,NGAZIDJA,KM28,OICHILI DIMANI,KM282,OICHILI YADJOU,KM282_0002,IROHE,2020,1014
KM,Comores,KM2,NGAZIDJA,KM28,OICHILI DIMANI,KM282,OICHILI YADJOU,KM282_0001,KOIMBANI YA WACHILI,2020,3127
KM,Comores,KM2,NGAZIDJA,KM28,OICHILI DIMANI,KM282,OICHILI YADJOU,KM282_0005,SADA,2020,380
KM,Comores,KM2,NGAZIDJA,KM28,OICHILI DIMANI,KM282,OICHILI YADJOU,KM282_0006,SADANI,2020,657
KM,Comores,KM2,NGAZIDJA,KM28,OICHILI DIMANI,KM282,OICHILI YADJOU,KM282_0008,SAMBA MADI,2020,114
KM,Comores,KM2,NGAZIDJA,KM28,OICHILI DIMANI,KM282,OICHILI YADJOU,KM282_0010,SIMA YA WACHILI,2020,1096
KM,Comores,KM3,MWALI,KM31,DJANDO,KM311,DJANDO,KM311_0006,HAGNAMOIDA,2021,926
KM,Comores,KM3,MWALI,KM31,DJANDO,KM311,DJANDO,KM311_0008,HAMAVOUNA,2021,1503
KM,Comores,KM3,MWALI,KM31,DJANDO,KM311,DJANDO,KM311_0007,ITSAMIA,2021,459
KM,Comores,KM3,MWALI,KM31,DJANDO,KM311,DJANDO,KM121_0005,KANGANI,2021,1538
KM,Comores,KM3,MWALI,KM31,DJANDO,KM311,DJANDO,KM311_0003,MLANBANDA,2021,461
KM,Comores,KM3,MWALI,KM31,DJANDO,KM311,DJANDO,KM311_0002,WANANI,2021,3731
KM,Comores,KM3,MWALI,KM31,DJANDO,KM311,DJANDO,KM311_0001,ZIROUDANI,2021,1979
KM,Comores,KM3,MWALI,KM32,FOMBONI,KM321,FOMBONI,KM321_0001,FOMBONI,2021,19602
KM,Comores,KM3,MWALI,KM32,FOMBONI,KM322,MOILI MDJINI,KM322_0002,BANDAR SALAMA,2021,2736
KM,Comores,KM3,MWALI,KM32,FOMBONI,KM322,MOILI MDJINI,KM322_0003,DJOIEZI,2021,3335
KM,Comores,KM3,MWALI,KM32,FOMBONI,KM322,MOILI MDJINI,KM322_0001,MBOIGOMA,2021,2330
KM,Comores,KM3,MWALI,KM32,FOMBONI,KM323,MOINBASSA,KM252_0007,DOMONI,2021,292
KM,Comores,KM3,MWALI,KM32,FOMBONI,KM323,MOINBASSA,KM323_0002,HOANI,2021,2493
KM,Comores,KM3,MWALI,KM32,FOMBONI,KM323,MOINBASSA,KM323_0001,M'BATSE,2021,4167
KM,Comores,KM3,MWALI,KM33,NIOUMACHOUA,KM331,MLEDJELE,KM331_0001,MIREMANI,2021,326
KM,Comores,KM3,MWALI,KM33,NIOUMACHOUA,KM331,MLEDJELE,KM331_0004,NDREMEANI,2021,65
KM,Comores,KM3,MWALI,KM33,NIOUMACHOUA,KM331,MLEDJELE,KM331_0002,NDRONDRONI,2021,4807
KM,Comores,KM3,MWALI,KM33,NIOUMACHOUA,KM331,MLEDJELE,KM331_0003,NIOUMACHOUA,2021,3774
KM,Comores,KM3,MWALI,KM33,NIOUMACHOUA,KM332,MOIMBAO,KM143_0003,BARAKANI,2021,1066
KM,Comores,KM3,MWALI,KM33,NIOUMACHOUA,KM332,MOIMBAO,KM332_0001,HAMBA,2021,275
KM,Comores,KM3,MWALI,KM33,NIOUMACHOUA,KM332,MOIMBAO,KM332_0004,MIRINGONI,2021,1142
KM,Comores,KM3,MWALI,KM33,NIOUMACHOUA,KM332,MOIMBAO,KM332_0005,WALLAH 1,2021,506
KM,Comores,KM3,MWALI,KM33,NIOUMACHOUA,KM332,MOIMBAO,KM332_0006,WALLAH 2,2021,947
KM,Comores,KM1,NDZUWANI,KM11,DOMONI,KM111,BAMBAO MSTANGA,KM111_0001,BAMBAO MTSANGA,2021,5559
KM,Comores,KM1,NDZUWANI,KM11,DOMONI,KM111,BAMBAO MSTANGA,KM111_0004,MAHALE,2021,3970
KM,Comores,KM1,NDZUWANI,KM11,DOMONI,KM111,BAMBAO MSTANGA,KM111_0002,MROMAJI,2021,3075
KM,Comores,KM1,NDZUWANI,KM11,DOMONI,KM111,BAMBAO MSTANGA,KM111_0003,ONGONI,2021,2637
KM,Comores,KM1,NDZUWANI,KM11,DOMONI,KM112,DOMONI,KM112_0004,BWELADUGU,2021,827
KM,Comores,KM1,NDZUWANI,KM11,DOMONI,KM112,DOMONI,KM252_0007,DOMONI,2021,13581
KM,Comores,KM1,NDZUWANI,KM11,DOMONI,KM112,DOMONI,KM112_0003,LIMBI,2021,2889
KM,Comores,KM1,NDZUWANI,KM11,DOMONI,KM113,JIMLIME,KM113_0003,HAJOHO,2021,4182
KM,Comores,KM1,NDZUWANI,KM11,DOMONI,KM113,JIMLIME,KM113_0001,HAREMBO I,2021,644
KM,Comores,KM1,NDZUWANI,KM11,DOMONI,KM113,JIMLIME,KM113_0002,HAREMBO II,2021,1081
KM,Comores,KM1,NDZUWANI,KM11,DOMONI,KM113,JIMLIME,KM113_0004,JIMLIME,2021,6791
KM,Comores,KM1,NDZUWANI,KM11,DOMONI,KM114,KONI,KM114_0004,GEGE,2021,1234
KM,Comores,KM1,NDZUWANI,KM11,DOMONI,KM114,KONI,KM114_0003,HACHIPENDA,2021,2085
KM,Comores,KM1,NDZUWANI,KM11,DOMONI,KM114,KONI,KM114_0001,KONI DJODJO,2021,11860
KM,Comores,KM1,NDZUWANI,KM11,DOMONI,KM114,KONI,KM114_0002,KONI NGANI,2021,5718
KM,Comores,KM1,NDZUWANI,KM11,DOMONI,KM115,NGADZALE,KM115_0001,NGADZALE,2021,6110
KM,Comores,KM1,NDZUWANI,KM11,DOMONI,KM115,NGADZALE,KM115_0002,OUTSA,2021,803
KM,Comores,KM1,NDZUWANI,KM11,DOMONI,KM115,NGADZALE,KM115_0005,OUZINI,2021,1947
KM,Comores,KM1,NDZUWANI,KM11,DOMONI,KM115,NGADZALE,KM153_0014,SALAMANI,2021,2356
KM,Comores,KM1,NDZUWANI,KM16,MOYA,KM151,MOYA,KM151_0002,KOWET,2021,2324
KM,Comores,KM1,NDZUWANI,KM16,MOYA,KM151,MOYA,KM151_0005,LINGONI,2021,5472
KM,Comores,KM1,NDZUWANI,KM16,MOYA,KM151,MOYA,KM151_0007,MAWENI,2021,878
KM,Comores,KM1,NDZUWANI,KM16,MOYA,KM151,MOYA,KM151_0001,MOYA,2021,9939
KM,Comores,KM1,NDZUWANI,KM16,MOYA,KM151,MOYA,KM151_0004,NINDRI,2021,3400
KM,Comores,KM1,NDZUWANI,KM16,MOYA,KM151,MOYA,KM151_0003,POMONI,2021,4687
KM,Comores,KM1,NDZUWANI,KM12,MREMANI,KM121,ADDA,KM121_0001,ADDA DAWENI,2021,12663
KM,Comores,KM1,NDZUWANI,KM12,MREMANI,KM121,ADDA,KM121_0002,DJANZA,2021,917
KM,Comores,KM1,NDZUWANI,KM12,MREMANI,KM121,ADDA,KM121_0005,KANGANI,2021,5408
KM,Comores,KM1,NDZUWANI,KM12,MREMANI,KM121,ADDA,KM121_0003,MAGNASSINI,2021,4771
KM,Comores,KM1,NDZUWANI,KM12,MREMANI,KM123,MRAMANI,KM123_0004,DZIANII,2021,2166
KM,Comores,KM1,NDZUWANI,KM12,MREMANI,KM123,MRAMANI,KM123_0002,HANTSAHII,2021,1636
KM,Comores,KM1,NDZUWANI,KM12,MREMANI,KM123,MRAMANI,KM123_0001,MRAMANI,2021,4475
KM,Comores,KM1,NDZUWANI,KM12,MREMANI,KM123,MRAMANI,KM123_0003,NYAMBOIMRO,2021,2299
KM,Comores,KM1,NDZUWANI,KM12,MREMANI,KM124,MREMANI,KM124_0002,BANDA KOUNI,2021,4099
KM,Comores,KM1,NDZUWANI,KM12,MREMANI,KM124,MREMANI,KM124_0004,DAJI,2021,3455
KM,Comores,KM1,NDZUWANI,KM12,MREMANI,KM124,MREMANI,KM124_0001,MREMANI,2021,6050
KM,Comores,KM1,NDZUWANI,KM12,MREMANI,KM124,MREMANI,KM124_0003,MRIDJOU,2021,3878
KM,Comores,KM1,NDZUWANI,KM12,MREMANI,KM125,ONGOJOU,KM125_0002,KIYO,2021,1829
KM,Comores,KM1,NDZUWANI,KM12,MREMANI,KM125,ONGOJOU,KM125_0003,KOMONI,2021,2963
KM,Comores,KM1,NDZUWANI,KM12,MREMANI,KM125,ONGOJOU,KM125_0004,MIRONDRONI,2021,450
KM,Comores,KM1,NDZUWANI,KM12,MREMANI,KM125,ONGOJOU,KM125_0001,ONGODJOU,2021,6975
KM,Comores,KM1,NDZUWANI,KM12,MREMANI,KM125,ONGOJOU,KM125_0005,TRINDRINI,2021,177
KM,Comores,KM1,NDZUWANI,KM12,MREMANI,KM122,SHAWENI,KM122_0002,HAMCHACO,2021,2152
KM,Comores,KM1,NDZUWANI,KM12,MREMANI,KM122,SHAWENI,KM122_0005,MNADZICHOUMWE,2021,1116
KM,Comores,KM1,NDZUWANI,KM12,MREMANI,KM122,SHAWENI,KM122_0004,NOUNGA,2021,482
KM,Comores,KM1,NDZUWANI,KM12,MREMANI,KM122,SHAWENI,KM122_0003,SADAPOINI,2021,3230
KM,Comores,KM1,NDZUWANI,KM12,MREMANI,KM122,SHAWENI,KM122_0001,SHAWENI,2021,1197
KM,Comores,KM1,NDZUWANI,KM13,MUTSAMUDU,KM131,BANDRANI YA CHIRONKAMBA,KM131_0002,ANKIBANI,2021,2403
KM,Comores,KM1,NDZUWANI,KM13,MUTSAMUDU,KM131,BANDRANI YA CHIRONKAMBA,KM131_0008,BANDRADJOU,2021,2043
KM,Comores,KM1,NDZUWANI,KM13,MUTSAMUDU,KM131,BANDRANI YA CHIRONKAMBA,KM131_0006,CHICONI 2,2021,152
KM,Comores,KM1,NDZUWANI,KM13,MUTSAMUDU,KM131,BANDRANI YA CHIRONKAMBA,KM131_0003,CHIRONKAMBA,2021,2223
KM,Comores,KM1,NDZUWANI,KM13,MUTSAMUDU,KM131,BANDRANI YA CHIRONKAMBA,KM151_0007,MAWENI,2021,889
KM,Comores,KM1,NDZUWANI,KM13,MUTSAMUDU,KM131,BANDRANI YA CHIRONKAMBA,KM131_0001,MDJIMANDRA,2021,2985
KM,Comores,KM1,NDZUWANI,KM13,MUTSAMUDU,KM131,BANDRANI YA CHIRONKAMBA,KM131_0007,MPOUZINI,2021,70
KM,Comores,KM1,NDZUWANI,KM13,MUTSAMUDU,KM132,Commune BANDRANI YA MITSANGANI,KM132_0001,BANDRANI MTSANGANI,2021,2126
KM,Comores,KM1,NDZUWANI,KM13,MUTSAMUDU,KM132,Commune BANDRANI YA MITSANGANI,KM132_0002,CHITROUNI,2021,1389
KM,Comores,KM1,NDZUWANI,KM13,MUTSAMUDU,KM132,Commune BANDRANI YA MITSANGANI,KM132_0004,MDJAMAOUE,2021,1913
KM,Comores,KM1,NDZUWANI,KM13,MUTSAMUDU,KM132,Commune BANDRANI YA MITSANGANI,KM132_0003,SAANDANI,2021,2538
KM,Comores,KM1,NDZUWANI,KM13,MUTSAMUDU,KM133,MIRONTSI,KM133_0001,MIRONTSI,2021,13243
KM,Comores,KM1,NDZUWANI,KM13,MUTSAMUDU,KM134,MUTSAMUDU,KM134_0005,CHICONI1,2021,4
KM,Comores,KM1,NDZUWANI,KM13,MUTSAMUDU,KM134,MUTSAMUDU,KM134_0001,MUTSAMUDU,2021,29120
KM,Comores,KM1,NDZUWANI,KM13,MUTSAMUDU,KM134,MUTSAMUDU,KM134_0003,MWAMWA I,2021,2107
KM,Comores,KM1,NDZUWANI,KM13,MUTSAMUDU,KM134,MUTSAMUDU,KM134_0004,MWAMWA II,2021,887
KM,Comores,KM1,NDZUWANI,KM13,MUTSAMUDU,KM134,MUTSAMUDU,KM134_0002,PAJE,2021,6544
KM,Comores,KM1,NDZUWANI,KM14,OUANI,KM141,BAMBAO MTROUNI,KM141_0003,CHANDRA,2021,5489
KM,Comores,KM1,NDZUWANI,KM14,OUANI,KM141,BAMBAO MTROUNI,KM141_0002,DINDRI,2021,11463
KM,Comores,KM1,NDZUWANI,KM14,OUANI,KM141,BAMBAO MTROUNI,KM141_0001,TSEMBEHOU,2021,13927
KM,Comores,KM1,NDZUWANI,KM14,OUANI,KM142,BAZIMINI,KM142_0001,BAZIMINI,2021,9089
KM,Comores,KM1,NDZUWANI,KM14,OUANI,KM142,BAZIMINI,KM142_0002,KOKI,2021,7041
KM,Comores,KM1,NDZUWANI,KM14,OUANI,KM142,BAZIMINI,KM142_0003,PATSY,2021,4296
KM,Comores,KM1,NDZUWANI,KM14,OUANI,KM143,OUANI,KM143_0003,BARAKANI,2021,7780
KM,Comores,KM1,NDZUWANI,KM14,OUANI,KM143,OUANI,KM143_0004,GNATRANGA,2021,3638
KM,Comores,KM1,NDZUWANI,KM14,OUANI,KM143,OUANI,KM143_0001,OUANI,2021,11155
KM,Comores,KM1,NDZUWANI,KM14,OUANI,KM143,OUANI,KM143_0005,TANAMBAO,2021,2328
KM,Comores,KM1,NDZUWANI,KM15,SIMA,KM152,SIMA,KM152_0003,BIMBINI,2021,1975
KM,Comores,KM1,NDZUWANI,KM15,SIMA,KM152,SIMA,KM152_0004,BOUNGOUENI,2021,3909
KM,Comores,KM1,NDZUWANI,KM15,SIMA,KM152,SIMA,KM152_0002,KAVANI,2021,2402
KM,Comores,KM1,NDZUWANI,KM15,SIMA,KM152,SIMA,KM234_0004,MILEMBENI,2021,804
KM,Comores,KM1,NDZUWANI,KM15,SIMA,KM152,SIMA,KM152_0005,MIRONGANI,2021,1614
KM,Comores,KM1,NDZUWANI,KM15,SIMA,KM152,SIMA,KM232_0003,SIMA,2021,8777
KM,Comores,KM1,NDZUWANI,KM15,SIMA,KM153,VOUANI,KM153_0010,BANDRANI YA VOUANI,2021,1864
KM,Comores,KM1,NDZUWANI,KM15,SIMA,KM153,VOUANI,KM153_0011,CHIROVE,2021,292
KM,Comores,KM1,NDZUWANI,KM15,SIMA,KM153,VOUANI,KM153_0009,DAR SALAMA,2021,1486
KM,Comores,KM1,NDZUWANI,KM15,SIMA,KM153,VOUANI,KM153_0007,DZINDRI I,2021,2806
KM,Comores,KM1,NDZUWANI,KM15,SIMA,KM153,VOUANI,KM153_0003,HASSIMPAO,2021,1696
KM,Comores,KM1,NDZUWANI,KM15,SIMA,KM153,VOUANI,KM153_0006,IMERE,2021,495
KM,Comores,KM1,NDZUWANI,KM15,SIMA,KM153,VOUANI,KM153_0015,IMERE YA GAWANI,2021,821
KM,Comores,KM1,NDZUWANI,KM15,SIMA,KM153,VOUANI,KM153_0002,MARAHARE,2021,2178
KM,Comores,KM1,NDZUWANI,KM15,SIMA,KM153,VOUANI,KM153_0012,MARONTRONI,2021,450
KM,Comores,KM1,NDZUWANI,KM15,SIMA,KM153,VOUANI,KM153_0001,MROMOUHOULI,2021,671
KM,Comores,KM1,NDZUWANI,KM15,SIMA,KM153,VOUANI,KM153_0014,SALAMANI,2021,450
KM,Comores,KM1,NDZUWANI,KM15,SIMA,KM153,VOUANI,KM153_0004,SHITSANGASHELI,2021,171
KM,Comores,KM1,NDZUWANI,KM15,SIMA,KM153,VOUANI,KM153_0005,VASSI,2021,1397
KM,Comores,KM1,NDZUWANI,KM15,SIMA,KM153,VOUANI,KM153_0008,VOUANI,2021,3757
KM,Comores,KM2,NGAZIDJA,KM21,HAMAHAMET MBOINKOU,KM211,MBOINKOU,KM211_0008,BANDAMADJI LA MBOIKOU,2021,755
KM,Comores,KM2,NGAZIDJA,KM21,HAMAHAMET MBOINKOU,KM211,MBOINKOU,KM211_0004,CHEZANI,2021,2904
KM,Comores,KM2,NGAZIDJA,KM21,HAMAHAMET MBOINKOU,KM211,MBOINKOU,KM211_0007,HANTSINDZI,2021,2244
KM,Comores,KM2,NGAZIDJA,KM21,HAMAHAMET MBOINKOU,KM211,MBOINKOU,KM211_0001,MADJEOUENI,2021,1879
KM,Comores,KM2,NGAZIDJA,KM21,HAMAHAMET MBOINKOU,KM211,MBOINKOU,KM211_0005,NDROUDE,2021,2200
KM,Comores,KM2,NGAZIDJA,KM21,HAMAHAMET MBOINKOU,KM211,MBOINKOU,KM211_0006,NIOUMAMILIMA,2021,1425
KM,Comores,KM2,NGAZIDJA,KM21,HAMAHAMET MBOINKOU,KM211,MBOINKOU,KM211_0002,SADANI YA MBOIKOU,2021,659
KM,Comores,KM2,NGAZIDJA,KM21,HAMAHAMET MBOINKOU,KM211,MBOINKOU,KM211_0003,TRELEZINI,2021,584
KM,Comores,KM2,NGAZIDJA,KM21,HAMAHAMET MBOINKOU,KM212,NYUMA MRO,KM212_0005,BAMBADJANI,2021,1312
KM,Comores,KM2,NGAZIDJA,KM21,HAMAHAMET MBOINKOU,KM212,NYUMA MRO,KM212_0001,DIMADJOU YA HAMAHAMET,2021,2555
KM,Comores,KM2,NGAZIDJA,KM21,HAMAHAMET MBOINKOU,KM212,NYUMA MRO,KM212_0009,HADJAMBOU,2021,1352
KM,Comores,KM2,NGAZIDJA,KM21,HAMAHAMET MBOINKOU,KM212,NYUMA MRO,KM212_0007,ITSANDZENI,2021,1964
KM,Comores,KM2,NGAZIDJA,KM21,HAMAHAMET MBOINKOU,KM212,NYUMA MRO,KM212_0010,MBATSE YA HAMAHAMET,2021,246
KM,Comores,KM2,NGAZIDJA,KM21,HAMAHAMET MBOINKOU,KM212,NYUMA MRO,KM212_0003,MDJIHARI,2021,696
KM,Comores,KM2,NGAZIDJA,KM21,HAMAHAMET MBOINKOU,KM212,NYUMA MRO,KM212_0004,MOIDJA,2021,2169
KM,Comores,KM2,NGAZIDJA,KM21,HAMAHAMET MBOINKOU,KM212,NYUMA MRO,KM212_0006,NGOLE,2021,401
KM,Comores,KM2,NGAZIDJA,KM21,HAMAHAMET MBOINKOU,KM212,NYUMA MRO,KM212_0002,NYADOMBWENI,2021,1070
KM,Comores,KM2,NGAZIDJA,KM21,HAMAHAMET MBOINKOU,KM212,NYUMA MRO,KM212_0008,OUELLAH YA HAMAHAMET,2021,745
KM,Comores,KM2,NGAZIDJA,KM21,HAMAHAMET MBOINKOU,KM213,NYUMA MSIRU,KM213_0008,BATOU,2021,727
KM,Comores,KM2,NGAZIDJA,KM21,HAMAHAMET MBOINKOU,KM213,NYUMA MSIRU,KM213_0006,BOUNI,2021,1518
KM,Comores,KM2,NGAZIDJA,KM21,HAMAHAMET MBOINKOU,KM213,NYUMA MSIRU,KM213_0007,HEROUMBILI,2021,1569
KM,Comores,KM2,NGAZIDJA,KM21,HAMAHAMET MBOINKOU,KM213,NYUMA MSIRU,KM213_0010,IFOUNDIHE YA HAMAHAMET,2021,741
KM,Comores,KM2,NGAZIDJA,KM21,HAMAHAMET MBOINKOU,KM213,NYUMA MSIRU,KM213_0009,KOURANI YA HAMAHAMET,2021,141
KM,Comores,KM2,NGAZIDJA,KM21,HAMAHAMET MBOINKOU,KM213,NYUMA MSIRU,KM213_0001,MBENI,2021,5605
KM,Comores,KM2,NGAZIDJA,KM21,HAMAHAMET MBOINKOU,KM213,NYUMA MSIRU,KM213_0011,MNOUNGOU,2021,1335
KM,Comores,KM2,NGAZIDJA,KM21,HAMAHAMET MBOINKOU,KM213,NYUMA MSIRU,KM213_0004,SADA CHIHOUWE,2021,854
KM,Comores,KM2,NGAZIDJA,KM21,HAMAHAMET MBOINKOU,KM213,NYUMA MSIRU,KM213_0005,SADA MHUWAMBOI,2021,216
KM,Comores,KM2,NGAZIDJA,KM21,HAMAHAMET MBOINKOU,KM213,NYUMA MSIRU,KM213_0003,SALIMANI YA HAMAHAMET,2021,673
KM,Comores,KM2,NGAZIDJA,KM21,HAMAHAMET MBOINKOU,KM213,NYUMA MSIRU,KM213_0002,SELEANI,2021,1518
KM,Comores,KM2,NGAZIDJA,KM22,HAMBOU,KM221,DJOUMOIPANGUA,KM221_0004,BAMBANI,2021,1361
KM,Comores,KM2,NGAZIDJA,KM22,HAMBOU,KM221,DJOUMOIPANGUA,KM221_0005,DZAHADJOU,2021,2318
KM,Comores,KM2,NGAZIDJA,KM22,HAMBOU,KM221,DJOUMOIPANGUA,KM221_0003,HETSA,2021,913
KM,Comores,KM2,NGAZIDJA,KM22,HAMBOU,KM221,DJOUMOIPANGUA,KM221_0002,MDJOIEZI,2021,3296
KM,Comores,KM2,NGAZIDJA,KM22,HAMBOU,KM221,DJOUMOIPANGUA,KM221_0001,SINGANI,2021,2314
KM,Comores,KM2,NGAZIDJA,KM22,HAMBOU,KM222,TSINIMOIPANGUA,KM222_0005,BANGOI,2021,3093
KM,Comores,KM2,NGAZIDJA,KM22,HAMBOU,KM222,TSINIMOIPANGUA,KM222_0003,CHOUANI,2021,2832
KM,Comores,KM2,NGAZIDJA,KM22,HAMBOU,KM222,TSINIMOIPANGUA,KM222_0004,DJOUMOICHONGO,2021,1678
KM,Comores,KM2,NGAZIDJA,KM22,HAMBOU,KM222,TSINIMOIPANGUA,KM222_0001,MITSOUDJE,2021,4089
KM,Comores,KM2,NGAZIDJA,KM22,HAMBOU,KM222,TSINIMOIPANGUA,KM222_0006,NKOMIONI,2021,609
KM,Comores,KM2,NGAZIDJA,KM22,HAMBOU,KM222,TSINIMOIPANGUA,KM222_0007,SALIMANI,2021,2139
KM,Comores,KM2,NGAZIDJA,KM22,HAMBOU,KM222,TSINIMOIPANGUA,KM222_0002,TROUMBENI,2021,254
KM,Comores,KM2,NGAZIDJA,KM23,ITSANDRA HAMANVOU,KM231,BANGAANI,KM231_0007,BANDAMADJI LA ITSANDRA,2021,1001
KM,Comores,KM2,NGAZIDJA,KM23,ITSANDRA HAMANVOU,KM231,BANGAANI,KM231_0008,DIMADJOU YA ITSANDRA,2021,1552
KM,Comores,KM2,NGAZIDJA,KM23,ITSANDRA HAMANVOU,KM231,BANGAANI,KM231_0004,DZAHANI LA TSIDJE,2021,8634
KM,Comores,KM2,NGAZIDJA,KM23,ITSANDRA HAMANVOU,KM231,BANGAANI,KM231_0001,ITSANDRA MDJINI,2021,3578
KM,Comores,KM2,NGAZIDJA,KM23,ITSANDRA HAMANVOU,KM231,BANGAANI,KM231_0005,MAOUENI YA ITSANDRA,2021,901
KM,Comores,KM2,NGAZIDJA,KM23,ITSANDRA HAMANVOU,KM231,BANGAANI,KM231_0006,MIRONTSI YA ITSANDRA,2021,479
KM,Comores,KM2,NGAZIDJA,KM23,ITSANDRA HAMANVOU,KM231,BANGAANI,KM231_0002,SALIMANI YA ITSANDRA,2021,3496
KM,Comores,KM2,NGAZIDJA,KM23,ITSANDRA HAMANVOU,KM231,BANGAANI,KM231_0003,SAMBA MBODONI,2021,1517
KM,Comores,KM2,NGAZIDJA,KM23,ITSANDRA HAMANVOU,KM232,DJOUMOICHONGO,KM232_0002,BAHANI,2021,1987
KM,Comores,KM2,NGAZIDJA,KM23,ITSANDRA HAMANVOU,KM232,DJOUMOICHONGO,KM232_0001,DZAHANI II,2021,1600
KM,Comores,KM2,NGAZIDJA,KM23,ITSANDRA HAMANVOU,KM232,DJOUMOICHONGO,KM232_0004,OUELLAH YA ITSANDRA,2021,1389
KM,Comores,KM2,NGAZIDJA,KM23,ITSANDRA HAMANVOU,KM232,DJOUMOICHONGO,KM232_0005,SAMBA KOUNI,2021,2238
KM,Comores,KM2,NGAZIDJA,KM23,ITSANDRA HAMANVOU,KM232,DJOUMOICHONGO,KM232_0003,SIMA,2021,920
KM,Comores,KM2,NGAZIDJA,KM23,ITSANDRA HAMANVOU,KM233,HAMANVOU,KM233_0008,BIBAVOU,2021,1216
KM,Comores,KM2,NGAZIDJA,KM23,ITSANDRA HAMANVOU,KM233,HAMANVOU,KM233_0002,BOENINDI,2021,844
KM,Comores,KM2,NGAZIDJA,KM23,ITSANDRA HAMANVOU,KM233,HAMANVOU,KM233_0007,DIBOINI,2021,1576
KM,Comores,KM2,NGAZIDJA,KM23,ITSANDRA HAMANVOU,KM233,HAMANVOU,KM233_0001,HAHAYA,2021,5016
KM,Comores,KM2,NGAZIDJA,KM23,ITSANDRA HAMANVOU,KM233,HAMANVOU,KM233_0004,MBALENI,2021,202
KM,Comores,KM2,NGAZIDJA,KM23,ITSANDRA HAMANVOU,KM233,HAMANVOU,KM233_0003,MBAMBANI YA HAMANVOU,2021,762
KM,Comores,KM2,NGAZIDJA,KM23,ITSANDRA HAMANVOU,KM233,HAMANVOU,KM233_0006,MBANGANI,2021,1615
KM,Comores,KM2,NGAZIDJA,KM23,ITSANDRA HAMANVOU,KM233,HAMANVOU,KM233_0009,MILEVANI,2021,1345
KM,Comores,KM2,NGAZIDJA,KM23,ITSANDRA HAMANVOU,KM233,HAMANVOU,KM233_0005,OUSSIVO,2021,2498
KM,Comores,KM2,NGAZIDJA,KM23,ITSANDRA HAMANVOU,KM234,ISAHARI,KM234_0002,HANTSAMBOU,2021,1775
KM,Comores,KM2,NGAZIDJA,KM23,ITSANDRA HAMANVOU,KM234,ISAHARI,KM234_0004,MILEMBENI,2021,1082
KM,Comores,KM2,NGAZIDJA,KM23,ITSANDRA HAMANVOU,KM234,ISAHARI,KM234_0001,NTSOUDJINI,2021,4733
KM,Comores,KM2,NGAZIDJA,KM23,ITSANDRA HAMANVOU,KM234,ISAHARI,KM234_0005,ZIVANDANI,2021,1459
KM,Comores,KM2,NGAZIDJA,KM23,ITSANDRA HAMANVOU,KM235,MBADANI,KM235_0001,BATSA ITSANDRA,2021,2919
KM,Comores,KM2,NGAZIDJA,KM23,ITSANDRA HAMANVOU,KM235,MBADANI,KM235_0005,DZAHADJOU LA ITSANDRA,2021,1548
KM,Comores,KM2,NGAZIDJA,KM23,ITSANDRA HAMANVOU,KM235,MBADANI,KM235_0004,MHANDANI,2021,600
KM,Comores,KM2,NGAZIDJA,KM23,ITSANDRA HAMANVOU,KM235,MBADANI,KM235_0003,VANADJOU,2021,1052
KM,Comores,KM2,NGAZIDJA,KM23,ITSANDRA HAMANVOU,KM235,MBADANI,KM235_0002,VANAMBOINI,2021,2282
KM,Comores,KM2,NGAZIDJA,KM23,ITSANDRA HAMANVOU,KM235,MBADANI,KM235_0006,VOUNA MBADANI,2021,857
KM,Comores,KM2,NGAZIDJA,KM24,MBADJINI EST,KM241,DOMBA,KM241_0002,BANDADAOUENI,2021,1645
KM,Comores,KM2,NGAZIDJA,KM24,MBADJINI EST,KM241,DOMBA,KM241_0001,BANDAMADJI LADOMBA,2021,1160
KM,Comores,KM2,NGAZIDJA,KM24,MBADJINI EST,KM241,DOMBA,KM241_0004,OUNGONI,2021,1094
KM,Comores,KM2,NGAZIDJA,KM24,MBADJINI EST,KM241,DOMBA,KM264_0004,PIDJANI,2021,2363
KM,Comores,KM2,NGAZIDJA,KM24,MBADJINI EST,KM241,DOMBA,KM241_0003,TSINIMOIPANGA,2021,2661
KM,Comores,KM2,NGAZIDJA,KM24,MBADJINI EST,KM242,ITSAHIDI,KM242_0007,CHINDINI,2021,1874
KM,Comores,KM2,NGAZIDJA,KM24,MBADJINI EST,KM242,ITSAHIDI,KM242_0009,DZAHADJOU LA MBADJINI,2021,1218
KM,Comores,KM2,NGAZIDJA,KM24,MBADJINI EST,KM242,ITSAHIDI,KM242_0001,FOUMBOUNI,2021,2788
KM,Comores,KM2,NGAZIDJA,KM24,MBADJINI EST,KM242,ITSAHIDI,KM242_0002,KOIMBANI LA MBADJINI,2021,483
KM,Comores,KM2,NGAZIDJA,KM24,MBADJINI EST,KM242,ITSAHIDI,KM242_0003,MALE,2021,2479
KM,Comores,KM2,NGAZIDJA,KM24,MBADJINI EST,KM242,ITSAHIDI,KM242_0004,MIDJENDJENI,2021,450
KM,Comores,KM2,NGAZIDJA,KM24,MBADJINI EST,KM242,ITSAHIDI,KM242_0010,MOHORO,2021,2343
KM,Comores,KM2,NGAZIDJA,KM24,MBADJINI EST,KM242,ITSAHIDI,KM242_0006,NDZOUANI,2021,222
KM,Comores,KM2,NGAZIDJA,KM24,MBADJINI EST,KM242,ITSAHIDI,KM242_0011,NGNOUMADZHA MVOUBARI,2021,2224
KM,Comores,KM2,NGAZIDJA,KM24,MBADJINI EST,KM242,ITSAHIDI,KM242_0005,OUROVENI,2021,1545
KM,Comores,KM2,NGAZIDJA,KM24,MBADJINI EST,KM242,ITSAHIDI,KM242_0008,SIMAMBOINI,2021,1018
KM,Comores,KM2,NGAZIDJA,KM24,MBADJINI EST,KM243,PIMBA,KM243_0004,BANDAMADJI LA KOUBOINI,2021,830
KM,Comores,KM2,NGAZIDJA,KM24,MBADJINI EST,KM243,PIMBA,KM243_0005,DARISSALAMA,2021,567
KM,Comores,KM2,NGAZIDJA,KM24,MBADJINI EST,KM243,PIMBA,KM243_0009,DIDJONI,2021,643
KM,Comores,KM2,NGAZIDJA,KM24,MBADJINI EST,KM243,PIMBA,KM243_0002,INANI,2021,958
KM,Comores,KM2,NGAZIDJA,KM24,MBADJINI EST,KM243,PIMBA,KM243_0010,KOVE,2021,929
KM,Comores,KM2,NGAZIDJA,KM24,MBADJINI EST,KM243,PIMBA,KM243_0006,MLALOI NKOUDJOU,2021,1159
KM,Comores,KM2,NGAZIDJA,KM24,MBADJINI EST,KM243,PIMBA,KM243_0003,NGNAMBENI,2021,1895
KM,Comores,KM2,NGAZIDJA,KM24,MBADJINI EST,KM243,PIMBA,KM243_0007,NGNOUMA MILIMA,2021,3251
KM,Comores,KM2,NGAZIDJA,KM24,MBADJINI EST,KM243,PIMBA,KM243_0008,NKOURANI MKANGA,2021,685
KM,Comores,KM2,NGAZIDJA,KM24,MBADJINI EST,KM243,PIMBA,KM243_0001,SIMBOUSSA YA MBADJINI,2021,2116
KM,Comores,KM2,NGAZIDJA,KM25,MBADJINI OUEST,KM251,NGOUENGOE,KM251_0001,DEMBENI,2021,2341
KM,Comores,KM2,NGAZIDJA,KM25,MBADJINI OUEST,KM251,NGOUENGOE,KM251_0011,ITSOUDZOU,2021,246
KM,Comores,KM2,NGAZIDJA,KM25,MBADJINI OUEST,KM251,NGOUENGOE,KM251_0009,KANDZILE,2021,1328
KM,Comores,KM2,NGAZIDJA,KM25,MBADJINI OUEST,KM251,NGOUENGOE,KM251_0010,MAKORANI,2021,48
KM,Comores,KM2,NGAZIDJA,KM25,MBADJINI OUEST,KM251,NGOUENGOE,KM251_0007,MANDZISSANI,2021,544
KM,Comores,KM2,NGAZIDJA,KM25,MBADJINI OUEST,KM251,NGOUENGOE,KM251_0003,MBOUDE YA MBOINI,2021,611
KM,Comores,KM2,NGAZIDJA,KM25,MBADJINI OUEST,KM251,NGOUENGOE,KM251_0002,MDJAMKAGNOI,2021,987
KM,Comores,KM2,NGAZIDJA,KM25,MBADJINI OUEST,KM251,NGOUENGOE,KM251_0006,MINDRADOU,2021,480
KM,Comores,KM2,NGAZIDJA,KM25,MBADJINI OUEST,KM251,NGOUENGOE,KM251_0004,MLIMANI,2021,204
KM,Comores,KM2,NGAZIDJA,KM25,MBADJINI OUEST,KM251,NGOUENGOE,KM251_0005,PANDA,2021,901
KM,Comores,KM2,NGAZIDJA,KM25,MBADJINI OUEST,KM251,NGOUENGOE,KM251_0008,TSINI MOICHONGO,2021,2414
KM,Comores,KM2,NGAZIDJA,KM25,MBADJINI OUEST,KM252,NIOUMAGAMA,KM252_0004,DIMA,2021,587
KM,Comores,KM2,NGAZIDJA,KM25,MBADJINI OUEST,KM252,NIOUMAGAMA,KM252_0007,DOMONI,2021,841
KM,Comores,KM2,NGAZIDJA,KM25,MBADJINI OUEST,KM252,NIOUMAGAMA,KM252_0008,DZOIDJOU,2021,751
KM,Comores,KM2,NGAZIDJA,KM25,MBADJINI OUEST,KM252,NIOUMAGAMA,KM252_0009,FAMARE,2021,551
KM,Comores,KM2,NGAZIDJA,KM25,MBADJINI OUEST,KM252,NIOUMAGAMA,KM252_0002,IFOUNDIHE CHADJOU,2021,240
KM,Comores,KM2,NGAZIDJA,KM25,MBADJINI OUEST,KM252,NIOUMAGAMA,KM252_0003,IFOUNDIHE CHAMBOINI,2021,1127
KM,Comores,KM2,NGAZIDJA,KM25,MBADJINI OUEST,KM252,NIOUMAGAMA,KM252_0005,NKOURANI YA SIMA,2021,9247
KM,Comores,KM2,NGAZIDJA,KM25,MBADJINI OUEST,KM252,NIOUMAGAMA,KM252_0001,OUZIOINI,2021,2349
KM,Comores,KM2,NGAZIDJA,KM26,MBOUDE,KM265,NYUMAMRO KIBLANI,KM265_0002,CHAMLE,2021,1534
KM,Comores,KM2,NGAZIDJA,KM26,MBOUDE,KM265,NYUMAMRO KIBLANI,KM265_0001,DJOMANI,2021,3701
KM,Comores,KM2,NGAZIDJA,KM26,MBOUDE,KM265,NYUMAMRO KIBLANI,KM265_0007,DOUNIANI,2021,2040
KM,Comores,KM2,NGAZIDJA,KM26,MBOUDE,KM265,NYUMAMRO KIBLANI,KM265_0006,HELINDJE,2021,1993
KM,Comores,KM2,NGAZIDJA,KM26,MBOUDE,KM265,NYUMAMRO KIBLANI,KM265_0009,KOUA,2021,745
KM,Comores,KM2,NGAZIDJA,KM26,MBOUDE,KM265,NYUMAMRO KIBLANI,KM265_0004,MANDZA YA MBOUDE,2021,1780
KM,Comores,KM2,NGAZIDJA,KM26,MBOUDE,KM265,NYUMAMRO KIBLANI,KM265_0005,MDJOIEZI YA MBOUNDE,2021,904
KM,Comores,KM2,NGAZIDJA,KM26,MBOUDE,KM265,NYUMAMRO KIBLANI,KM265_0003,VOUVOUNI YA MBOUNDE,2021,518
KM,Comores,KM2,NGAZIDJA,KM26,MBOUDE,KM266,NYUMAMRO SOUHEILI,KM266_0003,DJONGOE,2021,968
KM,Comores,KM2,NGAZIDJA,KM26,MBOUDE,KM266,NYUMAMRO SOUHEILI,KM266_0007,DOMOIDJOU,2021,1002
KM,Comores,KM2,NGAZIDJA,KM26,MBOUDE,KM266,NYUMAMRO SOUHEILI,KM266_0008,DOMOIMBOINI,2021,483
KM,Comores,KM2,NGAZIDJA,KM26,MBOUDE,KM266,NYUMAMRO SOUHEILI,KM266_0002,IVEMBENI,2021,4310
KM,Comores,KM2,NGAZIDJA,KM26,MBOUDE,KM266,NYUMAMRO SOUHEILI,KM266_0004,MAOUENI YA MBOUDE,2021,1361
KM,Comores,KM2,NGAZIDJA,KM26,MBOUDE,KM266,NYUMAMRO SOUHEILI,KM266_0009,MOIDJA YA MBOUDE,2021,629
KM,Comores,KM2,NGAZIDJA,KM26,MBOUDE,KM266,NYUMAMRO SOUHEILI,KM266_0001,NTSAOUENI,2021,3542
KM,Comores,KM2,NGAZIDJA,KM26,MBOUDE,KM266,NYUMAMRO SOUHEILI,KM266_0006,NTSORALE YA MBOUDE,2021,737
KM,Comores,KM2,NGAZIDJA,KM26,MBOUDE,KM266,NYUMAMRO SOUHEILI,KM266_0005,SIMBOUSSA YA MBOUDE,2021,359
KM,Comores,KM2,NGAZIDJA,KM26,MITSAMIOULI,KM261,CEMBENOI LAC SALE,KM261_0001,BANGOIKOUNI,2021,2737
KM,Comores,KM2,NGAZIDJA,KM26,MITSAMIOULI,KM261,CEMBENOI LAC SALE,KM261_0002,BATSA YA MITSAMIHOULI,2021,1301
KM,Comores,KM2,NGAZIDJA,KM26,MITSAMIOULI,KM261,CEMBENOI LAC SALE,KM261_0004,IVOINI,2021,1749
KM,Comores,KM2,NGAZIDJA,KM26,MITSAMIOULI,KM261,CEMBENOI LAC SALE,KM261_0003,OUZIO,2021,2877
KM,Comores,KM2,NGAZIDJA,KM26,MITSAMIOULI,KM262,CEMBENOI SADA DJOULAMLIMA,KM265_0009,KOUA,2021,1645
KM,Comores,KM2,NGAZIDJA,KM26,MITSAMIOULI,KM262,CEMBENOI SADA DJOULAMLIMA,KM262_0004,OUELLAH YA MITSAMIHOULI,2021,4615
KM,Comores,KM2,NGAZIDJA,KM26,MITSAMIOULI,KM262,CEMBENOI SADA DJOULAMLIMA,KM262_0001,OUEMANI,2021,707
KM,Comores,KM2,NGAZIDJA,KM26,MITSAMIOULI,KM263,MITSAMIOULI,KM263_0003,FASSI,2021,502
KM,Comores,KM2,NGAZIDJA,KM26,MITSAMIOULI,KM263,MITSAMIOULI,KM263_0002,HADAWA,2021,623
KM,Comores,KM2,NGAZIDJA,KM26,MITSAMIOULI,KM263,MITSAMIOULI,KM263_0001,MEMBOI - BOINI,2021,941
KM,Comores,KM2,NGAZIDJA,KM26,MITSAMIOULI,KM263,MITSAMIOULI,KM263_0004,MITSAMIHOULI,2021,5427
KM,Comores,KM2,NGAZIDJA,KM26,MITSAMIOULI,KM263,MITSAMIOULI,KM263_0006,NDZAOUZE,2021,2946
KM,Comores,KM2,NGAZIDJA,KM26,MITSAMIOULI,KM263,MITSAMIOULI,KM263_0005,NKOURANI YA MITSAMIHOULI,2021,390
KM,Comores,KM2,NGAZIDJA,KM26,MITSAMIOULI,KM264,NYUMA KOMO,KM264_0001,BANGOI MAFUSA NKOA,2021,724
KM,Comores,KM2,NGAZIDJA,KM26,MITSAMIOULI,KM264,NYUMA KOMO,KM264_0008,FOUNGA,2021,1007
KM,Comores,KM2,NGAZIDJA,KM26,MITSAMIOULI,KM264,NYUMA KOMO,KM264_0002,MEMBOI - DJOU,2021,1762
KM,Comores,KM2,NGAZIDJA,KM26,MITSAMIOULI,KM264,NYUMA KOMO,KM264_0007,NTSADJENI,2021,1844
KM,Comores,KM2,NGAZIDJA,KM26,MITSAMIOULI,KM264,NYUMA KOMO,KM264_0009,OUHOZI,2021,1316
KM,Comores,KM2,NGAZIDJA,KM26,MITSAMIOULI,KM264,NYUMA KOMO,KM264_0004,PIDJANI,2021,641
KM,Comores,KM2,NGAZIDJA,KM26,MITSAMIOULI,KM264,NYUMA KOMO,KM264_0005,SONGOMANI,2021,514
KM,Comores,KM2,NGAZIDJA,KM26,MITSAMIOULI,KM264,NYUMA KOMO,KM264_0006,TOIYFA,2021,516
KM,Comores,KM2,NGAZIDJA,KM27,MORONI BAMBAO,KM273,BAMBAO YA DJOU,KM273_0002,M'VOUNI,2021,5878
KM,Comores,KM2,NGAZIDJA,KM27,MORONI BAMBAO,KM273,BAMBAO YA DJOU,KM273_0003,MAVINGOUNI,2021,1930
KM,Comores,KM2,NGAZIDJA,KM27,MORONI BAMBAO,KM273,BAMBAO YA DJOU,KM273_0001,MKAZI,2021,6977
KM,Comores,KM2,NGAZIDJA,KM27,MORONI BAMBAO,KM271,BAMBAO YA HARI,KM271_0010,BOENI YA BAMBAO,2021,2280
KM,Comores,KM2,NGAZIDJA,KM27,MORONI BAMBAO,KM271,BAMBAO YA HARI,KM271_0007,DAOUENI,2021,415
KM,Comores,KM2,NGAZIDJA,KM27,MORONI BAMBAO,KM271,BAMBAO YA HARI,KM283_0003,DZAHANI,2021,741
KM,Comores,KM2,NGAZIDJA,KM27,MORONI BAMBAO,KM271,BAMBAO YA HARI,KM271_0002,M'DE,2021,7127
KM,Comores,KM2,NGAZIDJA,KM27,MORONI BAMBAO,KM271,BAMBAO YA HARI,KM271_0006,MBOUDADJOU,2021,1128
KM,Comores,KM2,NGAZIDJA,KM27,MORONI BAMBAO,KM271,BAMBAO YA HARI,KM271_0005,MOIDZAZA DJOUMBE,2021,506
KM,Comores,KM2,NGAZIDJA,KM27,MORONI BAMBAO,KM271,BAMBAO YA HARI,KM271_0004,NIOUMADZAHA,2021,3522
KM,Comores,KM2,NGAZIDJA,KM27,MORONI BAMBAO,KM271,BAMBAO YA HARI,KM271_0003,SELEA,2021,2337
KM,Comores,KM2,NGAZIDJA,KM27,MORONI BAMBAO,KM271,BAMBAO YA HARI,KM271_0001,VOUVOUNI,2021,4739
KM,Comores,KM2,NGAZIDJA,KM27,MORONI BAMBAO,KM272,BAMBAO YA MBOINI,KM272_0001,ICONI,2021,5984
KM,Comores,KM2,NGAZIDJA,KM27,MORONI BAMBAO,KM272,BAMBAO YA MBOINI,KM272_0002,MBACHILE,2021,1834
KM,Comores,KM2,NGAZIDJA,KM27,MORONI BAMBAO,KM272,BAMBAO YA MBOINI,KM272_0003,MOIDZAZA - MBOINI,2021,3101
KM,Comores,KM2,NGAZIDJA,KM27,MORONI BAMBAO,KM272,BAMBAO YA MBOINI,KM272_0004,NDROUANI,2021,1504
KM,Comores,KM2,NGAZIDJA,KM27,MORONI BAMBAO,KM272,BAMBAO YA MBOINI,KM272_0005,SEREHINI,2021,812
KM,Comores,KM2,NGAZIDJA,KM27,MORONI BAMBAO,KM274,MORONI,KM274_0001,MORONI,2021,81706
KM,Comores,KM2,NGAZIDJA,KM28,OICHILI DIMANI,KM281,DIMANI,KM281_0002,FOUMBOU DZIVOUNI,2021,486
KM,Comores,KM2,NGAZIDJA,KM28,OICHILI DIMANI,KM281,DIMANI,KM281_0007,IDJINKOUNDZI,2021,2643
KM,Comores,KM2,NGAZIDJA,KM28,OICHILI DIMANI,KM281,DIMANI,KM281_0006,IDJOINDRADJA,2021,207
KM,Comores,KM2,NGAZIDJA,KM28,OICHILI DIMANI,KM281,DIMANI,KM281_0005,MADJOMA,2021,597
KM,Comores,KM2,NGAZIDJA,KM28,OICHILI DIMANI,KM281,DIMANI,KM281_0008,MAOUENI DIMANI,2021,1639
KM,Comores,KM2,NGAZIDJA,KM28,OICHILI DIMANI,KM281,DIMANI,KM281_0003,MBOUDE,2021,705
KM,Comores,KM2,NGAZIDJA,KM28,OICHILI DIMANI,KM281,DIMANI,KM281_0004,MIDJINDZE,2021,169
KM,Comores,KM2,NGAZIDJA,KM28,OICHILI DIMANI,KM281,DIMANI,KM281_0009,MIRERENI,2021,568
KM,Comores,KM2,NGAZIDJA,KM28,OICHILI DIMANI,KM281,DIMANI,KM281_0001,MTSANGADJOU,2021,1401
KM,Comores,KM2,NGAZIDJA,KM28,OICHILI DIMANI,KM281,DIMANI,KM281_0010,NTSORALE,2021,2677
KM,Comores,KM2,NGAZIDJA,KM28,OICHILI DIMANI,KM281,DIMANI,KM281_0012,REHEMANI,2021,440
KM,Comores,KM2,NGAZIDJA,KM28,OICHILI DIMANI,KM281,DIMANI,KM281_0011,SIDJOU,2021,942
KM,Comores,KM2,NGAZIDJA,KM28,OICHILI DIMANI,KM283,OICHILI YABOINI,KM283_0003,DZAHANI,2021,724
KM,Comores,KM2,NGAZIDJA,KM28,OICHILI DIMANI,KM283,OICHILI YABOINI,KM283_0006,HAMBOU,2021,1087
KM,Comores,KM2,NGAZIDJA,KM28,OICHILI DIMANI,KM283,OICHILI YABOINI,KM283_0007,HASSENDJE,2021,319
KM,Comores,KM2,NGAZIDJA,KM28,OICHILI DIMANI,KM283,OICHILI YABOINI,KM283_0001,ITSINKOUDI,2021,2672
KM,Comores,KM2,NGAZIDJA,KM28,OICHILI DIMANI,KM283,OICHILI YABOINI,KM283_0004,KOUHANI,2021,523
KM,Comores,KM2,NGAZIDJA,KM28,OICHILI DIMANI,KM283,OICHILI YABOINI,KM283_0005,MTSAMDU,2021,1263
KM,Comores,KM2,NGAZIDJA,KM28,OICHILI DIMANI,KM282,OICHILI YADJOU,KM282_0003,BOENI YAWACHILI,2021,944
KM,Comores,KM2,NGAZIDJA,KM28,OICHILI DIMANI,KM282,OICHILI YADJOU,KM282_0009,CHAMRO,2021,173
KM,Comores,KM2,NGAZIDJA,KM28,OICHILI DIMANI,KM282,OICHILI YADJOU,KM282_0007,CHOMONI,2021,892
KM,Comores,KM2,NGAZIDJA,KM28,OICHILI DIMANI,KM282,OICHILI YADJOU,KM282_0004,DZAHADJOU YA WACHILI,2021,1140
KM,Comores,KM2,NGAZIDJA,KM28,OICHILI DIMANI,KM282,OICHILI YADJOU,KM282_0002,IROHE,2021,1037
KM,Comores,KM2,NGAZIDJA,KM28,OICHILI DIMANI,KM282,OICHILI YADJOU,KM282_0001,KOIMBANI YA WACHILI,2021,3199
KM,Comores,KM2,NGAZIDJA,KM28,OICHILI DIMANI,KM282,OICHILI YADJOU,KM282_0005,SADA,2021,389
KM,Comores,KM2,NGAZIDJA,KM28,OICHILI DIMANI,KM282,OICHILI YADJOU,KM282_0006,SADANI,2021,672
KM,Comores,KM2,NGAZIDJA,KM28,OICHILI DIMANI,KM282,OICHILI YADJOU,KM282_0008,SAMBA MADI,2021,117
KM,Comores,KM2,NGAZIDJA,KM28,OICHILI DIMANI,KM282,OICHILI YADJOU,KM282_0010,SIMA YA WACHILI,2021,1122
KM,Comores,KM3,MWALI,KM31,DJANDO,KM311,DJANDO,KM311_0006,HAGNAMOIDA,2022,955
KM,Comores,KM3,MWALI,KM31,DJANDO,KM311,DJANDO,KM311_0008,HAMAVOUNA,2022,1550
KM,Comores,KM3,MWALI,KM31,DJANDO,KM311,DJANDO,KM311_0007,ITSAMIA,2022,473
KM,Comores,KM3,MWALI,KM31,DJANDO,KM311,DJANDO,KM121_0005,KANGANI,2022,1586
KM,Comores,KM3,MWALI,KM31,DJANDO,KM311,DJANDO,KM311_0003,MLANBANDA,2022,476
KM,Comores,KM3,MWALI,KM31,DJANDO,KM311,DJANDO,KM311_0002,WANANI,2022,3847
KM,Comores,KM3,MWALI,KM31,DJANDO,KM311,DJANDO,KM311_0001,ZIROUDANI,2022,2041
KM,Comores,KM3,MWALI,KM32,FOMBONI,KM321,FOMBONI,KM321_0001,FOMBONI,2022,20211
KM,Comores,KM3,MWALI,KM32,FOMBONI,KM322,MOILI MDJINI,KM322_0002,BANDAR SALAMA,2022,2820
KM,Comores,KM3,MWALI,KM32,FOMBONI,KM322,MOILI MDJINI,KM322_0003,DJOIEZI,2022,3439
KM,Comores,KM3,MWALI,KM32,FOMBONI,KM322,MOILI MDJINI,KM322_0001,MBOIGOMA,2022,2402
KM,Comores,KM3,MWALI,KM32,FOMBONI,KM323,MOINBASSA,KM252_0007,DOMONI,2022,302
KM,Comores,KM3,MWALI,KM32,FOMBONI,KM323,MOINBASSA,KM323_0002,HOANI,2022,2570
KM,Comores,KM3,MWALI,KM32,FOMBONI,KM323,MOINBASSA,KM323_0001,M'BATSE,2022,4297
KM,Comores,KM3,MWALI,KM33,NIOUMACHOUA,KM331,MLEDJELE,KM331_0001,MIREMANI,2022,337
KM,Comores,KM3,MWALI,KM33,NIOUMACHOUA,KM331,MLEDJELE,KM331_0004,NDREMEANI,2022,67
KM,Comores,KM3,MWALI,KM33,NIOUMACHOUA,KM331,MLEDJELE,KM331_0002,NDRONDRONI,2022,4956
KM,Comores,KM3,MWALI,KM33,NIOUMACHOUA,KM331,MLEDJELE,KM331_0003,NIOUMACHOUA,2022,3891
KM,Comores,KM3,MWALI,KM33,NIOUMACHOUA,KM332,MOIMBAO,KM143_0003,BARAKANI,2022,1099
KM,Comores,KM3,MWALI,KM33,NIOUMACHOUA,KM332,MOIMBAO,KM332_0001,HAMBA,2022,284
KM,Comores,KM3,MWALI,KM33,NIOUMACHOUA,KM332,MOIMBAO,KM332_0004,MIRINGONI,2022,1177
KM,Comores,KM3,MWALI,KM33,NIOUMACHOUA,KM332,MOIMBAO,KM332_0005,WALLAH 1,2022,521
KM,Comores,KM3,MWALI,KM33,NIOUMACHOUA,KM332,MOIMBAO,KM332_0006,WALLAH 2,2022,976
KM,Comores,KM1,NDZUWANI,KM11,DOMONI,KM111,BAMBAO MSTANGA,KM111_0001,BAMBAO MTSANGA,2022,5703
KM,Comores,KM1,NDZUWANI,KM11,DOMONI,KM111,BAMBAO MSTANGA,KM111_0004,MAHALE,2022,4072
KM,Comores,KM1,NDZUWANI,KM11,DOMONI,KM111,BAMBAO MSTANGA,KM111_0002,MROMAJI,2022,3154
KM,Comores,KM1,NDZUWANI,KM11,DOMONI,KM111,BAMBAO MSTANGA,KM111_0003,ONGONI,2022,2705
KM,Comores,KM1,NDZUWANI,KM11,DOMONI,KM112,DOMONI,KM112_0004,BWELADUGU,2022,849
KM,Comores,KM1,NDZUWANI,KM11,DOMONI,KM112,DOMONI,KM252_0007,DOMONI,2022,13936
KM,Comores,KM1,NDZUWANI,KM11,DOMONI,KM112,DOMONI,KM112_0003,LIMBI,2022,2964
KM,Comores,KM1,NDZUWANI,KM11,DOMONI,KM113,JIMLIME,KM113_0003,HAJOHO,2022,4290
KM,Comores,KM1,NDZUWANI,KM11,DOMONI,KM113,JIMLIME,KM113_0001,HAREMBO I,2022,660
KM,Comores,KM1,NDZUWANI,KM11,DOMONI,KM113,JIMLIME,KM113_0002,HAREMBO II,2022,1109
KM,Comores,KM1,NDZUWANI,KM11,DOMONI,KM113,JIMLIME,KM113_0004,JIMLIME,2022,6967
KM,Comores,KM1,NDZUWANI,KM11,DOMONI,KM114,KONI,KM114_0004,GEGE,2022,1266
KM,Comores,KM1,NDZUWANI,KM11,DOMONI,KM114,KONI,KM114_0003,HACHIPENDA,2022,2139
KM,Comores,KM1,NDZUWANI,KM11,DOMONI,KM114,KONI,KM114_0001,KONI DJODJO,2022,12170
KM,Comores,KM1,NDZUWANI,KM11,DOMONI,KM114,KONI,KM114_0002,KONI NGANI,2022,5866
KM,Comores,KM1,NDZUWANI,KM11,DOMONI,KM115,NGADZALE,KM115_0001,NGADZALE,2022,6268
KM,Comores,KM1,NDZUWANI,KM11,DOMONI,KM115,NGADZALE,KM115_0002,OUTSA,2022,824
KM,Comores,KM1,NDZUWANI,KM11,DOMONI,KM115,NGADZALE,KM115_0005,OUZINI,2022,1997
KM,Comores,KM1,NDZUWANI,KM11,DOMONI,KM115,NGADZALE,KM153_0014,SALAMANI,2022,2417
KM,Comores,KM1,NDZUWANI,KM16,MOYA,KM151,MOYA,KM151_0002,KOWET,2022,2384
KM,Comores,KM1,NDZUWANI,KM16,MOYA,KM151,MOYA,KM151_0005,LINGONI,2022,5613
KM,Comores,KM1,NDZUWANI,KM16,MOYA,KM151,MOYA,KM151_0007,MAWENI,2022,901
KM,Comores,KM1,NDZUWANI,KM16,MOYA,KM151,MOYA,KM151_0001,MOYA,2022,10196
KM,Comores,KM1,NDZUWANI,KM16,MOYA,KM151,MOYA,KM151_0004,NINDRI,2022,3488
KM,Comores,KM1,NDZUWANI,KM16,MOYA,KM151,MOYA,KM151_0003,POMONI,2022,4809
KM,Comores,KM1,NDZUWANI,KM12,MREMANI,KM121,ADDA,KM121_0001,ADDA DAWENI,2022,12991
KM,Comores,KM1,NDZUWANI,KM12,MREMANI,KM121,ADDA,KM121_0002,DJANZA,2022,941
KM,Comores,KM1,NDZUWANI,KM12,MREMANI,KM121,ADDA,KM121_0005,KANGANI,2022,5549
KM,Comores,KM1,NDZUWANI,KM12,MREMANI,KM121,ADDA,KM121_0003,MAGNASSINI,2022,4895
KM,Comores,KM1,NDZUWANI,KM12,MREMANI,KM123,MRAMANI,KM123_0004,DZIANII,2022,2222
KM,Comores,KM1,NDZUWANI,KM12,MREMANI,KM123,MRAMANI,KM123_0002,HANTSAHII,2022,1678
KM,Comores,KM1,NDZUWANI,KM12,MREMANI,KM123,MRAMANI,KM123_0001,MRAMANI,2022,4591
KM,Comores,KM1,NDZUWANI,KM12,MREMANI,KM123,MRAMANI,KM123_0003,NYAMBOIMRO,2022,2359
KM,Comores,KM1,NDZUWANI,KM12,MREMANI,KM124,MREMANI,KM124_0002,BANDA KOUNI,2022,4205
KM,Comores,KM1,NDZUWANI,KM12,MREMANI,KM124,MREMANI,KM124_0004,DAJI,2022,3545
KM,Comores,KM1,NDZUWANI,KM12,MREMANI,KM124,MREMANI,KM124_0001,MREMANI,2022,6207
KM,Comores,KM1,NDZUWANI,KM12,MREMANI,KM124,MREMANI,KM124_0003,MRIDJOU,2022,3978
KM,Comores,KM1,NDZUWANI,KM12,MREMANI,KM125,ONGOJOU,KM125_0002,KIYO,2022,1877
KM,Comores,KM1,NDZUWANI,KM12,MREMANI,KM125,ONGOJOU,KM125_0003,KOMONI,2022,3040
KM,Comores,KM1,NDZUWANI,KM12,MREMANI,KM125,ONGOJOU,KM125_0004,MIRONDRONI,2022,462
KM,Comores,KM1,NDZUWANI,KM12,MREMANI,KM125,ONGOJOU,KM125_0001,ONGODJOU,2022,7155
KM,Comores,KM1,NDZUWANI,KM12,MREMANI,KM125,ONGOJOU,KM125_0005,TRINDRINI,2022,182
KM,Comores,KM1,NDZUWANI,KM12,MREMANI,KM122,SHAWENI,KM122_0002,HAMCHACO,2022,2208
KM,Comores,KM1,NDZUWANI,KM12,MREMANI,KM122,SHAWENI,KM122_0005,MNADZICHOUMWE,2022,1145
KM,Comores,KM1,NDZUWANI,KM12,MREMANI,KM122,SHAWENI,KM122_0004,NOUNGA,2022,495
KM,Comores,KM1,NDZUWANI,KM12,MREMANI,KM122,SHAWENI,KM122_0003,SADAPOINI,2022,3313
KM,Comores,KM1,NDZUWANI,KM12,MREMANI,KM122,SHAWENI,KM122_0001,SHAWENI,2022,1228
KM,Comores,KM1,NDZUWANI,KM13,MUTSAMUDU,KM131,BANDRANI YA CHIRONKAMBA,KM131_0002,ANKIBANI,2022,2466
KM,Comores,KM1,NDZUWANI,KM13,MUTSAMUDU,KM131,BANDRANI YA CHIRONKAMBA,KM131_0008,BANDRADJOU,2022,2096
KM,Comores,KM1,NDZUWANI,KM13,MUTSAMUDU,KM131,BANDRANI YA CHIRONKAMBA,KM131_0006,CHICONI 2,2022,155
KM,Comores,KM1,NDZUWANI,KM13,MUTSAMUDU,KM131,BANDRANI YA CHIRONKAMBA,KM131_0003,CHIRONKAMBA,2022,2281
KM,Comores,KM1,NDZUWANI,KM13,MUTSAMUDU,KM131,BANDRANI YA CHIRONKAMBA,KM151_0007,MAWENI,2022,912
KM,Comores,KM1,NDZUWANI,KM13,MUTSAMUDU,KM131,BANDRANI YA CHIRONKAMBA,KM131_0001,MDJIMANDRA,2022,3062
KM,Comores,KM1,NDZUWANI,KM13,MUTSAMUDU,KM131,BANDRANI YA CHIRONKAMBA,KM131_0007,MPOUZINI,2022,71
KM,Comores,KM1,NDZUWANI,KM13,MUTSAMUDU,KM132,Commune BANDRANI YA MITSANGANI,KM132_0001,BANDRANI MTSANGANI,2022,2181
KM,Comores,KM1,NDZUWANI,KM13,MUTSAMUDU,KM132,Commune BANDRANI YA MITSANGANI,KM132_0002,CHITROUNI,2022,1425
KM,Comores,KM1,NDZUWANI,KM13,MUTSAMUDU,KM132,Commune BANDRANI YA MITSANGANI,KM132_0004,MDJAMAOUE,2022,1963
KM,Comores,KM1,NDZUWANI,KM13,MUTSAMUDU,KM132,Commune BANDRANI YA MITSANGANI,KM132_0003,SAANDANI,2022,2604
KM,Comores,KM1,NDZUWANI,KM13,MUTSAMUDU,KM133,MIRONTSI,KM133_0001,MIRONTSI,2022,13590
KM,Comores,KM1,NDZUWANI,KM13,MUTSAMUDU,KM134,MUTSAMUDU,KM134_0005,CHICONI1,2022,5
KM,Comores,KM1,NDZUWANI,KM13,MUTSAMUDU,KM134,MUTSAMUDU,KM134_0001,MUTSAMUDU,2022,29877
KM,Comores,KM1,NDZUWANI,KM13,MUTSAMUDU,KM134,MUTSAMUDU,KM134_0003,MWAMWA I,2022,2162
KM,Comores,KM1,NDZUWANI,KM13,MUTSAMUDU,KM134,MUTSAMUDU,KM134_0004,MWAMWA II,2022,910
KM,Comores,KM1,NDZUWANI,KM13,MUTSAMUDU,KM134,MUTSAMUDU,KM134_0002,PAJE,2022,6714
KM,Comores,KM1,NDZUWANI,KM14,OUANI,KM141,BAMBAO MTROUNI,KM141_0003,CHANDRA,2022,5631
KM,Comores,KM1,NDZUWANI,KM14,OUANI,KM141,BAMBAO MTROUNI,KM141_0002,DINDRI,2022,11760
KM,Comores,KM1,NDZUWANI,KM14,OUANI,KM141,BAMBAO MTROUNI,KM141_0001,TSEMBEHOU,2022,14288
KM,Comores,KM1,NDZUWANI,KM14,OUANI,KM142,BAZIMINI,KM142_0001,BAZIMINI,2022,9325
KM,Comores,KM1,NDZUWANI,KM14,OUANI,KM142,BAZIMINI,KM142_0002,KOKI,2022,7223
KM,Comores,KM1,NDZUWANI,KM14,OUANI,KM142,BAZIMINI,KM142_0003,PATSY,2022,4407
KM,Comores,KM1,NDZUWANI,KM14,OUANI,KM143,OUANI,KM143_0003,BARAKANI,2022,7981
KM,Comores,KM1,NDZUWANI,KM14,OUANI,KM143,OUANI,KM143_0004,GNATRANGA,2022,3732
KM,Comores,KM1,NDZUWANI,KM14,OUANI,KM143,OUANI,KM143_0001,OUANI,2022,11447
KM,Comores,KM1,NDZUWANI,KM14,OUANI,KM143,OUANI,KM143_0005,TANAMBAO,2022,2388
KM,Comores,KM1,NDZUWANI,KM15,SIMA,KM152,SIMA,KM152_0003,BIMBINI,2022,2027
KM,Comores,KM1,NDZUWANI,KM15,SIMA,KM152,SIMA,KM152_0004,BOUNGOUENI,2022,4010
KM,Comores,KM1,NDZUWANI,KM15,SIMA,KM152,SIMA,KM152_0002,KAVANI,2022,2464
KM,Comores,KM1,NDZUWANI,KM15,SIMA,KM152,SIMA,KM234_0004,MILEMBENI,2022,825
KM,Comores,KM1,NDZUWANI,KM15,SIMA,KM152,SIMA,KM152_0005,MIRONGANI,2022,1655
KM,Comores,KM1,NDZUWANI,KM15,SIMA,KM152,SIMA,KM232_0003,SIMA,2022,8786
KM,Comores,KM1,NDZUWANI,KM15,SIMA,KM153,VOUANI,KM153_0010,BANDRANI YA VOUANI,2022,1912
KM,Comores,KM1,NDZUWANI,KM15,SIMA,KM153,VOUANI,KM153_0011,CHIROVE,2022,300
KM,Comores,KM1,NDZUWANI,KM15,SIMA,KM153,VOUANI,KM153_0009,DAR SALAMA,2022,1525
KM,Comores,KM1,NDZUWANI,KM15,SIMA,KM153,VOUANI,KM153_0007,DZINDRI I,2022,2879
KM,Comores,KM1,NDZUWANI,KM15,SIMA,KM153,VOUANI,KM153_0003,HASSIMPAO,2022,1739
KM,Comores,KM1,NDZUWANI,KM15,SIMA,KM153,VOUANI,KM153_0006,IMERE,2022,508
KM,Comores,KM1,NDZUWANI,KM15,SIMA,KM153,VOUANI,KM153_0015,IMERE YA GAWANI,2022,842
KM,Comores,KM1,NDZUWANI,KM15,SIMA,KM153,VOUANI,KM153_0002,MARAHARE,2022,2234
KM,Comores,KM1,NDZUWANI,KM15,SIMA,KM153,VOUANI,KM153_0012,MARONTRONI,2022,462
KM,Comores,KM1,NDZUWANI,KM15,SIMA,KM153,VOUANI,KM153_0001,MROMOUHOULI,2022,689
KM,Comores,KM1,NDZUWANI,KM15,SIMA,KM153,VOUANI,KM153_0014,SALAMANI,2022,462
KM,Comores,KM1,NDZUWANI,KM15,SIMA,KM153,VOUANI,KM153_0004,SHITSANGASHELI,2022,176
KM,Comores,KM1,NDZUWANI,KM15,SIMA,KM153,VOUANI,KM153_0005,VASSI,2022,1433
KM,Comores,KM1,NDZUWANI,KM15,SIMA,KM153,VOUANI,KM153_0008,VOUANI,2022,3854
KM,Comores,KM2,NGAZIDJA,KM21,HAMAHAMET MBOINKOU,KM211,MBOINKOU,KM211_0008,BANDAMADJI LA MBOIKOU,2022,773
KM,Comores,KM2,NGAZIDJA,KM21,HAMAHAMET MBOINKOU,KM211,MBOINKOU,KM211_0004,CHEZANI,2022,2972
KM,Comores,KM2,NGAZIDJA,KM21,HAMAHAMET MBOINKOU,KM211,MBOINKOU,KM211_0007,HANTSINDZI,2022,2297
KM,Comores,KM2,NGAZIDJA,KM21,HAMAHAMET MBOINKOU,KM211,MBOINKOU,KM211_0001,MADJEOUENI,2022,1923
KM,Comores,KM2,NGAZIDJA,KM21,HAMAHAMET MBOINKOU,KM211,MBOINKOU,KM211_0005,NDROUDE,2022,2252
KM,Comores,KM2,NGAZIDJA,KM21,HAMAHAMET MBOINKOU,KM211,MBOINKOU,KM211_0006,NIOUMAMILIMA,2022,1459
KM,Comores,KM2,NGAZIDJA,KM21,HAMAHAMET MBOINKOU,KM211,MBOINKOU,KM211_0002,SADANI YA MBOIKOU,2022,675
KM,Comores,KM2,NGAZIDJA,KM21,HAMAHAMET MBOINKOU,KM211,MBOINKOU,KM211_0003,TRELEZINI,2022,597
KM,Comores,KM2,NGAZIDJA,KM21,HAMAHAMET MBOINKOU,KM212,NYUMA MRO,KM212_0005,BAMBADJANI,2022,1342
KM,Comores,KM2,NGAZIDJA,KM21,HAMAHAMET MBOINKOU,KM212,NYUMA MRO,KM212_0001,DIMADJOU YA HAMAHAMET,2022,2614
KM,Comores,KM2,NGAZIDJA,KM21,HAMAHAMET MBOINKOU,KM212,NYUMA MRO,KM212_0009,HADJAMBOU,2022,1384
KM,Comores,KM2,NGAZIDJA,KM21,HAMAHAMET MBOINKOU,KM212,NYUMA MRO,KM212_0007,ITSANDZENI,2022,2010
KM,Comores,KM2,NGAZIDJA,KM21,HAMAHAMET MBOINKOU,KM212,NYUMA MRO,KM212_0010,MBATSE YA HAMAHAMET,2022,252
KM,Comores,KM2,NGAZIDJA,KM21,HAMAHAMET MBOINKOU,KM212,NYUMA MRO,KM212_0003,MDJIHARI,2022,713
KM,Comores,KM2,NGAZIDJA,KM21,HAMAHAMET MBOINKOU,KM212,NYUMA MRO,KM212_0004,MOIDJA,2022,2220
KM,Comores,KM2,NGAZIDJA,KM21,HAMAHAMET MBOINKOU,KM212,NYUMA MRO,KM212_0006,NGOLE,2022,411
KM,Comores,KM2,NGAZIDJA,KM21,HAMAHAMET MBOINKOU,KM212,NYUMA MRO,KM212_0002,NYADOMBWENI,2022,1095
KM,Comores,KM2,NGAZIDJA,KM21,HAMAHAMET MBOINKOU,KM212,NYUMA MRO,KM212_0008,OUELLAH YA HAMAHAMET,2022,763
KM,Comores,KM2,NGAZIDJA,KM21,HAMAHAMET MBOINKOU,KM213,NYUMA MSIRU,KM213_0008,BATOU,2022,744
KM,Comores,KM2,NGAZIDJA,KM21,HAMAHAMET MBOINKOU,KM213,NYUMA MSIRU,KM213_0006,BOUNI,2022,1554
KM,Comores,KM2,NGAZIDJA,KM21,HAMAHAMET MBOINKOU,KM213,NYUMA MSIRU,KM213_0007,HEROUMBILI,2022,1605
KM,Comores,KM2,NGAZIDJA,KM21,HAMAHAMET MBOINKOU,KM213,NYUMA MSIRU,KM213_0010,IFOUNDIHE YA HAMAHAMET,2022,759
KM,Comores,KM2,NGAZIDJA,KM21,HAMAHAMET MBOINKOU,KM213,NYUMA MSIRU,KM213_0009,KOURANI YA HAMAHAMET,2022,144
KM,Comores,KM2,NGAZIDJA,KM21,HAMAHAMET MBOINKOU,KM213,NYUMA MSIRU,KM213_0001,MBENI,2022,5737
KM,Comores,KM2,NGAZIDJA,KM21,HAMAHAMET MBOINKOU,KM213,NYUMA MSIRU,KM213_0011,MNOUNGOU,2022,1366
KM,Comores,KM2,NGAZIDJA,KM21,HAMAHAMET MBOINKOU,KM213,NYUMA MSIRU,KM213_0004,SADA CHIHOUWE,2022,874
KM,Comores,KM2,NGAZIDJA,KM21,HAMAHAMET MBOINKOU,KM213,NYUMA MSIRU,KM213_0005,SADA MHUWAMBOI,2022,222
KM,Comores,KM2,NGAZIDJA,KM21,HAMAHAMET MBOINKOU,KM213,NYUMA MSIRU,KM213_0003,SALIMANI YA HAMAHAMET,2022,689
KM,Comores,KM2,NGAZIDJA,KM21,HAMAHAMET MBOINKOU,KM213,NYUMA MSIRU,KM213_0002,SELEANI,2022,1554
KM,Comores,KM2,NGAZIDJA,KM22,HAMBOU,KM221,DJOUMOIPANGUA,KM221_0004,BAMBANI,2022,1393
KM,Comores,KM2,NGAZIDJA,KM22,HAMBOU,KM221,DJOUMOIPANGUA,KM221_0005,DZAHADJOU,2022,2373
KM,Comores,KM2,NGAZIDJA,KM22,HAMBOU,KM221,DJOUMOIPANGUA,KM221_0003,HETSA,2022,934
KM,Comores,KM2,NGAZIDJA,KM22,HAMBOU,KM221,DJOUMOIPANGUA,KM221_0002,MDJOIEZI,2022,3373
KM,Comores,KM2,NGAZIDJA,KM22,HAMBOU,KM221,DJOUMOIPANGUA,KM221_0001,SINGANI,2022,2368
KM,Comores,KM2,NGAZIDJA,KM22,HAMBOU,KM222,TSINIMOIPANGUA,KM222_0005,BANGOI,2022,3166
KM,Comores,KM2,NGAZIDJA,KM22,HAMBOU,KM222,TSINIMOIPANGUA,KM222_0003,CHOUANI,2022,2899
KM,Comores,KM2,NGAZIDJA,KM22,HAMBOU,KM222,TSINIMOIPANGUA,KM222_0004,DJOUMOICHONGO,2022,1717
KM,Comores,KM2,NGAZIDJA,KM22,HAMBOU,KM222,TSINIMOIPANGUA,KM222_0001,MITSOUDJE,2022,4200
KM,Comores,KM2,NGAZIDJA,KM22,HAMBOU,KM222,TSINIMOIPANGUA,KM222_0006,NKOMIONI,2022,623
KM,Comores,KM2,NGAZIDJA,KM22,HAMBOU,KM222,TSINIMOIPANGUA,KM222_0007,SALIMANI,2022,2189
KM,Comores,KM2,NGAZIDJA,KM22,HAMBOU,KM222,TSINIMOIPANGUA,KM222_0002,TROUMBENI,2022,260
KM,Comores,KM2,NGAZIDJA,KM23,ITSANDRA HAMANVOU,KM231,BANGAANI,KM231_0007,BANDAMADJI LA ITSANDRA,2022,1025
KM,Comores,KM2,NGAZIDJA,KM23,ITSANDRA HAMANVOU,KM231,BANGAANI,KM231_0008,DIMADJOU YA ITSANDRA,2022,1589
KM,Comores,KM2,NGAZIDJA,KM23,ITSANDRA HAMANVOU,KM231,BANGAANI,KM231_0004,DZAHANI LA TSIDJE,2022,8837
KM,Comores,KM2,NGAZIDJA,KM23,ITSANDRA HAMANVOU,KM231,BANGAANI,KM231_0001,ITSANDRA MDJINI,2022,3662
KM,Comores,KM2,NGAZIDJA,KM23,ITSANDRA HAMANVOU,KM231,BANGAANI,KM231_0005,MAOUENI YA ITSANDRA,2022,922
KM,Comores,KM2,NGAZIDJA,KM23,ITSANDRA HAMANVOU,KM231,BANGAANI,KM231_0006,MIRONTSI YA ITSANDRA,2022,490
KM,Comores,KM2,NGAZIDJA,KM23,ITSANDRA HAMANVOU,KM231,BANGAANI,KM231_0002,SALIMANI YA ITSANDRA,2022,3578
KM,Comores,KM2,NGAZIDJA,KM23,ITSANDRA HAMANVOU,KM231,BANGAANI,KM231_0003,SAMBA MBODONI,2022,1553
KM,Comores,KM2,NGAZIDJA,KM23,ITSANDRA HAMANVOU,KM232,DJOUMOICHONGO,KM232_0002,BAHANI,2022,2034
KM,Comores,KM2,NGAZIDJA,KM23,ITSANDRA HAMANVOU,KM232,DJOUMOICHONGO,KM232_0001,DZAHANI II,2022,1638
KM,Comores,KM2,NGAZIDJA,KM23,ITSANDRA HAMANVOU,KM232,DJOUMOICHONGO,KM232_0004,OUELLAH YA ITSANDRA,2022,1422
KM,Comores,KM2,NGAZIDJA,KM23,ITSANDRA HAMANVOU,KM232,DJOUMOICHONGO,KM232_0005,SAMBA KOUNI,2022,2290
KM,Comores,KM2,NGAZIDJA,KM23,ITSANDRA HAMANVOU,KM232,DJOUMOICHONGO,KM232_0003,SIMA,2022,942
KM,Comores,KM2,NGAZIDJA,KM23,ITSANDRA HAMANVOU,KM233,HAMANVOU,KM233_0008,BIBAVOU,2022,1244
KM,Comores,KM2,NGAZIDJA,KM23,ITSANDRA HAMANVOU,KM233,HAMANVOU,KM233_0002,BOENINDI,2022,864
KM,Comores,KM2,NGAZIDJA,KM23,ITSANDRA HAMANVOU,KM233,HAMANVOU,KM233_0007,DIBOINI,2022,1613
KM,Comores,KM2,NGAZIDJA,KM23,ITSANDRA HAMANVOU,KM233,HAMANVOU,KM233_0001,HAHAYA,2022,5134
KM,Comores,KM2,NGAZIDJA,KM23,ITSANDRA HAMANVOU,KM233,HAMANVOU,KM233_0004,MBALENI,2022,207
KM,Comores,KM2,NGAZIDJA,KM23,ITSANDRA HAMANVOU,KM233,HAMANVOU,KM233_0003,MBAMBANI YA HAMANVOU,2022,780
KM,Comores,KM2,NGAZIDJA,KM23,ITSANDRA HAMANVOU,KM233,HAMANVOU,KM233_0006,MBANGANI,2022,1652
KM,Comores,KM2,NGAZIDJA,KM23,ITSANDRA HAMANVOU,KM233,HAMANVOU,KM233_0009,MILEVANI,2022,1376
KM,Comores,KM2,NGAZIDJA,KM23,ITSANDRA HAMANVOU,KM233,HAMANVOU,KM233_0005,OUSSIVO,2022,2556
KM,Comores,KM2,NGAZIDJA,KM23,ITSANDRA HAMANVOU,KM234,ISAHARI,KM234_0002,HANTSAMBOU,2022,1817
KM,Comores,KM2,NGAZIDJA,KM23,ITSANDRA HAMANVOU,KM234,ISAHARI,KM234_0004,MILEMBENI,2022,1108
KM,Comores,KM2,NGAZIDJA,KM23,ITSANDRA HAMANVOU,KM234,ISAHARI,KM234_0001,NTSOUDJINI,2022,4844
KM,Comores,KM2,NGAZIDJA,KM23,ITSANDRA HAMANVOU,KM234,ISAHARI,KM234_0005,ZIVANDANI,2022,1494
KM,Comores,KM2,NGAZIDJA,KM23,ITSANDRA HAMANVOU,KM235,MBADANI,KM235_0001,BATSA ITSANDRA,2022,2987
KM,Comores,KM2,NGAZIDJA,KM23,ITSANDRA HAMANVOU,KM235,MBADANI,KM235_0005,DZAHADJOU LA ITSANDRA,2022,1584
KM,Comores,KM2,NGAZIDJA,KM23,ITSANDRA HAMANVOU,KM235,MBADANI,KM235_0004,MHANDANI,2022,614
KM,Comores,KM2,NGAZIDJA,KM23,ITSANDRA HAMANVOU,KM235,MBADANI,KM235_0003,VANADJOU,2022,1076
KM,Comores,KM2,NGAZIDJA,KM23,ITSANDRA HAMANVOU,KM235,MBADANI,KM235_0002,VANAMBOINI,2022,2336
KM,Comores,KM2,NGAZIDJA,KM23,ITSANDRA HAMANVOU,KM235,MBADANI,KM235_0006,VOUNA MBADANI,2022,877
KM,Comores,KM2,NGAZIDJA,KM24,MBADJINI EST,KM241,DOMBA,KM241_0002,BANDADAOUENI,2022,1684
KM,Comores,KM2,NGAZIDJA,KM24,MBADJINI EST,KM241,DOMBA,KM241_0001,BANDAMADJI LADOMBA,2022,1187
KM,Comores,KM2,NGAZIDJA,KM24,MBADJINI EST,KM241,DOMBA,KM241_0004,OUNGONI,2022,1120
KM,Comores,KM2,NGAZIDJA,KM24,MBADJINI EST,KM241,DOMBA,KM264_0004,PIDJANI,2022,2419
KM,Comores,KM2,NGAZIDJA,KM24,MBADJINI EST,KM241,DOMBA,KM241_0003,TSINIMOIPANGA,2022,2723
KM,Comores,KM2,NGAZIDJA,KM24,MBADJINI EST,KM242,ITSAHIDI,KM242_0007,CHINDINI,2022,1918
KM,Comores,KM2,NGAZIDJA,KM24,MBADJINI EST,KM242,ITSAHIDI,KM242_0009,DZAHADJOU LA MBADJINI,2022,1246
KM,Comores,KM2,NGAZIDJA,KM24,MBADJINI EST,KM242,ITSAHIDI,KM242_0001,FOUMBOUNI,2022,2854
KM,Comores,KM2,NGAZIDJA,KM24,MBADJINI EST,KM242,ITSAHIDI,KM242_0002,KOIMBANI LA MBADJINI,2022,494
KM,Comores,KM2,NGAZIDJA,KM24,MBADJINI EST,KM242,ITSAHIDI,KM242_0003,MALE,2022,2537
KM,Comores,KM2,NGAZIDJA,KM24,MBADJINI EST,KM242,ITSAHIDI,KM242_0004,MIDJENDJENI,2022,461
KM,Comores,KM2,NGAZIDJA,KM24,MBADJINI EST,KM242,ITSAHIDI,KM242_0010,MOHORO,2022,2397
KM,Comores,KM2,NGAZIDJA,KM24,MBADJINI EST,KM242,ITSAHIDI,KM242_0006,NDZOUANI,2022,227
KM,Comores,KM2,NGAZIDJA,KM24,MBADJINI EST,KM242,ITSAHIDI,KM242_0011,NGNOUMADZHA MVOUBARI,2022,2277
KM,Comores,KM2,NGAZIDJA,KM24,MBADJINI EST,KM242,ITSAHIDI,KM242_0005,OUROVENI,2022,1581
KM,Comores,KM2,NGAZIDJA,KM24,MBADJINI EST,KM242,ITSAHIDI,KM242_0008,SIMAMBOINI,2022,1042
KM,Comores,KM2,NGAZIDJA,KM24,MBADJINI EST,KM243,PIMBA,KM243_0004,BANDAMADJI LA KOUBOINI,2022,849
KM,Comores,KM2,NGAZIDJA,KM24,MBADJINI EST,KM243,PIMBA,KM243_0005,DARISSALAMA,2022,581
KM,Comores,KM2,NGAZIDJA,KM24,MBADJINI EST,KM243,PIMBA,KM243_0009,DIDJONI,2022,658
KM,Comores,KM2,NGAZIDJA,KM24,MBADJINI EST,KM243,PIMBA,KM243_0002,INANI,2022,980
KM,Comores,KM2,NGAZIDJA,KM24,MBADJINI EST,KM243,PIMBA,KM243_0010,KOVE,2022,951
KM,Comores,KM2,NGAZIDJA,KM24,MBADJINI EST,KM243,PIMBA,KM243_0006,MLALOI NKOUDJOU,2022,1186
KM,Comores,KM2,NGAZIDJA,KM24,MBADJINI EST,KM243,PIMBA,KM243_0003,NGNAMBENI,2022,1940
KM,Comores,KM2,NGAZIDJA,KM24,MBADJINI EST,KM243,PIMBA,KM243_0007,NGNOUMA MILIMA,2022,3327
KM,Comores,KM2,NGAZIDJA,KM24,MBADJINI EST,KM243,PIMBA,KM243_0008,NKOURANI MKANGA,2022,701
KM,Comores,KM2,NGAZIDJA,KM24,MBADJINI EST,KM243,PIMBA,KM243_0001,SIMBOUSSA YA MBADJINI,2022,2166
KM,Comores,KM2,NGAZIDJA,KM25,MBADJINI OUEST,KM251,NGOUENGOE,KM251_0001,DEMBENI,2022,2396
KM,Comores,KM2,NGAZIDJA,KM25,MBADJINI OUEST,KM251,NGOUENGOE,KM251_0011,ITSOUDZOU,2022,252
KM,Comores,KM2,NGAZIDJA,KM25,MBADJINI OUEST,KM251,NGOUENGOE,KM251_0009,KANDZILE,2022,1359
KM,Comores,KM2,NGAZIDJA,KM25,MBADJINI OUEST,KM251,NGOUENGOE,KM251_0010,MAKORANI,2022,49
KM,Comores,KM2,NGAZIDJA,KM25,MBADJINI OUEST,KM251,NGOUENGOE,KM251_0007,MANDZISSANI,2022,557
KM,Comores,KM2,NGAZIDJA,KM25,MBADJINI OUEST,KM251,NGOUENGOE,KM251_0003,MBOUDE YA MBOINI,2022,625
KM,Comores,KM2,NGAZIDJA,KM25,MBADJINI OUEST,KM251,NGOUENGOE,KM251_0002,MDJAMKAGNOI,2022,1010
KM,Comores,KM2,NGAZIDJA,KM25,MBADJINI OUEST,KM251,NGOUENGOE,KM251_0006,MINDRADOU,2022,491
KM,Comores,KM2,NGAZIDJA,KM25,MBADJINI OUEST,KM251,NGOUENGOE,KM251_0004,MLIMANI,2022,209
KM,Comores,KM2,NGAZIDJA,KM25,MBADJINI OUEST,KM251,NGOUENGOE,KM251_0005,PANDA,2022,922
KM,Comores,KM2,NGAZIDJA,KM25,MBADJINI OUEST,KM251,NGOUENGOE,KM251_0008,TSINI MOICHONGO,2022,2470
KM,Comores,KM2,NGAZIDJA,KM25,MBADJINI OUEST,KM252,NIOUMAGAMA,KM252_0004,DIMA,2022,601
KM,Comores,KM2,NGAZIDJA,KM25,MBADJINI OUEST,KM252,NIOUMAGAMA,KM252_0007,DOMONI,2022,860
KM,Comores,KM2,NGAZIDJA,KM25,MBADJINI OUEST,KM252,NIOUMAGAMA,KM252_0008,DZOIDJOU,2022,769
KM,Comores,KM2,NGAZIDJA,KM25,MBADJINI OUEST,KM252,NIOUMAGAMA,KM252_0009,FAMARE,2022,564
KM,Comores,KM2,NGAZIDJA,KM25,MBADJINI OUEST,KM252,NIOUMAGAMA,KM252_0002,IFOUNDIHE CHADJOU,2022,246
KM,Comores,KM2,NGAZIDJA,KM25,MBADJINI OUEST,KM252,NIOUMAGAMA,KM252_0003,IFOUNDIHE CHAMBOINI,2022,1153
KM,Comores,KM2,NGAZIDJA,KM25,MBADJINI OUEST,KM252,NIOUMAGAMA,KM252_0005,NKOURANI YA SIMA,2022,9463
KM,Comores,KM2,NGAZIDJA,KM25,MBADJINI OUEST,KM252,NIOUMAGAMA,KM252_0001,OUZIOINI,2022,2404
KM,Comores,KM2,NGAZIDJA,KM26,MBOUDE,KM265,NYUMAMRO KIBLANI,KM265_0002,CHAMLE,2022,1570
KM,Comores,KM2,NGAZIDJA,KM26,MBOUDE,KM265,NYUMAMRO KIBLANI,KM265_0001,DJOMANI,2022,3788
KM,Comores,KM2,NGAZIDJA,KM26,MBOUDE,KM265,NYUMAMRO KIBLANI,KM265_0007,DOUNIANI,2022,2088
KM,Comores,KM2,NGAZIDJA,KM26,MBOUDE,KM265,NYUMAMRO KIBLANI,KM265_0006,HELINDJE,2022,2039
KM,Comores,KM2,NGAZIDJA,KM26,MBOUDE,KM265,NYUMAMRO KIBLANI,KM265_0009,KOUA,2022,763
KM,Comores,KM2,NGAZIDJA,KM26,MBOUDE,KM265,NYUMAMRO KIBLANI,KM265_0004,MANDZA YA MBOUDE,2022,1821
KM,Comores,KM2,NGAZIDJA,KM26,MBOUDE,KM265,NYUMAMRO KIBLANI,KM265_0005,MDJOIEZI YA MBOUNDE,2022,925
KM,Comores,KM2,NGAZIDJA,KM26,MBOUDE,KM265,NYUMAMRO KIBLANI,KM265_0003,VOUVOUNI YA MBOUNDE,2022,530
KM,Comores,KM2,NGAZIDJA,KM26,MBOUDE,KM266,NYUMAMRO SOUHEILI,KM266_0003,DJONGOE,2022,991
KM,Comores,KM2,NGAZIDJA,KM26,MBOUDE,KM266,NYUMAMRO SOUHEILI,KM266_0007,DOMOIDJOU,2022,1026
KM,Comores,KM2,NGAZIDJA,KM26,MBOUDE,KM266,NYUMAMRO SOUHEILI,KM266_0008,DOMOIMBOINI,2022,494
KM,Comores,KM2,NGAZIDJA,KM26,MBOUDE,KM266,NYUMAMRO SOUHEILI,KM266_0002,IVEMBENI,2022,4411
KM,Comores,KM2,NGAZIDJA,KM26,MBOUDE,KM266,NYUMAMRO SOUHEILI,KM266_0004,MAOUENI YA MBOUDE,2022,1393
KM,Comores,KM2,NGAZIDJA,KM26,MBOUDE,KM266,NYUMAMRO SOUHEILI,KM266_0009,MOIDJA YA MBOUDE,2022,643
KM,Comores,KM2,NGAZIDJA,KM26,MBOUDE,KM266,NYUMAMRO SOUHEILI,KM266_0001,NTSAOUENI,2022,3625
KM,Comores,KM2,NGAZIDJA,KM26,MBOUDE,KM266,NYUMAMRO SOUHEILI,KM266_0006,NTSORALE YA MBOUDE,2022,754
KM,Comores,KM2,NGAZIDJA,KM26,MBOUDE,KM266,NYUMAMRO SOUHEILI,KM266_0005,SIMBOUSSA YA MBOUDE,2022,367
KM,Comores,KM2,NGAZIDJA,KM26,MITSAMIOULI,KM261,CEMBENOI LAC SALE,KM261_0001,BANGOIKOUNI,2022,2801
KM,Comores,KM2,NGAZIDJA,KM26,MITSAMIOULI,KM261,CEMBENOI LAC SALE,KM261_0002,BATSA YA MITSAMIHOULI,2022,1331
KM,Comores,KM2,NGAZIDJA,KM26,MITSAMIOULI,KM261,CEMBENOI LAC SALE,KM261_0004,IVOINI,2022,1790
KM,Comores,KM2,NGAZIDJA,KM26,MITSAMIOULI,KM261,CEMBENOI LAC SALE,KM261_0003,OUZIO,2022,2945
KM,Comores,KM2,NGAZIDJA,KM26,MITSAMIOULI,KM262,CEMBENOI SADA DJOULAMLIMA,KM265_0009,KOUA,2022,1684
KM,Comores,KM2,NGAZIDJA,KM26,MITSAMIOULI,KM262,CEMBENOI SADA DJOULAMLIMA,KM262_0004,OUELLAH YA MITSAMIHOULI,2022,4723
KM,Comores,KM2,NGAZIDJA,KM26,MITSAMIOULI,KM262,CEMBENOI SADA DJOULAMLIMA,KM262_0001,OUEMANI,2022,724
KM,Comores,KM2,NGAZIDJA,KM26,MITSAMIOULI,KM263,MITSAMIOULI,KM263_0003,FASSI,2022,514
KM,Comores,KM2,NGAZIDJA,KM26,MITSAMIOULI,KM263,MITSAMIOULI,KM263_0002,HADAWA,2022,638
KM,Comores,KM2,NGAZIDJA,KM26,MITSAMIOULI,KM263,MITSAMIOULI,KM263_0001,MEMBOI - BOINI,2022,963
KM,Comores,KM2,NGAZIDJA,KM26,MITSAMIOULI,KM263,MITSAMIOULI,KM263_0004,MITSAMIHOULI,2022,5555
KM,Comores,KM2,NGAZIDJA,KM26,MITSAMIOULI,KM263,MITSAMIOULI,KM263_0006,NDZAOUZE,2022,3015
KM,Comores,KM2,NGAZIDJA,KM26,MITSAMIOULI,KM263,MITSAMIOULI,KM263_0005,NKOURANI YA MITSAMIHOULI,2022,399
KM,Comores,KM2,NGAZIDJA,KM26,MITSAMIOULI,KM264,NYUMA KOMO,KM264_0001,BANGOI MAFUSA NKOA,2022,741
KM,Comores,KM2,NGAZIDJA,KM26,MITSAMIOULI,KM264,NYUMA KOMO,KM264_0008,FOUNGA,2022,1030
KM,Comores,KM2,NGAZIDJA,KM26,MITSAMIOULI,KM264,NYUMA KOMO,KM264_0002,MEMBOI - DJOU,2022,1803
KM,Comores,KM2,NGAZIDJA,KM26,MITSAMIOULI,KM264,NYUMA KOMO,KM264_0007,NTSADJENI,2022,1887
KM,Comores,KM2,NGAZIDJA,KM26,MITSAMIOULI,KM264,NYUMA KOMO,KM264_0009,OUHOZI,2022,1347
KM,Comores,KM2,NGAZIDJA,KM26,MITSAMIOULI,KM264,NYUMA KOMO,KM264_0004,PIDJANI,2022,656
KM,Comores,KM2,NGAZIDJA,KM26,MITSAMIOULI,KM264,NYUMA KOMO,KM264_0005,SONGOMANI,2022,526
KM,Comores,KM2,NGAZIDJA,KM26,MITSAMIOULI,KM264,NYUMA KOMO,KM264_0006,TOIYFA,2022,528
KM,Comores,KM2,NGAZIDJA,KM27,MORONI BAMBAO,KM273,BAMBAO YA DJOU,KM273_0002,M'VOUNI,2022,6015
KM,Comores,KM2,NGAZIDJA,KM27,MORONI BAMBAO,KM273,BAMBAO YA DJOU,KM273_0003,MAVINGOUNI,2022,1976
KM,Comores,KM2,NGAZIDJA,KM27,MORONI BAMBAO,KM273,BAMBAO YA DJOU,KM273_0001,MKAZI,2022,7141
KM,Comores,KM2,NGAZIDJA,KM27,MORONI BAMBAO,KM271,BAMBAO YA HARI,KM271_0010,BOENI YA BAMBAO,2022,2334
KM,Comores,KM2,NGAZIDJA,KM27,MORONI BAMBAO,KM271,BAMBAO YA HARI,KM271_0007,DAOUENI,2022,425
KM,Comores,KM2,NGAZIDJA,KM27,MORONI BAMBAO,KM271,BAMBAO YA HARI,KM283_0003,DZAHANI,2022,759
KM,Comores,KM2,NGAZIDJA,KM27,MORONI BAMBAO,KM271,BAMBAO YA HARI,KM271_0002,M'DE,2022,7294
KM,Comores,KM2,NGAZIDJA,KM27,MORONI BAMBAO,KM271,BAMBAO YA HARI,KM271_0006,MBOUDADJOU,2022,1155
KM,Comores,KM2,NGAZIDJA,KM27,MORONI BAMBAO,KM271,BAMBAO YA HARI,KM271_0005,MOIDZAZA DJOUMBE,2022,518
KM,Comores,KM2,NGAZIDJA,KM27,MORONI BAMBAO,KM271,BAMBAO YA HARI,KM271_0004,NIOUMADZAHA,2022,3605
KM,Comores,KM2,NGAZIDJA,KM27,MORONI BAMBAO,KM271,BAMBAO YA HARI,KM271_0003,SELEA,2022,2392
KM,Comores,KM2,NGAZIDJA,KM27,MORONI BAMBAO,KM271,BAMBAO YA HARI,KM271_0001,VOUVOUNI,2022,4850
KM,Comores,KM2,NGAZIDJA,KM27,MORONI BAMBAO,KM272,BAMBAO YA MBOINI,KM272_0001,ICONI,2022,6124
KM,Comores,KM2,NGAZIDJA,KM27,MORONI BAMBAO,KM272,BAMBAO YA MBOINI,KM272_0002,MBACHILE,2022,1877
KM,Comores,KM2,NGAZIDJA,KM27,MORONI BAMBAO,KM272,BAMBAO YA MBOINI,KM272_0003,MOIDZAZA - MBOINI,2022,3174
KM,Comores,KM2,NGAZIDJA,KM27,MORONI BAMBAO,KM272,BAMBAO YA MBOINI,KM272_0004,NDROUANI,2022,1539
KM,Comores,KM2,NGAZIDJA,KM27,MORONI BAMBAO,KM272,BAMBAO YA MBOINI,KM272_0005,SEREHINI,2022,831
KM,Comores,KM2,NGAZIDJA,KM27,MORONI BAMBAO,KM274,MORONI,KM274_0001,MORONI,2022,83608
KM,Comores,KM2,NGAZIDJA,KM28,OICHILI DIMANI,KM281,DIMANI,KM281_0002,FOUMBOU DZIVOUNI,2022,498
KM,Comores,KM2,NGAZIDJA,KM28,OICHILI DIMANI,KM281,DIMANI,KM281_0007,IDJINKOUNDZI,2022,2705
KM,Comores,KM2,NGAZIDJA,KM28,OICHILI DIMANI,KM281,DIMANI,KM281_0006,IDJOINDRADJA,2022,211
KM,Comores,KM2,NGAZIDJA,KM28,OICHILI DIMANI,KM281,DIMANI,KM281_0005,MADJOMA,2022,611
KM,Comores,KM2,NGAZIDJA,KM28,OICHILI DIMANI,KM281,DIMANI,KM281_0008,MAOUENI DIMANI,2022,1677
KM,Comores,KM2,NGAZIDJA,KM28,OICHILI DIMANI,KM281,DIMANI,KM281_0003,MBOUDE,2022,722
KM,Comores,KM2,NGAZIDJA,KM28,OICHILI DIMANI,KM281,DIMANI,KM281_0004,MIDJINDZE,2022,173
KM,Comores,KM2,NGAZIDJA,KM28,OICHILI DIMANI,KM281,DIMANI,KM281_0009,MIRERENI,2022,582
KM,Comores,KM2,NGAZIDJA,KM28,OICHILI DIMANI,KM281,DIMANI,KM281_0001,MTSANGADJOU,2022,1434
KM,Comores,KM2,NGAZIDJA,KM28,OICHILI DIMANI,KM281,DIMANI,KM281_0010,NTSORALE,2022,2740
KM,Comores,KM2,NGAZIDJA,KM28,OICHILI DIMANI,KM281,DIMANI,KM281_0012,REHEMANI,2022,451
KM,Comores,KM2,NGAZIDJA,KM28,OICHILI DIMANI,KM281,DIMANI,KM281_0011,SIDJOU,2022,964
KM,Comores,KM2,NGAZIDJA,KM28,OICHILI DIMANI,KM283,OICHILI YABOINI,KM283_0003,DZAHANI,2022,741
KM,Comores,KM2,NGAZIDJA,KM28,OICHILI DIMANI,KM283,OICHILI YABOINI,KM283_0006,HAMBOU,2022,1112
KM,Comores,KM2,NGAZIDJA,KM28,OICHILI DIMANI,KM283,OICHILI YABOINI,KM283_0007,HASSENDJE,2022,327
KM,Comores,KM2,NGAZIDJA,KM28,OICHILI DIMANI,KM283,OICHILI YABOINI,KM283_0001,ITSINKOUDI,2022,2734
KM,Comores,KM2,NGAZIDJA,KM28,OICHILI DIMANI,KM283,OICHILI YABOINI,KM283_0004,KOUHANI,2022,535
KM,Comores,KM2,NGAZIDJA,KM28,OICHILI DIMANI,KM283,OICHILI YABOINI,KM283_0005,MTSAMDU,2022,1292
KM,Comores,KM2,NGAZIDJA,KM28,OICHILI DIMANI,KM282,OICHILI YADJOU,KM282_0003,BOENI YAWACHILI,2022,967
KM,Comores,KM2,NGAZIDJA,KM28,OICHILI DIMANI,KM282,OICHILI YADJOU,KM282_0009,CHAMRO,2022,177
KM,Comores,KM2,NGAZIDJA,KM28,OICHILI DIMANI,KM282,OICHILI YADJOU,KM282_0007,CHOMONI,2022,913
KM,Comores,KM2,NGAZIDJA,KM28,OICHILI DIMANI,KM282,OICHILI YADJOU,KM282_0004,DZAHADJOU YA WACHILI,2022,1167
KM,Comores,KM2,NGAZIDJA,KM28,OICHILI DIMANI,KM282,OICHILI YADJOU,KM282_0002,IROHE,2022,1062
KM,Comores,KM2,NGAZIDJA,KM28,OICHILI DIMANI,KM282,OICHILI YADJOU,KM282_0001,KOIMBANI YA WACHILI,2022,3275
KM,Comores,KM2,NGAZIDJA,KM28,OICHILI DIMANI,KM282,OICHILI YADJOU,KM282_0005,SADA,2022,398
KM,Comores,KM2,NGAZIDJA,KM28,OICHILI DIMANI,KM282,OICHILI YADJOU,KM282_0006,SADANI,2022,688
KM,Comores,KM2,NGAZIDJA,KM28,OICHILI DIMANI,KM282,OICHILI YADJOU,KM282_0008,SAMBA MADI,2022,120
KM,Comores,KM2,NGAZIDJA,KM28,OICHILI DIMANI,KM282,OICHILI YADJOU,KM282_0010,SIMA YA WACHILI,2022,1148
KM,Comores,KM3,MWALI,KM31,DJANDO,KM311,DJANDO,KM311_0006,HAGNAMOIDA,2023,984
KM,Comores,KM3,MWALI,KM31,DJANDO,KM311,DJANDO,KM311_0008,HAMAVOUNA,2023,1597
KM,Comores,KM3,MWALI,KM31,DJANDO,KM311,DJANDO,KM311_0007,ITSAMIA,2023,488
KM,Comores,KM3,MWALI,KM31,DJANDO,KM311,DJANDO,KM121_0005,KANGANI,2023,1634
KM,Comores,KM3,MWALI,KM31,DJANDO,KM311,DJANDO,KM311_0003,MLANBANDA,2023,490
KM,Comores,KM3,MWALI,KM31,DJANDO,KM311,DJANDO,KM311_0002,WANANI,2023,3963
KM,Comores,KM3,MWALI,KM31,DJANDO,KM311,DJANDO,KM311_0001,ZIROUDANI,2023,2103
KM,Comores,KM3,MWALI,KM32,FOMBONI,KM321,FOMBONI,KM321_0001,FOMBONI,2023,20823
KM,Comores,KM3,MWALI,KM32,FOMBONI,KM322,MOILI MDJINI,KM322_0002,BANDAR SALAMA,2023,2906
KM,Comores,KM3,MWALI,KM32,FOMBONI,KM322,MOILI MDJINI,KM322_0003,DJOIEZI,2023,3543
KM,Comores,KM3,MWALI,KM32,FOMBONI,KM322,MOILI MDJINI,KM322_0001,MBOIGOMA,2023,2475
KM,Comores,KM3,MWALI,KM32,FOMBONI,KM323,MOINBASSA,KM252_0007,DOMONI,2023,311
KM,Comores,KM3,MWALI,KM32,FOMBONI,KM323,MOINBASSA,KM323_0002,HOANI,2023,2648
KM,Comores,KM3,MWALI,KM32,FOMBONI,KM323,MOINBASSA,KM323_0001,M'BATSE,2023,4427
KM,Comores,KM3,MWALI,KM33,NIOUMACHOUA,KM331,MLEDJELE,KM331_0001,MIREMANI,2023,347
KM,Comores,KM3,MWALI,KM33,NIOUMACHOUA,KM331,MLEDJELE,KM331_0004,NDREMEANI,2023,69
KM,Comores,KM3,MWALI,KM33,NIOUMACHOUA,KM331,MLEDJELE,KM331_0002,NDRONDRONI,2023,5106
KM,Comores,KM3,MWALI,KM33,NIOUMACHOUA,KM331,MLEDJELE,KM331_0003,NIOUMACHOUA,2023,4009
KM,Comores,KM3,MWALI,KM33,NIOUMACHOUA,KM332,MOIMBAO,KM143_0003,BARAKANI,2023,1132
KM,Comores,KM3,MWALI,KM33,NIOUMACHOUA,KM332,MOIMBAO,KM332_0001,HAMBA,2023,293
KM,Comores,KM3,MWALI,KM33,NIOUMACHOUA,KM332,MOIMBAO,KM332_0004,MIRINGONI,2023,1213
KM,Comores,KM3,MWALI,KM33,NIOUMACHOUA,KM332,MOIMBAO,KM332_0005,WALLAH 1,2023,537
KM,Comores,KM3,MWALI,KM33,NIOUMACHOUA,KM332,MOIMBAO,KM332_0006,WALLAH 2,2023,1006
KM,Comores,KM1,NDZUWANI,KM11,DOMONI,KM111,BAMBAO MSTANGA,KM111_0001,BAMBAO MTSANGA,2023,5849
KM,Comores,KM1,NDZUWANI,KM11,DOMONI,KM111,BAMBAO MSTANGA,KM111_0004,MAHALE,2023,4177
KM,Comores,KM1,NDZUWANI,KM11,DOMONI,KM111,BAMBAO MSTANGA,KM111_0002,MROMAJI,2023,3235
KM,Comores,KM1,NDZUWANI,KM11,DOMONI,KM111,BAMBAO MSTANGA,KM111_0003,ONGONI,2023,2774
KM,Comores,KM1,NDZUWANI,KM11,DOMONI,KM112,DOMONI,KM112_0004,BWELADUGU,2023,871
KM,Comores,KM1,NDZUWANI,KM11,DOMONI,KM112,DOMONI,KM252_0007,DOMONI,2023,14297
KM,Comores,KM1,NDZUWANI,KM11,DOMONI,KM112,DOMONI,KM112_0003,LIMBI,2023,3040
KM,Comores,KM1,NDZUWANI,KM11,DOMONI,KM113,JIMLIME,KM113_0003,HAJOHO,2023,4400
KM,Comores,KM1,NDZUWANI,KM11,DOMONI,KM113,JIMLIME,KM113_0001,HAREMBO I,2023,677
KM,Comores,KM1,NDZUWANI,KM11,DOMONI,KM113,JIMLIME,KM113_0002,HAREMBO II,2023,1137
KM,Comores,KM1,NDZUWANI,KM11,DOMONI,KM113,JIMLIME,KM113_0004,JIMLIME,2023,7146
KM,Comores,KM1,NDZUWANI,KM11,DOMONI,KM114,KONI,KM114_0004,GEGE,2023,1299
KM,Comores,KM1,NDZUWANI,KM11,DOMONI,KM114,KONI,KM114_0003,HACHIPENDA,2023,2194
KM,Comores,KM1,NDZUWANI,KM11,DOMONI,KM114,KONI,KM114_0001,KONI DJODJO,2023,12484
KM,Comores,KM1,NDZUWANI,KM11,DOMONI,KM114,KONI,KM114_0002,KONI NGANI,2023,6017
KM,Comores,KM1,NDZUWANI,KM11,DOMONI,KM115,NGADZALE,KM115_0001,NGADZALE,2023,6429
KM,Comores,KM1,NDZUWANI,KM11,DOMONI,KM115,NGADZALE,KM115_0002,OUTSA,2023,845
KM,Comores,KM1,NDZUWANI,KM11,DOMONI,KM115,NGADZALE,KM115_0005,OUZINI,2023,2048
KM,Comores,KM1,NDZUWANI,KM11,DOMONI,KM115,NGADZALE,KM153_0014,SALAMANI,2023,2479
KM,Comores,KM1,NDZUWANI,KM16,MOYA,KM151,MOYA,KM151_0002,KOWET,2023,2445
KM,Comores,KM1,NDZUWANI,KM16,MOYA,KM151,MOYA,KM151_0005,LINGONI,2023,5757
KM,Comores,KM1,NDZUWANI,KM16,MOYA,KM151,MOYA,KM151_0007,MAWENI,2023,924
KM,Comores,KM1,NDZUWANI,KM16,MOYA,KM151,MOYA,KM151_0001,MOYA,2023,10458
KM,Comores,KM1,NDZUWANI,KM16,MOYA,KM151,MOYA,KM151_0004,NINDRI,2023,3577
KM,Comores,KM1,NDZUWANI,KM16,MOYA,KM151,MOYA,KM151_0003,POMONI,2023,4932
KM,Comores,KM1,NDZUWANI,KM12,MREMANI,KM121,ADDA,KM121_0001,ADDA DAWENI,2023,13324
KM,Comores,KM1,NDZUWANI,KM12,MREMANI,KM121,ADDA,KM121_0002,DJANZA,2023,965
KM,Comores,KM1,NDZUWANI,KM12,MREMANI,KM121,ADDA,KM121_0005,KANGANI,2023,5691
KM,Comores,KM1,NDZUWANI,KM12,MREMANI,KM121,ADDA,KM121_0003,MAGNASSINI,2023,5021
KM,Comores,KM1,NDZUWANI,KM12,MREMANI,KM123,MRAMANI,KM123_0004,DZIANII,2023,2279
KM,Comores,KM1,NDZUWANI,KM12,MREMANI,KM123,MRAMANI,KM123_0002,HANTSAHII,2023,1721
KM,Comores,KM1,NDZUWANI,KM12,MREMANI,KM123,MRAMANI,KM123_0001,MRAMANI,2023,4709
KM,Comores,KM1,NDZUWANI,KM12,MREMANI,KM123,MRAMANI,KM123_0003,NYAMBOIMRO,2023,2419
KM,Comores,KM1,NDZUWANI,KM12,MREMANI,KM124,MREMANI,KM124_0002,BANDA KOUNI,2023,4313
KM,Comores,KM1,NDZUWANI,KM12,MREMANI,KM124,MREMANI,KM124_0004,DAJI,2023,3636
KM,Comores,KM1,NDZUWANI,KM12,MREMANI,KM124,MREMANI,KM124_0001,MREMANI,2023,6366
KM,Comores,KM1,NDZUWANI,KM12,MREMANI,KM124,MREMANI,KM124_0003,MRIDJOU,2023,4080
KM,Comores,KM1,NDZUWANI,KM12,MREMANI,KM125,ONGOJOU,KM125_0002,KIYO,2023,1925
KM,Comores,KM1,NDZUWANI,KM12,MREMANI,KM125,ONGOJOU,KM125_0003,KOMONI,2023,3118
KM,Comores,KM1,NDZUWANI,KM12,MREMANI,KM125,ONGOJOU,KM125_0004,MIRONDRONI,2023,474
KM,Comores,KM1,NDZUWANI,KM12,MREMANI,KM125,ONGOJOU,KM125_0001,ONGODJOU,2023,7339
KM,Comores,KM1,NDZUWANI,KM12,MREMANI,KM125,ONGOJOU,KM125_0005,TRINDRINI,2023,186
KM,Comores,KM1,NDZUWANI,KM12,MREMANI,KM122,SHAWENI,KM122_0002,HAMCHACO,2023,2265
KM,Comores,KM1,NDZUWANI,KM12,MREMANI,KM122,SHAWENI,KM122_0005,MNADZICHOUMWE,2023,1174
KM,Comores,KM1,NDZUWANI,KM12,MREMANI,KM122,SHAWENI,KM122_0004,NOUNGA,2023,507
KM,Comores,KM1,NDZUWANI,KM12,MREMANI,KM122,SHAWENI,KM122_0003,SADAPOINI,2023,3398
KM,Comores,KM1,NDZUWANI,KM12,MREMANI,KM122,SHAWENI,KM122_0001,SHAWENI,2023,1259
KM,Comores,KM1,NDZUWANI,KM13,MUTSAMUDU,KM131,BANDRANI YA CHIRONKAMBA,KM131_0002,ANKIBANI,2023,2529
KM,Comores,KM1,NDZUWANI,KM13,MUTSAMUDU,KM131,BANDRANI YA CHIRONKAMBA,KM131_0008,BANDRADJOU,2023,2149
KM,Comores,KM1,NDZUWANI,KM13,MUTSAMUDU,KM131,BANDRANI YA CHIRONKAMBA,KM131_0006,CHICONI 2,2023,159
KM,Comores,KM1,NDZUWANI,KM13,MUTSAMUDU,KM131,BANDRANI YA CHIRONKAMBA,KM131_0003,CHIRONKAMBA,2023,2339
KM,Comores,KM1,NDZUWANI,KM13,MUTSAMUDU,KM131,BANDRANI YA CHIRONKAMBA,KM151_0007,MAWENI,2023,936
KM,Comores,KM1,NDZUWANI,KM13,MUTSAMUDU,KM131,BANDRANI YA CHIRONKAMBA,KM131_0001,MDJIMANDRA,2023,3141
KM,Comores,KM1,NDZUWANI,KM13,MUTSAMUDU,KM131,BANDRANI YA CHIRONKAMBA,KM131_0007,MPOUZINI,2023,73
KM,Comores,KM1,NDZUWANI,KM13,MUTSAMUDU,KM132,Commune BANDRANI YA MITSANGANI,KM132_0001,BANDRANI MTSANGANI,2023,2237
KM,Comores,KM1,NDZUWANI,KM13,MUTSAMUDU,KM132,Commune BANDRANI YA MITSANGANI,KM132_0002,CHITROUNI,2023,1462
KM,Comores,KM1,NDZUWANI,KM13,MUTSAMUDU,KM132,Commune BANDRANI YA MITSANGANI,KM132_0004,MDJAMAOUE,2023,2013
KM,Comores,KM1,NDZUWANI,KM13,MUTSAMUDU,KM132,Commune BANDRANI YA MITSANGANI,KM132_0003,SAANDANI,2023,2671
KM,Comores,KM1,NDZUWANI,KM13,MUTSAMUDU,KM133,MIRONTSI,KM133_0001,MIRONTSI,2023,13942
KM,Comores,KM1,NDZUWANI,KM13,MUTSAMUDU,KM134,MUTSAMUDU,KM134_0005,CHICONI1,2023,5
KM,Comores,KM1,NDZUWANI,KM13,MUTSAMUDU,KM134,MUTSAMUDU,KM134_0001,MUTSAMUDU,2023,30647
KM,Comores,KM1,NDZUWANI,KM13,MUTSAMUDU,KM134,MUTSAMUDU,KM134_0003,MWAMWA I,2023,2217
KM,Comores,KM1,NDZUWANI,KM13,MUTSAMUDU,KM134,MUTSAMUDU,KM134_0004,MWAMWA II,2023,933
KM,Comores,KM1,NDZUWANI,KM13,MUTSAMUDU,KM134,MUTSAMUDU,KM134_0002,PAJE,2023,6886
KM,Comores,KM1,NDZUWANI,KM14,OUANI,KM141,BAMBAO MTROUNI,KM141_0003,CHANDRA,2023,5776
KM,Comores,KM1,NDZUWANI,KM14,OUANI,KM141,BAMBAO MTROUNI,KM141_0002,DINDRI,2023,12061
KM,Comores,KM1,NDZUWANI,KM14,OUANI,KM141,BAMBAO MTROUNI,KM141_0001,TSEMBEHOU,2023,14655
KM,Comores,KM1,NDZUWANI,KM14,OUANI,KM142,BAZIMINI,KM142_0001,BAZIMINI,2023,9564
KM,Comores,KM1,NDZUWANI,KM14,OUANI,KM142,BAZIMINI,KM142_0002,KOKI,2023,7409
KM,Comores,KM1,NDZUWANI,KM14,OUANI,KM142,BAZIMINI,KM142_0003,PATSY,2023,4520
KM,Comores,KM1,NDZUWANI,KM14,OUANI,KM143,OUANI,KM143_0003,BARAKANI,2023,8186
KM,Comores,KM1,NDZUWANI,KM14,OUANI,KM143,OUANI,KM143_0004,GNATRANGA,2023,3828
KM,Comores,KM1,NDZUWANI,KM14,OUANI,KM143,OUANI,KM143_0001,OUANI,2023,11743
KM,Comores,KM1,NDZUWANI,KM14,OUANI,KM143,OUANI,KM143_0005,TANAMBAO,2023,2450
KM,Comores,KM1,NDZUWANI,KM15,SIMA,KM152,SIMA,KM152_0003,BIMBINI,2023,2078
KM,Comores,KM1,NDZUWANI,KM15,SIMA,KM152,SIMA,KM152_0004,BOUNGOUENI,2023,4113
KM,Comores,KM1,NDZUWANI,KM15,SIMA,KM152,SIMA,KM152_0002,KAVANI,2023,2528
KM,Comores,KM1,NDZUWANI,KM15,SIMA,KM152,SIMA,KM234_0004,MILEMBENI,2023,846
KM,Comores,KM1,NDZUWANI,KM15,SIMA,KM152,SIMA,KM152_0005,MIRONGANI,2023,1698
KM,Comores,KM1,NDZUWANI,KM15,SIMA,KM152,SIMA,KM232_0003,SIMA,2023,8795
KM,Comores,KM1,NDZUWANI,KM15,SIMA,KM153,VOUANI,KM153_0010,BANDRANI YA VOUANI,2023,1961
KM,Comores,KM1,NDZUWANI,KM15,SIMA,KM153,VOUANI,KM153_0011,CHIROVE,2023,307
KM,Comores,KM1,NDZUWANI,KM15,SIMA,KM153,VOUANI,KM153_0009,DAR SALAMA,2023,1564
KM,Comores,KM1,NDZUWANI,KM15,SIMA,KM153,VOUANI,KM153_0007,DZINDRI I,2023,2952
KM,Comores,KM1,NDZUWANI,KM15,SIMA,KM153,VOUANI,KM153_0003,HASSIMPAO,2023,1784
KM,Comores,KM1,NDZUWANI,KM15,SIMA,KM153,VOUANI,KM153_0006,IMERE,2023,521
KM,Comores,KM1,NDZUWANI,KM15,SIMA,KM153,VOUANI,KM153_0015,IMERE YA GAWANI,2023,864
KM,Comores,KM1,NDZUWANI,KM15,SIMA,KM153,VOUANI,KM153_0002,MARAHARE,2023,2291
KM,Comores,KM1,NDZUWANI,KM15,SIMA,KM153,VOUANI,KM153_0012,MARONTRONI,2023,474
KM,Comores,KM1,NDZUWANI,KM15,SIMA,KM153,VOUANI,KM153_0001,MROMOUHOULI,2023,706
KM,Comores,KM1,NDZUWANI,KM15,SIMA,KM153,VOUANI,KM153_0014,SALAMANI,2023,474
KM,Comores,KM1,NDZUWANI,KM15,SIMA,KM153,VOUANI,KM153_0004,SHITSANGASHELI,2023,180
KM,Comores,KM1,NDZUWANI,KM15,SIMA,KM153,VOUANI,KM153_0005,VASSI,2023,1470
KM,Comores,KM1,NDZUWANI,KM15,SIMA,KM153,VOUANI,KM153_0008,VOUANI,2023,3953
KM,Comores,KM2,NGAZIDJA,KM21,HAMAHAMET MBOINKOU,KM211,MBOINKOU,KM211_0008,BANDAMADJI LA MBOIKOU,2023,791
KM,Comores,KM2,NGAZIDJA,KM21,HAMAHAMET MBOINKOU,KM211,MBOINKOU,KM211_0004,CHEZANI,2023,3042
KM,Comores,KM2,NGAZIDJA,KM21,HAMAHAMET MBOINKOU,KM211,MBOINKOU,KM211_0007,HANTSINDZI,2023,2351
KM,Comores,KM2,NGAZIDJA,KM21,HAMAHAMET MBOINKOU,KM211,MBOINKOU,KM211_0001,MADJEOUENI,2023,1968
KM,Comores,KM2,NGAZIDJA,KM21,HAMAHAMET MBOINKOU,KM211,MBOINKOU,KM211_0005,NDROUDE,2023,2305
KM,Comores,KM2,NGAZIDJA,KM21,HAMAHAMET MBOINKOU,KM211,MBOINKOU,KM211_0006,NIOUMAMILIMA,2023,1493
KM,Comores,KM2,NGAZIDJA,KM21,HAMAHAMET MBOINKOU,KM211,MBOINKOU,KM211_0002,SADANI YA MBOIKOU,2023,690
KM,Comores,KM2,NGAZIDJA,KM21,HAMAHAMET MBOINKOU,KM211,MBOINKOU,KM211_0003,TRELEZINI,2023,611
KM,Comores,KM2,NGAZIDJA,KM21,HAMAHAMET MBOINKOU,KM212,NYUMA MRO,KM212_0005,BAMBADJANI,2023,1374
KM,Comores,KM2,NGAZIDJA,KM21,HAMAHAMET MBOINKOU,KM212,NYUMA MRO,KM212_0001,DIMADJOU YA HAMAHAMET,2023,2676
KM,Comores,KM2,NGAZIDJA,KM21,HAMAHAMET MBOINKOU,KM212,NYUMA MRO,KM212_0009,HADJAMBOU,2023,1416
KM,Comores,KM2,NGAZIDJA,KM21,HAMAHAMET MBOINKOU,KM212,NYUMA MRO,KM212_0007,ITSANDZENI,2023,2058
KM,Comores,KM2,NGAZIDJA,KM21,HAMAHAMET MBOINKOU,KM212,NYUMA MRO,KM212_0010,MBATSE YA HAMAHAMET,2023,258
KM,Comores,KM2,NGAZIDJA,KM21,HAMAHAMET MBOINKOU,KM212,NYUMA MRO,KM212_0003,MDJIHARI,2023,729
KM,Comores,KM2,NGAZIDJA,KM21,HAMAHAMET MBOINKOU,KM212,NYUMA MRO,KM212_0004,MOIDJA,2023,2272
KM,Comores,KM2,NGAZIDJA,KM21,HAMAHAMET MBOINKOU,KM212,NYUMA MRO,KM212_0006,NGOLE,2023,420
KM,Comores,KM2,NGAZIDJA,KM21,HAMAHAMET MBOINKOU,KM212,NYUMA MRO,KM212_0002,NYADOMBWENI,2023,1121
KM,Comores,KM2,NGAZIDJA,KM21,HAMAHAMET MBOINKOU,KM212,NYUMA MRO,KM212_0008,OUELLAH YA HAMAHAMET,2023,781
KM,Comores,KM2,NGAZIDJA,KM21,HAMAHAMET MBOINKOU,KM213,NYUMA MSIRU,KM213_0008,BATOU,2023,761
KM,Comores,KM2,NGAZIDJA,KM21,HAMAHAMET MBOINKOU,KM213,NYUMA MSIRU,KM213_0006,BOUNI,2023,1590
KM,Comores,KM2,NGAZIDJA,KM21,HAMAHAMET MBOINKOU,KM213,NYUMA MSIRU,KM213_0007,HEROUMBILI,2023,1643
KM,Comores,KM2,NGAZIDJA,KM21,HAMAHAMET MBOINKOU,KM213,NYUMA MSIRU,KM213_0010,IFOUNDIHE YA HAMAHAMET,2023,776
KM,Comores,KM2,NGAZIDJA,KM21,HAMAHAMET MBOINKOU,KM213,NYUMA MSIRU,KM213_0009,KOURANI YA HAMAHAMET,2023,148
KM,Comores,KM2,NGAZIDJA,KM21,HAMAHAMET MBOINKOU,KM213,NYUMA MSIRU,KM213_0001,MBENI,2023,5871
KM,Comores,KM2,NGAZIDJA,KM21,HAMAHAMET MBOINKOU,KM213,NYUMA MSIRU,KM213_0011,MNOUNGOU,2023,1398
KM,Comores,KM2,NGAZIDJA,KM21,HAMAHAMET MBOINKOU,KM213,NYUMA MSIRU,KM213_0004,SADA CHIHOUWE,2023,894
KM,Comores,KM2,NGAZIDJA,KM21,HAMAHAMET MBOINKOU,KM213,NYUMA MSIRU,KM213_0005,SADA MHUWAMBOI,2023,227
KM,Comores,KM2,NGAZIDJA,KM21,HAMAHAMET MBOINKOU,KM213,NYUMA MSIRU,KM213_0003,SALIMANI YA HAMAHAMET,2023,705
KM,Comores,KM2,NGAZIDJA,KM21,HAMAHAMET MBOINKOU,KM213,NYUMA MSIRU,KM213_0002,SELEANI,2023,1590
KM,Comores,KM2,NGAZIDJA,KM22,HAMBOU,KM221,DJOUMOIPANGUA,KM221_0004,BAMBANI,2023,1425
KM,Comores,KM2,NGAZIDJA,KM22,HAMBOU,KM221,DJOUMOIPANGUA,KM221_0005,DZAHADJOU,2023,2428
KM,Comores,KM2,NGAZIDJA,KM22,HAMBOU,KM221,DJOUMOIPANGUA,KM221_0003,HETSA,2023,956
KM,Comores,KM2,NGAZIDJA,KM22,HAMBOU,KM221,DJOUMOIPANGUA,KM221_0002,MDJOIEZI,2023,3452
KM,Comores,KM2,NGAZIDJA,KM22,HAMBOU,KM221,DJOUMOIPANGUA,KM221_0001,SINGANI,2023,2424
KM,Comores,KM2,NGAZIDJA,KM22,HAMBOU,KM222,TSINIMOIPANGUA,KM222_0005,BANGOI,2023,3240
KM,Comores,KM2,NGAZIDJA,KM22,HAMBOU,KM222,TSINIMOIPANGUA,KM222_0003,CHOUANI,2023,2967
KM,Comores,KM2,NGAZIDJA,KM22,HAMBOU,KM222,TSINIMOIPANGUA,KM222_0004,DJOUMOICHONGO,2023,1758
KM,Comores,KM2,NGAZIDJA,KM22,HAMBOU,KM222,TSINIMOIPANGUA,KM222_0001,MITSOUDJE,2023,4305
KM,Comores,KM2,NGAZIDJA,KM22,HAMBOU,KM222,TSINIMOIPANGUA,KM222_0006,NKOMIONI,2023,638
KM,Comores,KM2,NGAZIDJA,KM22,HAMBOU,KM222,TSINIMOIPANGUA,KM222_0007,SALIMANI,2023,2241
KM,Comores,KM2,NGAZIDJA,KM22,HAMBOU,KM222,TSINIMOIPANGUA,KM222_0002,TROUMBENI,2023,266
KM,Comores,KM2,NGAZIDJA,KM23,ITSANDRA HAMANVOU,KM231,BANGAANI,KM231_0007,BANDAMADJI LA ITSANDRA,2023,1049
KM,Comores,KM2,NGAZIDJA,KM23,ITSANDRA HAMANVOU,KM231,BANGAANI,KM231_0008,DIMADJOU YA ITSANDRA,2023,1626
KM,Comores,KM2,NGAZIDJA,KM23,ITSANDRA HAMANVOU,KM231,BANGAANI,KM231_0004,DZAHANI LA TSIDJE,2023,9044
KM,Comores,KM2,NGAZIDJA,KM23,ITSANDRA HAMANVOU,KM231,BANGAANI,KM231_0001,ITSANDRA MDJINI,2023,3747
KM,Comores,KM2,NGAZIDJA,KM23,ITSANDRA HAMANVOU,KM231,BANGAANI,KM231_0005,MAOUENI YA ITSANDRA,2023,943
KM,Comores,KM2,NGAZIDJA,KM23,ITSANDRA HAMANVOU,KM231,BANGAANI,KM231_0006,MIRONTSI YA ITSANDRA,2023,501
KM,Comores,KM2,NGAZIDJA,KM23,ITSANDRA HAMANVOU,KM231,BANGAANI,KM231_0002,SALIMANI YA ITSANDRA,2023,3662
KM,Comores,KM2,NGAZIDJA,KM23,ITSANDRA HAMANVOU,KM231,BANGAANI,KM231_0003,SAMBA MBODONI,2023,1589
KM,Comores,KM2,NGAZIDJA,KM23,ITSANDRA HAMANVOU,KM232,DJOUMOICHONGO,KM232_0002,BAHANI,2023,2082
KM,Comores,KM2,NGAZIDJA,KM23,ITSANDRA HAMANVOU,KM232,DJOUMOICHONGO,KM232_0001,DZAHANI II,2023,1676
KM,Comores,KM2,NGAZIDJA,KM23,ITSANDRA HAMANVOU,KM232,DJOUMOICHONGO,KM232_0004,OUELLAH YA ITSANDRA,2023,1455
KM,Comores,KM2,NGAZIDJA,KM23,ITSANDRA HAMANVOU,KM232,DJOUMOICHONGO,KM232_0005,SAMBA KOUNI,2023,2344
KM,Comores,KM2,NGAZIDJA,KM23,ITSANDRA HAMANVOU,KM232,DJOUMOICHONGO,KM232_0003,SIMA,2023,964
KM,Comores,KM2,NGAZIDJA,KM23,ITSANDRA HAMANVOU,KM233,HAMANVOU,KM233_0008,BIBAVOU,2023,1273
KM,Comores,KM2,NGAZIDJA,KM23,ITSANDRA HAMANVOU,KM233,HAMANVOU,KM233_0002,BOENINDI,2023,884
KM,Comores,KM2,NGAZIDJA,KM23,ITSANDRA HAMANVOU,KM233,HAMANVOU,KM233_0007,DIBOINI,2023,1651
KM,Comores,KM2,NGAZIDJA,KM23,ITSANDRA HAMANVOU,KM233,HAMANVOU,KM233_0001,HAHAYA,2023,5254
KM,Comores,KM2,NGAZIDJA,KM23,ITSANDRA HAMANVOU,KM233,HAMANVOU,KM233_0004,MBALENI,2023,212
KM,Comores,KM2,NGAZIDJA,KM23,ITSANDRA HAMANVOU,KM233,HAMANVOU,KM233_0003,MBAMBANI YA HAMANVOU,2023,798
KM,Comores,KM2,NGAZIDJA,KM23,ITSANDRA HAMANVOU,KM233,HAMANVOU,KM233_0006,MBANGANI,2023,1691
KM,Comores,KM2,NGAZIDJA,KM23,ITSANDRA HAMANVOU,KM233,HAMANVOU,KM233_0009,MILEVANI,2023,1408
KM,Comores,KM2,NGAZIDJA,KM23,ITSANDRA HAMANVOU,KM233,HAMANVOU,KM233_0005,OUSSIVO,2023,2616
KM,Comores,KM2,NGAZIDJA,KM23,ITSANDRA HAMANVOU,KM234,ISAHARI,KM234_0002,HANTSAMBOU,2023,1859
KM,Comores,KM2,NGAZIDJA,KM23,ITSANDRA HAMANVOU,KM234,ISAHARI,KM234_0004,MILEMBENI,2023,1134
KM,Comores,KM2,NGAZIDJA,KM23,ITSANDRA HAMANVOU,KM234,ISAHARI,KM234_0001,NTSOUDJINI,2023,4958
KM,Comores,KM2,NGAZIDJA,KM23,ITSANDRA HAMANVOU,KM234,ISAHARI,KM234_0005,ZIVANDANI,2023,1529
KM,Comores,KM2,NGAZIDJA,KM23,ITSANDRA HAMANVOU,KM235,MBADANI,KM235_0001,BATSA ITSANDRA,2023,3057
KM,Comores,KM2,NGAZIDJA,KM23,ITSANDRA HAMANVOU,KM235,MBADANI,KM235_0005,DZAHADJOU LA ITSANDRA,2023,1621
KM,Comores,KM2,NGAZIDJA,KM23,ITSANDRA HAMANVOU,KM235,MBADANI,KM235_0004,MHANDANI,2023,629
KM,Comores,KM2,NGAZIDJA,KM23,ITSANDRA HAMANVOU,KM235,MBADANI,KM235_0003,VANADJOU,2023,1101
KM,Comores,KM2,NGAZIDJA,KM23,ITSANDRA HAMANVOU,KM235,MBADANI,KM235_0002,VANAMBOINI,2023,2391
KM,Comores,KM2,NGAZIDJA,KM23,ITSANDRA HAMANVOU,KM235,MBADANI,KM235_0006,VOUNA MBADANI,2023,898
KM,Comores,KM2,NGAZIDJA,KM24,MBADJINI EST,KM241,DOMBA,KM241_0002,BANDADAOUENI,2023,1723
KM,Comores,KM2,NGAZIDJA,KM24,MBADJINI EST,KM241,DOMBA,KM241_0001,BANDAMADJI LADOMBA,2023,1215
KM,Comores,KM2,NGAZIDJA,KM24,MBADJINI EST,KM241,DOMBA,KM241_0004,OUNGONI,2023,1146
KM,Comores,KM2,NGAZIDJA,KM24,MBADJINI EST,KM241,DOMBA,KM264_0004,PIDJANI,2023,2475
KM,Comores,KM2,NGAZIDJA,KM24,MBADJINI EST,KM241,DOMBA,KM241_0003,TSINIMOIPANGA,2023,2787
KM,Comores,KM2,NGAZIDJA,KM24,MBADJINI EST,KM242,ITSAHIDI,KM242_0007,CHINDINI,2023,1962
KM,Comores,KM2,NGAZIDJA,KM24,MBADJINI EST,KM242,ITSAHIDI,KM242_0009,DZAHADJOU LA MBADJINI,2023,1276
KM,Comores,KM2,NGAZIDJA,KM24,MBADJINI EST,KM242,ITSAHIDI,KM242_0001,FOUMBOUNI,2023,2921
KM,Comores,KM2,NGAZIDJA,KM24,MBADJINI EST,KM242,ITSAHIDI,KM242_0002,KOIMBANI LA MBADJINI,2023,506
KM,Comores,KM2,NGAZIDJA,KM24,MBADJINI EST,KM242,ITSAHIDI,KM242_0003,MALE,2023,2597
KM,Comores,KM2,NGAZIDJA,KM24,MBADJINI EST,KM242,ITSAHIDI,KM242_0004,MIDJENDJENI,2023,472
KM,Comores,KM2,NGAZIDJA,KM24,MBADJINI EST,KM242,ITSAHIDI,KM242_0010,MOHORO,2023,2454
KM,Comores,KM2,NGAZIDJA,KM24,MBADJINI EST,KM242,ITSAHIDI,KM242_0006,NDZOUANI,2023,232
KM,Comores,KM2,NGAZIDJA,KM24,MBADJINI EST,KM242,ITSAHIDI,KM242_0011,NGNOUMADZHA MVOUBARI,2023,2330
KM,Comores,KM2,NGAZIDJA,KM24,MBADJINI EST,KM242,ITSAHIDI,KM242_0005,OUROVENI,2023,1618
KM,Comores,KM2,NGAZIDJA,KM24,MBADJINI EST,KM242,ITSAHIDI,KM242_0008,SIMAMBOINI,2023,1066
KM,Comores,KM2,NGAZIDJA,KM24,MBADJINI EST,KM243,PIMBA,KM243_0004,BANDAMADJI LA KOUBOINI,2023,869
KM,Comores,KM2,NGAZIDJA,KM24,MBADJINI EST,KM243,PIMBA,KM243_0005,DARISSALAMA,2023,594
KM,Comores,KM2,NGAZIDJA,KM24,MBADJINI EST,KM243,PIMBA,KM243_0009,DIDJONI,2023,673
KM,Comores,KM2,NGAZIDJA,KM24,MBADJINI EST,KM243,PIMBA,KM243_0002,INANI,2023,1003
KM,Comores,KM2,NGAZIDJA,KM24,MBADJINI EST,KM243,PIMBA,KM243_0010,KOVE,2023,973
KM,Comores,KM2,NGAZIDJA,KM24,MBADJINI EST,KM243,PIMBA,KM243_0006,MLALOI NKOUDJOU,2023,1214
KM,Comores,KM2,NGAZIDJA,KM24,MBADJINI EST,KM243,PIMBA,KM243_0003,NGNAMBENI,2023,1985
KM,Comores,KM2,NGAZIDJA,KM24,MBADJINI EST,KM243,PIMBA,KM243_0007,NGNOUMA MILIMA,2023,3405
KM,Comores,KM2,NGAZIDJA,KM24,MBADJINI EST,KM243,PIMBA,KM243_0008,NKOURANI MKANGA,2023,718
KM,Comores,KM2,NGAZIDJA,KM24,MBADJINI EST,KM243,PIMBA,KM243_0001,SIMBOUSSA YA MBADJINI,2023,2217
KM,Comores,KM2,NGAZIDJA,KM25,MBADJINI OUEST,KM251,NGOUENGOE,KM251_0001,DEMBENI,2023,2453
KM,Comores,KM2,NGAZIDJA,KM25,MBADJINI OUEST,KM251,NGOUENGOE,KM251_0011,ITSOUDZOU,2023,258
KM,Comores,KM2,NGAZIDJA,KM25,MBADJINI OUEST,KM251,NGOUENGOE,KM251_0009,KANDZILE,2023,1391
KM,Comores,KM2,NGAZIDJA,KM25,MBADJINI OUEST,KM251,NGOUENGOE,KM251_0010,MAKORANI,2023,50
KM,Comores,KM2,NGAZIDJA,KM25,MBADJINI OUEST,KM251,NGOUENGOE,KM251_0007,MANDZISSANI,2023,570
KM,Comores,KM2,NGAZIDJA,KM25,MBADJINI OUEST,KM251,NGOUENGOE,KM251_0003,MBOUDE YA MBOINI,2023,640
KM,Comores,KM2,NGAZIDJA,KM25,MBADJINI OUEST,KM251,NGOUENGOE,KM251_0002,MDJAMKAGNOI,2023,1034
KM,Comores,KM2,NGAZIDJA,KM25,MBADJINI OUEST,KM251,NGOUENGOE,KM251_0006,MINDRADOU,2023,503
KM,Comores,KM2,NGAZIDJA,KM25,MBADJINI OUEST,KM251,NGOUENGOE,KM251_0004,MLIMANI,2023,214
KM,Comores,KM2,NGAZIDJA,KM25,MBADJINI OUEST,KM251,NGOUENGOE,KM251_0005,PANDA,2023,943
KM,Comores,KM2,NGAZIDJA,KM25,MBADJINI OUEST,KM251,NGOUENGOE,KM251_0008,TSINI MOICHONGO,2023,2528
KM,Comores,KM2,NGAZIDJA,KM25,MBADJINI OUEST,KM252,NIOUMAGAMA,KM252_0004,DIMA,2023,615
KM,Comores,KM2,NGAZIDJA,KM25,MBADJINI OUEST,KM252,NIOUMAGAMA,KM252_0007,DOMONI,2023,880
KM,Comores,KM2,NGAZIDJA,KM25,MBADJINI OUEST,KM252,NIOUMAGAMA,KM252_0008,DZOIDJOU,2023,787
KM,Comores,KM2,NGAZIDJA,KM25,MBADJINI OUEST,KM252,NIOUMAGAMA,KM252_0009,FAMARE,2023,577
KM,Comores,KM2,NGAZIDJA,KM25,MBADJINI OUEST,KM252,NIOUMAGAMA,KM252_0002,IFOUNDIHE CHADJOU,2023,252
KM,Comores,KM2,NGAZIDJA,KM25,MBADJINI OUEST,KM252,NIOUMAGAMA,KM252_0003,IFOUNDIHE CHAMBOINI,2023,1180
KM,Comores,KM2,NGAZIDJA,KM25,MBADJINI OUEST,KM252,NIOUMAGAMA,KM252_0005,NKOURANI YA SIMA,2023,9685
KM,Comores,KM2,NGAZIDJA,KM25,MBADJINI OUEST,KM252,NIOUMAGAMA,KM252_0001,OUZIOINI,2023,2461
KM,Comores,KM2,NGAZIDJA,KM26,MBOUDE,KM265,NYUMAMRO KIBLANI,KM265_0002,CHAMLE,2023,1606
KM,Comores,KM2,NGAZIDJA,KM26,MBOUDE,KM265,NYUMAMRO KIBLANI,KM265_0001,DJOMANI,2023,3877
KM,Comores,KM2,NGAZIDJA,KM26,MBOUDE,KM265,NYUMAMRO KIBLANI,KM265_0007,DOUNIANI,2023,2137
KM,Comores,KM2,NGAZIDJA,KM26,MBOUDE,KM265,NYUMAMRO KIBLANI,KM265_0006,HELINDJE,2023,2087
KM,Comores,KM2,NGAZIDJA,KM26,MBOUDE,KM265,NYUMAMRO KIBLANI,KM265_0009,KOUA,2023,781
KM,Comores,KM2,NGAZIDJA,KM26,MBOUDE,KM265,NYUMAMRO KIBLANI,KM265_0004,MANDZA YA MBOUDE,2023,1864
KM,Comores,KM2,NGAZIDJA,KM26,MBOUDE,KM265,NYUMAMRO KIBLANI,KM265_0005,MDJOIEZI YA MBOUNDE,2023,947
KM,Comores,KM2,NGAZIDJA,KM26,MBOUDE,KM265,NYUMAMRO KIBLANI,KM265_0003,VOUVOUNI YA MBOUNDE,2023,543
KM,Comores,KM2,NGAZIDJA,KM26,MBOUDE,KM266,NYUMAMRO SOUHEILI,KM266_0003,DJONGOE,2023,1014
KM,Comores,KM2,NGAZIDJA,KM26,MBOUDE,KM266,NYUMAMRO SOUHEILI,KM266_0007,DOMOIDJOU,2023,1050
KM,Comores,KM2,NGAZIDJA,KM26,MBOUDE,KM266,NYUMAMRO SOUHEILI,KM266_0008,DOMOIMBOINI,2023,506
KM,Comores,KM2,NGAZIDJA,KM26,MBOUDE,KM266,NYUMAMRO SOUHEILI,KM266_0002,IVEMBENI,2023,4515
KM,Comores,KM2,NGAZIDJA,KM26,MBOUDE,KM266,NYUMAMRO SOUHEILI,KM266_0004,MAOUENI YA MBOUDE,2023,1425
KM,Comores,KM2,NGAZIDJA,KM26,MBOUDE,KM266,NYUMAMRO SOUHEILI,KM266_0009,MOIDJA YA MBOUDE,2023,658
KM,Comores,KM2,NGAZIDJA,KM26,MBOUDE,KM266,NYUMAMRO SOUHEILI,KM266_0001,NTSAOUENI,2023,3710
KM,Comores,KM2,NGAZIDJA,KM26,MBOUDE,KM266,NYUMAMRO SOUHEILI,KM266_0006,NTSORALE YA MBOUDE,2023,772
KM,Comores,KM2,NGAZIDJA,KM26,MBOUDE,KM266,NYUMAMRO SOUHEILI,KM266_0005,SIMBOUSSA YA MBOUDE,2023,376
KM,Comores,KM2,NGAZIDJA,KM26,MITSAMIOULI,KM261,CEMBENOI LAC SALE,KM261_0001,BANGOIKOUNI,2023,2867
KM,Comores,KM2,NGAZIDJA,KM26,MITSAMIOULI,KM261,CEMBENOI LAC SALE,KM261_0002,BATSA YA MITSAMIHOULI,2023,1363
KM,Comores,KM2,NGAZIDJA,KM26,MITSAMIOULI,KM261,CEMBENOI LAC SALE,KM261_0004,IVOINI,2023,1832
KM,Comores,KM2,NGAZIDJA,KM26,MITSAMIOULI,KM261,CEMBENOI LAC SALE,KM261_0003,OUZIO,2023,3014
KM,Comores,KM2,NGAZIDJA,KM26,MITSAMIOULI,KM262,CEMBENOI SADA DJOULAMLIMA,KM265_0009,KOUA,2023,1723
KM,Comores,KM2,NGAZIDJA,KM26,MITSAMIOULI,KM262,CEMBENOI SADA DJOULAMLIMA,KM262_0004,OUELLAH YA MITSAMIHOULI,2023,4834
KM,Comores,KM2,NGAZIDJA,KM26,MITSAMIOULI,KM262,CEMBENOI SADA DJOULAMLIMA,KM262_0001,OUEMANI,2023,741
KM,Comores,KM2,NGAZIDJA,KM26,MITSAMIOULI,KM263,MITSAMIOULI,KM263_0003,FASSI,2023,526
KM,Comores,KM2,NGAZIDJA,KM26,MITSAMIOULI,KM263,MITSAMIOULI,KM263_0002,HADAWA,2023,653
KM,Comores,KM2,NGAZIDJA,KM26,MITSAMIOULI,KM263,MITSAMIOULI,KM263_0001,MEMBOI - BOINI,2023,986
KM,Comores,KM2,NGAZIDJA,KM26,MITSAMIOULI,KM263,MITSAMIOULI,KM263_0004,MITSAMIHOULI,2023,5685
KM,Comores,KM2,NGAZIDJA,KM26,MITSAMIOULI,KM263,MITSAMIOULI,KM263_0006,NDZAOUZE,2023,3086
KM,Comores,KM2,NGAZIDJA,KM26,MITSAMIOULI,KM263,MITSAMIOULI,KM263_0005,NKOURANI YA MITSAMIHOULI,2023,409
KM,Comores,KM2,NGAZIDJA,KM26,MITSAMIOULI,KM264,NYUMA KOMO,KM264_0001,BANGOI MAFUSA NKOA,2023,758
KM,Comores,KM2,NGAZIDJA,KM26,MITSAMIOULI,KM264,NYUMA KOMO,KM264_0008,FOUNGA,2023,1055
KM,Comores,KM2,NGAZIDJA,KM26,MITSAMIOULI,KM264,NYUMA KOMO,KM264_0002,MEMBOI - DJOU,2023,1846
KM,Comores,KM2,NGAZIDJA,KM26,MITSAMIOULI,KM264,NYUMA KOMO,KM264_0007,NTSADJENI,2023,1932
KM,Comores,KM2,NGAZIDJA,KM26,MITSAMIOULI,KM264,NYUMA KOMO,KM264_0009,OUHOZI,2023,1379
KM,Comores,KM2,NGAZIDJA,KM26,MITSAMIOULI,KM264,NYUMA KOMO,KM264_0004,PIDJANI,2023,671
KM,Comores,KM2,NGAZIDJA,KM26,MITSAMIOULI,KM264,NYUMA KOMO,KM264_0005,SONGOMANI,2023,538
KM,Comores,KM2,NGAZIDJA,KM26,MITSAMIOULI,KM264,NYUMA KOMO,KM264_0006,TOIYFA,2023,540
KM,Comores,KM2,NGAZIDJA,KM27,MORONI BAMBAO,KM273,BAMBAO YA DJOU,KM273_0002,M'VOUNI,2023,6157
KM,Comores,KM2,NGAZIDJA,KM27,MORONI BAMBAO,KM273,BAMBAO YA DJOU,KM273_0003,MAVINGOUNI,2023,2022
KM,Comores,KM2,NGAZIDJA,KM27,MORONI BAMBAO,KM273,BAMBAO YA DJOU,KM273_0001,MKAZI,2023,7308
KM,Comores,KM2,NGAZIDJA,KM27,MORONI BAMBAO,KM271,BAMBAO YA HARI,KM271_0010,BOENI YA BAMBAO,2023,2388
KM,Comores,KM2,NGAZIDJA,KM27,MORONI BAMBAO,KM271,BAMBAO YA HARI,KM271_0007,DAOUENI,2023,435
KM,Comores,KM2,NGAZIDJA,KM27,MORONI BAMBAO,KM271,BAMBAO YA HARI,KM283_0003,DZAHANI,2023,776
KM,Comores,KM2,NGAZIDJA,KM27,MORONI BAMBAO,KM271,BAMBAO YA HARI,KM271_0002,M'DE,2023,7465
KM,Comores,KM2,NGAZIDJA,KM27,MORONI BAMBAO,KM271,BAMBAO YA HARI,KM271_0006,MBOUDADJOU,2023,1182
KM,Comores,KM2,NGAZIDJA,KM27,MORONI BAMBAO,KM271,BAMBAO YA HARI,KM271_0005,MOIDZAZA DJOUMBE,2023,530
KM,Comores,KM2,NGAZIDJA,KM27,MORONI BAMBAO,KM271,BAMBAO YA HARI,KM271_0004,NIOUMADZAHA,2023,3689
KM,Comores,KM2,NGAZIDJA,KM27,MORONI BAMBAO,KM271,BAMBAO YA HARI,KM271_0003,SELEA,2023,2448
KM,Comores,KM2,NGAZIDJA,KM27,MORONI BAMBAO,KM271,BAMBAO YA HARI,KM271_0001,VOUVOUNI,2023,4963
KM,Comores,KM2,NGAZIDJA,KM27,MORONI BAMBAO,KM272,BAMBAO YA MBOINI,KM272_0001,ICONI,2023,6268
KM,Comores,KM2,NGAZIDJA,KM27,MORONI BAMBAO,KM272,BAMBAO YA MBOINI,KM272_0002,MBACHILE,2023,1921
KM,Comores,KM2,NGAZIDJA,KM27,MORONI BAMBAO,KM272,BAMBAO YA MBOINI,KM272_0003,MOIDZAZA - MBOINI,2023,3248
KM,Comores,KM2,NGAZIDJA,KM27,MORONI BAMBAO,KM272,BAMBAO YA MBOINI,KM272_0004,NDROUANI,2023,1575
KM,Comores,KM2,NGAZIDJA,KM27,MORONI BAMBAO,KM272,BAMBAO YA MBOINI,KM272_0005,SEREHINI,2023,851
KM,Comores,KM2,NGAZIDJA,KM27,MORONI BAMBAO,KM274,MORONI,KM274_0001,MORONI,2023,85561
KM,Comores,KM2,NGAZIDJA,KM28,OICHILI DIMANI,KM281,DIMANI,KM281_0002,FOUMBOU DZIVOUNI,2023,510
KM,Comores,KM2,NGAZIDJA,KM28,OICHILI DIMANI,KM281,DIMANI,KM281_0007,IDJINKOUNDZI,2023,2769
KM,Comores,KM2,NGAZIDJA,KM28,OICHILI DIMANI,KM281,DIMANI,KM281_0006,IDJOINDRADJA,2023,216
KM,Comores,KM2,NGAZIDJA,KM28,OICHILI DIMANI,KM281,DIMANI,KM281_0005,MADJOMA,2023,625
KM,Comores,KM2,NGAZIDJA,KM28,OICHILI DIMANI,KM281,DIMANI,KM281_0008,MAOUENI DIMANI,2023,1716
KM,Comores,KM2,NGAZIDJA,KM28,OICHILI DIMANI,KM281,DIMANI,KM281_0003,MBOUDE,2023,739
KM,Comores,KM2,NGAZIDJA,KM28,OICHILI DIMANI,KM281,DIMANI,KM281_0004,MIDJINDZE,2023,177
KM,Comores,KM2,NGAZIDJA,KM28,OICHILI DIMANI,KM281,DIMANI,KM281_0009,MIRERENI,2023,595
KM,Comores,KM2,NGAZIDJA,KM28,OICHILI DIMANI,KM281,DIMANI,KM281_0001,MTSANGADJOU,2023,1468
KM,Comores,KM2,NGAZIDJA,KM28,OICHILI DIMANI,KM281,DIMANI,KM281_0010,NTSORALE,2023,2804
KM,Comores,KM2,NGAZIDJA,KM28,OICHILI DIMANI,KM281,DIMANI,KM281_0012,REHEMANI,2023,462
KM,Comores,KM2,NGAZIDJA,KM28,OICHILI DIMANI,KM281,DIMANI,KM281_0011,SIDJOU,2023,987
KM,Comores,KM2,NGAZIDJA,KM28,OICHILI DIMANI,KM283,OICHILI YABOINI,KM283_0003,DZAHANI,2023,758
KM,Comores,KM2,NGAZIDJA,KM28,OICHILI DIMANI,KM283,OICHILI YABOINI,KM283_0006,HAMBOU,2023,1138
KM,Comores,KM2,NGAZIDJA,KM28,OICHILI DIMANI,KM283,OICHILI YABOINI,KM283_0007,HASSENDJE,2023,334
KM,Comores,KM2,NGAZIDJA,KM28,OICHILI DIMANI,KM283,OICHILI YABOINI,KM283_0001,ITSINKOUDI,2023,2798
KM,Comores,KM2,NGAZIDJA,KM28,OICHILI DIMANI,KM283,OICHILI YABOINI,KM283_0004,KOUHANI,2023,547
KM,Comores,KM2,NGAZIDJA,KM28,OICHILI DIMANI,KM283,OICHILI YABOINI,KM283_0005,MTSAMDU,2023,1322
KM,Comores,KM2,NGAZIDJA,KM28,OICHILI DIMANI,KM282,OICHILI YADJOU,KM282_0003,BOENI YAWACHILI,2023,989
KM,Comores,KM2,NGAZIDJA,KM28,OICHILI DIMANI,KM282,OICHILI YADJOU,KM282_0009,CHAMRO,2023,181
KM,Comores,KM2,NGAZIDJA,KM28,OICHILI DIMANI,KM282,OICHILI YADJOU,KM282_0007,CHOMONI,2023,934
KM,Comores,KM2,NGAZIDJA,KM28,OICHILI DIMANI,KM282,OICHILI YADJOU,KM282_0004,DZAHADJOU YA WACHILI,2023,1194
KM,Comores,KM2,NGAZIDJA,KM28,OICHILI DIMANI,KM282,OICHILI YADJOU,KM282_0002,IROHE,2023,1087
KM,Comores,KM2,NGAZIDJA,KM28,OICHILI DIMANI,KM282,OICHILI YADJOU,KM282_0001,KOIMBANI YA WACHILI,2023,3351
KM,Comores,KM2,NGAZIDJA,KM28,OICHILI DIMANI,KM282,OICHILI YADJOU,KM282_0005,SADA,2023,408
KM,Comores,KM2,NGAZIDJA,KM28,OICHILI DIMANI,KM282,OICHILI YADJOU,KM282_0006,SADANI,2023,704
KM,Comores,KM2,NGAZIDJA,KM28,OICHILI DIMANI,KM282,OICHILI YADJOU,KM282_0008,SAMBA MADI,2023,123
KM,Comores,KM2,NGAZIDJA,KM28,OICHILI DIMANI,KM282,OICHILI YADJOU,KM282_0010,SIMA YA WACHILI,2023,1175
KM,Comores,KM3,MWALI,KM31,DJANDO,KM311,DJANDO,KM311_0006,HAGNAMOIDA,2024,1013
KM,Comores,KM3,MWALI,KM31,DJANDO,KM311,DJANDO,KM311_0008,HAMAVOUNA,2024,1644
KM,Comores,KM3,MWALI,KM31,DJANDO,KM311,DJANDO,KM311_0007,ITSAMIA,2024,502
KM,Comores,KM3,MWALI,KM31,DJANDO,KM311,DJANDO,KM121_0005,KANGANI,2024,1683
KM,Comores,KM3,MWALI,KM31,DJANDO,KM311,DJANDO,KM311_0003,MLANBANDA,2024,505
KM,Comores,KM3,MWALI,KM31,DJANDO,KM311,DJANDO,KM311_0002,WANANI,2024,4081
KM,Comores,KM3,MWALI,KM31,DJANDO,KM311,DJANDO,KM311_0001,ZIROUDANI,2024,2165
KM,Comores,KM3,MWALI,KM32,FOMBONI,KM321,FOMBONI,KM321_0001,FOMBONI,2024,21441
KM,Comores,KM3,MWALI,KM32,FOMBONI,KM322,MOILI MDJINI,KM322_0002,BANDAR SALAMA,2024,2992
KM,Comores,KM3,MWALI,KM32,FOMBONI,KM322,MOILI MDJINI,KM322_0003,DJOIEZI,2024,3648
KM,Comores,KM3,MWALI,KM32,FOMBONI,KM322,MOILI MDJINI,KM322_0001,MBOIGOMA,2024,2548
KM,Comores,KM3,MWALI,KM32,FOMBONI,KM323,MOINBASSA,KM252_0007,DOMONI,2024,320
KM,Comores,KM3,MWALI,KM32,FOMBONI,KM323,MOINBASSA,KM323_0002,HOANI,2024,2727
KM,Comores,KM3,MWALI,KM32,FOMBONI,KM323,MOINBASSA,KM323_0001,M'BATSE,2024,4558
KM,Comores,KM3,MWALI,KM33,NIOUMACHOUA,KM331,MLEDJELE,KM331_0001,MIREMANI,2024,357
KM,Comores,KM3,MWALI,KM33,NIOUMACHOUA,KM331,MLEDJELE,KM331_0004,NDREMEANI,2024,71
KM,Comores,KM3,MWALI,KM33,NIOUMACHOUA,KM331,MLEDJELE,KM331_0002,NDRONDRONI,2024,5258
KM,Comores,KM3,MWALI,KM33,NIOUMACHOUA,KM331,MLEDJELE,KM331_0003,NIOUMACHOUA,2024,4128
KM,Comores,KM3,MWALI,KM33,NIOUMACHOUA,KM332,MOIMBAO,KM143_0003,BARAKANI,2024,1166
KM,Comores,KM3,MWALI,KM33,NIOUMACHOUA,KM332,MOIMBAO,KM332_0001,HAMBA,2024,301
KM,Comores,KM3,MWALI,KM33,NIOUMACHOUA,KM332,MOIMBAO,KM332_0004,MIRINGONI,2024,1249
KM,Comores,KM3,MWALI,KM33,NIOUMACHOUA,KM332,MOIMBAO,KM332_0005,WALLAH 1,2024,553
KM,Comores,KM3,MWALI,KM33,NIOUMACHOUA,KM332,MOIMBAO,KM332_0006,WALLAH 2,2024,1035
KM,Comores,KM1,NDZUWANI,KM11,DOMONI,KM111,BAMBAO MSTANGA,KM111_0001,BAMBAO MTSANGA,2024,5999
KM,Comores,KM1,NDZUWANI,KM11,DOMONI,KM111,BAMBAO MSTANGA,KM111_0004,MAHALE,2024,4283
KM,Comores,KM1,NDZUWANI,KM11,DOMONI,KM111,BAMBAO MSTANGA,KM111_0002,MROMAJI,2024,3318
KM,Comores,KM1,NDZUWANI,KM11,DOMONI,KM111,BAMBAO MSTANGA,KM111_0003,ONGONI,2024,2845
KM,Comores,KM1,NDZUWANI,KM11,DOMONI,KM112,DOMONI,KM112_0004,BWELADUGU,2024,893
KM,Comores,KM1,NDZUWANI,KM11,DOMONI,KM112,DOMONI,KM252_0007,DOMONI,2024,14666
KM,Comores,KM1,NDZUWANI,KM11,DOMONI,KM112,DOMONI,KM112_0003,LIMBI,2024,3117
KM,Comores,KM1,NDZUWANI,KM11,DOMONI,KM113,JIMLIME,KM113_0003,HAJOHO,2024,4513
KM,Comores,KM1,NDZUWANI,KM11,DOMONI,KM113,JIMLIME,KM113_0001,HAREMBO I,2024,695
KM,Comores,KM1,NDZUWANI,KM11,DOMONI,KM113,JIMLIME,KM113_0002,HAREMBO II,2024,1166
KM,Comores,KM1,NDZUWANI,KM11,DOMONI,KM113,JIMLIME,KM113_0004,JIMLIME,2024,7328
KM,Comores,KM1,NDZUWANI,KM11,DOMONI,KM114,KONI,KM114_0004,GEGE,2024,1332
KM,Comores,KM1,NDZUWANI,KM11,DOMONI,KM114,KONI,KM114_0003,HACHIPENDA,2024,2250
KM,Comores,KM1,NDZUWANI,KM11,DOMONI,KM114,KONI,KM114_0001,KONI DJODJO,2024,12805
KM,Comores,KM1,NDZUWANI,KM11,DOMONI,KM114,KONI,KM114_0002,KONI NGANI,2024,6170
KM,Comores,KM1,NDZUWANI,KM11,DOMONI,KM115,NGADZALE,KM115_0001,NGADZALE,2024,6593
KM,Comores,KM1,NDZUWANI,KM11,DOMONI,KM115,NGADZALE,KM115_0002,OUTSA,2024,866
KM,Comores,KM1,NDZUWANI,KM11,DOMONI,KM115,NGADZALE,KM115_0005,OUZINI,2024,2101
KM,Comores,KM1,NDZUWANI,KM11,DOMONI,KM115,NGADZALE,KM153_0014,SALAMANI,2024,2542
KM,Comores,KM1,NDZUWANI,KM16,MOYA,KM151,MOYA,KM151_0002,KOWET,2024,2508
KM,Comores,KM1,NDZUWANI,KM16,MOYA,KM151,MOYA,KM151_0005,LINGONI,2024,5904
KM,Comores,KM1,NDZUWANI,KM16,MOYA,KM151,MOYA,KM151_0007,MAWENI,2024,948
KM,Comores,KM1,NDZUWANI,KM16,MOYA,KM151,MOYA,KM151_0001,MOYA,2024,10725
KM,Comores,KM1,NDZUWANI,KM16,MOYA,KM151,MOYA,KM151_0004,NINDRI,2024,3669
KM,Comores,KM1,NDZUWANI,KM16,MOYA,KM151,MOYA,KM151_0003,POMONI,2024,5058
KM,Comores,KM1,NDZUWANI,KM12,MREMANI,KM121,ADDA,KM121_0001,ADDA DAWENI,2024,13664
KM,Comores,KM1,NDZUWANI,KM12,MREMANI,KM121,ADDA,KM121_0002,DJANZA,2024,989
KM,Comores,KM1,NDZUWANI,KM12,MREMANI,KM121,ADDA,KM121_0005,KANGANI,2024,5836
KM,Comores,KM1,NDZUWANI,KM12,MREMANI,KM121,ADDA,KM121_0003,MAGNASSINI,2024,5149
KM,Comores,KM1,NDZUWANI,KM12,MREMANI,KM123,MRAMANI,KM123_0004,DZIANII,2024,2337
KM,Comores,KM1,NDZUWANI,KM12,MREMANI,KM123,MRAMANI,KM123_0002,HANTSAHII,2024,1765
KM,Comores,KM1,NDZUWANI,KM12,MREMANI,KM123,MRAMANI,KM123_0001,MRAMANI,2024,4829
KM,Comores,KM1,NDZUWANI,KM12,MREMANI,KM123,MRAMANI,KM123_0003,NYAMBOIMRO,2024,2481
KM,Comores,KM1,NDZUWANI,KM12,MREMANI,KM124,MREMANI,KM124_0002,BANDA KOUNI,2024,4423
KM,Comores,KM1,NDZUWANI,KM12,MREMANI,KM124,MREMANI,KM124_0004,DAJI,2024,3728
KM,Comores,KM1,NDZUWANI,KM12,MREMANI,KM124,MREMANI,KM124_0001,MREMANI,2024,6528
KM,Comores,KM1,NDZUWANI,KM12,MREMANI,KM124,MREMANI,KM124_0003,MRIDJOU,2024,4184
KM,Comores,KM1,NDZUWANI,KM12,MREMANI,KM125,ONGOJOU,KM125_0002,KIYO,2024,1974
KM,Comores,KM1,NDZUWANI,KM12,MREMANI,KM125,ONGOJOU,KM125_0003,KOMONI,2024,3197
KM,Comores,KM1,NDZUWANI,KM12,MREMANI,KM125,ONGOJOU,KM125_0004,MIRONDRONI,2024,486
KM,Comores,KM1,NDZUWANI,KM12,MREMANI,KM125,ONGOJOU,KM125_0001,ONGODJOU,2024,7526
KM,Comores,KM1,NDZUWANI,KM12,MREMANI,KM125,ONGOJOU,KM125_0005,TRINDRINI,2024,191
KM,Comores,KM1,NDZUWANI,KM12,MREMANI,KM122,SHAWENI,KM122_0002,HAMCHACO,2024,2323
KM,Comores,KM1,NDZUWANI,KM12,MREMANI,KM122,SHAWENI,KM122_0005,MNADZICHOUMWE,2024,1204
KM,Comores,KM1,NDZUWANI,KM12,MREMANI,KM122,SHAWENI,KM122_0004,NOUNGA,2024,520
KM,Comores,KM1,NDZUWANI,KM12,MREMANI,KM122,SHAWENI,KM122_0003,SADAPOINI,2024,3485
KM,Comores,KM1,NDZUWANI,KM12,MREMANI,KM122,SHAWENI,KM122_0001,SHAWENI,2024,1291
KM,Comores,KM1,NDZUWANI,KM13,MUTSAMUDU,KM131,BANDRANI YA CHIRONKAMBA,KM131_0002,ANKIBANI,2024,2593
KM,Comores,KM1,NDZUWANI,KM13,MUTSAMUDU,KM131,BANDRANI YA CHIRONKAMBA,KM131_0008,BANDRADJOU,2024,2204
KM,Comores,KM1,NDZUWANI,KM13,MUTSAMUDU,KM131,BANDRANI YA CHIRONKAMBA,KM131_0006,CHICONI 2,2024,164
KM,Comores,KM1,NDZUWANI,KM13,MUTSAMUDU,KM131,BANDRANI YA CHIRONKAMBA,KM131_0003,CHIRONKAMBA,2024,2399
KM,Comores,KM1,NDZUWANI,KM13,MUTSAMUDU,KM131,BANDRANI YA CHIRONKAMBA,KM151_0007,MAWENI,2024,960
KM,Comores,KM1,NDZUWANI,KM13,MUTSAMUDU,KM131,BANDRANI YA CHIRONKAMBA,KM131_0001,MDJIMANDRA,2024,3221
KM,Comores,KM1,NDZUWANI,KM13,MUTSAMUDU,KM131,BANDRANI YA CHIRONKAMBA,KM131_0007,MPOUZINI,2024,75
KM,Comores,KM1,NDZUWANI,KM13,MUTSAMUDU,KM132,Commune BANDRANI YA MITSANGANI,KM132_0001,BANDRANI MTSANGANI,2024,2294
KM,Comores,KM1,NDZUWANI,KM13,MUTSAMUDU,KM132,Commune BANDRANI YA MITSANGANI,KM132_0002,CHITROUNI,2024,1499
KM,Comores,KM1,NDZUWANI,KM13,MUTSAMUDU,KM132,Commune BANDRANI YA MITSANGANI,KM132_0004,MDJAMAOUE,2024,2065
KM,Comores,KM1,NDZUWANI,KM13,MUTSAMUDU,KM132,Commune BANDRANI YA MITSANGANI,KM132_0003,SAANDANI,2024,2739
KM,Comores,KM1,NDZUWANI,KM13,MUTSAMUDU,KM133,MIRONTSI,KM133_0001,MIRONTSI,2024,14302
KM,Comores,KM1,NDZUWANI,KM13,MUTSAMUDU,KM134,MUTSAMUDU,KM134_0005,CHICONI1,2024,5
KM,Comores,KM1,NDZUWANI,KM13,MUTSAMUDU,KM134,MUTSAMUDU,KM134_0001,MUTSAMUDU,2024,31430
KM,Comores,KM1,NDZUWANI,KM13,MUTSAMUDU,KM134,MUTSAMUDU,KM134_0003,MWAMWA I,2024,2274
KM,Comores,KM1,NDZUWANI,KM13,MUTSAMUDU,KM134,MUTSAMUDU,KM134_0004,MWAMWA II,2024,957
KM,Comores,KM1,NDZUWANI,KM13,MUTSAMUDU,KM134,MUTSAMUDU,KM134_0002,PAJE,2024,7064
KM,Comores,KM1,NDZUWANI,KM14,OUANI,KM141,BAMBAO MTROUNI,KM141_0003,CHANDRA,2024,5923
KM,Comores,KM1,NDZUWANI,KM14,OUANI,KM141,BAMBAO MTROUNI,KM141_0002,DINDRI,2024,12369
KM,Comores,KM1,NDZUWANI,KM14,OUANI,KM141,BAMBAO MTROUNI,KM141_0001,TSEMBEHOU,2024,15030
KM,Comores,KM1,NDZUWANI,KM14,OUANI,KM142,BAZIMINI,KM142_0001,BAZIMINI,2024,9808
KM,Comores,KM1,NDZUWANI,KM14,OUANI,KM142,BAZIMINI,KM142_0002,KOKI,2024,7598
KM,Comores,KM1,NDZUWANI,KM14,OUANI,KM142,BAZIMINI,KM142_0003,PATSY,2024,4636
KM,Comores,KM1,NDZUWANI,KM14,OUANI,KM143,OUANI,KM143_0003,BARAKANI,2024,8395
KM,Comores,KM1,NDZUWANI,KM14,OUANI,KM143,OUANI,KM143_0004,GNATRANGA,2024,3925
KM,Comores,KM1,NDZUWANI,KM14,OUANI,KM143,OUANI,KM143_0001,OUANI,2024,12045
KM,Comores,KM1,NDZUWANI,KM14,OUANI,KM143,OUANI,KM143_0005,TANAMBAO,2024,2512
KM,Comores,KM1,NDZUWANI,KM15,SIMA,KM152,SIMA,KM152_0003,BIMBINI,2024,2132
KM,Comores,KM1,NDZUWANI,KM15,SIMA,KM152,SIMA,KM152_0004,BOUNGOUENI,2024,4218
KM,Comores,KM1,NDZUWANI,KM15,SIMA,KM152,SIMA,KM152_0002,KAVANI,2024,2592
KM,Comores,KM1,NDZUWANI,KM15,SIMA,KM152,SIMA,KM234_0004,MILEMBENI,2024,868
KM,Comores,KM1,NDZUWANI,KM15,SIMA,KM152,SIMA,KM152_0005,MIRONGANI,2024,1741
KM,Comores,KM1,NDZUWANI,KM15,SIMA,KM152,SIMA,KM232_0003,SIMA,2024,8803
KM,Comores,KM1,NDZUWANI,KM15,SIMA,KM153,VOUANI,KM153_0010,BANDRANI YA VOUANI,2024,2011
KM,Comores,KM1,NDZUWANI,KM15,SIMA,KM153,VOUANI,KM153_0011,CHIROVE,2024,315
KM,Comores,KM1,NDZUWANI,KM15,SIMA,KM153,VOUANI,KM153_0009,DAR SALAMA,2024,1604
KM,Comores,KM1,NDZUWANI,KM15,SIMA,KM153,VOUANI,KM153_0007,DZINDRI I,2024,3028
KM,Comores,KM1,NDZUWANI,KM15,SIMA,KM153,VOUANI,KM153_0003,HASSIMPAO,2024,1830
KM,Comores,KM1,NDZUWANI,KM15,SIMA,KM153,VOUANI,KM153_0006,IMERE,2024,535
KM,Comores,KM1,NDZUWANI,KM15,SIMA,KM153,VOUANI,KM153_0015,IMERE YA GAWANI,2024,886
KM,Comores,KM1,NDZUWANI,KM15,SIMA,KM153,VOUANI,KM153_0002,MARAHARE,2024,2350
KM,Comores,KM1,NDZUWANI,KM15,SIMA,KM153,VOUANI,KM153_0012,MARONTRONI,2024,486
KM,Comores,KM1,NDZUWANI,KM15,SIMA,KM153,VOUANI,KM153_0001,MROMOUHOULI,2024,724
KM,Comores,KM1,NDZUWANI,KM15,SIMA,KM153,VOUANI,KM153_0014,SALAMANI,2024,486
KM,Comores,KM1,NDZUWANI,KM15,SIMA,KM153,VOUANI,KM153_0004,SHITSANGASHELI,2024,185
KM,Comores,KM1,NDZUWANI,KM15,SIMA,KM153,VOUANI,KM153_0005,VASSI,2024,1507
KM,Comores,KM1,NDZUWANI,KM15,SIMA,KM153,VOUANI,KM153_0008,VOUANI,2024,4054
KM,Comores,KM2,NGAZIDJA,KM21,HAMAHAMET MBOINKOU,KM211,MBOINKOU,KM211_0008,BANDAMADJI LA MBOIKOU,2024,810
KM,Comores,KM2,NGAZIDJA,KM21,HAMAHAMET MBOINKOU,KM211,MBOINKOU,KM211_0004,CHEZANI,2024,3114
KM,Comores,KM2,NGAZIDJA,KM21,HAMAHAMET MBOINKOU,KM211,MBOINKOU,KM211_0007,HANTSINDZI,2024,2406
KM,Comores,KM2,NGAZIDJA,KM21,HAMAHAMET MBOINKOU,KM211,MBOINKOU,KM211_0001,MADJEOUENI,2024,2015
KM,Comores,KM2,NGAZIDJA,KM21,HAMAHAMET MBOINKOU,KM211,MBOINKOU,KM211_0005,NDROUDE,2024,2359
KM,Comores,KM2,NGAZIDJA,KM21,HAMAHAMET MBOINKOU,KM211,MBOINKOU,KM211_0006,NIOUMAMILIMA,2024,1528
KM,Comores,KM2,NGAZIDJA,KM21,HAMAHAMET MBOINKOU,KM211,MBOINKOU,KM211_0002,SADANI YA MBOIKOU,2024,707
KM,Comores,KM2,NGAZIDJA,KM21,HAMAHAMET MBOINKOU,KM211,MBOINKOU,KM211_0003,TRELEZINI,2024,626
KM,Comores,KM2,NGAZIDJA,KM21,HAMAHAMET MBOINKOU,KM212,NYUMA MRO,KM212_0005,BAMBADJANI,2024,1406
KM,Comores,KM2,NGAZIDJA,KM21,HAMAHAMET MBOINKOU,KM212,NYUMA MRO,KM212_0001,DIMADJOU YA HAMAHAMET,2024,2739
KM,Comores,KM2,NGAZIDJA,KM21,HAMAHAMET MBOINKOU,KM212,NYUMA MRO,KM212_0009,HADJAMBOU,2024,1450
KM,Comores,KM2,NGAZIDJA,KM21,HAMAHAMET MBOINKOU,KM212,NYUMA MRO,KM212_0007,ITSANDZENI,2024,2106
KM,Comores,KM2,NGAZIDJA,KM21,HAMAHAMET MBOINKOU,KM212,NYUMA MRO,KM212_0010,MBATSE YA HAMAHAMET,2024,264
KM,Comores,KM2,NGAZIDJA,KM21,HAMAHAMET MBOINKOU,KM212,NYUMA MRO,KM212_0003,MDJIHARI,2024,747
KM,Comores,KM2,NGAZIDJA,KM21,HAMAHAMET MBOINKOU,KM212,NYUMA MRO,KM212_0004,MOIDJA,2024,2325
KM,Comores,KM2,NGAZIDJA,KM21,HAMAHAMET MBOINKOU,KM212,NYUMA MRO,KM212_0006,NGOLE,2024,430
KM,Comores,KM2,NGAZIDJA,KM21,HAMAHAMET MBOINKOU,KM212,NYUMA MRO,KM212_0002,NYADOMBWENI,2024,1147
KM,Comores,KM2,NGAZIDJA,KM21,HAMAHAMET MBOINKOU,KM212,NYUMA MRO,KM212_0008,OUELLAH YA HAMAHAMET,2024,799
KM,Comores,KM2,NGAZIDJA,KM21,HAMAHAMET MBOINKOU,KM213,NYUMA MSIRU,KM213_0008,BATOU,2024,779
KM,Comores,KM2,NGAZIDJA,KM21,HAMAHAMET MBOINKOU,KM213,NYUMA MSIRU,KM213_0006,BOUNI,2024,1628
KM,Comores,KM2,NGAZIDJA,KM21,HAMAHAMET MBOINKOU,KM213,NYUMA MSIRU,KM213_0007,HEROUMBILI,2024,1682
KM,Comores,KM2,NGAZIDJA,KM21,HAMAHAMET MBOINKOU,KM213,NYUMA MSIRU,KM213_0010,IFOUNDIHE YA HAMAHAMET,2024,795
KM,Comores,KM2,NGAZIDJA,KM21,HAMAHAMET MBOINKOU,KM213,NYUMA MSIRU,KM213_0009,KOURANI YA HAMAHAMET,2024,151
KM,Comores,KM2,NGAZIDJA,KM21,HAMAHAMET MBOINKOU,KM213,NYUMA MSIRU,KM213_0001,MBENI,2024,6010
KM,Comores,KM2,NGAZIDJA,KM21,HAMAHAMET MBOINKOU,KM213,NYUMA MSIRU,KM213_0011,MNOUNGOU,2024,1431
KM,Comores,KM2,NGAZIDJA,KM21,HAMAHAMET MBOINKOU,KM213,NYUMA MSIRU,KM213_0004,SADA CHIHOUWE,2024,915
KM,Comores,KM2,NGAZIDJA,KM21,HAMAHAMET MBOINKOU,KM213,NYUMA MSIRU,KM213_0005,SADA MHUWAMBOI,2024,232
KM,Comores,KM2,NGAZIDJA,KM21,HAMAHAMET MBOINKOU,KM213,NYUMA MSIRU,KM213_0003,SALIMANI YA HAMAHAMET,2024,722
KM,Comores,KM2,NGAZIDJA,KM21,HAMAHAMET MBOINKOU,KM213,NYUMA MSIRU,KM213_0002,SELEANI,2024,1628
KM,Comores,KM2,NGAZIDJA,KM22,HAMBOU,KM221,DJOUMOIPANGUA,KM221_0004,BAMBANI,2024,1459
KM,Comores,KM2,NGAZIDJA,KM22,HAMBOU,KM221,DJOUMOIPANGUA,KM221_0005,DZAHADJOU,2024,2486
KM,Comores,KM2,NGAZIDJA,KM22,HAMBOU,KM221,DJOUMOIPANGUA,KM221_0003,HETSA,2024,979
KM,Comores,KM2,NGAZIDJA,KM22,HAMBOU,KM221,DJOUMOIPANGUA,KM221_0002,MDJOIEZI,2024,3533
KM,Comores,KM2,NGAZIDJA,KM22,HAMBOU,KM221,DJOUMOIPANGUA,KM221_0001,SINGANI,2024,2481
KM,Comores,KM2,NGAZIDJA,KM22,HAMBOU,KM222,TSINIMOIPANGUA,KM222_0005,BANGOI,2024,3317
KM,Comores,KM2,NGAZIDJA,KM22,HAMBOU,KM222,TSINIMOIPANGUA,KM222_0003,CHOUANI,2024,3056
KM,Comores,KM2,NGAZIDJA,KM22,HAMBOU,KM222,TSINIMOIPANGUA,KM222_0004,DJOUMOICHONGO,2024,1799
KM,Comores,KM2,NGAZIDJA,KM22,HAMBOU,KM222,TSINIMOIPANGUA,KM222_0001,MITSOUDJE,2024,4413
KM,Comores,KM2,NGAZIDJA,KM22,HAMBOU,KM222,TSINIMOIPANGUA,KM222_0006,NKOMIONI,2024,653
KM,Comores,KM2,NGAZIDJA,KM22,HAMBOU,KM222,TSINIMOIPANGUA,KM222_0007,SALIMANI,2024,2294
KM,Comores,KM2,NGAZIDJA,KM22,HAMBOU,KM222,TSINIMOIPANGUA,KM222_0002,TROUMBENI,2024,272
KM,Comores,KM2,NGAZIDJA,KM23,ITSANDRA HAMANVOU,KM231,BANGAANI,KM231_0007,BANDAMADJI LA ITSANDRA,2024,1074
KM,Comores,KM2,NGAZIDJA,KM23,ITSANDRA HAMANVOU,KM231,BANGAANI,KM231_0008,DIMADJOU YA ITSANDRA,2024,1664
KM,Comores,KM2,NGAZIDJA,KM23,ITSANDRA HAMANVOU,KM231,BANGAANI,KM231_0004,DZAHANI LA TSIDJE,2024,9257
KM,Comores,KM2,NGAZIDJA,KM23,ITSANDRA HAMANVOU,KM231,BANGAANI,KM231_0001,ITSANDRA MDJINI,2024,3836
KM,Comores,KM2,NGAZIDJA,KM23,ITSANDRA HAMANVOU,KM231,BANGAANI,KM231_0005,MAOUENI YA ITSANDRA,2024,966
KM,Comores,KM2,NGAZIDJA,KM23,ITSANDRA HAMANVOU,KM231,BANGAANI,KM231_0006,MIRONTSI YA ITSANDRA,2024,513
KM,Comores,KM2,NGAZIDJA,KM23,ITSANDRA HAMANVOU,KM231,BANGAANI,KM231_0002,SALIMANI YA ITSANDRA,2024,3748
KM,Comores,KM2,NGAZIDJA,KM23,ITSANDRA HAMANVOU,KM231,BANGAANI,KM231_0003,SAMBA MBODONI,2024,1627
KM,Comores,KM2,NGAZIDJA,KM23,ITSANDRA HAMANVOU,KM232,DJOUMOICHONGO,KM232_0002,BAHANI,2024,2131
KM,Comores,KM2,NGAZIDJA,KM23,ITSANDRA HAMANVOU,KM232,DJOUMOICHONGO,KM232_0001,DZAHANI II,2024,1716
KM,Comores,KM2,NGAZIDJA,KM23,ITSANDRA HAMANVOU,KM232,DJOUMOICHONGO,KM232_0004,OUELLAH YA ITSANDRA,2024,1490
KM,Comores,KM2,NGAZIDJA,KM23,ITSANDRA HAMANVOU,KM232,DJOUMOICHONGO,KM232_0005,SAMBA KOUNI,2024,2399
KM,Comores,KM2,NGAZIDJA,KM23,ITSANDRA HAMANVOU,KM232,DJOUMOICHONGO,KM232_0003,SIMA,2024,987
KM,Comores,KM2,NGAZIDJA,KM23,ITSANDRA HAMANVOU,KM233,HAMANVOU,KM233_0008,BIBAVOU,2024,1303
KM,Comores,KM2,NGAZIDJA,KM23,ITSANDRA HAMANVOU,KM233,HAMANVOU,KM233_0002,BOENINDI,2024,905
KM,Comores,KM2,NGAZIDJA,KM23,ITSANDRA HAMANVOU,KM233,HAMANVOU,KM233_0007,DIBOINI,2024,1690
KM,Comores,KM2,NGAZIDJA,KM23,ITSANDRA HAMANVOU,KM233,HAMANVOU,KM233_0001,HAHAYA,2024,5378
KM,Comores,KM2,NGAZIDJA,KM23,ITSANDRA HAMANVOU,KM233,HAMANVOU,KM233_0004,MBALENI,2024,217
KM,Comores,KM2,NGAZIDJA,KM23,ITSANDRA HAMANVOU,KM233,HAMANVOU,KM233_0003,MBAMBANI YA HAMANVOU,2024,817
KM,Comores,KM2,NGAZIDJA,KM23,ITSANDRA HAMANVOU,KM233,HAMANVOU,KM233_0006,MBANGANI,2024,1731
KM,Comores,KM2,NGAZIDJA,KM23,ITSANDRA HAMANVOU,KM233,HAMANVOU,KM233_0009,MILEVANI,2024,1442
KM,Comores,KM2,NGAZIDJA,KM23,ITSANDRA HAMANVOU,KM233,HAMANVOU,KM233_0005,OUSSIVO,2024,2678
KM,Comores,KM2,NGAZIDJA,KM23,ITSANDRA HAMANVOU,KM234,ISAHARI,KM234_0002,HANTSAMBOU,2024,1903
KM,Comores,KM2,NGAZIDJA,KM23,ITSANDRA HAMANVOU,KM234,ISAHARI,KM234_0004,MILEMBENI,2024,1160
KM,Comores,KM2,NGAZIDJA,KM23,ITSANDRA HAMANVOU,KM234,ISAHARI,KM234_0001,NTSOUDJINI,2024,5075
KM,Comores,KM2,NGAZIDJA,KM23,ITSANDRA HAMANVOU,KM234,ISAHARI,KM234_0005,ZIVANDANI,2024,1565
KM,Comores,KM2,NGAZIDJA,KM23,ITSANDRA HAMANVOU,KM235,MBADANI,KM235_0001,BATSA ITSANDRA,2024,3129
KM,Comores,KM2,NGAZIDJA,KM23,ITSANDRA HAMANVOU,KM235,MBADANI,KM235_0005,DZAHADJOU LA ITSANDRA,2024,1660
KM,Comores,KM2,NGAZIDJA,KM23,ITSANDRA HAMANVOU,KM235,MBADANI,KM235_0004,MHANDANI,2024,643
KM,Comores,KM2,NGAZIDJA,KM23,ITSANDRA HAMANVOU,KM235,MBADANI,KM235_0003,VANADJOU,2024,1127
KM,Comores,KM2,NGAZIDJA,KM23,ITSANDRA HAMANVOU,KM235,MBADANI,KM235_0002,VANAMBOINI,2024,2447
KM,Comores,KM2,NGAZIDJA,KM23,ITSANDRA HAMANVOU,KM235,MBADANI,KM235_0006,VOUNA MBADANI,2024,919
KM,Comores,KM2,NGAZIDJA,KM24,MBADJINI EST,KM241,DOMBA,KM241_0002,BANDADAOUENI,2024,1764
KM,Comores,KM2,NGAZIDJA,KM24,MBADJINI EST,KM241,DOMBA,KM241_0001,BANDAMADJI LADOMBA,2024,1243
KM,Comores,KM2,NGAZIDJA,KM24,MBADJINI EST,KM241,DOMBA,KM241_0004,OUNGONI,2024,1173
KM,Comores,KM2,NGAZIDJA,KM24,MBADJINI EST,KM241,DOMBA,KM264_0004,PIDJANI,2024,2534
KM,Comores,KM2,NGAZIDJA,KM24,MBADJINI EST,KM241,DOMBA,KM241_0003,TSINIMOIPANGA,2024,2853
KM,Comores,KM2,NGAZIDJA,KM24,MBADJINI EST,KM242,ITSAHIDI,KM242_0007,CHINDINI,2024,2009
KM,Comores,KM2,NGAZIDJA,KM24,MBADJINI EST,KM242,ITSAHIDI,KM242_0009,DZAHADJOU LA MBADJINI,2024,1306
KM,Comores,KM2,NGAZIDJA,KM24,MBADJINI EST,KM242,ITSAHIDI,KM242_0001,FOUMBOUNI,2024,2990
KM,Comores,KM2,NGAZIDJA,KM24,MBADJINI EST,KM242,ITSAHIDI,KM242_0002,KOIMBANI LA MBADJINI,2024,518
KM,Comores,KM2,NGAZIDJA,KM24,MBADJINI EST,KM242,ITSAHIDI,KM242_0003,MALE,2024,2658
KM,Comores,KM2,NGAZIDJA,KM24,MBADJINI EST,KM242,ITSAHIDI,KM242_0004,MIDJENDJENI,2024,483
KM,Comores,KM2,NGAZIDJA,KM24,MBADJINI EST,KM242,ITSAHIDI,KM242_0010,MOHORO,2024,2512
KM,Comores,KM2,NGAZIDJA,KM24,MBADJINI EST,KM242,ITSAHIDI,KM242_0006,NDZOUANI,2024,238
KM,Comores,KM2,NGAZIDJA,KM24,MBADJINI EST,KM242,ITSAHIDI,KM242_0011,NGNOUMADZHA MVOUBARI,2024,2385
KM,Comores,KM2,NGAZIDJA,KM24,MBADJINI EST,KM242,ITSAHIDI,KM242_0005,OUROVENI,2024,1656
KM,Comores,KM2,NGAZIDJA,KM24,MBADJINI EST,KM242,ITSAHIDI,KM242_0008,SIMAMBOINI,2024,1091
KM,Comores,KM2,NGAZIDJA,KM24,MBADJINI EST,KM243,PIMBA,KM243_0004,BANDAMADJI LA KOUBOINI,2024,890
KM,Comores,KM2,NGAZIDJA,KM24,MBADJINI EST,KM243,PIMBA,KM243_0005,DARISSALAMA,2024,608
KM,Comores,KM2,NGAZIDJA,KM24,MBADJINI EST,KM243,PIMBA,KM243_0009,DIDJONI,2024,695
KM,Comores,KM2,NGAZIDJA,KM24,MBADJINI EST,KM243,PIMBA,KM243_0002,INANI,2024,1027
KM,Comores,KM2,NGAZIDJA,KM24,MBADJINI EST,KM243,PIMBA,KM243_0010,KOVE,2024,996
KM,Comores,KM2,NGAZIDJA,KM24,MBADJINI EST,KM243,PIMBA,KM243_0006,MLALOI NKOUDJOU,2024,1242
KM,Comores,KM2,NGAZIDJA,KM24,MBADJINI EST,KM243,PIMBA,KM243_0003,NGNAMBENI,2024,2032
KM,Comores,KM2,NGAZIDJA,KM24,MBADJINI EST,KM243,PIMBA,KM243_0007,NGNOUMA MILIMA,2024,3485
KM,Comores,KM2,NGAZIDJA,KM24,MBADJINI EST,KM243,PIMBA,KM243_0008,NKOURANI MKANGA,2024,735
KM,Comores,KM2,NGAZIDJA,KM24,MBADJINI EST,KM243,PIMBA,KM243_0001,SIMBOUSSA YA MBADJINI,2024,2269
KM,Comores,KM2,NGAZIDJA,KM25,MBADJINI OUEST,KM251,NGOUENGOE,KM251_0001,DEMBENI,2024,2510
KM,Comores,KM2,NGAZIDJA,KM25,MBADJINI OUEST,KM251,NGOUENGOE,KM251_0011,ITSOUDZOU,2024,264
KM,Comores,KM2,NGAZIDJA,KM25,MBADJINI OUEST,KM251,NGOUENGOE,KM251_0009,KANDZILE,2024,1424
KM,Comores,KM2,NGAZIDJA,KM25,MBADJINI OUEST,KM251,NGOUENGOE,KM251_0010,MAKORANI,2024,52
KM,Comores,KM2,NGAZIDJA,KM25,MBADJINI OUEST,KM251,NGOUENGOE,KM251_0007,MANDZISSANI,2024,584
KM,Comores,KM2,NGAZIDJA,KM25,MBADJINI OUEST,KM251,NGOUENGOE,KM251_0003,MBOUDE YA MBOINI,2024,655
KM,Comores,KM2,NGAZIDJA,KM25,MBADJINI OUEST,KM251,NGOUENGOE,KM251_0002,MDJAMKAGNOI,2024,1058
KM,Comores,KM2,NGAZIDJA,KM25,MBADJINI OUEST,KM251,NGOUENGOE,KM251_0006,MINDRADOU,2024,514
KM,Comores,KM2,NGAZIDJA,KM25,MBADJINI OUEST,KM251,NGOUENGOE,KM251_0004,MLIMANI,2024,219
KM,Comores,KM2,NGAZIDJA,KM25,MBADJINI OUEST,KM251,NGOUENGOE,KM251_0005,PANDA,2024,966
KM,Comores,KM2,NGAZIDJA,KM25,MBADJINI OUEST,KM251,NGOUENGOE,KM251_0008,TSINI MOICHONGO,2024,2588
KM,Comores,KM2,NGAZIDJA,KM25,MBADJINI OUEST,KM252,NIOUMAGAMA,KM252_0004,DIMA,2024,629
KM,Comores,KM2,NGAZIDJA,KM25,MBADJINI OUEST,KM252,NIOUMAGAMA,KM252_0007,DOMONI,2024,901
KM,Comores,KM2,NGAZIDJA,KM25,MBADJINI OUEST,KM252,NIOUMAGAMA,KM252_0008,DZOIDJOU,2024,805
KM,Comores,KM2,NGAZIDJA,KM25,MBADJINI OUEST,KM252,NIOUMAGAMA,KM252_0009,FAMARE,2024,591
KM,Comores,KM2,NGAZIDJA,KM25,MBADJINI OUEST,KM252,NIOUMAGAMA,KM252_0002,IFOUNDIHE CHADJOU,2024,258
KM,Comores,KM2,NGAZIDJA,KM25,MBADJINI OUEST,KM252,NIOUMAGAMA,KM252_0003,IFOUNDIHE CHAMBOINI,2024,1208
KM,Comores,KM2,NGAZIDJA,KM25,MBADJINI OUEST,KM252,NIOUMAGAMA,KM252_0005,NKOURANI YA SIMA,2024,9914
KM,Comores,KM2,NGAZIDJA,KM25,MBADJINI OUEST,KM252,NIOUMAGAMA,KM252_0001,OUZIOINI,2024,2519
KM,Comores,KM2,NGAZIDJA,KM26,MBOUDE,KM265,NYUMAMRO KIBLANI,KM265_0002,CHAMLE,2024,1644
KM,Comores,KM2,NGAZIDJA,KM26,MBOUDE,KM265,NYUMAMRO KIBLANI,KM265_0001,DJOMANI,2024,3968
KM,Comores,KM2,NGAZIDJA,KM26,MBOUDE,KM265,NYUMAMRO KIBLANI,KM265_0007,DOUNIANI,2024,2187
KM,Comores,KM2,NGAZIDJA,KM26,MBOUDE,KM265,NYUMAMRO KIBLANI,KM265_0006,HELINDJE,2024,2136
KM,Comores,KM2,NGAZIDJA,KM26,MBOUDE,KM265,NYUMAMRO KIBLANI,KM265_0009,KOUA,2024,799
KM,Comores,KM2,NGAZIDJA,KM26,MBOUDE,KM265,NYUMAMRO KIBLANI,KM265_0004,MANDZA YA MBOUDE,2024,1908
KM,Comores,KM2,NGAZIDJA,KM26,MBOUDE,KM265,NYUMAMRO KIBLANI,KM265_0005,MDJOIEZI YA MBOUNDE,2024,969
KM,Comores,KM2,NGAZIDJA,KM26,MBOUDE,KM265,NYUMAMRO KIBLANI,KM265_0003,VOUVOUNI YA MBOUNDE,2024,556
KM,Comores,KM2,NGAZIDJA,KM26,MBOUDE,KM266,NYUMAMRO SOUHEILI,KM266_0003,DJONGOE,2024,1038
KM,Comores,KM2,NGAZIDJA,KM26,MBOUDE,KM266,NYUMAMRO SOUHEILI,KM266_0007,DOMOIDJOU,2024,1075
KM,Comores,KM2,NGAZIDJA,KM26,MBOUDE,KM266,NYUMAMRO SOUHEILI,KM266_0008,DOMOIMBOINI,2024,518
KM,Comores,KM2,NGAZIDJA,KM26,MBOUDE,KM266,NYUMAMRO SOUHEILI,KM266_0002,IVEMBENI,2024,4621
KM,Comores,KM2,NGAZIDJA,KM26,MBOUDE,KM266,NYUMAMRO SOUHEILI,KM266_0004,MAOUENI YA MBOUDE,2024,1459
KM,Comores,KM2,NGAZIDJA,KM26,MBOUDE,KM266,NYUMAMRO SOUHEILI,KM266_0009,MOIDJA YA MBOUDE,2024,674
KM,Comores,KM2,NGAZIDJA,KM26,MBOUDE,KM266,NYUMAMRO SOUHEILI,KM266_0001,NTSAOUENI,2024,3797
KM,Comores,KM2,NGAZIDJA,KM26,MBOUDE,KM266,NYUMAMRO SOUHEILI,KM266_0006,NTSORALE YA MBOUDE,2024,790
KM,Comores,KM2,NGAZIDJA,KM26,MBOUDE,KM266,NYUMAMRO SOUHEILI,KM266_0005,SIMBOUSSA YA MBOUDE,2024,384
KM,Comores,KM2,NGAZIDJA,KM26,MITSAMIOULI,KM261,CEMBENOI LAC SALE,KM261_0001,BANGOIKOUNI,2024,2935
KM,Comores,KM2,NGAZIDJA,KM26,MITSAMIOULI,KM261,CEMBENOI LAC SALE,KM261_0002,BATSA YA MITSAMIHOULI,2024,1395
KM,Comores,KM2,NGAZIDJA,KM26,MITSAMIOULI,KM261,CEMBENOI LAC SALE,KM261_0004,IVOINI,2024,1875
KM,Comores,KM2,NGAZIDJA,KM26,MITSAMIOULI,KM261,CEMBENOI LAC SALE,KM261_0003,OUZIO,2024,3085
KM,Comores,KM2,NGAZIDJA,KM26,MITSAMIOULI,KM262,CEMBENOI SADA DJOULAMLIMA,KM265_0009,KOUA,2024,1764
KM,Comores,KM2,NGAZIDJA,KM26,MITSAMIOULI,KM262,CEMBENOI SADA DJOULAMLIMA,KM262_0004,OUELLAH YA MITSAMIHOULI,2024,4948
KM,Comores,KM2,NGAZIDJA,KM26,MITSAMIOULI,KM262,CEMBENOI SADA DJOULAMLIMA,KM262_0001,OUEMANI,2024,758
KM,Comores,KM2,NGAZIDJA,KM26,MITSAMIOULI,KM263,MITSAMIOULI,KM263_0003,FASSI,2024,538
KM,Comores,KM2,NGAZIDJA,KM26,MITSAMIOULI,KM263,MITSAMIOULI,KM263_0002,HADAWA,2024,668
KM,Comores,KM2,NGAZIDJA,KM26,MITSAMIOULI,KM263,MITSAMIOULI,KM263_0001,MEMBOI - BOINI,2024,1009
KM,Comores,KM2,NGAZIDJA,KM26,MITSAMIOULI,KM263,MITSAMIOULI,KM263_0004,MITSAMIHOULI,2024,5819
KM,Comores,KM2,NGAZIDJA,KM26,MITSAMIOULI,KM263,MITSAMIOULI,KM263_0006,NDZAOUZE,2024,3158
KM,Comores,KM2,NGAZIDJA,KM26,MITSAMIOULI,KM263,MITSAMIOULI,KM263_0005,NKOURANI YA MITSAMIHOULI,2024,418
KM,Comores,KM2,NGAZIDJA,KM26,MITSAMIOULI,KM264,NYUMA KOMO,KM264_0001,BANGOI MAFUSA NKOA,2024,776
KM,Comores,KM2,NGAZIDJA,KM26,MITSAMIOULI,KM264,NYUMA KOMO,KM264_0008,FOUNGA,2024,1079
KM,Comores,KM2,NGAZIDJA,KM26,MITSAMIOULI,KM264,NYUMA KOMO,KM264_0002,MEMBOI - DJOU,2024,1889
KM,Comores,KM2,NGAZIDJA,KM26,MITSAMIOULI,KM264,NYUMA KOMO,KM264_0007,NTSADJENI,2024,1977
KM,Comores,KM2,NGAZIDJA,KM26,MITSAMIOULI,KM264,NYUMA KOMO,KM264_0009,OUHOZI,2024,1411
KM,Comores,KM2,NGAZIDJA,KM26,MITSAMIOULI,KM264,NYUMA KOMO,KM264_0004,PIDJANI,2024,687
KM,Comores,KM2,NGAZIDJA,KM26,MITSAMIOULI,KM264,NYUMA KOMO,KM264_0005,SONGOMANI,2024,551
KM,Comores,KM2,NGAZIDJA,KM26,MITSAMIOULI,KM264,NYUMA KOMO,KM264_0006,TOIYFA,2024,553
KM,Comores,KM2,NGAZIDJA,KM27,MORONI BAMBAO,KM273,BAMBAO YA DJOU,KM273_0002,M'VOUNI,2024,6302
KM,Comores,KM2,NGAZIDJA,KM27,MORONI BAMBAO,KM273,BAMBAO YA DJOU,KM273_0003,MAVINGOUNI,2024,2070
KM,Comores,KM2,NGAZIDJA,KM27,MORONI BAMBAO,KM273,BAMBAO YA DJOU,KM273_0001,MKAZI,2024,7481
KM,Comores,KM2,NGAZIDJA,KM27,MORONI BAMBAO,KM271,BAMBAO YA HARI,KM271_0010,BOENI YA BAMBAO,2024,2445
KM,Comores,KM2,NGAZIDJA,KM27,MORONI BAMBAO,KM271,BAMBAO YA HARI,KM271_0007,DAOUENI,2024,445
KM,Comores,KM2,NGAZIDJA,KM27,MORONI BAMBAO,KM271,BAMBAO YA HARI,KM283_0003,DZAHANI,2024,795
KM,Comores,KM2,NGAZIDJA,KM27,MORONI BAMBAO,KM271,BAMBAO YA HARI,KM271_0002,M'DE,2024,7641
KM,Comores,KM2,NGAZIDJA,KM27,MORONI BAMBAO,KM271,BAMBAO YA HARI,KM271_0006,MBOUDADJOU,2024,1209
KM,Comores,KM2,NGAZIDJA,KM27,MORONI BAMBAO,KM271,BAMBAO YA HARI,KM271_0005,MOIDZAZA DJOUMBE,2024,543
KM,Comores,KM2,NGAZIDJA,KM27,MORONI BAMBAO,KM271,BAMBAO YA HARI,KM271_0004,NIOUMADZAHA,2024,3776
KM,Comores,KM2,NGAZIDJA,KM27,MORONI BAMBAO,KM271,BAMBAO YA HARI,KM271_0003,SELEA,2024,2506
KM,Comores,KM2,NGAZIDJA,KM27,MORONI BAMBAO,KM271,BAMBAO YA HARI,KM271_0001,VOUVOUNI,2024,5080
KM,Comores,KM2,NGAZIDJA,KM27,MORONI BAMBAO,KM272,BAMBAO YA MBOINI,KM272_0001,ICONI,2024,6415
KM,Comores,KM2,NGAZIDJA,KM27,MORONI BAMBAO,KM272,BAMBAO YA MBOINI,KM272_0002,MBACHILE,2024,1967
KM,Comores,KM2,NGAZIDJA,KM27,MORONI BAMBAO,KM272,BAMBAO YA MBOINI,KM272_0003,MOIDZAZA - MBOINI,2024,3325
KM,Comores,KM2,NGAZIDJA,KM27,MORONI BAMBAO,KM272,BAMBAO YA MBOINI,KM272_0004,NDROUANI,2024,1613
KM,Comores,KM2,NGAZIDJA,KM27,MORONI BAMBAO,KM272,BAMBAO YA MBOINI,KM272_0005,SEREHINI,2024,871
KM,Comores,KM2,NGAZIDJA,KM27,MORONI BAMBAO,KM274,MORONI,KM274_0001,MORONI,2024,87546
KM,Comores,KM2,NGAZIDJA,KM28,OICHILI DIMANI,KM281,DIMANI,KM281_0002,FOUMBOU DZIVOUNI,2024,522
KM,Comores,KM2,NGAZIDJA,KM28,OICHILI DIMANI,KM281,DIMANI,KM281_0007,IDJINKOUNDZI,2024,2834
KM,Comores,KM2,NGAZIDJA,KM28,OICHILI DIMANI,KM281,DIMANI,KM281_0006,IDJOINDRADJA,2024,222
KM,Comores,KM2,NGAZIDJA,KM28,OICHILI DIMANI,KM281,DIMANI,KM281_0005,MADJOMA,2024,640
KM,Comores,KM2,NGAZIDJA,KM28,OICHILI DIMANI,KM281,DIMANI,KM281_0008,MAOUENI DIMANI,2024,1757
KM,Comores,KM2,NGAZIDJA,KM28,OICHILI DIMANI,KM281,DIMANI,KM281_0003,MBOUDE,2024,756
KM,Comores,KM2,NGAZIDJA,KM28,OICHILI DIMANI,KM281,DIMANI,KM281_0004,MIDJINDZE,2024,182
KM,Comores,KM2,NGAZIDJA,KM28,OICHILI DIMANI,KM281,DIMANI,KM281_0009,MIRERENI,2024,609
KM,Comores,KM2,NGAZIDJA,KM28,OICHILI DIMANI,KM281,DIMANI,KM281_0001,MTSANGADJOU,2024,1502
KM,Comores,KM2,NGAZIDJA,KM28,OICHILI DIMANI,KM281,DIMANI,KM281_0010,NTSORALE,2024,2870
KM,Comores,KM2,NGAZIDJA,KM28,OICHILI DIMANI,KM281,DIMANI,KM281_0012,REHEMANI,2024,474
KM,Comores,KM2,NGAZIDJA,KM28,OICHILI DIMANI,KM281,DIMANI,KM281_0011,SIDJOU,2024,1010
KM,Comores,KM2,NGAZIDJA,KM28,OICHILI DIMANI,KM283,OICHILI YABOINI,KM283_0003,DZAHANI,2024,776
KM,Comores,KM2,NGAZIDJA,KM28,OICHILI DIMANI,KM283,OICHILI YABOINI,KM283_0006,HAMBOU,2024,1165
KM,Comores,KM2,NGAZIDJA,KM28,OICHILI DIMANI,KM283,OICHILI YABOINI,KM283_0007,HASSENDJE,2024,342
KM,Comores,KM2,NGAZIDJA,KM28,OICHILI DIMANI,KM283,OICHILI YABOINI,KM283_0001,ITSINKOUDI,2024,2864
KM,Comores,KM2,NGAZIDJA,KM28,OICHILI DIMANI,KM283,OICHILI YABOINI,KM283_0004,KOUHANI,2024,560
KM,Comores,KM2,NGAZIDJA,KM28,OICHILI DIMANI,KM283,OICHILI YABOINI,KM283_0005,MTSAMDU,2024,1354
KM,Comores,KM2,NGAZIDJA,KM28,OICHILI DIMANI,KM282,OICHILI YADJOU,KM282_0003,BOENI YAWACHILI,2024,1013
KM,Comores,KM2,NGAZIDJA,KM28,OICHILI DIMANI,KM282,OICHILI YADJOU,KM282_0009,CHAMRO,2024,185
KM,Comores,KM2,NGAZIDJA,KM28,OICHILI DIMANI,KM282,OICHILI YADJOU,KM282_0007,CHOMONI,2024,956
KM,Comores,KM2,NGAZIDJA,KM28,OICHILI DIMANI,KM282,OICHILI YADJOU,KM282_0004,DZAHADJOU YA WACHILI,2024,1222
KM,Comores,KM2,NGAZIDJA,KM28,OICHILI DIMANI,KM282,OICHILI YADJOU,KM282_0002,IROHE,2024,1112
KM,Comores,KM2,NGAZIDJA,KM28,OICHILI DIMANI,KM282,OICHILI YADJOU,KM282_0001,KOIMBANI YA WACHILI,2024,3430
KM,Comores,KM2,NGAZIDJA,KM28,OICHILI DIMANI,KM282,OICHILI YADJOU,KM282_0005,SADA,2024,417
KM,Comores,KM2,NGAZIDJA,KM28,OICHILI DIMANI,KM282,OICHILI YADJOU,KM282_0006,SADANI,2024,721
KM,Comores,KM2,NGAZIDJA,KM28,OICHILI DIMANI,KM282,OICHILI YADJOU,KM282_0008,SAMBA MADI,2024,125
KM,Comores,KM2,NGAZIDJA,KM28,OICHILI DIMANI,KM282,OICHILI YADJOU,KM282_0010,SIMA YA WACHILI,2024,1202
KM,Comores,KM3,MWALI,KM31,DJANDO,KM311,DJANDO,KM311_0006,HAGNAMOIDA,2025,1043
KM,Comores,KM3,MWALI,KM31,DJANDO,KM311,DJANDO,KM311_0008,HAMAVOUNA,2025,1692
KM,Comores,KM3,MWALI,KM31,DJANDO,KM311,DJANDO,KM311_0007,ITSAMIA,2025,517
KM,Comores,KM3,MWALI,KM31,DJANDO,KM311,DJANDO,KM121_0005,KANGANI,2025,1732
KM,Comores,KM3,MWALI,KM31,DJANDO,KM311,DJANDO,KM311_0003,MLANBANDA,2025,519
KM,Comores,KM3,MWALI,KM31,DJANDO,KM311,DJANDO,KM311_0002,WANANI,2025,4200
KM,Comores,KM3,MWALI,KM31,DJANDO,KM311,DJANDO,KM311_0001,ZIROUDANI,2025,2228
KM,Comores,KM3,MWALI,KM32,FOMBONI,KM321,FOMBONI,KM321_0001,FOMBONI,2025,22065
KM,Comores,KM3,MWALI,KM32,FOMBONI,KM322,MOILI MDJINI,KM322_0002,BANDAR SALAMA,2025,3079
KM,Comores,KM3,MWALI,KM32,FOMBONI,KM322,MOILI MDJINI,KM322_0003,DJOIEZI,2025,3754
KM,Comores,KM3,MWALI,KM32,FOMBONI,KM322,MOILI MDJINI,KM322_0001,MBOIGOMA,2025,2622
KM,Comores,KM3,MWALI,KM32,FOMBONI,KM323,MOINBASSA,KM252_0007,DOMONI,2025,329
KM,Comores,KM3,MWALI,KM32,FOMBONI,KM323,MOINBASSA,KM323_0002,HOANI,2025,2806
KM,Comores,KM3,MWALI,KM32,FOMBONI,KM323,MOINBASSA,KM323_0001,M'BATSE,2025,4691
KM,Comores,KM3,MWALI,KM33,NIOUMACHOUA,KM331,MLEDJELE,KM331_0001,MIREMANI,2025,368
KM,Comores,KM3,MWALI,KM33,NIOUMACHOUA,KM331,MLEDJELE,KM331_0004,NDREMEANI,2025,73
KM,Comores,KM3,MWALI,KM33,NIOUMACHOUA,KM331,MLEDJELE,KM331_0002,NDRONDRONI,2025,5411
KM,Comores,KM3,MWALI,KM33,NIOUMACHOUA,KM331,MLEDJELE,KM331_0003,NIOUMACHOUA,2025,4248
KM,Comores,KM3,MWALI,KM33,NIOUMACHOUA,KM332,MOIMBAO,KM143_0003,BARAKANI,2025,1200
KM,Comores,KM3,MWALI,KM33,NIOUMACHOUA,KM332,MOIMBAO,KM332_0001,HAMBA,2025,310
KM,Comores,KM3,MWALI,KM33,NIOUMACHOUA,KM332,MOIMBAO,KM332_0004,MIRINGONI,2025,1285
KM,Comores,KM3,MWALI,KM33,NIOUMACHOUA,KM332,MOIMBAO,KM332_0005,WALLAH 1,2025,569
KM,Comores,KM3,MWALI,KM33,NIOUMACHOUA,KM332,MOIMBAO,KM332_0006,WALLAH 2,2025,1066
KM,Comores,KM1,NDZUWANI,KM11,DOMONI,KM111,BAMBAO MSTANGA,KM111_0001,BAMBAO MTSANGA,2025,6151
KM,Comores,KM1,NDZUWANI,KM11,DOMONI,KM111,BAMBAO MSTANGA,KM111_0004,MAHALE,2025,4392
KM,Comores,KM1,NDZUWANI,KM11,DOMONI,KM111,BAMBAO MSTANGA,KM111_0002,MROMAJI,2025,3402
KM,Comores,KM1,NDZUWANI,KM11,DOMONI,KM111,BAMBAO MSTANGA,KM111_0003,ONGONI,2025,2918
KM,Comores,KM1,NDZUWANI,KM11,DOMONI,KM112,DOMONI,KM112_0004,BWELADUGU,2025,915
KM,Comores,KM1,NDZUWANI,KM11,DOMONI,KM112,DOMONI,KM252_0007,DOMONI,2025,15042
KM,Comores,KM1,NDZUWANI,KM11,DOMONI,KM112,DOMONI,KM112_0003,LIMBI,2025,3197
KM,Comores,KM1,NDZUWANI,KM11,DOMONI,KM113,JIMLIME,KM113_0003,HAJOHO,2025,4627
KM,Comores,KM1,NDZUWANI,KM11,DOMONI,KM113,JIMLIME,KM113_0001,HAREMBO I,2025,712
KM,Comores,KM1,NDZUWANI,KM11,DOMONI,KM113,JIMLIME,KM113_0002,HAREMBO II,2025,1196
KM,Comores,KM1,NDZUWANI,KM11,DOMONI,KM113,JIMLIME,KM113_0004,JIMLIME,2025,7515
KM,Comores,KM1,NDZUWANI,KM11,DOMONI,KM114,KONI,KM114_0004,GEGE,2025,1366
KM,Comores,KM1,NDZUWANI,KM11,DOMONI,KM114,KONI,KM114_0003,HACHIPENDA,2025,2307
KM,Comores,KM1,NDZUWANI,KM11,DOMONI,KM114,KONI,KM114_0001,KONI DJODJO,2025,13133
KM,Comores,KM1,NDZUWANI,KM11,DOMONI,KM114,KONI,KM114_0002,KONI NGANI,2025,6327
KM,Comores,KM1,NDZUWANI,KM11,DOMONI,KM115,NGADZALE,KM115_0001,NGADZALE,2025,6761
KM,Comores,KM1,NDZUWANI,KM11,DOMONI,KM115,NGADZALE,KM115_0002,OUTSA,2025,889
KM,Comores,KM1,NDZUWANI,KM11,DOMONI,KM115,NGADZALE,KM115_0005,OUZINI,2025,2154
KM,Comores,KM1,NDZUWANI,KM11,DOMONI,KM115,NGADZALE,KM153_0014,SALAMANI,2025,2607
KM,Comores,KM1,NDZUWANI,KM16,MOYA,KM151,MOYA,KM151_0002,KOWET,2025,2571
KM,Comores,KM1,NDZUWANI,KM16,MOYA,KM151,MOYA,KM151_0005,LINGONI,2025,6054
KM,Comores,KM1,NDZUWANI,KM16,MOYA,KM151,MOYA,KM151_0007,MAWENI,2025,972
KM,Comores,KM1,NDZUWANI,KM16,MOYA,KM151,MOYA,KM151_0001,MOYA,2025,10998
KM,Comores,KM1,NDZUWANI,KM16,MOYA,KM151,MOYA,KM151_0004,NINDRI,2025,3762
KM,Comores,KM1,NDZUWANI,KM16,MOYA,KM151,MOYA,KM151_0003,POMONI,2025,5187
KM,Comores,KM1,NDZUWANI,KM12,MREMANI,KM121,ADDA,KM121_0001,ADDA DAWENI,2025,14012
KM,Comores,KM1,NDZUWANI,KM12,MREMANI,KM121,ADDA,KM121_0002,DJANZA,2025,1015
KM,Comores,KM1,NDZUWANI,KM12,MREMANI,KM121,ADDA,KM121_0005,KANGANI,2025,5985
KM,Comores,KM1,NDZUWANI,KM12,MREMANI,KM121,ADDA,KM121_0003,MAGNASSINI,2025,5280
KM,Comores,KM1,NDZUWANI,KM12,MREMANI,KM123,MRAMANI,KM123_0004,DZIANII,2025,2396
KM,Comores,KM1,NDZUWANI,KM12,MREMANI,KM123,MRAMANI,KM123_0002,HANTSAHII,2025,1810
KM,Comores,KM1,NDZUWANI,KM12,MREMANI,KM123,MRAMANI,KM123_0001,MRAMANI,2025,4952
KM,Comores,KM1,NDZUWANI,KM12,MREMANI,KM123,MRAMANI,KM123_0003,NYAMBOIMRO,2025,2544
KM,Comores,KM1,NDZUWANI,KM12,MREMANI,KM124,MREMANI,KM124_0002,BANDA KOUNI,2025,4536
KM,Comores,KM1,NDZUWANI,KM12,MREMANI,KM124,MREMANI,KM124_0004,DAJI,2025,3823
KM,Comores,KM1,NDZUWANI,KM12,MREMANI,KM124,MREMANI,KM124_0001,MREMANI,2025,6695
KM,Comores,KM1,NDZUWANI,KM12,MREMANI,KM124,MREMANI,KM124_0003,MRIDJOU,2025,4291
KM,Comores,KM1,NDZUWANI,KM12,MREMANI,KM125,ONGOJOU,KM125_0002,KIYO,2025,2024
KM,Comores,KM1,NDZUWANI,KM12,MREMANI,KM125,ONGOJOU,KM125_0003,KOMONI,2025,3279
KM,Comores,KM1,NDZUWANI,KM12,MREMANI,KM125,ONGOJOU,KM125_0004,MIRONDRONI,2025,498
KM,Comores,KM1,NDZUWANI,KM12,MREMANI,KM125,ONGOJOU,KM125_0001,ONGODJOU,2025,7718
KM,Comores,KM1,NDZUWANI,KM12,MREMANI,KM125,ONGOJOU,KM125_0005,TRINDRINI,2025,196
KM,Comores,KM1,NDZUWANI,KM12,MREMANI,KM122,SHAWENI,KM122_0002,HAMCHACO,2025,2382
KM,Comores,KM1,NDZUWANI,KM12,MREMANI,KM122,SHAWENI,KM122_0005,MNADZICHOUMWE,2025,1235
KM,Comores,KM1,NDZUWANI,KM12,MREMANI,KM122,SHAWENI,KM122_0004,NOUNGA,2025,534
KM,Comores,KM1,NDZUWANI,KM12,MREMANI,KM122,SHAWENI,KM122_0003,SADAPOINI,2025,3574
KM,Comores,KM1,NDZUWANI,KM12,MREMANI,KM122,SHAWENI,KM122_0001,SHAWENI,2025,1324
KM,Comores,KM1,NDZUWANI,KM13,MUTSAMUDU,KM131,BANDRANI YA CHIRONKAMBA,KM131_0002,ANKIBANI,2025,2659
KM,Comores,KM1,NDZUWANI,KM13,MUTSAMUDU,KM131,BANDRANI YA CHIRONKAMBA,KM131_0008,BANDRADJOU,2025,2260
KM,Comores,KM1,NDZUWANI,KM13,MUTSAMUDU,KM131,BANDRANI YA CHIRONKAMBA,KM131_0006,CHICONI 2,2025,168
KM,Comores,KM1,NDZUWANI,KM13,MUTSAMUDU,KM131,BANDRANI YA CHIRONKAMBA,KM131_0003,CHIRONKAMBA,2025,2460
KM,Comores,KM1,NDZUWANI,KM13,MUTSAMUDU,KM131,BANDRANI YA CHIRONKAMBA,KM151_0007,MAWENI,2025,984
KM,Comores,KM1,NDZUWANI,KM13,MUTSAMUDU,KM131,BANDRANI YA CHIRONKAMBA,KM131_0001,MDJIMANDRA,2025,3303
KM,Comores,KM1,NDZUWANI,KM13,MUTSAMUDU,KM131,BANDRANI YA CHIRONKAMBA,KM131_0007,MPOUZINI,2025,77
KM,Comores,KM1,NDZUWANI,KM13,MUTSAMUDU,KM132,Commune BANDRANI YA MITSANGANI,KM132_0001,BANDRANI MTSANGANI,2025,2352
KM,Comores,KM1,NDZUWANI,KM13,MUTSAMUDU,KM132,Commune BANDRANI YA MITSANGANI,KM132_0002,CHITROUNI,2025,1537
KM,Comores,KM1,NDZUWANI,KM13,MUTSAMUDU,KM132,Commune BANDRANI YA MITSANGANI,KM132_0004,MDJAMAOUE,2025,2117
KM,Comores,KM1,NDZUWANI,KM13,MUTSAMUDU,KM132,Commune BANDRANI YA MITSANGANI,KM132_0003,SAANDANI,2025,2809
KM,Comores,KM1,NDZUWANI,KM13,MUTSAMUDU,KM133,MIRONTSI,KM133_0001,MIRONTSI,2025,14669
KM,Comores,KM1,NDZUWANI,KM13,MUTSAMUDU,KM134,MUTSAMUDU,KM134_0005,CHICONI1,2025,5
KM,Comores,KM1,NDZUWANI,KM13,MUTSAMUDU,KM134,MUTSAMUDU,KM134_0001,MUTSAMUDU,2025,32232
KM,Comores,KM1,NDZUWANI,KM13,MUTSAMUDU,KM134,MUTSAMUDU,KM134_0003,MWAMWA I,2025,2331
KM,Comores,KM1,NDZUWANI,KM13,MUTSAMUDU,KM134,MUTSAMUDU,KM134_0004,MWAMWA II,2025,982
KM,Comores,KM1,NDZUWANI,KM13,MUTSAMUDU,KM134,MUTSAMUDU,KM134_0002,PAJE,2025,7244
KM,Comores,KM1,NDZUWANI,KM14,OUANI,KM141,BAMBAO MTROUNI,KM141_0003,CHANDRA,2025,6074
KM,Comores,KM1,NDZUWANI,KM14,OUANI,KM141,BAMBAO MTROUNI,KM141_0002,DINDRI,2025,12684
KM,Comores,KM1,NDZUWANI,KM14,OUANI,KM141,BAMBAO MTROUNI,KM141_0001,TSEMBEHOU,2025,15413
KM,Comores,KM1,NDZUWANI,KM14,OUANI,KM142,BAZIMINI,KM142_0001,BAZIMINI,2025,10058
KM,Comores,KM1,NDZUWANI,KM14,OUANI,KM142,BAZIMINI,KM142_0002,KOKI,2025,7791
KM,Comores,KM1,NDZUWANI,KM14,OUANI,KM142,BAZIMINI,KM142_0003,PATSY,2025,4754
KM,Comores,KM1,NDZUWANI,KM14,OUANI,KM143,OUANI,KM143_0003,BARAKANI,2025,8609
KM,Comores,KM1,NDZUWANI,KM14,OUANI,KM143,OUANI,KM143_0004,GNATRANGA,2025,4025
KM,Comores,KM1,NDZUWANI,KM14,OUANI,KM143,OUANI,KM143_0001,OUANI,2025,12354
KM,Comores,KM1,NDZUWANI,KM14,OUANI,KM143,OUANI,KM143_0005,TANAMBAO,2025,2576
KM,Comores,KM1,NDZUWANI,KM15,SIMA,KM152,SIMA,KM152_0003,BIMBINI,2025,2186
KM,Comores,KM1,NDZUWANI,KM15,SIMA,KM152,SIMA,KM152_0004,BOUNGOUENI,2025,4325
KM,Comores,KM1,NDZUWANI,KM15,SIMA,KM152,SIMA,KM152_0002,KAVANI,2025,2658
KM,Comores,KM1,NDZUWANI,KM15,SIMA,KM152,SIMA,KM234_0004,MILEMBENI,2025,890
KM,Comores,KM1,NDZUWANI,KM15,SIMA,KM152,SIMA,KM152_0005,MIRONGANI,2025,1786
KM,Comores,KM1,NDZUWANI,KM15,SIMA,KM152,SIMA,KM232_0003,SIMA,2025,8811
KM,Comores,KM1,NDZUWANI,KM15,SIMA,KM153,VOUANI,KM153_0010,BANDRANI YA VOUANI,2025,2062
KM,Comores,KM1,NDZUWANI,KM15,SIMA,KM153,VOUANI,KM153_0011,CHIROVE,2025,323
KM,Comores,KM1,NDZUWANI,KM15,SIMA,KM153,VOUANI,KM153_0009,DAR SALAMA,2025,1645
KM,Comores,KM1,NDZUWANI,KM15,SIMA,KM153,VOUANI,KM153_0007,DZINDRI I,2025,3105
KM,Comores,KM1,NDZUWANI,KM15,SIMA,KM153,VOUANI,KM153_0003,HASSIMPAO,2025,1876
KM,Comores,KM1,NDZUWANI,KM15,SIMA,KM153,VOUANI,KM153_0006,IMERE,2025,548
KM,Comores,KM1,NDZUWANI,KM15,SIMA,KM153,VOUANI,KM153_0015,IMERE YA GAWANI,2025,908
KM,Comores,KM1,NDZUWANI,KM15,SIMA,KM153,VOUANI,KM153_0002,MARAHARE,2025,2410
KM,Comores,KM1,NDZUWANI,KM15,SIMA,KM153,VOUANI,KM153_0012,MARONTRONI,2025,498
KM,Comores,KM1,NDZUWANI,KM15,SIMA,KM153,VOUANI,KM153_0001,MROMOUHOULI,2025,743
KM,Comores,KM1,NDZUWANI,KM15,SIMA,KM153,VOUANI,KM153_0014,SALAMANI,2025,498
KM,Comores,KM1,NDZUWANI,KM15,SIMA,KM153,VOUANI,KM153_0004,SHITSANGASHELI,2025,190
KM,Comores,KM1,NDZUWANI,KM15,SIMA,KM153,VOUANI,KM153_0005,VASSI,2025,1546
KM,Comores,KM1,NDZUWANI,KM15,SIMA,KM153,VOUANI,KM153_0008,VOUANI,2025,4157
KM,Comores,KM2,NGAZIDJA,KM21,HAMAHAMET MBOINKOU,KM211,MBOINKOU,KM211_0008,BANDAMADJI LA MBOIKOU,2025,829
KM,Comores,KM2,NGAZIDJA,KM21,HAMAHAMET MBOINKOU,KM211,MBOINKOU,KM211_0004,CHEZANI,2025,3188
KM,Comores,KM2,NGAZIDJA,KM21,HAMAHAMET MBOINKOU,KM211,MBOINKOU,KM211_0007,HANTSINDZI,2025,2463
KM,Comores,KM2,NGAZIDJA,KM21,HAMAHAMET MBOINKOU,KM211,MBOINKOU,KM211_0001,MADJEOUENI,2025,2062
KM,Comores,KM2,NGAZIDJA,KM21,HAMAHAMET MBOINKOU,KM211,MBOINKOU,KM211_0005,NDROUDE,2025,2415
KM,Comores,KM2,NGAZIDJA,KM21,HAMAHAMET MBOINKOU,KM211,MBOINKOU,KM211_0006,NIOUMAMILIMA,2025,1564
KM,Comores,KM2,NGAZIDJA,KM21,HAMAHAMET MBOINKOU,KM211,MBOINKOU,KM211_0002,SADANI YA MBOIKOU,2025,723
KM,Comores,KM2,NGAZIDJA,KM21,HAMAHAMET MBOINKOU,KM211,MBOINKOU,KM211_0003,TRELEZINI,2025,641
KM,Comores,KM2,NGAZIDJA,KM21,HAMAHAMET MBOINKOU,KM212,NYUMA MRO,KM212_0005,BAMBADJANI,2025,1440
KM,Comores,KM2,NGAZIDJA,KM21,HAMAHAMET MBOINKOU,KM212,NYUMA MRO,KM212_0001,DIMADJOU YA HAMAHAMET,2025,2804
KM,Comores,KM2,NGAZIDJA,KM21,HAMAHAMET MBOINKOU,KM212,NYUMA MRO,KM212_0009,HADJAMBOU,2025,1484
KM,Comores,KM2,NGAZIDJA,KM21,HAMAHAMET MBOINKOU,KM212,NYUMA MRO,KM212_0007,ITSANDZENI,2025,2156
KM,Comores,KM2,NGAZIDJA,KM21,HAMAHAMET MBOINKOU,KM212,NYUMA MRO,KM212_0010,MBATSE YA HAMAHAMET,2025,270
KM,Comores,KM2,NGAZIDJA,KM21,HAMAHAMET MBOINKOU,KM212,NYUMA MRO,KM212_0003,MDJIHARI,2025,764
KM,Comores,KM2,NGAZIDJA,KM21,HAMAHAMET MBOINKOU,KM212,NYUMA MRO,KM212_0004,MOIDJA,2025,2380
KM,Comores,KM2,NGAZIDJA,KM21,HAMAHAMET MBOINKOU,KM212,NYUMA MRO,KM212_0006,NGOLE,2025,440
KM,Comores,KM2,NGAZIDJA,KM21,HAMAHAMET MBOINKOU,KM212,NYUMA MRO,KM212_0002,NYADOMBWENI,2025,1175
KM,Comores,KM2,NGAZIDJA,KM21,HAMAHAMET MBOINKOU,KM212,NYUMA MRO,KM212_0008,OUELLAH YA HAMAHAMET,2025,818
KM,Comores,KM2,NGAZIDJA,KM21,HAMAHAMET MBOINKOU,KM213,NYUMA MSIRU,KM213_0008,BATOU,2025,798
KM,Comores,KM2,NGAZIDJA,KM21,HAMAHAMET MBOINKOU,KM213,NYUMA MSIRU,KM213_0006,BOUNI,2025,1666
KM,Comores,KM2,NGAZIDJA,KM21,HAMAHAMET MBOINKOU,KM213,NYUMA MSIRU,KM213_0007,HEROUMBILI,2025,1722
KM,Comores,KM2,NGAZIDJA,KM21,HAMAHAMET MBOINKOU,KM213,NYUMA MSIRU,KM213_0010,IFOUNDIHE YA HAMAHAMET,2025,813
KM,Comores,KM2,NGAZIDJA,KM21,HAMAHAMET MBOINKOU,KM213,NYUMA MSIRU,KM213_0009,KOURANI YA HAMAHAMET,2025,155
KM,Comores,KM2,NGAZIDJA,KM21,HAMAHAMET MBOINKOU,KM213,NYUMA MSIRU,KM213_0001,MBENI,2025,6152
KM,Comores,KM2,NGAZIDJA,KM21,HAMAHAMET MBOINKOU,KM213,NYUMA MSIRU,KM213_0011,MNOUNGOU,2025,1465
KM,Comores,KM2,NGAZIDJA,KM21,HAMAHAMET MBOINKOU,KM213,NYUMA MSIRU,KM213_0004,SADA CHIHOUWE,2025,937
KM,Comores,KM2,NGAZIDJA,KM21,HAMAHAMET MBOINKOU,KM213,NYUMA MSIRU,KM213_0005,SADA MHUWAMBOI,2025,238
KM,Comores,KM2,NGAZIDJA,KM21,HAMAHAMET MBOINKOU,KM213,NYUMA MSIRU,KM213_0003,SALIMANI YA HAMAHAMET,2025,739
KM,Comores,KM2,NGAZIDJA,KM21,HAMAHAMET MBOINKOU,KM213,NYUMA MSIRU,KM213_0002,SELEANI,2025,1666
KM,Comores,KM2,NGAZIDJA,KM22,HAMBOU,KM221,DJOUMOIPANGUA,KM221_0004,BAMBANI,2025,1494
KM,Comores,KM2,NGAZIDJA,KM22,HAMBOU,KM221,DJOUMOIPANGUA,KM221_0005,DZAHADJOU,2025,2545
KM,Comores,KM2,NGAZIDJA,KM22,HAMBOU,KM221,DJOUMOIPANGUA,KM221_0003,HETSA,2025,1002
KM,Comores,KM2,NGAZIDJA,KM22,HAMBOU,KM221,DJOUMOIPANGUA,KM221_0002,MDJOIEZI,2025,3617
KM,Comores,KM2,NGAZIDJA,KM22,HAMBOU,KM221,DJOUMOIPANGUA,KM221_0001,SINGANI,2025,2540
KM,Comores,KM2,NGAZIDJA,KM22,HAMBOU,KM222,TSINIMOIPANGUA,KM222_0005,BANGOI,2025,3395
KM,Comores,KM2,NGAZIDJA,KM22,HAMBOU,KM222,TSINIMOIPANGUA,KM222_0003,CHOUANI,2025,3133
KM,Comores,KM2,NGAZIDJA,KM22,HAMBOU,KM222,TSINIMOIPANGUA,KM222_0004,DJOUMOICHONGO,2025,1842
KM,Comores,KM2,NGAZIDJA,KM22,HAMBOU,KM222,TSINIMOIPANGUA,KM222_0001,MITSOUDJE,2025,4523
KM,Comores,KM2,NGAZIDJA,KM22,HAMBOU,KM222,TSINIMOIPANGUA,KM222_0006,NKOMIONI,2025,668
KM,Comores,KM2,NGAZIDJA,KM22,HAMBOU,KM222,TSINIMOIPANGUA,KM222_0007,SALIMANI,2025,2348
KM,Comores,KM2,NGAZIDJA,KM22,HAMBOU,KM222,TSINIMOIPANGUA,KM222_0002,TROUMBENI,2025,278
KM,Comores,KM2,NGAZIDJA,KM23,ITSANDRA HAMANVOU,KM231,BANGAANI,KM231_0007,BANDAMADJI LA ITSANDRA,2025,1099
KM,Comores,KM2,NGAZIDJA,KM23,ITSANDRA HAMANVOU,KM231,BANGAANI,KM231_0008,DIMADJOU YA ITSANDRA,2025,1704
KM,Comores,KM2,NGAZIDJA,KM23,ITSANDRA HAMANVOU,KM231,BANGAANI,KM231_0004,DZAHANI LA TSIDJE,2025,9477
KM,Comores,KM2,NGAZIDJA,KM23,ITSANDRA HAMANVOU,KM231,BANGAANI,KM231_0001,ITSANDRA MDJINI,2025,3927
KM,Comores,KM2,NGAZIDJA,KM23,ITSANDRA HAMANVOU,KM231,BANGAANI,KM231_0005,MAOUENI YA ITSANDRA,2025,989
KM,Comores,KM2,NGAZIDJA,KM23,ITSANDRA HAMANVOU,KM231,BANGAANI,KM231_0006,MIRONTSI YA ITSANDRA,2025,525
KM,Comores,KM2,NGAZIDJA,KM23,ITSANDRA HAMANVOU,KM231,BANGAANI,KM231_0002,SALIMANI YA ITSANDRA,2025,3837
KM,Comores,KM2,NGAZIDJA,KM23,ITSANDRA HAMANVOU,KM231,BANGAANI,KM231_0003,SAMBA MBODONI,2025,1665
KM,Comores,KM2,NGAZIDJA,KM23,ITSANDRA HAMANVOU,KM232,DJOUMOICHONGO,KM232_0002,BAHANI,2025,2181
KM,Comores,KM2,NGAZIDJA,KM23,ITSANDRA HAMANVOU,KM232,DJOUMOICHONGO,KM232_0001,DZAHANI II,2025,1756
KM,Comores,KM2,NGAZIDJA,KM23,ITSANDRA HAMANVOU,KM232,DJOUMOICHONGO,KM232_0004,OUELLAH YA ITSANDRA,2025,1525
KM,Comores,KM2,NGAZIDJA,KM23,ITSANDRA HAMANVOU,KM232,DJOUMOICHONGO,KM232_0005,SAMBA KOUNI,2025,2456
KM,Comores,KM2,NGAZIDJA,KM23,ITSANDRA HAMANVOU,KM232,DJOUMOICHONGO,KM232_0003,SIMA,2025,1010
KM,Comores,KM2,NGAZIDJA,KM23,ITSANDRA HAMANVOU,KM233,HAMANVOU,KM233_0008,BIBAVOU,2025,1334
KM,Comores,KM2,NGAZIDJA,KM23,ITSANDRA HAMANVOU,KM233,HAMANVOU,KM233_0002,BOENINDI,2025,926
KM,Comores,KM2,NGAZIDJA,KM23,ITSANDRA HAMANVOU,KM233,HAMANVOU,KM233_0007,DIBOINI,2025,1730
KM,Comores,KM2,NGAZIDJA,KM23,ITSANDRA HAMANVOU,KM233,HAMANVOU,KM233_0001,HAHAYA,2025,5506
KM,Comores,KM2,NGAZIDJA,KM23,ITSANDRA HAMANVOU,KM233,HAMANVOU,KM233_0004,MBALENI,2025,222
KM,Comores,KM2,NGAZIDJA,KM23,ITSANDRA HAMANVOU,KM233,HAMANVOU,KM233_0003,MBAMBANI YA HAMANVOU,2025,836
KM,Comores,KM2,NGAZIDJA,KM23,ITSANDRA HAMANVOU,KM233,HAMANVOU,KM233_0006,MBANGANI,2025,1772
KM,Comores,KM2,NGAZIDJA,KM23,ITSANDRA HAMANVOU,KM233,HAMANVOU,KM233_0009,MILEVANI,2025,1476
KM,Comores,KM2,NGAZIDJA,KM23,ITSANDRA HAMANVOU,KM233,HAMANVOU,KM233_0005,OUSSIVO,2025,2741
KM,Comores,KM2,NGAZIDJA,KM23,ITSANDRA HAMANVOU,KM234,ISAHARI,KM234_0002,HANTSAMBOU,2025,1948
KM,Comores,KM2,NGAZIDJA,KM23,ITSANDRA HAMANVOU,KM234,ISAHARI,KM234_0004,MILEMBENI,2025,1188
KM,Comores,KM2,NGAZIDJA,KM23,ITSANDRA HAMANVOU,KM234,ISAHARI,KM234_0001,NTSOUDJINI,2025,5195
KM,Comores,KM2,NGAZIDJA,KM23,ITSANDRA HAMANVOU,KM234,ISAHARI,KM234_0005,ZIVANDANI,2025,1602
KM,Comores,KM2,NGAZIDJA,KM23,ITSANDRA HAMANVOU,KM235,MBADANI,KM235_0001,BATSA ITSANDRA,2025,3203
KM,Comores,KM2,NGAZIDJA,KM23,ITSANDRA HAMANVOU,KM235,MBADANI,KM235_0005,DZAHADJOU LA ITSANDRA,2025,1699
KM,Comores,KM2,NGAZIDJA,KM23,ITSANDRA HAMANVOU,KM235,MBADANI,KM235_0004,MHANDANI,2025,659
KM,Comores,KM2,NGAZIDJA,KM23,ITSANDRA HAMANVOU,KM235,MBADANI,KM235_0003,VANADJOU,2025,1154
KM,Comores,KM2,NGAZIDJA,KM23,ITSANDRA HAMANVOU,KM235,MBADANI,KM235_0002,VANAMBOINI,2025,2505
KM,Comores,KM2,NGAZIDJA,KM23,ITSANDRA HAMANVOU,KM235,MBADANI,KM235_0006,VOUNA MBADANI,2025,941
KM,Comores,KM2,NGAZIDJA,KM24,MBADJINI EST,KM241,DOMBA,KM241_0002,BANDADAOUENI,2025,1806
KM,Comores,KM2,NGAZIDJA,KM24,MBADJINI EST,KM241,DOMBA,KM241_0001,BANDAMADJI LADOMBA,2025,1273
KM,Comores,KM2,NGAZIDJA,KM24,MBADJINI EST,KM241,DOMBA,KM241_0004,OUNGONI,2025,1201
KM,Comores,KM2,NGAZIDJA,KM24,MBADJINI EST,KM241,DOMBA,KM264_0004,PIDJANI,2025,2594
KM,Comores,KM2,NGAZIDJA,KM24,MBADJINI EST,KM241,DOMBA,KM241_0003,TSINIMOIPANGA,2025,2920
KM,Comores,KM2,NGAZIDJA,KM24,MBADJINI EST,KM242,ITSAHIDI,KM242_0007,CHINDINI,2025,2056
KM,Comores,KM2,NGAZIDJA,KM24,MBADJINI EST,KM242,ITSAHIDI,KM242_0009,DZAHADJOU LA MBADJINI,2025,1337
KM,Comores,KM2,NGAZIDJA,KM24,MBADJINI EST,KM242,ITSAHIDI,KM242_0001,FOUMBOUNI,2025,3061
KM,Comores,KM2,NGAZIDJA,KM24,MBADJINI EST,KM242,ITSAHIDI,KM242_0002,KOIMBANI LA MBADJINI,2025,530
KM,Comores,KM2,NGAZIDJA,KM24,MBADJINI EST,KM242,ITSAHIDI,KM242_0003,MALE,2025,2721
KM,Comores,KM2,NGAZIDJA,KM24,MBADJINI EST,KM242,ITSAHIDI,KM242_0004,MIDJENDJENI,2025,494
KM,Comores,KM2,NGAZIDJA,KM24,MBADJINI EST,KM242,ITSAHIDI,KM242_0010,MOHORO,2025,2571
KM,Comores,KM2,NGAZIDJA,KM24,MBADJINI EST,KM242,ITSAHIDI,KM242_0006,NDZOUANI,2025,244
KM,Comores,KM2,NGAZIDJA,KM24,MBADJINI EST,KM242,ITSAHIDI,KM242_0011,NGNOUMADZHA MVOUBARI,2025,2441
KM,Comores,KM2,NGAZIDJA,KM24,MBADJINI EST,KM242,ITSAHIDI,KM242_0005,OUROVENI,2025,1695
KM,Comores,KM2,NGAZIDJA,KM24,MBADJINI EST,KM242,ITSAHIDI,KM242_0008,SIMAMBOINI,2025,1117
KM,Comores,KM2,NGAZIDJA,KM24,MBADJINI EST,KM243,PIMBA,KM243_0004,BANDAMADJI LA KOUBOINI,2025,911
KM,Comores,KM2,NGAZIDJA,KM24,MBADJINI EST,KM243,PIMBA,KM243_0005,DARISSALAMA,2025,623
KM,Comores,KM2,NGAZIDJA,KM24,MBADJINI EST,KM243,PIMBA,KM243_0009,DIDJONI,2025,705
KM,Comores,KM2,NGAZIDJA,KM24,MBADJINI EST,KM243,PIMBA,KM243_0002,INANI,2025,1051
KM,Comores,KM2,NGAZIDJA,KM24,MBADJINI EST,KM243,PIMBA,KM243_0010,KOVE,2025,1020
KM,Comores,KM2,NGAZIDJA,KM24,MBADJINI EST,KM243,PIMBA,KM243_0006,MLALOI NKOUDJOU,2025,1272
KM,Comores,KM2,NGAZIDJA,KM24,MBADJINI EST,KM243,PIMBA,KM243_0003,NGNAMBENI,2025,2080
KM,Comores,KM2,NGAZIDJA,KM24,MBADJINI EST,KM243,PIMBA,KM243_0007,NGNOUMA MILIMA,2025,3568
KM,Comores,KM2,NGAZIDJA,KM24,MBADJINI EST,KM243,PIMBA,KM243_0008,NKOURANI MKANGA,2025,752
KM,Comores,KM2,NGAZIDJA,KM24,MBADJINI EST,KM243,PIMBA,KM243_0001,SIMBOUSSA YA MBADJINI,2025,2323
KM,Comores,KM2,NGAZIDJA,KM25,MBADJINI OUEST,KM251,NGOUENGOE,KM251_0001,DEMBENI,2025,2570
KM,Comores,KM2,NGAZIDJA,KM25,MBADJINI OUEST,KM251,NGOUENGOE,KM251_0011,ITSOUDZOU,2025,270
KM,Comores,KM2,NGAZIDJA,KM25,MBADJINI OUEST,KM251,NGOUENGOE,KM251_0009,KANDZILE,2025,1458
KM,Comores,KM2,NGAZIDJA,KM25,MBADJINI OUEST,KM251,NGOUENGOE,KM251_0010,MAKORANI,2025,53
KM,Comores,KM2,NGAZIDJA,KM25,MBADJINI OUEST,KM251,NGOUENGOE,KM251_0007,MANDZISSANI,2025,597
KM,Comores,KM2,NGAZIDJA,KM25,MBADJINI OUEST,KM251,NGOUENGOE,KM251_0003,MBOUDE YA MBOINI,2025,671
KM,Comores,KM2,NGAZIDJA,KM25,MBADJINI OUEST,KM251,NGOUENGOE,KM251_0002,MDJAMKAGNOI,2025,1083
KM,Comores,KM2,NGAZIDJA,KM25,MBADJINI OUEST,KM251,NGOUENGOE,KM251_0006,MINDRADOU,2025,527
KM,Comores,KM2,NGAZIDJA,KM25,MBADJINI OUEST,KM251,NGOUENGOE,KM251_0004,MLIMANI,2025,224
KM,Comores,KM2,NGAZIDJA,KM25,MBADJINI OUEST,KM251,NGOUENGOE,KM251_0005,PANDA,2025,989
KM,Comores,KM2,NGAZIDJA,KM25,MBADJINI OUEST,KM251,NGOUENGOE,KM251_0008,TSINI MOICHONGO,2025,2649
KM,Comores,KM2,NGAZIDJA,KM25,MBADJINI OUEST,KM252,NIOUMAGAMA,KM252_0004,DIMA,2025,644
KM,Comores,KM2,NGAZIDJA,KM25,MBADJINI OUEST,KM252,NIOUMAGAMA,KM252_0007,DOMONI,2025,923
KM,Comores,KM2,NGAZIDJA,KM25,MBADJINI OUEST,KM252,NIOUMAGAMA,KM252_0008,DZOIDJOU,2025,824
KM,Comores,KM2,NGAZIDJA,KM25,MBADJINI OUEST,KM252,NIOUMAGAMA,KM252_0009,FAMARE,2025,605
KM,Comores,KM2,NGAZIDJA,KM25,MBADJINI OUEST,KM252,NIOUMAGAMA,KM252_0002,IFOUNDIHE CHADJOU,2025,264
KM,Comores,KM2,NGAZIDJA,KM25,MBADJINI OUEST,KM252,NIOUMAGAMA,KM252_0003,IFOUNDIHE CHAMBOINI,2025,1237
KM,Comores,KM2,NGAZIDJA,KM25,MBADJINI OUEST,KM252,NIOUMAGAMA,KM252_0005,NKOURANI YA SIMA,2025,10149
KM,Comores,KM2,NGAZIDJA,KM25,MBADJINI OUEST,KM252,NIOUMAGAMA,KM252_0001,OUZIOINI,2025,2578
KM,Comores,KM2,NGAZIDJA,KM26,MBOUDE,KM265,NYUMAMRO KIBLANI,KM265_0002,CHAMLE,2025,1683
KM,Comores,KM2,NGAZIDJA,KM26,MBOUDE,KM265,NYUMAMRO KIBLANI,KM265_0001,DJOMANI,2025,4062
KM,Comores,KM2,NGAZIDJA,KM26,MBOUDE,KM265,NYUMAMRO KIBLANI,KM265_0007,DOUNIANI,2025,2239
KM,Comores,KM2,NGAZIDJA,KM26,MBOUDE,KM265,NYUMAMRO KIBLANI,KM265_0006,HELINDJE,2025,2187
KM,Comores,KM2,NGAZIDJA,KM26,MBOUDE,KM265,NYUMAMRO KIBLANI,KM265_0009,KOUA,2025,818
KM,Comores,KM2,NGAZIDJA,KM26,MBOUDE,KM265,NYUMAMRO KIBLANI,KM265_0004,MANDZA YA MBOUDE,2025,1953
KM,Comores,KM2,NGAZIDJA,KM26,MBOUDE,KM265,NYUMAMRO KIBLANI,KM265_0005,MDJOIEZI YA MBOUNDE,2025,992
KM,Comores,KM2,NGAZIDJA,KM26,MBOUDE,KM265,NYUMAMRO KIBLANI,KM265_0003,VOUVOUNI YA MBOUNDE,2025,569
KM,Comores,KM2,NGAZIDJA,KM26,MBOUDE,KM266,NYUMAMRO SOUHEILI,KM266_0003,DJONGOE,2025,1063
KM,Comores,KM2,NGAZIDJA,KM26,MBOUDE,KM266,NYUMAMRO SOUHEILI,KM266_0007,DOMOIDJOU,2025,1100
KM,Comores,KM2,NGAZIDJA,KM26,MBOUDE,KM266,NYUMAMRO SOUHEILI,KM266_0008,DOMOIMBOINI,2025,530
KM,Comores,KM2,NGAZIDJA,KM26,MBOUDE,KM266,NYUMAMRO SOUHEILI,KM266_0002,IVEMBENI,2025,4731
KM,Comores,KM2,NGAZIDJA,KM26,MBOUDE,KM266,NYUMAMRO SOUHEILI,KM266_0004,MAOUENI YA MBOUDE,2025,1494
KM,Comores,KM2,NGAZIDJA,KM26,MBOUDE,KM266,NYUMAMRO SOUHEILI,KM266_0009,MOIDJA YA MBOUDE,2025,690
KM,Comores,KM2,NGAZIDJA,KM26,MBOUDE,KM266,NYUMAMRO SOUHEILI,KM266_0001,NTSAOUENI,2025,3887
KM,Comores,KM2,NGAZIDJA,KM26,MBOUDE,KM266,NYUMAMRO SOUHEILI,KM266_0006,NTSORALE YA MBOUDE,2025,809
KM,Comores,KM2,NGAZIDJA,KM26,MBOUDE,KM266,NYUMAMRO SOUHEILI,KM266_0005,SIMBOUSSA YA MBOUDE,2025,394
KM,Comores,KM2,NGAZIDJA,KM26,MITSAMIOULI,KM261,CEMBENOI LAC SALE,KM261_0001,BANGOIKOUNI,2025,3004
KM,Comores,KM2,NGAZIDJA,KM26,MITSAMIOULI,KM261,CEMBENOI LAC SALE,KM261_0002,BATSA YA MITSAMIHOULI,2025,1428
KM,Comores,KM2,NGAZIDJA,KM26,MITSAMIOULI,KM261,CEMBENOI LAC SALE,KM261_0004,IVOINI,2025,1920
KM,Comores,KM2,NGAZIDJA,KM26,MITSAMIOULI,KM261,CEMBENOI LAC SALE,KM261_0003,OUZIO,2025,3158
KM,Comores,KM2,NGAZIDJA,KM26,MITSAMIOULI,KM262,CEMBENOI SADA DJOULAMLIMA,KM265_0009,KOUA,2025,1806
KM,Comores,KM2,NGAZIDJA,KM26,MITSAMIOULI,KM262,CEMBENOI SADA DJOULAMLIMA,KM262_0004,OUELLAH YA MITSAMIHOULI,2025,5065
KM,Comores,KM2,NGAZIDJA,KM26,MITSAMIOULI,KM262,CEMBENOI SADA DJOULAMLIMA,KM262_0001,OUEMANI,2025,776
KM,Comores,KM2,NGAZIDJA,KM26,MITSAMIOULI,KM263,MITSAMIOULI,KM263_0003,FASSI,2025,551
KM,Comores,KM2,NGAZIDJA,KM26,MITSAMIOULI,KM263,MITSAMIOULI,KM263_0002,HADAWA,2025,684
KM,Comores,KM2,NGAZIDJA,KM26,MITSAMIOULI,KM263,MITSAMIOULI,KM263_0001,MEMBOI - BOINI,2025,1033
KM,Comores,KM2,NGAZIDJA,KM26,MITSAMIOULI,KM263,MITSAMIOULI,KM263_0004,MITSAMIHOULI,2025,5957
KM,Comores,KM2,NGAZIDJA,KM26,MITSAMIOULI,KM263,MITSAMIOULI,KM263_0006,NDZAOUZE,2025,3233
KM,Comores,KM2,NGAZIDJA,KM26,MITSAMIOULI,KM263,MITSAMIOULI,KM263_0005,NKOURANI YA MITSAMIHOULI,2025,428
KM,Comores,KM2,NGAZIDJA,KM26,MITSAMIOULI,KM264,NYUMA KOMO,KM264_0001,BANGOI MAFUSA NKOA,2025,794
KM,Comores,KM2,NGAZIDJA,KM26,MITSAMIOULI,KM264,NYUMA KOMO,KM264_0008,FOUNGA,2025,1105
KM,Comores,KM2,NGAZIDJA,KM26,MITSAMIOULI,KM264,NYUMA KOMO,KM264_0002,MEMBOI - DJOU,2025,1934
KM,Comores,KM2,NGAZIDJA,KM26,MITSAMIOULI,KM264,NYUMA KOMO,KM264_0007,NTSADJENI,2025,2024
KM,Comores,KM2,NGAZIDJA,KM26,MITSAMIOULI,KM264,NYUMA KOMO,KM264_0009,OUHOZI,2025,1445
KM,Comores,KM2,NGAZIDJA,KM26,MITSAMIOULI,KM264,NYUMA KOMO,KM264_0004,PIDJANI,2025,703
KM,Comores,KM2,NGAZIDJA,KM26,MITSAMIOULI,KM264,NYUMA KOMO,KM264_0005,SONGOMANI,2025,564
KM,Comores,KM2,NGAZIDJA,KM26,MITSAMIOULI,KM264,NYUMA KOMO,KM264_0006,TOIYFA,2025,566
KM,Comores,KM2,NGAZIDJA,KM27,MORONI BAMBAO,KM273,BAMBAO YA DJOU,KM273_0002,M'VOUNI,2025,6451
KM,Comores,KM2,NGAZIDJA,KM27,MORONI BAMBAO,KM273,BAMBAO YA DJOU,KM273_0003,MAVINGOUNI,2025,2119
KM,Comores,KM2,NGAZIDJA,KM27,MORONI BAMBAO,KM273,BAMBAO YA DJOU,KM273_0001,MKAZI,2025,7658
KM,Comores,KM2,NGAZIDJA,KM27,MORONI BAMBAO,KM271,BAMBAO YA HARI,KM271_0010,BOENI YA BAMBAO,2025,2503
KM,Comores,KM2,NGAZIDJA,KM27,MORONI BAMBAO,KM271,BAMBAO YA HARI,KM271_0007,DAOUENI,2025,456
KM,Comores,KM2,NGAZIDJA,KM27,MORONI BAMBAO,KM271,BAMBAO YA HARI,KM283_0003,DZAHANI,2025,813
KM,Comores,KM2,NGAZIDJA,KM27,MORONI BAMBAO,KM271,BAMBAO YA HARI,KM271_0002,M'DE,2025,7822
KM,Comores,KM2,NGAZIDJA,KM27,MORONI BAMBAO,KM271,BAMBAO YA HARI,KM271_0006,MBOUDADJOU,2025,1238
KM,Comores,KM2,NGAZIDJA,KM27,MORONI BAMBAO,KM271,BAMBAO YA HARI,KM271_0005,MOIDZAZA DJOUMBE,2025,555
KM,Comores,KM2,NGAZIDJA,KM27,MORONI BAMBAO,KM271,BAMBAO YA HARI,KM271_0004,NIOUMADZAHA,2025,3866
KM,Comores,KM2,NGAZIDJA,KM27,MORONI BAMBAO,KM271,BAMBAO YA HARI,KM271_0003,SELEA,2025,2565
KM,Comores,KM2,NGAZIDJA,KM27,MORONI BAMBAO,KM271,BAMBAO YA HARI,KM271_0001,VOUVOUNI,2025,5201
KM,Comores,KM2,NGAZIDJA,KM27,MORONI BAMBAO,KM272,BAMBAO YA MBOINI,KM272_0001,ICONI,2025,6567
KM,Comores,KM2,NGAZIDJA,KM27,MORONI BAMBAO,KM272,BAMBAO YA MBOINI,KM272_0002,MBACHILE,2025,2013
KM,Comores,KM2,NGAZIDJA,KM27,MORONI BAMBAO,KM272,BAMBAO YA MBOINI,KM272_0003,MOIDZAZA - MBOINI,2025,3404
KM,Comores,KM2,NGAZIDJA,KM27,MORONI BAMBAO,KM272,BAMBAO YA MBOINI,KM272_0004,NDROUANI,2025,1651
KM,Comores,KM2,NGAZIDJA,KM27,MORONI BAMBAO,KM272,BAMBAO YA MBOINI,KM272_0005,SEREHINI,2025,891
KM,Comores,KM2,NGAZIDJA,KM27,MORONI BAMBAO,KM274,MORONI,KM274_0001,MORONI,2025,89617
KM,Comores,KM2,NGAZIDJA,KM28,OICHILI DIMANI,KM281,DIMANI,KM281_0002,FOUMBOU DZIVOUNI,2025,534
KM,Comores,KM2,NGAZIDJA,KM28,OICHILI DIMANI,KM281,DIMANI,KM281_0007,IDJINKOUNDZI,2025,2901
KM,Comores,KM2,NGAZIDJA,KM28,OICHILI DIMANI,KM281,DIMANI,KM281_0006,IDJOINDRADJA,2025,227
KM,Comores,KM2,NGAZIDJA,KM28,OICHILI DIMANI,KM281,DIMANI,KM281_0005,MADJOMA,2025,655
KM,Comores,KM2,NGAZIDJA,KM28,OICHILI DIMANI,KM281,DIMANI,KM281_0008,MAOUENI DIMANI,2025,1798
KM,Comores,KM2,NGAZIDJA,KM28,OICHILI DIMANI,KM281,DIMANI,KM281_0003,MBOUDE,2025,774
KM,Comores,KM2,NGAZIDJA,KM28,OICHILI DIMANI,KM281,DIMANI,KM281_0004,MIDJINDZE,2025,186
KM,Comores,KM2,NGAZIDJA,KM28,OICHILI DIMANI,KM281,DIMANI,KM281_0009,MIRERENI,2025,624
KM,Comores,KM2,NGAZIDJA,KM28,OICHILI DIMANI,KM281,DIMANI,KM281_0001,MTSANGADJOU,2025,1538
KM,Comores,KM2,NGAZIDJA,KM28,OICHILI DIMANI,KM281,DIMANI,KM281_0010,NTSORALE,2025,2938
KM,Comores,KM2,NGAZIDJA,KM28,OICHILI DIMANI,KM281,DIMANI,KM281_0012,REHEMANI,2025,486
KM,Comores,KM2,NGAZIDJA,KM28,OICHILI DIMANI,KM281,DIMANI,KM281_0011,SIDJOU,2025,1034
KM,Comores,KM2,NGAZIDJA,KM28,OICHILI DIMANI,KM283,OICHILI YABOINI,KM283_0003,DZAHANI,2025,794
KM,Comores,KM2,NGAZIDJA,KM28,OICHILI DIMANI,KM283,OICHILI YABOINI,KM283_0006,HAMBOU,2025,1193
KM,Comores,KM2,NGAZIDJA,KM28,OICHILI DIMANI,KM283,OICHILI YABOINI,KM283_0007,HASSENDJE,2025,350
KM,Comores,KM2,NGAZIDJA,KM28,OICHILI DIMANI,KM283,OICHILI YABOINI,KM283_0001,ITSINKOUDI,2025,2932
KM,Comores,KM2,NGAZIDJA,KM28,OICHILI DIMANI,KM283,OICHILI YABOINI,KM283_0004,KOUHANI,2025,573
KM,Comores,KM2,NGAZIDJA,KM28,OICHILI DIMANI,KM283,OICHILI YABOINI,KM283_0005,MTSAMDU,2025,1386
KM,Comores,KM2,NGAZIDJA,KM28,OICHILI DIMANI,KM282,OICHILI YADJOU,KM282_0003,BOENI YAWACHILI,2025,1037
KM,Comores,KM2,NGAZIDJA,KM28,OICHILI DIMANI,KM282,OICHILI YADJOU,KM282_0009,CHAMRO,2025,190
KM,Comores,KM2,NGAZIDJA,KM28,OICHILI DIMANI,KM282,OICHILI YADJOU,KM282_0007,CHOMONI,2025,979
KM,Comores,KM2,NGAZIDJA,KM28,OICHILI DIMANI,KM282,OICHILI YADJOU,KM282_0004,DZAHADJOU YA WACHILI,2025,1251
KM,Comores,KM2,NGAZIDJA,KM28,OICHILI DIMANI,KM282,OICHILI YADJOU,KM282_0002,IROHE,2025,1139
KM,Comores,KM2,NGAZIDJA,KM28,OICHILI DIMANI,KM282,OICHILI YADJOU,KM282_0001,KOIMBANI YA WACHILI,2025,3512
KM,Comores,KM2,NGAZIDJA,KM28,OICHILI DIMANI,KM282,OICHILI YADJOU,KM282_0005,SADA,2025,427
KM,Comores,KM2,NGAZIDJA,KM28,OICHILI DIMANI,KM282,OICHILI YADJOU,KM282_0006,SADANI,2025,738
KM,Comores,KM2,NGAZIDJA,KM28,OICHILI DIMANI,KM282,OICHILI YADJOU,KM282_0008,SAMBA MADI,2025,128
KM,Comores,KM2,NGAZIDJA,KM28,OICHILI DIMANI,KM282,OICHILI YADJOU,KM282_0010,SIMA YA WACHILI,2025,1231
KM,Comores,KM3,MWALI,KM31,DJANDO,KM311,DJANDO,KM311_0006,HAGNAMOIDA,2026,1072
KM,Comores,KM3,MWALI,KM31,DJANDO,KM311,DJANDO,KM311_0008,HAMAVOUNA,2026,1740
KM,Comores,KM3,MWALI,KM31,DJANDO,KM311,DJANDO,KM311_0007,ITSAMIA,2026,532
KM,Comores,KM3,MWALI,KM31,DJANDO,KM311,DJANDO,KM121_0005,KANGANI,2026,1781
KM,Comores,KM3,MWALI,KM31,DJANDO,KM311,DJANDO,KM311_0003,MLANBANDA,2026,534
KM,Comores,KM3,MWALI,KM31,DJANDO,KM311,DJANDO,KM311_0002,WANANI,2026,4319
KM,Comores,KM3,MWALI,KM31,DJANDO,KM311,DJANDO,KM311_0001,ZIROUDANI,2026,2291
KM,Comores,KM3,MWALI,KM32,FOMBONI,KM321,FOMBONI,KM321_0001,FOMBONI,2026,22692
KM,Comores,KM3,MWALI,KM32,FOMBONI,KM322,MOILI MDJINI,KM322_0002,BANDAR SALAMA,2026,3167
KM,Comores,KM3,MWALI,KM32,FOMBONI,KM322,MOILI MDJINI,KM322_0003,DJOIEZI,2026,3861
KM,Comores,KM3,MWALI,KM32,FOMBONI,KM322,MOILI MDJINI,KM322_0001,MBOIGOMA,2026,2697
KM,Comores,KM3,MWALI,KM32,FOMBONI,KM323,MOINBASSA,KM252_0007,DOMONI,2026,339
KM,Comores,KM3,MWALI,KM32,FOMBONI,KM323,MOINBASSA,KM323_0002,HOANI,2026,2886
KM,Comores,KM3,MWALI,KM32,FOMBONI,KM323,MOINBASSA,KM323_0001,M'BATSE,2026,4824
KM,Comores,KM3,MWALI,KM33,NIOUMACHOUA,KM331,MLEDJELE,KM331_0001,MIREMANI,2026,378
KM,Comores,KM3,MWALI,KM33,NIOUMACHOUA,KM331,MLEDJELE,KM331_0004,NDREMEANI,2026,75
KM,Comores,KM3,MWALI,KM33,NIOUMACHOUA,KM331,MLEDJELE,KM331_0002,NDRONDRONI,2026,5564
KM,Comores,KM3,MWALI,KM33,NIOUMACHOUA,KM331,MLEDJELE,KM331_0003,NIOUMACHOUA,2026,4369
KM,Comores,KM3,MWALI,KM33,NIOUMACHOUA,KM332,MOIMBAO,KM143_0003,BARAKANI,2026,1234
KM,Comores,KM3,MWALI,KM33,NIOUMACHOUA,KM332,MOIMBAO,KM332_0001,HAMBA,2026,319
KM,Comores,KM3,MWALI,KM33,NIOUMACHOUA,KM332,MOIMBAO,KM332_0004,MIRINGONI,2026,1322
KM,Comores,KM3,MWALI,KM33,NIOUMACHOUA,KM332,MOIMBAO,KM332_0005,WALLAH 1,2026,585
KM,Comores,KM3,MWALI,KM33,NIOUMACHOUA,KM332,MOIMBAO,KM332_0006,WALLAH 2,2026,1096
KM,Comores,KM1,NDZUWANI,KM11,DOMONI,KM111,BAMBAO MSTANGA,KM111_0001,BAMBAO MTSANGA,2026,6306
KM,Comores,KM1,NDZUWANI,KM11,DOMONI,KM111,BAMBAO MSTANGA,KM111_0004,MAHALE,2026,4503
KM,Comores,KM1,NDZUWANI,KM11,DOMONI,KM111,BAMBAO MSTANGA,KM111_0002,MROMAJI,2026,3488
KM,Comores,KM1,NDZUWANI,KM11,DOMONI,KM111,BAMBAO MSTANGA,KM111_0003,ONGONI,2026,2991
KM,Comores,KM1,NDZUWANI,KM11,DOMONI,KM112,DOMONI,KM112_0004,BWELADUGU,2026,939
KM,Comores,KM1,NDZUWANI,KM11,DOMONI,KM112,DOMONI,KM252_0007,DOMONI,2026,15424
KM,Comores,KM1,NDZUWANI,KM11,DOMONI,KM112,DOMONI,KM112_0003,LIMBI,2026,3277
KM,Comores,KM1,NDZUWANI,KM11,DOMONI,KM113,JIMLIME,KM113_0003,HAJOHO,2026,4744
KM,Comores,KM1,NDZUWANI,KM11,DOMONI,KM113,JIMLIME,KM113_0001,HAREMBO I,2026,730
KM,Comores,KM1,NDZUWANI,KM11,DOMONI,KM113,JIMLIME,KM113_0002,HAREMBO II,2026,1226
KM,Comores,KM1,NDZUWANI,KM11,DOMONI,KM113,JIMLIME,KM113_0004,JIMLIME,2026,7704
KM,Comores,KM1,NDZUWANI,KM11,DOMONI,KM114,KONI,KM114_0004,GEGE,2026,1400
KM,Comores,KM1,NDZUWANI,KM11,DOMONI,KM114,KONI,KM114_0003,HACHIPENDA,2026,2365
KM,Comores,KM1,NDZUWANI,KM11,DOMONI,KM114,KONI,KM114_0001,KONI DJODJO,2026,13466
KM,Comores,KM1,NDZUWANI,KM11,DOMONI,KM114,KONI,KM114_0002,KONI NGANI,2026,6487
KM,Comores,KM1,NDZUWANI,KM11,DOMONI,KM115,NGADZALE,KM115_0001,NGADZALE,2026,6931
KM,Comores,KM1,NDZUWANI,KM11,DOMONI,KM115,NGADZALE,KM115_0002,OUTSA,2026,911
KM,Comores,KM1,NDZUWANI,KM11,DOMONI,KM115,NGADZALE,KM115_0005,OUZINI,2026,2208
KM,Comores,KM1,NDZUWANI,KM11,DOMONI,KM115,NGADZALE,KM153_0014,SALAMANI,2026,2673
KM,Comores,KM1,NDZUWANI,KM16,MOYA,KM151,MOYA,KM151_0002,KOWET,2026,2636
KM,Comores,KM1,NDZUWANI,KM16,MOYA,KM151,MOYA,KM151_0005,LINGONI,2026,6207
KM,Comores,KM1,NDZUWANI,KM16,MOYA,KM151,MOYA,KM151_0007,MAWENI,2026,996
KM,Comores,KM1,NDZUWANI,KM16,MOYA,KM151,MOYA,KM151_0001,MOYA,2026,11275
KM,Comores,KM1,NDZUWANI,KM16,MOYA,KM151,MOYA,KM151_0004,NINDRI,2026,3857
KM,Comores,KM1,NDZUWANI,KM16,MOYA,KM151,MOYA,KM151_0003,POMONI,2026,5318
KM,Comores,KM1,NDZUWANI,KM12,MREMANI,KM121,ADDA,KM121_0001,ADDA DAWENI,2026,14365
KM,Comores,KM1,NDZUWANI,KM12,MREMANI,KM121,ADDA,KM121_0002,DJANZA,2026,1040
KM,Comores,KM1,NDZUWANI,KM12,MREMANI,KM121,ADDA,KM121_0005,KANGANI,2026,6136
KM,Comores,KM1,NDZUWANI,KM12,MREMANI,KM121,ADDA,KM121_0003,MAGNASSINI,2026,5413
KM,Comores,KM1,NDZUWANI,KM12,MREMANI,KM123,MRAMANI,KM123_0004,DZIANII,2026,2457
KM,Comores,KM1,NDZUWANI,KM12,MREMANI,KM123,MRAMANI,KM123_0002,HANTSAHII,2026,1856
KM,Comores,KM1,NDZUWANI,KM12,MREMANI,KM123,MRAMANI,KM123_0001,MRAMANI,2026,5077
KM,Comores,KM1,NDZUWANI,KM12,MREMANI,KM123,MRAMANI,KM123_0003,NYAMBOIMRO,2026,2609
KM,Comores,KM1,NDZUWANI,KM12,MREMANI,KM124,MREMANI,KM124_0002,BANDA KOUNI,2026,4650
KM,Comores,KM1,NDZUWANI,KM12,MREMANI,KM124,MREMANI,KM124_0004,DAJI,2026,3920
KM,Comores,KM1,NDZUWANI,KM12,MREMANI,KM124,MREMANI,KM124_0001,MREMANI,2026,6863
KM,Comores,KM1,NDZUWANI,KM12,MREMANI,KM124,MREMANI,KM124_0003,MRIDJOU,2026,4399
KM,Comores,KM1,NDZUWANI,KM12,MREMANI,KM125,ONGOJOU,KM125_0002,KIYO,2026,2075
KM,Comores,KM1,NDZUWANI,KM12,MREMANI,KM125,ONGOJOU,KM125_0003,KOMONI,2026,3361
KM,Comores,KM1,NDZUWANI,KM12,MREMANI,KM125,ONGOJOU,KM125_0004,MIRONDRONI,2026,511
KM,Comores,KM1,NDZUWANI,KM12,MREMANI,KM125,ONGOJOU,KM125_0001,ONGODJOU,2026,7912
KM,Comores,KM1,NDZUWANI,KM12,MREMANI,KM125,ONGOJOU,KM125_0005,TRINDRINI,2026,201
KM,Comores,KM1,NDZUWANI,KM12,MREMANI,KM122,SHAWENI,KM122_0002,HAMCHACO,2026,2442
KM,Comores,KM1,NDZUWANI,KM12,MREMANI,KM122,SHAWENI,KM122_0005,MNADZICHOUMWE,2026,1266
KM,Comores,KM1,NDZUWANI,KM12,MREMANI,KM122,SHAWENI,KM122_0004,NOUNGA,2026,547
KM,Comores,KM1,NDZUWANI,KM12,MREMANI,KM122,SHAWENI,KM122_0003,SADAPOINI,2026,3664
KM,Comores,KM1,NDZUWANI,KM12,MREMANI,KM122,SHAWENI,KM122_0001,SHAWENI,2026,1358
KM,Comores,KM1,NDZUWANI,KM13,MUTSAMUDU,KM131,BANDRANI YA CHIRONKAMBA,KM131_0002,ANKIBANI,2026,2727
KM,Comores,KM1,NDZUWANI,KM13,MUTSAMUDU,KM131,BANDRANI YA CHIRONKAMBA,KM131_0008,BANDRADJOU,2026,2317
KM,Comores,KM1,NDZUWANI,KM13,MUTSAMUDU,KM131,BANDRANI YA CHIRONKAMBA,KM131_0006,CHICONI 2,2026,172
KM,Comores,KM1,NDZUWANI,KM13,MUTSAMUDU,KM131,BANDRANI YA CHIRONKAMBA,KM131_0003,CHIRONKAMBA,2026,2522
KM,Comores,KM1,NDZUWANI,KM13,MUTSAMUDU,KM131,BANDRANI YA CHIRONKAMBA,KM151_0007,MAWENI,2026,1009
KM,Comores,KM1,NDZUWANI,KM13,MUTSAMUDU,KM131,BANDRANI YA CHIRONKAMBA,KM131_0001,MDJIMANDRA,2026,3387
KM,Comores,KM1,NDZUWANI,KM13,MUTSAMUDU,KM131,BANDRANI YA CHIRONKAMBA,KM131_0007,MPOUZINI,2026,79
KM,Comores,KM1,NDZUWANI,KM13,MUTSAMUDU,KM132,Commune BANDRANI YA MITSANGANI,KM132_0001,BANDRANI MTSANGANI,2026,2412
KM,Comores,KM1,NDZUWANI,KM13,MUTSAMUDU,KM132,Commune BANDRANI YA MITSANGANI,KM132_0002,CHITROUNI,2026,1576
KM,Comores,KM1,NDZUWANI,KM13,MUTSAMUDU,KM132,Commune BANDRANI YA MITSANGANI,KM132_0004,MDJAMAOUE,2026,2171
KM,Comores,KM1,NDZUWANI,KM13,MUTSAMUDU,KM132,Commune BANDRANI YA MITSANGANI,KM132_0003,SAANDANI,2026,2880
KM,Comores,KM1,NDZUWANI,KM13,MUTSAMUDU,KM133,MIRONTSI,KM133_0001,MIRONTSI,2026,15042
KM,Comores,KM1,NDZUWANI,KM13,MUTSAMUDU,KM134,MUTSAMUDU,KM134_0005,CHICONI1,2026,5
KM,Comores,KM1,NDZUWANI,KM13,MUTSAMUDU,KM134,MUTSAMUDU,KM134_0001,MUTSAMUDU,2026,33048
KM,Comores,KM1,NDZUWANI,KM13,MUTSAMUDU,KM134,MUTSAMUDU,KM134_0003,MWAMWA I,2026,2390
KM,Comores,KM1,NDZUWANI,KM13,MUTSAMUDU,KM134,MUTSAMUDU,KM134_0004,MWAMWA II,2026,1006
KM,Comores,KM1,NDZUWANI,KM13,MUTSAMUDU,KM134,MUTSAMUDU,KM134_0002,PAJE,2026,7426
KM,Comores,KM1,NDZUWANI,KM14,OUANI,KM141,BAMBAO MTROUNI,KM141_0003,CHANDRA,2026,6227
KM,Comores,KM1,NDZUWANI,KM14,OUANI,KM141,BAMBAO MTROUNI,KM141_0002,DINDRI,2026,13004
KM,Comores,KM1,NDZUWANI,KM14,OUANI,KM141,BAMBAO MTROUNI,KM141_0001,TSEMBEHOU,2026,15802
KM,Comores,KM1,NDZUWANI,KM14,OUANI,KM142,BAZIMINI,KM142_0001,BAZIMINI,2026,10311
KM,Comores,KM1,NDZUWANI,KM14,OUANI,KM142,BAZIMINI,KM142_0002,KOKI,2026,7988
KM,Comores,KM1,NDZUWANI,KM14,OUANI,KM142,BAZIMINI,KM142_0003,PATSY,2026,4873
KM,Comores,KM1,NDZUWANI,KM14,OUANI,KM143,OUANI,KM143_0003,BARAKANI,2026,8826
KM,Comores,KM1,NDZUWANI,KM14,OUANI,KM143,OUANI,KM143_0004,GNATRANGA,2026,4127
KM,Comores,KM1,NDZUWANI,KM14,OUANI,KM143,OUANI,KM143_0001,OUANI,2026,12667
KM,Comores,KM1,NDZUWANI,KM14,OUANI,KM143,OUANI,KM143_0005,TANAMBAO,2026,2641
KM,Comores,KM1,NDZUWANI,KM15,SIMA,KM152,SIMA,KM152_0003,BIMBINI,2026,2241
KM,Comores,KM1,NDZUWANI,KM15,SIMA,KM152,SIMA,KM152_0004,BOUNGOUENI,2026,4434
KM,Comores,KM1,NDZUWANI,KM15,SIMA,KM152,SIMA,KM152_0002,KAVANI,2026,2725
KM,Comores,KM1,NDZUWANI,KM15,SIMA,KM152,SIMA,KM234_0004,MILEMBENI,2026,912
KM,Comores,KM1,NDZUWANI,KM15,SIMA,KM152,SIMA,KM152_0005,MIRONGANI,2026,1831
KM,Comores,KM1,NDZUWANI,KM15,SIMA,KM152,SIMA,KM232_0003,SIMA,2026,8819
KM,Comores,KM1,NDZUWANI,KM15,SIMA,KM153,VOUANI,KM153_0010,BANDRANI YA VOUANI,2026,2114
KM,Comores,KM1,NDZUWANI,KM15,SIMA,KM153,VOUANI,KM153_0011,CHIROVE,2026,331
KM,Comores,KM1,NDZUWANI,KM15,SIMA,KM153,VOUANI,KM153_0009,DAR SALAMA,2026,1686
KM,Comores,KM1,NDZUWANI,KM15,SIMA,KM153,VOUANI,KM153_0007,DZINDRI I,2026,3183
KM,Comores,KM1,NDZUWANI,KM15,SIMA,KM153,VOUANI,KM153_0003,HASSIMPAO,2026,1923
KM,Comores,KM1,NDZUWANI,KM15,SIMA,KM153,VOUANI,KM153_0006,IMERE,2026,562
KM,Comores,KM1,NDZUWANI,KM15,SIMA,KM153,VOUANI,KM153_0015,IMERE YA GAWANI,2026,931
KM,Comores,KM1,NDZUWANI,KM15,SIMA,KM153,VOUANI,KM153_0002,MARAHARE,2026,2471
KM,Comores,KM1,NDZUWANI,KM15,SIMA,KM153,VOUANI,KM153_0012,MARONTRONI,2026,511
KM,Comores,KM1,NDZUWANI,KM15,SIMA,KM153,VOUANI,KM153_0001,MROMOUHOULI,2026,762
KM,Comores,KM1,NDZUWANI,KM15,SIMA,KM153,VOUANI,KM153_0014,SALAMANI,2026,511
KM,Comores,KM1,NDZUWANI,KM15,SIMA,KM153,VOUANI,KM153_0004,SHITSANGASHELI,2026,194
KM,Comores,KM1,NDZUWANI,KM15,SIMA,KM153,VOUANI,KM153_0005,VASSI,2026,1585
KM,Comores,KM1,NDZUWANI,KM15,SIMA,KM153,VOUANI,KM153_0008,VOUANI,2026,4262
KM,Comores,KM2,NGAZIDJA,KM21,HAMAHAMET MBOINKOU,KM211,MBOINKOU,KM211_0008,BANDAMADJI LA MBOIKOU,2026,849
KM,Comores,KM2,NGAZIDJA,KM21,HAMAHAMET MBOINKOU,KM211,MBOINKOU,KM211_0004,CHEZANI,2026,3263
KM,Comores,KM2,NGAZIDJA,KM21,HAMAHAMET MBOINKOU,KM211,MBOINKOU,KM211_0007,HANTSINDZI,2026,2521
KM,Comores,KM2,NGAZIDJA,KM21,HAMAHAMET MBOINKOU,KM211,MBOINKOU,KM211_0001,MADJEOUENI,2026,2111
KM,Comores,KM2,NGAZIDJA,KM21,HAMAHAMET MBOINKOU,KM211,MBOINKOU,KM211_0005,NDROUDE,2026,2472
KM,Comores,KM2,NGAZIDJA,KM21,HAMAHAMET MBOINKOU,KM211,MBOINKOU,KM211_0006,NIOUMAMILIMA,2026,1602
KM,Comores,KM2,NGAZIDJA,KM21,HAMAHAMET MBOINKOU,KM211,MBOINKOU,KM211_0002,SADANI YA MBOIKOU,2026,741
KM,Comores,KM2,NGAZIDJA,KM21,HAMAHAMET MBOINKOU,KM211,MBOINKOU,KM211_0003,TRELEZINI,2026,656
KM,Comores,KM2,NGAZIDJA,KM21,HAMAHAMET MBOINKOU,KM212,NYUMA MRO,KM212_0005,BAMBADJANI,2026,1474
KM,Comores,KM2,NGAZIDJA,KM21,HAMAHAMET MBOINKOU,KM212,NYUMA MRO,KM212_0001,DIMADJOU YA HAMAHAMET,2026,2870
KM,Comores,KM2,NGAZIDJA,KM21,HAMAHAMET MBOINKOU,KM212,NYUMA MRO,KM212_0009,HADJAMBOU,2026,1519
KM,Comores,KM2,NGAZIDJA,KM21,HAMAHAMET MBOINKOU,KM212,NYUMA MRO,KM212_0007,ITSANDZENI,2026,2207
KM,Comores,KM2,NGAZIDJA,KM21,HAMAHAMET MBOINKOU,KM212,NYUMA MRO,KM212_0010,MBATSE YA HAMAHAMET,2026,276
KM,Comores,KM2,NGAZIDJA,KM21,HAMAHAMET MBOINKOU,KM212,NYUMA MRO,KM212_0003,MDJIHARI,2026,782
KM,Comores,KM2,NGAZIDJA,KM21,HAMAHAMET MBOINKOU,KM212,NYUMA MRO,KM212_0004,MOIDJA,2026,2437
KM,Comores,KM2,NGAZIDJA,KM21,HAMAHAMET MBOINKOU,KM212,NYUMA MRO,KM212_0006,NGOLE,2026,451
KM,Comores,KM2,NGAZIDJA,KM21,HAMAHAMET MBOINKOU,KM212,NYUMA MRO,KM212_0002,NYADOMBWENI,2026,1202
KM,Comores,KM2,NGAZIDJA,KM21,HAMAHAMET MBOINKOU,KM212,NYUMA MRO,KM212_0008,OUELLAH YA HAMAHAMET,2026,838
KM,Comores,KM2,NGAZIDJA,KM21,HAMAHAMET MBOINKOU,KM213,NYUMA MSIRU,KM213_0008,BATOU,2026,817
KM,Comores,KM2,NGAZIDJA,KM21,HAMAHAMET MBOINKOU,KM213,NYUMA MSIRU,KM213_0006,BOUNI,2026,1706
KM,Comores,KM2,NGAZIDJA,KM21,HAMAHAMET MBOINKOU,KM213,NYUMA MSIRU,KM213_0007,HEROUMBILI,2026,1762
KM,Comores,KM2,NGAZIDJA,KM21,HAMAHAMET MBOINKOU,KM213,NYUMA MSIRU,KM213_0010,IFOUNDIHE YA HAMAHAMET,2026,833
KM,Comores,KM2,NGAZIDJA,KM21,HAMAHAMET MBOINKOU,KM213,NYUMA MSIRU,KM213_0009,KOURANI YA HAMAHAMET,2026,158
KM,Comores,KM2,NGAZIDJA,KM21,HAMAHAMET MBOINKOU,KM213,NYUMA MSIRU,KM213_0001,MBENI,2026,6298
KM,Comores,KM2,NGAZIDJA,KM21,HAMAHAMET MBOINKOU,KM213,NYUMA MSIRU,KM213_0011,MNOUNGOU,2026,1500
KM,Comores,KM2,NGAZIDJA,KM21,HAMAHAMET MBOINKOU,KM213,NYUMA MSIRU,KM213_0004,SADA CHIHOUWE,2026,959
KM,Comores,KM2,NGAZIDJA,KM21,HAMAHAMET MBOINKOU,KM213,NYUMA MSIRU,KM213_0005,SADA MHUWAMBOI,2026,243
KM,Comores,KM2,NGAZIDJA,KM21,HAMAHAMET MBOINKOU,KM213,NYUMA MSIRU,KM213_0003,SALIMANI YA HAMAHAMET,2026,757
KM,Comores,KM2,NGAZIDJA,KM21,HAMAHAMET MBOINKOU,KM213,NYUMA MSIRU,KM213_0002,SELEANI,2026,1706
KM,Comores,KM2,NGAZIDJA,KM22,HAMBOU,KM221,DJOUMOIPANGUA,KM221_0004,BAMBANI,2026,1529
KM,Comores,KM2,NGAZIDJA,KM22,HAMBOU,KM221,DJOUMOIPANGUA,KM221_0005,DZAHADJOU,2026,2605
KM,Comores,KM2,NGAZIDJA,KM22,HAMBOU,KM221,DJOUMOIPANGUA,KM221_0003,HETSA,2026,1026
KM,Comores,KM2,NGAZIDJA,KM22,HAMBOU,KM221,DJOUMOIPANGUA,KM221_0002,MDJOIEZI,2026,3703
KM,Comores,KM2,NGAZIDJA,KM22,HAMBOU,KM221,DJOUMOIPANGUA,KM221_0001,SINGANI,2026,2600
KM,Comores,KM2,NGAZIDJA,KM22,HAMBOU,KM222,TSINIMOIPANGUA,KM222_0005,BANGOI,2026,3476
KM,Comores,KM2,NGAZIDJA,KM22,HAMBOU,KM222,TSINIMOIPANGUA,KM222_0003,CHOUANI,2026,3210
KM,Comores,KM2,NGAZIDJA,KM22,HAMBOU,KM222,TSINIMOIPANGUA,KM222_0004,DJOUMOICHONGO,2026,1885
KM,Comores,KM2,NGAZIDJA,KM22,HAMBOU,KM222,TSINIMOIPANGUA,KM222_0001,MITSOUDJE,2026,4635
KM,Comores,KM2,NGAZIDJA,KM22,HAMBOU,KM222,TSINIMOIPANGUA,KM222_0006,NKOMIONI,2026,684
KM,Comores,KM2,NGAZIDJA,KM22,HAMBOU,KM222,TSINIMOIPANGUA,KM222_0007,SALIMANI,2026,2404
KM,Comores,KM2,NGAZIDJA,KM22,HAMBOU,KM222,TSINIMOIPANGUA,KM222_0002,TROUMBENI,2026,285
KM,Comores,KM2,NGAZIDJA,KM23,ITSANDRA HAMANVOU,KM231,BANGAANI,KM231_0007,BANDAMADJI LA ITSANDRA,2026,1125
KM,Comores,KM2,NGAZIDJA,KM23,ITSANDRA HAMANVOU,KM231,BANGAANI,KM231_0008,DIMADJOU YA ITSANDRA,2026,1744
KM,Comores,KM2,NGAZIDJA,KM23,ITSANDRA HAMANVOU,KM231,BANGAANI,KM231_0004,DZAHANI LA TSIDJE,2026,9702
KM,Comores,KM2,NGAZIDJA,KM23,ITSANDRA HAMANVOU,KM231,BANGAANI,KM231_0001,ITSANDRA MDJINI,2026,4020
KM,Comores,KM2,NGAZIDJA,KM23,ITSANDRA HAMANVOU,KM231,BANGAANI,KM231_0005,MAOUENI YA ITSANDRA,2026,1012
KM,Comores,KM2,NGAZIDJA,KM23,ITSANDRA HAMANVOU,KM231,BANGAANI,KM231_0006,MIRONTSI YA ITSANDRA,2026,538
KM,Comores,KM2,NGAZIDJA,KM23,ITSANDRA HAMANVOU,KM231,BANGAANI,KM231_0002,SALIMANI YA ITSANDRA,2026,3928
KM,Comores,KM2,NGAZIDJA,KM23,ITSANDRA HAMANVOU,KM231,BANGAANI,KM231_0003,SAMBA MBODONI,2026,1705
KM,Comores,KM2,NGAZIDJA,KM23,ITSANDRA HAMANVOU,KM232,DJOUMOICHONGO,KM232_0002,BAHANI,2026,2233
KM,Comores,KM2,NGAZIDJA,KM23,ITSANDRA HAMANVOU,KM232,DJOUMOICHONGO,KM232_0001,DZAHANI II,2026,1798
KM,Comores,KM2,NGAZIDJA,KM23,ITSANDRA HAMANVOU,KM232,DJOUMOICHONGO,KM232_0004,OUELLAH YA ITSANDRA,2026,1561
KM,Comores,KM2,NGAZIDJA,KM23,ITSANDRA HAMANVOU,KM232,DJOUMOICHONGO,KM232_0005,SAMBA KOUNI,2026,2514
KM,Comores,KM2,NGAZIDJA,KM23,ITSANDRA HAMANVOU,KM232,DJOUMOICHONGO,KM232_0003,SIMA,2026,1034
KM,Comores,KM2,NGAZIDJA,KM23,ITSANDRA HAMANVOU,KM233,HAMANVOU,KM233_0008,BIBAVOU,2026,1366
KM,Comores,KM2,NGAZIDJA,KM23,ITSANDRA HAMANVOU,KM233,HAMANVOU,KM233_0002,BOENINDI,2026,948
KM,Comores,KM2,NGAZIDJA,KM23,ITSANDRA HAMANVOU,KM233,HAMANVOU,KM233_0007,DIBOINI,2026,1771
KM,Comores,KM2,NGAZIDJA,KM23,ITSANDRA HAMANVOU,KM233,HAMANVOU,KM233_0001,HAHAYA,2026,5636
KM,Comores,KM2,NGAZIDJA,KM23,ITSANDRA HAMANVOU,KM233,HAMANVOU,KM233_0004,MBALENI,2026,227
KM,Comores,KM2,NGAZIDJA,KM23,ITSANDRA HAMANVOU,KM233,HAMANVOU,KM233_0003,MBAMBANI YA HAMANVOU,2026,856
KM,Comores,KM2,NGAZIDJA,KM23,ITSANDRA HAMANVOU,KM233,HAMANVOU,KM233_0006,MBANGANI,2026,1814
KM,Comores,KM2,NGAZIDJA,KM23,ITSANDRA HAMANVOU,KM233,HAMANVOU,KM233_0009,MILEVANI,2026,1511
KM,Comores,KM2,NGAZIDJA,KM23,ITSANDRA HAMANVOU,KM233,HAMANVOU,KM233_0005,OUSSIVO,2026,2806
KM,Comores,KM2,NGAZIDJA,KM23,ITSANDRA HAMANVOU,KM234,ISAHARI,KM234_0002,HANTSAMBOU,2026,1995
KM,Comores,KM2,NGAZIDJA,KM23,ITSANDRA HAMANVOU,KM234,ISAHARI,KM234_0004,MILEMBENI,2026,1216
KM,Comores,KM2,NGAZIDJA,KM23,ITSANDRA HAMANVOU,KM234,ISAHARI,KM234_0001,NTSOUDJINI,2026,5318
KM,Comores,KM2,NGAZIDJA,KM23,ITSANDRA HAMANVOU,KM234,ISAHARI,KM234_0005,ZIVANDANI,2026,1640
KM,Comores,KM2,NGAZIDJA,KM23,ITSANDRA HAMANVOU,KM235,MBADANI,KM235_0001,BATSA ITSANDRA,2026,3279
KM,Comores,KM2,NGAZIDJA,KM23,ITSANDRA HAMANVOU,KM235,MBADANI,KM235_0005,DZAHADJOU LA ITSANDRA,2026,1739
KM,Comores,KM2,NGAZIDJA,KM23,ITSANDRA HAMANVOU,KM235,MBADANI,KM235_0004,MHANDANI,2026,674
KM,Comores,KM2,NGAZIDJA,KM23,ITSANDRA HAMANVOU,KM235,MBADANI,KM235_0003,VANADJOU,2026,1182
KM,Comores,KM2,NGAZIDJA,KM23,ITSANDRA HAMANVOU,KM235,MBADANI,KM235_0002,VANAMBOINI,2026,2564
KM,Comores,KM2,NGAZIDJA,KM23,ITSANDRA HAMANVOU,KM235,MBADANI,KM235_0006,VOUNA MBADANI,2026,963
KM,Comores,KM2,NGAZIDJA,KM24,MBADJINI EST,KM241,DOMBA,KM241_0002,BANDADAOUENI,2026,1848
KM,Comores,KM2,NGAZIDJA,KM24,MBADJINI EST,KM241,DOMBA,KM241_0001,BANDAMADJI LADOMBA,2026,1303
KM,Comores,KM2,NGAZIDJA,KM24,MBADJINI EST,KM241,DOMBA,KM241_0004,OUNGONI,2026,1229
KM,Comores,KM2,NGAZIDJA,KM24,MBADJINI EST,KM241,DOMBA,KM264_0004,PIDJANI,2026,2655
KM,Comores,KM2,NGAZIDJA,KM24,MBADJINI EST,KM241,DOMBA,KM241_0003,TSINIMOIPANGA,2026,2989
KM,Comores,KM2,NGAZIDJA,KM24,MBADJINI EST,KM242,ITSAHIDI,KM242_0007,CHINDINI,2026,2105
KM,Comores,KM2,NGAZIDJA,KM24,MBADJINI EST,KM242,ITSAHIDI,KM242_0009,DZAHADJOU LA MBADJINI,2026,1368
KM,Comores,KM2,NGAZIDJA,KM24,MBADJINI EST,KM242,ITSAHIDI,KM242_0001,FOUMBOUNI,2026,3133
KM,Comores,KM2,NGAZIDJA,KM24,MBADJINI EST,KM242,ITSAHIDI,KM242_0002,KOIMBANI LA MBADJINI,2026,543
KM,Comores,KM2,NGAZIDJA,KM24,MBADJINI EST,KM242,ITSAHIDI,KM242_0003,MALE,2026,2786
KM,Comores,KM2,NGAZIDJA,KM24,MBADJINI EST,KM242,ITSAHIDI,KM242_0004,MIDJENDJENI,2026,506
KM,Comores,KM2,NGAZIDJA,KM24,MBADJINI EST,KM242,ITSAHIDI,KM242_0010,MOHORO,2026,2632
KM,Comores,KM2,NGAZIDJA,KM24,MBADJINI EST,KM242,ITSAHIDI,KM242_0006,NDZOUANI,2026,249
KM,Comores,KM2,NGAZIDJA,KM24,MBADJINI EST,KM242,ITSAHIDI,KM242_0011,NGNOUMADZHA MVOUBARI,2026,2499
KM,Comores,KM2,NGAZIDJA,KM24,MBADJINI EST,KM242,ITSAHIDI,KM242_0005,OUROVENI,2026,1735
KM,Comores,KM2,NGAZIDJA,KM24,MBADJINI EST,KM242,ITSAHIDI,KM242_0008,SIMAMBOINI,2026,1143
KM,Comores,KM2,NGAZIDJA,KM24,MBADJINI EST,KM243,PIMBA,KM243_0004,BANDAMADJI LA KOUBOINI,2026,932
KM,Comores,KM2,NGAZIDJA,KM24,MBADJINI EST,KM243,PIMBA,KM243_0005,DARISSALAMA,2026,637
KM,Comores,KM2,NGAZIDJA,KM24,MBADJINI EST,KM243,PIMBA,KM243_0009,DIDJONI,2026,722
KM,Comores,KM2,NGAZIDJA,KM24,MBADJINI EST,KM243,PIMBA,KM243_0002,INANI,2026,1076
KM,Comores,KM2,NGAZIDJA,KM24,MBADJINI EST,KM243,PIMBA,KM243_0010,KOVE,2026,1044
KM,Comores,KM2,NGAZIDJA,KM24,MBADJINI EST,KM243,PIMBA,KM243_0006,MLALOI NKOUDJOU,2026,1302
KM,Comores,KM2,NGAZIDJA,KM24,MBADJINI EST,KM243,PIMBA,KM243_0003,NGNAMBENI,2026,2130
KM,Comores,KM2,NGAZIDJA,KM24,MBADJINI EST,KM243,PIMBA,KM243_0007,NGNOUMA MILIMA,2026,3653
KM,Comores,KM2,NGAZIDJA,KM24,MBADJINI EST,KM243,PIMBA,KM243_0008,NKOURANI MKANGA,2026,770
KM,Comores,KM2,NGAZIDJA,KM24,MBADJINI EST,KM243,PIMBA,KM243_0001,SIMBOUSSA YA MBADJINI,2026,2378
KM,Comores,KM2,NGAZIDJA,KM25,MBADJINI OUEST,KM251,NGOUENGOE,KM251_0001,DEMBENI,2026,2631
KM,Comores,KM2,NGAZIDJA,KM25,MBADJINI OUEST,KM251,NGOUENGOE,KM251_0011,ITSOUDZOU,2026,276
KM,Comores,KM2,NGAZIDJA,KM25,MBADJINI OUEST,KM251,NGOUENGOE,KM251_0009,KANDZILE,2026,1492
KM,Comores,KM2,NGAZIDJA,KM25,MBADJINI OUEST,KM251,NGOUENGOE,KM251_0010,MAKORANI,2026,54
KM,Comores,KM2,NGAZIDJA,KM25,MBADJINI OUEST,KM251,NGOUENGOE,KM251_0007,MANDZISSANI,2026,612
KM,Comores,KM2,NGAZIDJA,KM25,MBADJINI OUEST,KM251,NGOUENGOE,KM251_0003,MBOUDE YA MBOINI,2026,687
KM,Comores,KM2,NGAZIDJA,KM25,MBADJINI OUEST,KM251,NGOUENGOE,KM251_0002,MDJAMKAGNOI,2026,1109
KM,Comores,KM2,NGAZIDJA,KM25,MBADJINI OUEST,KM251,NGOUENGOE,KM251_0006,MINDRADOU,2026,539
KM,Comores,KM2,NGAZIDJA,KM25,MBADJINI OUEST,KM251,NGOUENGOE,KM251_0004,MLIMANI,2026,230
KM,Comores,KM2,NGAZIDJA,KM25,MBADJINI OUEST,KM251,NGOUENGOE,KM251_0005,PANDA,2026,1012
KM,Comores,KM2,NGAZIDJA,KM25,MBADJINI OUEST,KM251,NGOUENGOE,KM251_0008,TSINI MOICHONGO,2026,2712
KM,Comores,KM2,NGAZIDJA,KM25,MBADJINI OUEST,KM252,NIOUMAGAMA,KM252_0004,DIMA,2026,660
KM,Comores,KM2,NGAZIDJA,KM25,MBADJINI OUEST,KM252,NIOUMAGAMA,KM252_0007,DOMONI,2026,944
KM,Comores,KM2,NGAZIDJA,KM25,MBADJINI OUEST,KM252,NIOUMAGAMA,KM252_0008,DZOIDJOU,2026,844
KM,Comores,KM2,NGAZIDJA,KM25,MBADJINI OUEST,KM252,NIOUMAGAMA,KM252_0009,FAMARE,2026,619
KM,Comores,KM2,NGAZIDJA,KM25,MBADJINI OUEST,KM252,NIOUMAGAMA,KM252_0002,IFOUNDIHE CHADJOU,2026,270
KM,Comores,KM2,NGAZIDJA,KM25,MBADJINI OUEST,KM252,NIOUMAGAMA,KM252_0003,IFOUNDIHE CHAMBOINI,2026,1266
KM,Comores,KM2,NGAZIDJA,KM25,MBADJINI OUEST,KM252,NIOUMAGAMA,KM252_0005,NKOURANI YA SIMA,2026,10389
KM,Comores,KM2,NGAZIDJA,KM25,MBADJINI OUEST,KM252,NIOUMAGAMA,KM252_0001,OUZIOINI,2026,2639
KM,Comores,KM2,NGAZIDJA,KM26,MBOUDE,KM265,NYUMAMRO KIBLANI,KM265_0002,CHAMLE,2026,1723
KM,Comores,KM2,NGAZIDJA,KM26,MBOUDE,KM265,NYUMAMRO KIBLANI,KM265_0001,DJOMANI,2026,4159
KM,Comores,KM2,NGAZIDJA,KM26,MBOUDE,KM265,NYUMAMRO KIBLANI,KM265_0007,DOUNIANI,2026,2292
KM,Comores,KM2,NGAZIDJA,KM26,MBOUDE,KM265,NYUMAMRO KIBLANI,KM265_0006,HELINDJE,2026,2239
KM,Comores,KM2,NGAZIDJA,KM26,MBOUDE,KM265,NYUMAMRO KIBLANI,KM265_0009,KOUA,2026,838
KM,Comores,KM2,NGAZIDJA,KM26,MBOUDE,KM265,NYUMAMRO KIBLANI,KM265_0004,MANDZA YA MBOUDE,2026,2000
KM,Comores,KM2,NGAZIDJA,KM26,MBOUDE,KM265,NYUMAMRO KIBLANI,KM265_0005,MDJOIEZI YA MBOUNDE,2026,1016
KM,Comores,KM2,NGAZIDJA,KM26,MBOUDE,KM265,NYUMAMRO KIBLANI,KM265_0003,VOUVOUNI YA MBOUNDE,2026,582
KM,Comores,KM2,NGAZIDJA,KM26,MBOUDE,KM266,NYUMAMRO SOUHEILI,KM266_0003,DJONGOE,2026,1088
KM,Comores,KM2,NGAZIDJA,KM26,MBOUDE,KM266,NYUMAMRO SOUHEILI,KM266_0007,DOMOIDJOU,2026,1126
KM,Comores,KM2,NGAZIDJA,KM26,MBOUDE,KM266,NYUMAMRO SOUHEILI,KM266_0008,DOMOIMBOINI,2026,543
KM,Comores,KM2,NGAZIDJA,KM26,MBOUDE,KM266,NYUMAMRO SOUHEILI,KM266_0002,IVEMBENI,2026,4843
KM,Comores,KM2,NGAZIDJA,KM26,MBOUDE,KM266,NYUMAMRO SOUHEILI,KM266_0004,MAOUENI YA MBOUDE,2026,1529
KM,Comores,KM2,NGAZIDJA,KM26,MBOUDE,KM266,NYUMAMRO SOUHEILI,KM266_0009,MOIDJA YA MBOUDE,2026,706
KM,Comores,KM2,NGAZIDJA,KM26,MBOUDE,KM266,NYUMAMRO SOUHEILI,KM266_0001,NTSAOUENI,2026,3979
KM,Comores,KM2,NGAZIDJA,KM26,MBOUDE,KM266,NYUMAMRO SOUHEILI,KM266_0006,NTSORALE YA MBOUDE,2026,828
KM,Comores,KM2,NGAZIDJA,KM26,MBOUDE,KM266,NYUMAMRO SOUHEILI,KM266_0005,SIMBOUSSA YA MBOUDE,2026,403
KM,Comores,KM2,NGAZIDJA,KM26,MITSAMIOULI,KM261,CEMBENOI LAC SALE,KM261_0001,BANGOIKOUNI,2026,3075
KM,Comores,KM2,NGAZIDJA,KM26,MITSAMIOULI,KM261,CEMBENOI LAC SALE,KM261_0002,BATSA YA MITSAMIHOULI,2026,1462
KM,Comores,KM2,NGAZIDJA,KM26,MITSAMIOULI,KM261,CEMBENOI LAC SALE,KM261_0004,IVOINI,2026,1965
KM,Comores,KM2,NGAZIDJA,KM26,MITSAMIOULI,KM261,CEMBENOI LAC SALE,KM261_0003,OUZIO,2026,3233
KM,Comores,KM2,NGAZIDJA,KM26,MITSAMIOULI,KM262,CEMBENOI SADA DJOULAMLIMA,KM265_0009,KOUA,2026,1848
KM,Comores,KM2,NGAZIDJA,KM26,MITSAMIOULI,KM262,CEMBENOI SADA DJOULAMLIMA,KM262_0004,OUELLAH YA MITSAMIHOULI,2026,5185
KM,Comores,KM2,NGAZIDJA,KM26,MITSAMIOULI,KM262,CEMBENOI SADA DJOULAMLIMA,KM262_0001,OUEMANI,2026,795
KM,Comores,KM2,NGAZIDJA,KM26,MITSAMIOULI,KM263,MITSAMIOULI,KM263_0003,FASSI,2026,564
KM,Comores,KM2,NGAZIDJA,KM26,MITSAMIOULI,KM263,MITSAMIOULI,KM263_0002,HADAWA,2026,700
KM,Comores,KM2,NGAZIDJA,KM26,MITSAMIOULI,KM263,MITSAMIOULI,KM263_0001,MEMBOI - BOINI,2026,1057
KM,Comores,KM2,NGAZIDJA,KM26,MITSAMIOULI,KM263,MITSAMIOULI,KM263_0004,MITSAMIHOULI,2026,6098
KM,Comores,KM2,NGAZIDJA,KM26,MITSAMIOULI,KM263,MITSAMIOULI,KM263_0006,NDZAOUZE,2026,3310
KM,Comores,KM2,NGAZIDJA,KM26,MITSAMIOULI,KM263,MITSAMIOULI,KM263_0005,NKOURANI YA MITSAMIHOULI,2026,438
KM,Comores,KM2,NGAZIDJA,KM26,MITSAMIOULI,KM264,NYUMA KOMO,KM264_0001,BANGOI MAFUSA NKOA,2026,813
KM,Comores,KM2,NGAZIDJA,KM26,MITSAMIOULI,KM264,NYUMA KOMO,KM264_0008,FOUNGA,2026,1131
KM,Comores,KM2,NGAZIDJA,KM26,MITSAMIOULI,KM264,NYUMA KOMO,KM264_0002,MEMBOI - DJOU,2026,1980
KM,Comores,KM2,NGAZIDJA,KM26,MITSAMIOULI,KM264,NYUMA KOMO,KM264_0007,NTSADJENI,2026,2072
KM,Comores,KM2,NGAZIDJA,KM26,MITSAMIOULI,KM264,NYUMA KOMO,KM264_0009,OUHOZI,2026,1479
KM,Comores,KM2,NGAZIDJA,KM26,MITSAMIOULI,KM264,NYUMA KOMO,KM264_0004,PIDJANI,2026,720
KM,Comores,KM2,NGAZIDJA,KM26,MITSAMIOULI,KM264,NYUMA KOMO,KM264_0005,SONGOMANI,2026,577
KM,Comores,KM2,NGAZIDJA,KM26,MITSAMIOULI,KM264,NYUMA KOMO,KM264_0006,TOIYFA,2026,580
KM,Comores,KM2,NGAZIDJA,KM27,MORONI BAMBAO,KM273,BAMBAO YA DJOU,KM273_0002,M'VOUNI,2026,6604
KM,Comores,KM2,NGAZIDJA,KM27,MORONI BAMBAO,KM273,BAMBAO YA DJOU,KM273_0003,MAVINGOUNI,2026,2169
KM,Comores,KM2,NGAZIDJA,KM27,MORONI BAMBAO,KM273,BAMBAO YA DJOU,KM273_0001,MKAZI,2026,7840
KM,Comores,KM2,NGAZIDJA,KM27,MORONI BAMBAO,KM271,BAMBAO YA HARI,KM271_0010,BOENI YA BAMBAO,2026,2562
KM,Comores,KM2,NGAZIDJA,KM27,MORONI BAMBAO,KM271,BAMBAO YA HARI,KM271_0007,DAOUENI,2026,467
KM,Comores,KM2,NGAZIDJA,KM27,MORONI BAMBAO,KM271,BAMBAO YA HARI,KM283_0003,DZAHANI,2026,833
KM,Comores,KM2,NGAZIDJA,KM27,MORONI BAMBAO,KM271,BAMBAO YA HARI,KM271_0002,M'DE,2026,8008
KM,Comores,KM2,NGAZIDJA,KM27,MORONI BAMBAO,KM271,BAMBAO YA HARI,KM271_0006,MBOUDADJOU,2026,1267
KM,Comores,KM2,NGAZIDJA,KM27,MORONI BAMBAO,KM271,BAMBAO YA HARI,KM271_0005,MOIDZAZA DJOUMBE,2026,569
KM,Comores,KM2,NGAZIDJA,KM27,MORONI BAMBAO,KM271,BAMBAO YA HARI,KM271_0004,NIOUMADZAHA,2026,3957
KM,Comores,KM2,NGAZIDJA,KM27,MORONI BAMBAO,KM271,BAMBAO YA HARI,KM271_0003,SELEA,2026,2626
KM,Comores,KM2,NGAZIDJA,KM27,MORONI BAMBAO,KM271,BAMBAO YA HARI,KM271_0001,VOUVOUNI,2026,5324
KM,Comores,KM2,NGAZIDJA,KM27,MORONI BAMBAO,KM272,BAMBAO YA MBOINI,KM272_0001,ICONI,2026,6723
KM,Comores,KM2,NGAZIDJA,KM27,MORONI BAMBAO,KM272,BAMBAO YA MBOINI,KM272_0002,MBACHILE,2026,2061
KM,Comores,KM2,NGAZIDJA,KM27,MORONI BAMBAO,KM272,BAMBAO YA MBOINI,KM272_0003,MOIDZAZA - MBOINI,2026,3484
KM,Comores,KM2,NGAZIDJA,KM27,MORONI BAMBAO,KM272,BAMBAO YA MBOINI,KM272_0004,NDROUANI,2026,1690
KM,Comores,KM2,NGAZIDJA,KM27,MORONI BAMBAO,KM272,BAMBAO YA MBOINI,KM272_0005,SEREHINI,2026,913
KM,Comores,KM2,NGAZIDJA,KM27,MORONI BAMBAO,KM274,MORONI,KM274_0001,MORONI,2026,91733
KM,Comores,KM2,NGAZIDJA,KM28,OICHILI DIMANI,KM281,DIMANI,KM281_0002,FOUMBOU DZIVOUNI,2026,547
KM,Comores,KM2,NGAZIDJA,KM28,OICHILI DIMANI,KM281,DIMANI,KM281_0007,IDJINKOUNDZI,2026,2970
KM,Comores,KM2,NGAZIDJA,KM28,OICHILI DIMANI,KM281,DIMANI,KM281_0006,IDJOINDRADJA,2026,232
KM,Comores,KM2,NGAZIDJA,KM28,OICHILI DIMANI,KM281,DIMANI,KM281_0005,MADJOMA,2026,671
KM,Comores,KM2,NGAZIDJA,KM28,OICHILI DIMANI,KM281,DIMANI,KM281_0008,MAOUENI DIMANI,2026,1841
KM,Comores,KM2,NGAZIDJA,KM28,OICHILI DIMANI,KM281,DIMANI,KM281_0003,MBOUDE,2026,792
KM,Comores,KM2,NGAZIDJA,KM28,OICHILI DIMANI,KM281,DIMANI,KM281_0004,MIDJINDZE,2026,190
KM,Comores,KM2,NGAZIDJA,KM28,OICHILI DIMANI,KM281,DIMANI,KM281_0009,MIRERENI,2026,639
KM,Comores,KM2,NGAZIDJA,KM28,OICHILI DIMANI,KM281,DIMANI,KM281_0001,MTSANGADJOU,2026,1575
KM,Comores,KM2,NGAZIDJA,KM28,OICHILI DIMANI,KM281,DIMANI,KM281_0010,NTSORALE,2026,3008
KM,Comores,KM2,NGAZIDJA,KM28,OICHILI DIMANI,KM281,DIMANI,KM281_0012,REHEMANI,2026,498
KM,Comores,KM2,NGAZIDJA,KM28,OICHILI DIMANI,KM281,DIMANI,KM281_0011,SIDJOU,2026,1059
KM,Comores,KM2,NGAZIDJA,KM28,OICHILI DIMANI,KM283,OICHILI YABOINI,KM283_0003,DZAHANI,2026,813
KM,Comores,KM2,NGAZIDJA,KM28,OICHILI DIMANI,KM283,OICHILI YABOINI,KM283_0006,HAMBOU,2026,1221
KM,Comores,KM2,NGAZIDJA,KM28,OICHILI DIMANI,KM283,OICHILI YABOINI,KM283_0007,HASSENDJE,2026,359
KM,Comores,KM2,NGAZIDJA,KM28,OICHILI DIMANI,KM283,OICHILI YABOINI,KM283_0001,ITSINKOUDI,2026,3002
KM,Comores,KM2,NGAZIDJA,KM28,OICHILI DIMANI,KM283,OICHILI YABOINI,KM283_0004,KOUHANI,2026,587
KM,Comores,KM2,NGAZIDJA,KM28,OICHILI DIMANI,KM283,OICHILI YABOINI,KM283_0005,MTSAMDU,2026,1419
KM,Comores,KM2,NGAZIDJA,KM28,OICHILI DIMANI,KM282,OICHILI YADJOU,KM282_0003,BOENI YAWACHILI,2026,1061
KM,Comores,KM2,NGAZIDJA,KM28,OICHILI DIMANI,KM282,OICHILI YADJOU,KM282_0009,CHAMRO,2026,194
KM,Comores,KM2,NGAZIDJA,KM28,OICHILI DIMANI,KM282,OICHILI YADJOU,KM282_0007,CHOMONI,2026,1002
KM,Comores,KM2,NGAZIDJA,KM28,OICHILI DIMANI,KM282,OICHILI YADJOU,KM282_0004,DZAHADJOU YA WACHILI,2026,1281
KM,Comores,KM2,NGAZIDJA,KM28,OICHILI DIMANI,KM282,OICHILI YADJOU,KM282_0002,IROHE,2026,1166
KM,Comores,KM2,NGAZIDJA,KM28,OICHILI DIMANI,KM282,OICHILI YADJOU,KM282_0001,KOIMBANI YA WACHILI,2026,3595
KM,Comores,KM2,NGAZIDJA,KM28,OICHILI DIMANI,KM282,OICHILI YADJOU,KM282_0005,SADA,2026,437
KM,Comores,KM2,NGAZIDJA,KM28,OICHILI DIMANI,KM282,OICHILI YADJOU,KM282_0006,SADANI,2026,755
KM,Comores,KM2,NGAZIDJA,KM28,OICHILI DIMANI,KM282,OICHILI YADJOU,KM282_0008,SAMBA MADI,2026,131
KM,Comores,KM2,NGAZIDJA,KM28,OICHILI DIMANI,KM282,OICHILI YADJOU,KM282_0010,SIMA YA WACHILI,2026,1260
KM,Comores,KM3,MWALI,KM31,DJANDO,KM311,DJANDO,KM311_0006,HAGNAMOIDA,2027,1102
KM,Comores,KM3,MWALI,KM31,DJANDO,KM311,DJANDO,KM311_0008,HAMAVOUNA,2027,1788
KM,Comores,KM3,MWALI,KM31,DJANDO,KM311,DJANDO,KM311_0007,ITSAMIA,2027,546
KM,Comores,KM3,MWALI,KM31,DJANDO,KM311,DJANDO,KM121_0005,KANGANI,2027,1830
KM,Comores,KM3,MWALI,KM31,DJANDO,KM311,DJANDO,KM311_0003,MLANBANDA,2027,549
KM,Comores,KM3,MWALI,KM31,DJANDO,KM311,DJANDO,KM311_0002,WANANI,2027,4438
KM,Comores,KM3,MWALI,KM31,DJANDO,KM311,DJANDO,KM311_0001,ZIROUDANI,2027,2355
KM,Comores,KM3,MWALI,KM32,FOMBONI,KM321,FOMBONI,KM321_0001,FOMBONI,2027,23320
KM,Comores,KM3,MWALI,KM32,FOMBONI,KM322,MOILI MDJINI,KM322_0002,BANDAR SALAMA,2027,3254
KM,Comores,KM3,MWALI,KM32,FOMBONI,KM322,MOILI MDJINI,KM322_0003,DJOIEZI,2027,3968
KM,Comores,KM3,MWALI,KM32,FOMBONI,KM322,MOILI MDJINI,KM322_0001,MBOIGOMA,2027,2772
KM,Comores,KM3,MWALI,KM32,FOMBONI,KM323,MOINBASSA,KM252_0007,DOMONI,2027,348
KM,Comores,KM3,MWALI,KM32,FOMBONI,KM323,MOINBASSA,KM323_0002,HOANI,2027,2966
KM,Comores,KM3,MWALI,KM32,FOMBONI,KM323,MOINBASSA,KM323_0001,M'BATSE,2027,4958
KM,Comores,KM3,MWALI,KM33,NIOUMACHOUA,KM331,MLEDJELE,KM331_0001,MIREMANI,2027,388
KM,Comores,KM3,MWALI,KM33,NIOUMACHOUA,KM331,MLEDJELE,KM331_0004,NDREMEANI,2027,77
KM,Comores,KM3,MWALI,KM33,NIOUMACHOUA,KM331,MLEDJELE,KM331_0002,NDRONDRONI,2027,5718
KM,Comores,KM3,MWALI,KM33,NIOUMACHOUA,KM331,MLEDJELE,KM331_0003,NIOUMACHOUA,2027,4490
KM,Comores,KM3,MWALI,KM33,NIOUMACHOUA,KM332,MOIMBAO,KM143_0003,BARAKANI,2027,1268
KM,Comores,KM3,MWALI,KM33,NIOUMACHOUA,KM332,MOIMBAO,KM332_0001,HAMBA,2027,328
KM,Comores,KM3,MWALI,KM33,NIOUMACHOUA,KM332,MOIMBAO,KM332_0004,MIRINGONI,2027,1358
KM,Comores,KM3,MWALI,KM33,NIOUMACHOUA,KM332,MOIMBAO,KM332_0005,WALLAH 1,2027,602
KM,Comores,KM3,MWALI,KM33,NIOUMACHOUA,KM332,MOIMBAO,KM332_0006,WALLAH 2,2027,1126
KM,Comores,KM1,NDZUWANI,KM11,DOMONI,KM111,BAMBAO MSTANGA,KM111_0001,BAMBAO MTSANGA,2027,6464
KM,Comores,KM1,NDZUWANI,KM11,DOMONI,KM111,BAMBAO MSTANGA,KM111_0004,MAHALE,2027,4616
KM,Comores,KM1,NDZUWANI,KM11,DOMONI,KM111,BAMBAO MSTANGA,KM111_0002,MROMAJI,2027,3575
KM,Comores,KM1,NDZUWANI,KM11,DOMONI,KM111,BAMBAO MSTANGA,KM111_0003,ONGONI,2027,3066
KM,Comores,KM1,NDZUWANI,KM11,DOMONI,KM112,DOMONI,KM112_0004,BWELADUGU,2027,962
KM,Comores,KM1,NDZUWANI,KM11,DOMONI,KM112,DOMONI,KM252_0007,DOMONI,2027,15811
KM,Comores,KM1,NDZUWANI,KM11,DOMONI,KM112,DOMONI,KM112_0003,LIMBI,2027,3359
KM,Comores,KM1,NDZUWANI,KM11,DOMONI,KM113,JIMLIME,KM113_0003,HAJOHO,2027,4863
KM,Comores,KM1,NDZUWANI,KM11,DOMONI,KM113,JIMLIME,KM113_0001,HAREMBO I,2027,748
KM,Comores,KM1,NDZUWANI,KM11,DOMONI,KM113,JIMLIME,KM113_0002,HAREMBO II,2027,1256
KM,Comores,KM1,NDZUWANI,KM11,DOMONI,KM113,JIMLIME,KM113_0004,JIMLIME,2027,7896
KM,Comores,KM1,NDZUWANI,KM11,DOMONI,KM114,KONI,KM114_0004,GEGE,2027,1435
KM,Comores,KM1,NDZUWANI,KM11,DOMONI,KM114,KONI,KM114_0003,HACHIPENDA,2027,2424
KM,Comores,KM1,NDZUWANI,KM11,DOMONI,KM114,KONI,KM114_0001,KONI DJODJO,2027,13804
KM,Comores,KM1,NDZUWANI,KM11,DOMONI,KM114,KONI,KM114_0002,KONI NGANI,2027,6649
KM,Comores,KM1,NDZUWANI,KM11,DOMONI,KM115,NGADZALE,KM115_0001,NGADZALE,2027,7104
KM,Comores,KM1,NDZUWANI,KM11,DOMONI,KM115,NGADZALE,KM115_0002,OUTSA,2027,934
KM,Comores,KM1,NDZUWANI,KM11,DOMONI,KM115,NGADZALE,KM115_0005,OUZINI,2027,2263
KM,Comores,KM1,NDZUWANI,KM11,DOMONI,KM115,NGADZALE,KM153_0014,SALAMANI,2027,2739
KM,Comores,KM1,NDZUWANI,KM16,MOYA,KM151,MOYA,KM151_0002,KOWET,2027,2702
KM,Comores,KM1,NDZUWANI,KM16,MOYA,KM151,MOYA,KM151_0005,LINGONI,2027,6362
KM,Comores,KM1,NDZUWANI,KM16,MOYA,KM151,MOYA,KM151_0007,MAWENI,2027,1021
KM,Comores,KM1,NDZUWANI,KM16,MOYA,KM151,MOYA,KM151_0001,MOYA,2027,11557
KM,Comores,KM1,NDZUWANI,KM16,MOYA,KM151,MOYA,KM151_0004,NINDRI,2027,3953
KM,Comores,KM1,NDZUWANI,KM16,MOYA,KM151,MOYA,KM151_0003,POMONI,2027,5450
KM,Comores,KM1,NDZUWANI,KM12,MREMANI,KM121,ADDA,KM121_0001,ADDA DAWENI,2027,14724
KM,Comores,KM1,NDZUWANI,KM12,MREMANI,KM121,ADDA,KM121_0002,DJANZA,2027,1066
KM,Comores,KM1,NDZUWANI,KM12,MREMANI,KM121,ADDA,KM121_0005,KANGANI,2027,6289
KM,Comores,KM1,NDZUWANI,KM12,MREMANI,KM121,ADDA,KM121_0003,MAGNASSINI,2027,5548
KM,Comores,KM1,NDZUWANI,KM12,MREMANI,KM123,MRAMANI,KM123_0004,DZIANII,2027,2518
KM,Comores,KM1,NDZUWANI,KM12,MREMANI,KM123,MRAMANI,KM123_0002,HANTSAHII,2027,1902
KM,Comores,KM1,NDZUWANI,KM12,MREMANI,KM123,MRAMANI,KM123_0001,MRAMANI,2027,5203
KM,Comores,KM1,NDZUWANI,KM12,MREMANI,KM123,MRAMANI,KM123_0003,NYAMBOIMRO,2027,2674
KM,Comores,KM1,NDZUWANI,KM12,MREMANI,KM124,MREMANI,KM124_0002,BANDA KOUNI,2027,4766
KM,Comores,KM1,NDZUWANI,KM12,MREMANI,KM124,MREMANI,KM124_0004,DAJI,2027,4018
KM,Comores,KM1,NDZUWANI,KM12,MREMANI,KM124,MREMANI,KM124_0001,MREMANI,2027,7035
KM,Comores,KM1,NDZUWANI,KM12,MREMANI,KM124,MREMANI,KM124_0003,MRIDJOU,2027,4509
KM,Comores,KM1,NDZUWANI,KM12,MREMANI,KM125,ONGOJOU,KM125_0002,KIYO,2027,2127
KM,Comores,KM1,NDZUWANI,KM12,MREMANI,KM125,ONGOJOU,KM125_0003,KOMONI,2027,3445
KM,Comores,KM1,NDZUWANI,KM12,MREMANI,KM125,ONGOJOU,KM125_0004,MIRONDRONI,2027,523
KM,Comores,KM1,NDZUWANI,KM12,MREMANI,KM125,ONGOJOU,KM125_0001,ONGODJOU,2027,8110
KM,Comores,KM1,NDZUWANI,KM12,MREMANI,KM125,ONGOJOU,KM125_0005,TRINDRINI,2027,206
KM,Comores,KM1,NDZUWANI,KM12,MREMANI,KM122,SHAWENI,KM122_0002,HAMCHACO,2027,2503
KM,Comores,KM1,NDZUWANI,KM12,MREMANI,KM122,SHAWENI,KM122_0005,MNADZICHOUMWE,2027,1298
KM,Comores,KM1,NDZUWANI,KM12,MREMANI,KM122,SHAWENI,KM122_0004,NOUNGA,2027,561
KM,Comores,KM1,NDZUWANI,KM12,MREMANI,KM122,SHAWENI,KM122_0003,SADAPOINI,2027,3755
KM,Comores,KM1,NDZUWANI,KM12,MREMANI,KM122,SHAWENI,KM122_0001,SHAWENI,2027,1392
KM,Comores,KM1,NDZUWANI,KM13,MUTSAMUDU,KM131,BANDRANI YA CHIRONKAMBA,KM131_0002,ANKIBANI,2027,2795
KM,Comores,KM1,NDZUWANI,KM13,MUTSAMUDU,KM131,BANDRANI YA CHIRONKAMBA,KM131_0008,BANDRADJOU,2027,2375
KM,Comores,KM1,NDZUWANI,KM13,MUTSAMUDU,KM131,BANDRANI YA CHIRONKAMBA,KM131_0006,CHICONI 2,2027,176
KM,Comores,KM1,NDZUWANI,KM13,MUTSAMUDU,KM131,BANDRANI YA CHIRONKAMBA,KM131_0003,CHIRONKAMBA,2027,2585
KM,Comores,KM1,NDZUWANI,KM13,MUTSAMUDU,KM131,BANDRANI YA CHIRONKAMBA,KM151_0007,MAWENI,2027,1034
KM,Comores,KM1,NDZUWANI,KM13,MUTSAMUDU,KM131,BANDRANI YA CHIRONKAMBA,KM131_0001,MDJIMANDRA,2027,3471
KM,Comores,KM1,NDZUWANI,KM13,MUTSAMUDU,KM131,BANDRANI YA CHIRONKAMBA,KM131_0007,MPOUZINI,2027,81
KM,Comores,KM1,NDZUWANI,KM13,MUTSAMUDU,KM132,Commune BANDRANI YA MITSANGANI,KM132_0001,BANDRANI MTSANGANI,2027,2472
KM,Comores,KM1,NDZUWANI,KM13,MUTSAMUDU,KM132,Commune BANDRANI YA MITSANGANI,KM132_0002,CHITROUNI,2027,1615
KM,Comores,KM1,NDZUWANI,KM13,MUTSAMUDU,KM132,Commune BANDRANI YA MITSANGANI,KM132_0004,MDJAMAOUE,2027,2225
KM,Comores,KM1,NDZUWANI,KM13,MUTSAMUDU,KM132,Commune BANDRANI YA MITSANGANI,KM132_0003,SAANDANI,2027,2952
KM,Comores,KM1,NDZUWANI,KM13,MUTSAMUDU,KM133,MIRONTSI,KM133_0001,MIRONTSI,2027,15420
KM,Comores,KM1,NDZUWANI,KM13,MUTSAMUDU,KM134,MUTSAMUDU,KM134_0005,CHICONI1,2027,5
KM,Comores,KM1,NDZUWANI,KM13,MUTSAMUDU,KM134,MUTSAMUDU,KM134_0001,MUTSAMUDU,2027,33875
KM,Comores,KM1,NDZUWANI,KM13,MUTSAMUDU,KM134,MUTSAMUDU,KM134_0003,MWAMWA I,2027,2450
KM,Comores,KM1,NDZUWANI,KM13,MUTSAMUDU,KM134,MUTSAMUDU,KM134_0004,MWAMWA II,2027,1031
KM,Comores,KM1,NDZUWANI,KM13,MUTSAMUDU,KM134,MUTSAMUDU,KM134_0002,PAJE,2027,7612
KM,Comores,KM1,NDZUWANI,KM14,OUANI,KM141,BAMBAO MTROUNI,KM141_0003,CHANDRA,2027,6383
KM,Comores,KM1,NDZUWANI,KM14,OUANI,KM141,BAMBAO MTROUNI,KM141_0002,DINDRI,2027,13329
KM,Comores,KM1,NDZUWANI,KM14,OUANI,KM141,BAMBAO MTROUNI,KM141_0001,TSEMBEHOU,2027,16197
KM,Comores,KM1,NDZUWANI,KM14,OUANI,KM142,BAZIMINI,KM142_0001,BAZIMINI,2027,10569
KM,Comores,KM1,NDZUWANI,KM14,OUANI,KM142,BAZIMINI,KM142_0002,KOKI,2027,8187
KM,Comores,KM1,NDZUWANI,KM14,OUANI,KM142,BAZIMINI,KM142_0003,PATSY,2027,4995
KM,Comores,KM1,NDZUWANI,KM14,OUANI,KM143,OUANI,KM143_0003,BARAKANI,2027,9046
KM,Comores,KM1,NDZUWANI,KM14,OUANI,KM143,OUANI,KM143_0004,GNATRANGA,2027,4230
KM,Comores,KM1,NDZUWANI,KM14,OUANI,KM143,OUANI,KM143_0001,OUANI,2027,12985
KM,Comores,KM1,NDZUWANI,KM14,OUANI,KM143,OUANI,KM143_0005,TANAMBAO,2027,2707
KM,Comores,KM1,NDZUWANI,KM15,SIMA,KM152,SIMA,KM152_0003,BIMBINI,2027,2297
KM,Comores,KM1,NDZUWANI,KM15,SIMA,KM152,SIMA,KM152_0004,BOUNGOUENI,2027,4545
KM,Comores,KM1,NDZUWANI,KM15,SIMA,KM152,SIMA,KM152_0002,KAVANI,2027,2793
KM,Comores,KM1,NDZUWANI,KM15,SIMA,KM152,SIMA,KM234_0004,MILEMBENI,2027,935
KM,Comores,KM1,NDZUWANI,KM15,SIMA,KM152,SIMA,KM152_0005,MIRONGANI,2027,1876
KM,Comores,KM1,NDZUWANI,KM15,SIMA,KM152,SIMA,KM232_0003,SIMA,2027,8826
KM,Comores,KM1,NDZUWANI,KM15,SIMA,KM153,VOUANI,KM153_0010,BANDRANI YA VOUANI,2027,2167
KM,Comores,KM1,NDZUWANI,KM15,SIMA,KM153,VOUANI,KM153_0011,CHIROVE,2027,340
KM,Comores,KM1,NDZUWANI,KM15,SIMA,KM153,VOUANI,KM153_0009,DAR SALAMA,2027,1728
KM,Comores,KM1,NDZUWANI,KM15,SIMA,KM153,VOUANI,KM153_0007,DZINDRI I,2027,3263
KM,Comores,KM1,NDZUWANI,KM15,SIMA,KM153,VOUANI,KM153_0003,HASSIMPAO,2027,1972
KM,Comores,KM1,NDZUWANI,KM15,SIMA,KM153,VOUANI,KM153_0006,IMERE,2027,576
KM,Comores,KM1,NDZUWANI,KM15,SIMA,KM153,VOUANI,KM153_0015,IMERE YA GAWANI,2027,954
KM,Comores,KM1,NDZUWANI,KM15,SIMA,KM153,VOUANI,KM153_0002,MARAHARE,2027,2532
KM,Comores,KM1,NDZUWANI,KM15,SIMA,KM153,VOUANI,KM153_0012,MARONTRONI,2027,523
KM,Comores,KM1,NDZUWANI,KM15,SIMA,KM153,VOUANI,KM153_0001,MROMOUHOULI,2027,781
KM,Comores,KM1,NDZUWANI,KM15,SIMA,KM153,VOUANI,KM153_0014,SALAMANI,2027,523
KM,Comores,KM1,NDZUWANI,KM15,SIMA,KM153,VOUANI,KM153_0004,SHITSANGASHELI,2027,199
KM,Comores,KM1,NDZUWANI,KM15,SIMA,KM153,VOUANI,KM153_0005,VASSI,2027,1624
KM,Comores,KM1,NDZUWANI,KM15,SIMA,KM153,VOUANI,KM153_0008,VOUANI,2027,4369
KM,Comores,KM2,NGAZIDJA,KM21,HAMAHAMET MBOINKOU,KM211,MBOINKOU,KM211_0008,BANDAMADJI LA MBOIKOU,2027,869
KM,Comores,KM2,NGAZIDJA,KM21,HAMAHAMET MBOINKOU,KM211,MBOINKOU,KM211_0004,CHEZANI,2027,3341
KM,Comores,KM2,NGAZIDJA,KM21,HAMAHAMET MBOINKOU,KM211,MBOINKOU,KM211_0007,HANTSINDZI,2027,2581
KM,Comores,KM2,NGAZIDJA,KM21,HAMAHAMET MBOINKOU,KM211,MBOINKOU,KM211_0001,MADJEOUENI,2027,2161
KM,Comores,KM2,NGAZIDJA,KM21,HAMAHAMET MBOINKOU,KM211,MBOINKOU,KM211_0005,NDROUDE,2027,2531
KM,Comores,KM2,NGAZIDJA,KM21,HAMAHAMET MBOINKOU,KM211,MBOINKOU,KM211_0006,NIOUMAMILIMA,2027,1640
KM,Comores,KM2,NGAZIDJA,KM21,HAMAHAMET MBOINKOU,KM211,MBOINKOU,KM211_0002,SADANI YA MBOIKOU,2027,758
KM,Comores,KM2,NGAZIDJA,KM21,HAMAHAMET MBOINKOU,KM211,MBOINKOU,KM211_0003,TRELEZINI,2027,671
KM,Comores,KM2,NGAZIDJA,KM21,HAMAHAMET MBOINKOU,KM212,NYUMA MRO,KM212_0005,BAMBADJANI,2027,1509
KM,Comores,KM2,NGAZIDJA,KM21,HAMAHAMET MBOINKOU,KM212,NYUMA MRO,KM212_0001,DIMADJOU YA HAMAHAMET,2027,2938
KM,Comores,KM2,NGAZIDJA,KM21,HAMAHAMET MBOINKOU,KM212,NYUMA MRO,KM212_0009,HADJAMBOU,2027,1555
KM,Comores,KM2,NGAZIDJA,KM21,HAMAHAMET MBOINKOU,KM212,NYUMA MRO,KM212_0007,ITSANDZENI,2027,2259
KM,Comores,KM2,NGAZIDJA,KM21,HAMAHAMET MBOINKOU,KM212,NYUMA MRO,KM212_0010,MBATSE YA HAMAHAMET,2027,283
KM,Comores,KM2,NGAZIDJA,KM21,HAMAHAMET MBOINKOU,KM212,NYUMA MRO,KM212_0003,MDJIHARI,2027,801
KM,Comores,KM2,NGAZIDJA,KM21,HAMAHAMET MBOINKOU,KM212,NYUMA MRO,KM212_0004,MOIDJA,2027,2494
KM,Comores,KM2,NGAZIDJA,KM21,HAMAHAMET MBOINKOU,KM212,NYUMA MRO,KM212_0006,NGOLE,2027,461
KM,Comores,KM2,NGAZIDJA,KM21,HAMAHAMET MBOINKOU,KM212,NYUMA MRO,KM212_0002,NYADOMBWENI,2027,1231
KM,Comores,KM2,NGAZIDJA,KM21,HAMAHAMET MBOINKOU,KM212,NYUMA MRO,KM212_0008,OUELLAH YA HAMAHAMET,2027,857
KM,Comores,KM2,NGAZIDJA,KM21,HAMAHAMET MBOINKOU,KM213,NYUMA MSIRU,KM213_0008,BATOU,2027,836
KM,Comores,KM2,NGAZIDJA,KM21,HAMAHAMET MBOINKOU,KM213,NYUMA MSIRU,KM213_0006,BOUNI,2027,1746
KM,Comores,KM2,NGAZIDJA,KM21,HAMAHAMET MBOINKOU,KM213,NYUMA MSIRU,KM213_0007,HEROUMBILI,2027,1804
KM,Comores,KM2,NGAZIDJA,KM21,HAMAHAMET MBOINKOU,KM213,NYUMA MSIRU,KM213_0010,IFOUNDIHE YA HAMAHAMET,2027,852
KM,Comores,KM2,NGAZIDJA,KM21,HAMAHAMET MBOINKOU,KM213,NYUMA MSIRU,KM213_0009,KOURANI YA HAMAHAMET,2027,162
KM,Comores,KM2,NGAZIDJA,KM21,HAMAHAMET MBOINKOU,KM213,NYUMA MSIRU,KM213_0001,MBENI,2027,6447
KM,Comores,KM2,NGAZIDJA,KM21,HAMAHAMET MBOINKOU,KM213,NYUMA MSIRU,KM213_0011,MNOUNGOU,2027,1535
KM,Comores,KM2,NGAZIDJA,KM21,HAMAHAMET MBOINKOU,KM213,NYUMA MSIRU,KM213_0004,SADA CHIHOUWE,2027,982
KM,Comores,KM2,NGAZIDJA,KM21,HAMAHAMET MBOINKOU,KM213,NYUMA MSIRU,KM213_0005,SADA MHUWAMBOI,2027,249
KM,Comores,KM2,NGAZIDJA,KM21,HAMAHAMET MBOINKOU,KM213,NYUMA MSIRU,KM213_0003,SALIMANI YA HAMAHAMET,2027,774
KM,Comores,KM2,NGAZIDJA,KM21,HAMAHAMET MBOINKOU,KM213,NYUMA MSIRU,KM213_0002,SELEANI,2027,1746
KM,Comores,KM2,NGAZIDJA,KM22,HAMBOU,KM221,DJOUMOIPANGUA,KM221_0004,BAMBANI,2027,1565
KM,Comores,KM2,NGAZIDJA,KM22,HAMBOU,KM221,DJOUMOIPANGUA,KM221_0005,DZAHADJOU,2027,2667
KM,Comores,KM2,NGAZIDJA,KM22,HAMBOU,KM221,DJOUMOIPANGUA,KM221_0003,HETSA,2027,1050
KM,Comores,KM2,NGAZIDJA,KM22,HAMBOU,KM221,DJOUMOIPANGUA,KM221_0002,MDJOIEZI,2027,3791
KM,Comores,KM2,NGAZIDJA,KM22,HAMBOU,KM221,DJOUMOIPANGUA,KM221_0001,SINGANI,2027,2662
KM,Comores,KM2,NGAZIDJA,KM22,HAMBOU,KM222,TSINIMOIPANGUA,KM222_0005,BANGOI,2027,3558
KM,Comores,KM2,NGAZIDJA,KM22,HAMBOU,KM222,TSINIMOIPANGUA,KM222_0003,CHOUANI,2027,3290
KM,Comores,KM2,NGAZIDJA,KM22,HAMBOU,KM222,TSINIMOIPANGUA,KM222_0004,DJOUMOICHONGO,2027,1930
KM,Comores,KM2,NGAZIDJA,KM22,HAMBOU,KM222,TSINIMOIPANGUA,KM222_0001,MITSOUDJE,2027,4750
KM,Comores,KM2,NGAZIDJA,KM22,HAMBOU,KM222,TSINIMOIPANGUA,KM222_0006,NKOMIONI,2027,700
KM,Comores,KM2,NGAZIDJA,KM22,HAMBOU,KM222,TSINIMOIPANGUA,KM222_0007,SALIMANI,2027,2461
KM,Comores,KM2,NGAZIDJA,KM22,HAMBOU,KM222,TSINIMOIPANGUA,KM222_0002,TROUMBENI,2027,292
KM,Comores,KM2,NGAZIDJA,KM23,ITSANDRA HAMANVOU,KM231,BANGAANI,KM231_0007,BANDAMADJI LA ITSANDRA,2027,1152
KM,Comores,KM2,NGAZIDJA,KM23,ITSANDRA HAMANVOU,KM231,BANGAANI,KM231_0008,DIMADJOU YA ITSANDRA,2027,1785
KM,Comores,KM2,NGAZIDJA,KM23,ITSANDRA HAMANVOU,KM231,BANGAANI,KM231_0004,DZAHANI LA TSIDJE,2027,9931
KM,Comores,KM2,NGAZIDJA,KM23,ITSANDRA HAMANVOU,KM231,BANGAANI,KM231_0001,ITSANDRA MDJINI,2027,4115
KM,Comores,KM2,NGAZIDJA,KM23,ITSANDRA HAMANVOU,KM231,BANGAANI,KM231_0005,MAOUENI YA ITSANDRA,2027,1036
KM,Comores,KM2,NGAZIDJA,KM23,ITSANDRA HAMANVOU,KM231,BANGAANI,KM231_0006,MIRONTSI YA ITSANDRA,2027,551
KM,Comores,KM2,NGAZIDJA,KM23,ITSANDRA HAMANVOU,KM231,BANGAANI,KM231_0002,SALIMANI YA ITSANDRA,2027,4021
KM,Comores,KM2,NGAZIDJA,KM23,ITSANDRA HAMANVOU,KM231,BANGAANI,KM231_0003,SAMBA MBODONI,2027,1745
KM,Comores,KM2,NGAZIDJA,KM23,ITSANDRA HAMANVOU,KM232,DJOUMOICHONGO,KM232_0002,BAHANI,2027,2286
KM,Comores,KM2,NGAZIDJA,KM23,ITSANDRA HAMANVOU,KM232,DJOUMOICHONGO,KM232_0001,DZAHANI II,2027,1841
KM,Comores,KM2,NGAZIDJA,KM23,ITSANDRA HAMANVOU,KM232,DJOUMOICHONGO,KM232_0004,OUELLAH YA ITSANDRA,2027,1598
KM,Comores,KM2,NGAZIDJA,KM23,ITSANDRA HAMANVOU,KM232,DJOUMOICHONGO,KM232_0005,SAMBA KOUNI,2027,2574
KM,Comores,KM2,NGAZIDJA,KM23,ITSANDRA HAMANVOU,KM232,DJOUMOICHONGO,KM232_0003,SIMA,2027,1059
KM,Comores,KM2,NGAZIDJA,KM23,ITSANDRA HAMANVOU,KM233,HAMANVOU,KM233_0008,BIBAVOU,2027,1398
KM,Comores,KM2,NGAZIDJA,KM23,ITSANDRA HAMANVOU,KM233,HAMANVOU,KM233_0002,BOENINDI,2027,971
KM,Comores,KM2,NGAZIDJA,KM23,ITSANDRA HAMANVOU,KM233,HAMANVOU,KM233_0007,DIBOINI,2027,1813
KM,Comores,KM2,NGAZIDJA,KM23,ITSANDRA HAMANVOU,KM233,HAMANVOU,KM233_0001,HAHAYA,2027,5770
KM,Comores,KM2,NGAZIDJA,KM23,ITSANDRA HAMANVOU,KM233,HAMANVOU,KM233_0004,MBALENI,2027,233
KM,Comores,KM2,NGAZIDJA,KM23,ITSANDRA HAMANVOU,KM233,HAMANVOU,KM233_0003,MBAMBANI YA HAMANVOU,2027,876
KM,Comores,KM2,NGAZIDJA,KM23,ITSANDRA HAMANVOU,KM233,HAMANVOU,KM233_0006,MBANGANI,2027,1857
KM,Comores,KM2,NGAZIDJA,KM23,ITSANDRA HAMANVOU,KM233,HAMANVOU,KM233_0009,MILEVANI,2027,1546
KM,Comores,KM2,NGAZIDJA,KM23,ITSANDRA HAMANVOU,KM233,HAMANVOU,KM233_0005,OUSSIVO,2027,2873
KM,Comores,KM2,NGAZIDJA,KM23,ITSANDRA HAMANVOU,KM234,ISAHARI,KM234_0002,HANTSAMBOU,2027,2042
KM,Comores,KM2,NGAZIDJA,KM23,ITSANDRA HAMANVOU,KM234,ISAHARI,KM234_0004,MILEMBENI,2027,1245
KM,Comores,KM2,NGAZIDJA,KM23,ITSANDRA HAMANVOU,KM234,ISAHARI,KM234_0001,NTSOUDJINI,2027,5444
KM,Comores,KM2,NGAZIDJA,KM23,ITSANDRA HAMANVOU,KM234,ISAHARI,KM234_0005,ZIVANDANI,2027,1679
KM,Comores,KM2,NGAZIDJA,KM23,ITSANDRA HAMANVOU,KM235,MBADANI,KM235_0001,BATSA ITSANDRA,2027,3357
KM,Comores,KM2,NGAZIDJA,KM23,ITSANDRA HAMANVOU,KM235,MBADANI,KM235_0005,DZAHADJOU LA ITSANDRA,2027,1780
KM,Comores,KM2,NGAZIDJA,KM23,ITSANDRA HAMANVOU,KM235,MBADANI,KM235_0004,MHANDANI,2027,690
KM,Comores,KM2,NGAZIDJA,KM23,ITSANDRA HAMANVOU,KM235,MBADANI,KM235_0003,VANADJOU,2027,1210
KM,Comores,KM2,NGAZIDJA,KM23,ITSANDRA HAMANVOU,KM235,MBADANI,KM235_0002,VANAMBOINI,2027,2625
KM,Comores,KM2,NGAZIDJA,KM23,ITSANDRA HAMANVOU,KM235,MBADANI,KM235_0006,VOUNA MBADANI,2027,986
KM,Comores,KM2,NGAZIDJA,KM24,MBADJINI EST,KM241,DOMBA,KM241_0002,BANDADAOUENI,2027,1892
KM,Comores,KM2,NGAZIDJA,KM24,MBADJINI EST,KM241,DOMBA,KM241_0001,BANDAMADJI LADOMBA,2027,1334
KM,Comores,KM2,NGAZIDJA,KM24,MBADJINI EST,KM241,DOMBA,KM241_0004,OUNGONI,2027,1259
KM,Comores,KM2,NGAZIDJA,KM24,MBADJINI EST,KM241,DOMBA,KM264_0004,PIDJANI,2027,2718
KM,Comores,KM2,NGAZIDJA,KM24,MBADJINI EST,KM241,DOMBA,KM241_0003,TSINIMOIPANGA,2027,3060
KM,Comores,KM2,NGAZIDJA,KM24,MBADJINI EST,KM242,ITSAHIDI,KM242_0007,CHINDINI,2027,2155
KM,Comores,KM2,NGAZIDJA,KM24,MBADJINI EST,KM242,ITSAHIDI,KM242_0009,DZAHADJOU LA MBADJINI,2027,1401
KM,Comores,KM2,NGAZIDJA,KM24,MBADJINI EST,KM242,ITSAHIDI,KM242_0001,FOUMBOUNI,2027,3207
KM,Comores,KM2,NGAZIDJA,KM24,MBADJINI EST,KM242,ITSAHIDI,KM242_0002,KOIMBANI LA MBADJINI,2027,556
KM,Comores,KM2,NGAZIDJA,KM24,MBADJINI EST,KM242,ITSAHIDI,KM242_0003,MALE,2027,2852
KM,Comores,KM2,NGAZIDJA,KM24,MBADJINI EST,KM242,ITSAHIDI,KM242_0004,MIDJENDJENI,2027,518
KM,Comores,KM2,NGAZIDJA,KM24,MBADJINI EST,KM242,ITSAHIDI,KM242_0010,MOHORO,2027,2694
KM,Comores,KM2,NGAZIDJA,KM24,MBADJINI EST,KM242,ITSAHIDI,KM242_0006,NDZOUANI,2027,255
KM,Comores,KM2,NGAZIDJA,KM24,MBADJINI EST,KM242,ITSAHIDI,KM242_0011,NGNOUMADZHA MVOUBARI,2027,2559
KM,Comores,KM2,NGAZIDJA,KM24,MBADJINI EST,KM242,ITSAHIDI,KM242_0005,OUROVENI,2027,1777
KM,Comores,KM2,NGAZIDJA,KM24,MBADJINI EST,KM242,ITSAHIDI,KM242_0008,SIMAMBOINI,2027,1171
KM,Comores,KM2,NGAZIDJA,KM24,MBADJINI EST,KM243,PIMBA,KM243_0004,BANDAMADJI LA KOUBOINI,2027,954
KM,Comores,KM2,NGAZIDJA,KM24,MBADJINI EST,KM243,PIMBA,KM243_0005,DARISSALAMA,2027,653
KM,Comores,KM2,NGAZIDJA,KM24,MBADJINI EST,KM243,PIMBA,KM243_0009,DIDJONI,2027,739
KM,Comores,KM2,NGAZIDJA,KM24,MBADJINI EST,KM243,PIMBA,KM243_0002,INANI,2027,1101
KM,Comores,KM2,NGAZIDJA,KM24,MBADJINI EST,KM243,PIMBA,KM243_0010,KOVE,2027,1069
KM,Comores,KM2,NGAZIDJA,KM24,MBADJINI EST,KM243,PIMBA,KM243_0006,MLALOI NKOUDJOU,2027,1333
KM,Comores,KM2,NGAZIDJA,KM24,MBADJINI EST,KM243,PIMBA,KM243_0003,NGNAMBENI,2027,2180
KM,Comores,KM2,NGAZIDJA,KM24,MBADJINI EST,KM243,PIMBA,KM243_0007,NGNOUMA MILIMA,2027,3739
KM,Comores,KM2,NGAZIDJA,KM24,MBADJINI EST,KM243,PIMBA,KM243_0008,NKOURANI MKANGA,2027,788
KM,Comores,KM2,NGAZIDJA,KM24,MBADJINI EST,KM243,PIMBA,KM243_0001,SIMBOUSSA YA MBADJINI,2027,2434
KM,Comores,KM2,NGAZIDJA,KM25,MBADJINI OUEST,KM251,NGOUENGOE,KM251_0001,DEMBENI,2027,2693
KM,Comores,KM2,NGAZIDJA,KM25,MBADJINI OUEST,KM251,NGOUENGOE,KM251_0011,ITSOUDZOU,2027,283
KM,Comores,KM2,NGAZIDJA,KM25,MBADJINI OUEST,KM251,NGOUENGOE,KM251_0009,KANDZILE,2027,1528
KM,Comores,KM2,NGAZIDJA,KM25,MBADJINI OUEST,KM251,NGOUENGOE,KM251_0010,MAKORANI,2027,55
KM,Comores,KM2,NGAZIDJA,KM25,MBADJINI OUEST,KM251,NGOUENGOE,KM251_0007,MANDZISSANI,2027,626
KM,Comores,KM2,NGAZIDJA,KM25,MBADJINI OUEST,KM251,NGOUENGOE,KM251_0003,MBOUDE YA MBOINI,2027,703
KM,Comores,KM2,NGAZIDJA,KM25,MBADJINI OUEST,KM251,NGOUENGOE,KM251_0002,MDJAMKAGNOI,2027,1135
KM,Comores,KM2,NGAZIDJA,KM25,MBADJINI OUEST,KM251,NGOUENGOE,KM251_0006,MINDRADOU,2027,552
KM,Comores,KM2,NGAZIDJA,KM25,MBADJINI OUEST,KM251,NGOUENGOE,KM251_0004,MLIMANI,2027,235
KM,Comores,KM2,NGAZIDJA,KM25,MBADJINI OUEST,KM251,NGOUENGOE,KM251_0005,PANDA,2027,1036
KM,Comores,KM2,NGAZIDJA,KM25,MBADJINI OUEST,KM251,NGOUENGOE,KM251_0008,TSINI MOICHONGO,2027,2776
KM,Comores,KM2,NGAZIDJA,KM25,MBADJINI OUEST,KM252,NIOUMAGAMA,KM252_0004,DIMA,2027,675
KM,Comores,KM2,NGAZIDJA,KM25,MBADJINI OUEST,KM252,NIOUMAGAMA,KM252_0007,DOMONI,2027,967
KM,Comores,KM2,NGAZIDJA,KM25,MBADJINI OUEST,KM252,NIOUMAGAMA,KM252_0008,DZOIDJOU,2027,864
KM,Comores,KM2,NGAZIDJA,KM25,MBADJINI OUEST,KM252,NIOUMAGAMA,KM252_0009,FAMARE,2027,634
KM,Comores,KM2,NGAZIDJA,KM25,MBADJINI OUEST,KM252,NIOUMAGAMA,KM252_0002,IFOUNDIHE CHADJOU,2027,277
KM,Comores,KM2,NGAZIDJA,KM25,MBADJINI OUEST,KM252,NIOUMAGAMA,KM252_0003,IFOUNDIHE CHAMBOINI,2027,1296
KM,Comores,KM2,NGAZIDJA,KM25,MBADJINI OUEST,KM252,NIOUMAGAMA,KM252_0005,NKOURANI YA SIMA,2027,10636
KM,Comores,KM2,NGAZIDJA,KM25,MBADJINI OUEST,KM252,NIOUMAGAMA,KM252_0001,OUZIOINI,2027,2702
KM,Comores,KM2,NGAZIDJA,KM26,MBOUDE,KM265,NYUMAMRO KIBLANI,KM265_0002,CHAMLE,2027,1764
KM,Comores,KM2,NGAZIDJA,KM26,MBOUDE,KM265,NYUMAMRO KIBLANI,KM265_0001,DJOMANI,2027,4257
KM,Comores,KM2,NGAZIDJA,KM26,MBOUDE,KM265,NYUMAMRO KIBLANI,KM265_0007,DOUNIANI,2027,2346
KM,Comores,KM2,NGAZIDJA,KM26,MBOUDE,KM265,NYUMAMRO KIBLANI,KM265_0006,HELINDJE,2027,2292
KM,Comores,KM2,NGAZIDJA,KM26,MBOUDE,KM265,NYUMAMRO KIBLANI,KM265_0009,KOUA,2027,857
KM,Comores,KM2,NGAZIDJA,KM26,MBOUDE,KM265,NYUMAMRO KIBLANI,KM265_0004,MANDZA YA MBOUDE,2027,2047
KM,Comores,KM2,NGAZIDJA,KM26,MBOUDE,KM265,NYUMAMRO KIBLANI,KM265_0005,MDJOIEZI YA MBOUNDE,2027,1040
KM,Comores,KM2,NGAZIDJA,KM26,MBOUDE,KM265,NYUMAMRO KIBLANI,KM265_0003,VOUVOUNI YA MBOUNDE,2027,596
KM,Comores,KM2,NGAZIDJA,KM26,MBOUDE,KM266,NYUMAMRO SOUHEILI,KM266_0003,DJONGOE,2027,1114
KM,Comores,KM2,NGAZIDJA,KM26,MBOUDE,KM266,NYUMAMRO SOUHEILI,KM266_0007,DOMOIDJOU,2027,1153
KM,Comores,KM2,NGAZIDJA,KM26,MBOUDE,KM266,NYUMAMRO SOUHEILI,KM266_0008,DOMOIMBOINI,2027,556
KM,Comores,KM2,NGAZIDJA,KM26,MBOUDE,KM266,NYUMAMRO SOUHEILI,KM266_0002,IVEMBENI,2027,4958
KM,Comores,KM2,NGAZIDJA,KM26,MBOUDE,KM266,NYUMAMRO SOUHEILI,KM266_0004,MAOUENI YA MBOUDE,2027,1565
KM,Comores,KM2,NGAZIDJA,KM26,MBOUDE,KM266,NYUMAMRO SOUHEILI,KM266_0009,MOIDJA YA MBOUDE,2027,723
KM,Comores,KM2,NGAZIDJA,KM26,MBOUDE,KM266,NYUMAMRO SOUHEILI,KM266_0001,NTSAOUENI,2027,4074
KM,Comores,KM2,NGAZIDJA,KM26,MBOUDE,KM266,NYUMAMRO SOUHEILI,KM266_0006,NTSORALE YA MBOUDE,2027,847
KM,Comores,KM2,NGAZIDJA,KM26,MBOUDE,KM266,NYUMAMRO SOUHEILI,KM266_0005,SIMBOUSSA YA MBOUDE,2027,412
KM,Comores,KM2,NGAZIDJA,KM26,MITSAMIOULI,KM261,CEMBENOI LAC SALE,KM261_0001,BANGOIKOUNI,2027,3148
KM,Comores,KM2,NGAZIDJA,KM26,MITSAMIOULI,KM261,CEMBENOI LAC SALE,KM261_0002,BATSA YA MITSAMIHOULI,2027,1496
KM,Comores,KM2,NGAZIDJA,KM26,MITSAMIOULI,KM261,CEMBENOI LAC SALE,KM261_0004,IVOINI,2027,2012
KM,Comores,KM2,NGAZIDJA,KM26,MITSAMIOULI,KM261,CEMBENOI LAC SALE,KM261_0003,OUZIO,2027,3309
KM,Comores,KM2,NGAZIDJA,KM26,MITSAMIOULI,KM262,CEMBENOI SADA DJOULAMLIMA,KM265_0009,KOUA,2027,1892
KM,Comores,KM2,NGAZIDJA,KM26,MITSAMIOULI,KM262,CEMBENOI SADA DJOULAMLIMA,KM262_0004,OUELLAH YA MITSAMIHOULI,2027,5308
KM,Comores,KM2,NGAZIDJA,KM26,MITSAMIOULI,KM262,CEMBENOI SADA DJOULAMLIMA,KM262_0001,OUEMANI,2027,813
KM,Comores,KM2,NGAZIDJA,KM26,MITSAMIOULI,KM263,MITSAMIOULI,KM263_0003,FASSI,2027,577
KM,Comores,KM2,NGAZIDJA,KM26,MITSAMIOULI,KM263,MITSAMIOULI,KM263_0002,HADAWA,2027,717
KM,Comores,KM2,NGAZIDJA,KM26,MITSAMIOULI,KM263,MITSAMIOULI,KM263_0001,MEMBOI - BOINI,2027,1083
KM,Comores,KM2,NGAZIDJA,KM26,MITSAMIOULI,KM263,MITSAMIOULI,KM263_0004,MITSAMIHOULI,2027,6243
KM,Comores,KM2,NGAZIDJA,KM26,MITSAMIOULI,KM263,MITSAMIOULI,KM263_0006,NDZAOUZE,2027,3388
KM,Comores,KM2,NGAZIDJA,KM26,MITSAMIOULI,KM263,MITSAMIOULI,KM263_0005,NKOURANI YA MITSAMIHOULI,2027,449
KM,Comores,KM2,NGAZIDJA,KM26,MITSAMIOULI,KM264,NYUMA KOMO,KM264_0001,BANGOI MAFUSA NKOA,2027,832
KM,Comores,KM2,NGAZIDJA,KM26,MITSAMIOULI,KM264,NYUMA KOMO,KM264_0008,FOUNGA,2027,1158
KM,Comores,KM2,NGAZIDJA,KM26,MITSAMIOULI,KM264,NYUMA KOMO,KM264_0002,MEMBOI - DJOU,2027,2027
KM,Comores,KM2,NGAZIDJA,KM26,MITSAMIOULI,KM264,NYUMA KOMO,KM264_0007,NTSADJENI,2027,2121
KM,Comores,KM2,NGAZIDJA,KM26,MITSAMIOULI,KM264,NYUMA KOMO,KM264_0009,OUHOZI,2027,1514
KM,Comores,KM2,NGAZIDJA,KM26,MITSAMIOULI,KM264,NYUMA KOMO,KM264_0004,PIDJANI,2027,737
KM,Comores,KM2,NGAZIDJA,KM26,MITSAMIOULI,KM264,NYUMA KOMO,KM264_0005,SONGOMANI,2027,591
KM,Comores,KM2,NGAZIDJA,KM26,MITSAMIOULI,KM264,NYUMA KOMO,KM264_0006,TOIYFA,2027,593
KM,Comores,KM2,NGAZIDJA,KM27,MORONI BAMBAO,KM273,BAMBAO YA DJOU,KM273_0002,M'VOUNI,2027,6761
KM,Comores,KM2,NGAZIDJA,KM27,MORONI BAMBAO,KM273,BAMBAO YA DJOU,KM273_0003,MAVINGOUNI,2027,2220
KM,Comores,KM2,NGAZIDJA,KM27,MORONI BAMBAO,KM273,BAMBAO YA DJOU,KM273_0001,MKAZI,2027,8025
KM,Comores,KM2,NGAZIDJA,KM27,MORONI BAMBAO,KM271,BAMBAO YA HARI,KM271_0010,BOENI YA BAMBAO,2027,2623
KM,Comores,KM2,NGAZIDJA,KM27,MORONI BAMBAO,KM271,BAMBAO YA HARI,KM271_0007,DAOUENI,2027,478
KM,Comores,KM2,NGAZIDJA,KM27,MORONI BAMBAO,KM271,BAMBAO YA HARI,KM283_0003,DZAHANI,2027,852
KM,Comores,KM2,NGAZIDJA,KM27,MORONI BAMBAO,KM271,BAMBAO YA HARI,KM271_0002,M'DE,2027,8198
KM,Comores,KM2,NGAZIDJA,KM27,MORONI BAMBAO,KM271,BAMBAO YA HARI,KM271_0006,MBOUDADJOU,2027,1298
KM,Comores,KM2,NGAZIDJA,KM27,MORONI BAMBAO,KM271,BAMBAO YA HARI,KM271_0005,MOIDZAZA DJOUMBE,2027,582
KM,Comores,KM2,NGAZIDJA,KM27,MORONI BAMBAO,KM271,BAMBAO YA HARI,KM271_0004,NIOUMADZAHA,2027,4051
KM,Comores,KM2,NGAZIDJA,KM27,MORONI BAMBAO,KM271,BAMBAO YA HARI,KM271_0003,SELEA,2027,2688
KM,Comores,KM2,NGAZIDJA,KM27,MORONI BAMBAO,KM271,BAMBAO YA HARI,KM271_0001,VOUVOUNI,2027,5450
KM,Comores,KM2,NGAZIDJA,KM27,MORONI BAMBAO,KM272,BAMBAO YA MBOINI,KM272_0001,ICONI,2027,6882
KM,Comores,KM2,NGAZIDJA,KM27,MORONI BAMBAO,KM272,BAMBAO YA MBOINI,KM272_0002,MBACHILE,2027,2110
KM,Comores,KM2,NGAZIDJA,KM27,MORONI BAMBAO,KM272,BAMBAO YA MBOINI,KM272_0003,MOIDZAZA - MBOINI,2027,3567
KM,Comores,KM2,NGAZIDJA,KM27,MORONI BAMBAO,KM272,BAMBAO YA MBOINI,KM272_0004,NDROUANI,2027,1730
KM,Comores,KM2,NGAZIDJA,KM27,MORONI BAMBAO,KM272,BAMBAO YA MBOINI,KM272_0005,SEREHINI,2027,934
KM,Comores,KM2,NGAZIDJA,KM27,MORONI BAMBAO,KM274,MORONI,KM274_0001,MORONI,2027,93898
KM,Comores,KM2,NGAZIDJA,KM28,OICHILI DIMANI,KM281,DIMANI,KM281_0002,FOUMBOU DZIVOUNI,2027,560
KM,Comores,KM2,NGAZIDJA,KM28,OICHILI DIMANI,KM281,DIMANI,KM281_0007,IDJINKOUNDZI,2027,3040
KM,Comores,KM2,NGAZIDJA,KM28,OICHILI DIMANI,KM281,DIMANI,KM281_0006,IDJOINDRADJA,2027,238
KM,Comores,KM2,NGAZIDJA,KM28,OICHILI DIMANI,KM281,DIMANI,KM281_0005,MADJOMA,2027,686
KM,Comores,KM2,NGAZIDJA,KM28,OICHILI DIMANI,KM281,DIMANI,KM281_0008,MAOUENI DIMANI,2027,1885
KM,Comores,KM2,NGAZIDJA,KM28,OICHILI DIMANI,KM281,DIMANI,KM281_0003,MBOUDE,2027,811
KM,Comores,KM2,NGAZIDJA,KM28,OICHILI DIMANI,KM281,DIMANI,KM281_0004,MIDJINDZE,2027,195
KM,Comores,KM2,NGAZIDJA,KM28,OICHILI DIMANI,KM281,DIMANI,KM281_0009,MIRERENI,2027,654
KM,Comores,KM2,NGAZIDJA,KM28,OICHILI DIMANI,KM281,DIMANI,KM281_0001,MTSANGADJOU,2027,1612
KM,Comores,KM2,NGAZIDJA,KM28,OICHILI DIMANI,KM281,DIMANI,KM281_0010,NTSORALE,2027,3079
KM,Comores,KM2,NGAZIDJA,KM28,OICHILI DIMANI,KM281,DIMANI,KM281_0012,REHEMANI,2027,510
KM,Comores,KM2,NGAZIDJA,KM28,OICHILI DIMANI,KM281,DIMANI,KM281_0011,SIDJOU,2027,1084
KM,Comores,KM2,NGAZIDJA,KM28,OICHILI DIMANI,KM283,OICHILI YABOINI,KM283_0003,DZAHANI,2027,832
KM,Comores,KM2,NGAZIDJA,KM28,OICHILI DIMANI,KM283,OICHILI YABOINI,KM283_0006,HAMBOU,2027,1250
KM,Comores,KM2,NGAZIDJA,KM28,OICHILI DIMANI,KM283,OICHILI YABOINI,KM283_0007,HASSENDJE,2027,367
KM,Comores,KM2,NGAZIDJA,KM28,OICHILI DIMANI,KM283,OICHILI YABOINI,KM283_0001,ITSINKOUDI,2027,3073
KM,Comores,KM2,NGAZIDJA,KM28,OICHILI DIMANI,KM283,OICHILI YABOINI,KM283_0004,KOUHANI,2027,601
KM,Comores,KM2,NGAZIDJA,KM28,OICHILI DIMANI,KM283,OICHILI YABOINI,KM283_0005,MTSAMDU,2027,1452
KM,Comores,KM2,NGAZIDJA,KM28,OICHILI DIMANI,KM282,OICHILI YADJOU,KM282_0003,BOENI YAWACHILI,2027,1086
KM,Comores,KM2,NGAZIDJA,KM28,OICHILI DIMANI,KM282,OICHILI YADJOU,KM282_0009,CHAMRO,2027,199
KM,Comores,KM2,NGAZIDJA,KM28,OICHILI DIMANI,KM282,OICHILI YADJOU,KM282_0007,CHOMONI,2027,1026
KM,Comores,KM2,NGAZIDJA,KM28,OICHILI DIMANI,KM282,OICHILI YADJOU,KM282_0004,DZAHADJOU YA WACHILI,2027,1311
KM,Comores,KM2,NGAZIDJA,KM28,OICHILI DIMANI,KM282,OICHILI YADJOU,KM282_0002,IROHE,2027,1193
KM,Comores,KM2,NGAZIDJA,KM28,OICHILI DIMANI,KM282,OICHILI YADJOU,KM282_0001,KOIMBANI YA WACHILI,2027,3680
KM,Comores,KM2,NGAZIDJA,KM28,OICHILI DIMANI,KM282,OICHILI YADJOU,KM282_0005,SADA,2027,448
KM,Comores,KM2,NGAZIDJA,KM28,OICHILI DIMANI,KM282,OICHILI YADJOU,KM282_0006,SADANI,2027,773
KM,Comores,KM2,NGAZIDJA,KM28,OICHILI DIMANI,KM282,OICHILI YADJOU,KM282_0008,SAMBA MADI,2027,135
KM,Comores,KM2,NGAZIDJA,KM28,OICHILI DIMANI,KM282,OICHILI YADJOU,KM282_0010,SIMA YA WACHILI,2027,1290
KM,Comores,KM3,MWALI,KM31,DJANDO,KM311,DJANDO,KM311_0006,HAGNAMOIDA,2028,1131
KM,Comores,KM3,MWALI,KM31,DJANDO,KM311,DJANDO,KM311_0008,HAMAVOUNA,2028,1836
KM,Comores,KM3,MWALI,KM31,DJANDO,KM311,DJANDO,KM311_0007,ITSAMIA,2028,561
KM,Comores,KM3,MWALI,KM31,DJANDO,KM311,DJANDO,KM121_0005,KANGANI,2028,1879
KM,Comores,KM3,MWALI,KM31,DJANDO,KM311,DJANDO,KM311_0003,MLANBANDA,2028,564
KM,Comores,KM3,MWALI,KM31,DJANDO,KM311,DJANDO,KM311_0002,WANANI,2028,4557
KM,Comores,KM3,MWALI,KM31,DJANDO,KM311,DJANDO,KM311_0001,ZIROUDANI,2028,2418
KM,Comores,KM3,MWALI,KM32,FOMBONI,KM321,FOMBONI,KM321_0001,FOMBONI,2028,23944
KM,Comores,KM3,MWALI,KM32,FOMBONI,KM322,MOILI MDJINI,KM322_0002,BANDAR SALAMA,2028,3341
KM,Comores,KM3,MWALI,KM32,FOMBONI,KM322,MOILI MDJINI,KM322_0003,DJOIEZI,2028,4074
KM,Comores,KM3,MWALI,KM32,FOMBONI,KM322,MOILI MDJINI,KM322_0001,MBOIGOMA,2028,2846
KM,Comores,KM3,MWALI,KM32,FOMBONI,KM323,MOINBASSA,KM252_0007,DOMONI,2028,357
KM,Comores,KM3,MWALI,KM32,FOMBONI,KM323,MOINBASSA,KM323_0002,HOANI,2028,3045
KM,Comores,KM3,MWALI,KM32,FOMBONI,KM323,MOINBASSA,KM323_0001,M'BATSE,2028,5090
KM,Comores,KM3,MWALI,KM33,NIOUMACHOUA,KM331,MLEDJELE,KM331_0001,MIREMANI,2028,399
KM,Comores,KM3,MWALI,KM33,NIOUMACHOUA,KM331,MLEDJELE,KM331_0004,NDREMEANI,2028,79
KM,Comores,KM3,MWALI,KM33,NIOUMACHOUA,KM331,MLEDJELE,KM331_0002,NDRONDRONI,2028,5871
KM,Comores,KM3,MWALI,KM33,NIOUMACHOUA,KM331,MLEDJELE,KM331_0003,NIOUMACHOUA,2028,4610
KM,Comores,KM3,MWALI,KM33,NIOUMACHOUA,KM332,MOIMBAO,KM143_0003,BARAKANI,2028,1302
KM,Comores,KM3,MWALI,KM33,NIOUMACHOUA,KM332,MOIMBAO,KM332_0001,HAMBA,2028,337
KM,Comores,KM3,MWALI,KM33,NIOUMACHOUA,KM332,MOIMBAO,KM332_0004,MIRINGONI,2028,1394
KM,Comores,KM3,MWALI,KM33,NIOUMACHOUA,KM332,MOIMBAO,KM332_0005,WALLAH 1,2028,618
KM,Comores,KM3,MWALI,KM33,NIOUMACHOUA,KM332,MOIMBAO,KM332_0006,WALLAH 2,2028,1156
KM,Comores,KM1,NDZUWANI,KM11,DOMONI,KM111,BAMBAO MSTANGA,KM111_0001,BAMBAO MTSANGA,2028,6623
KM,Comores,KM1,NDZUWANI,KM11,DOMONI,KM111,BAMBAO MSTANGA,KM111_0004,MAHALE,2028,4729
KM,Comores,KM1,NDZUWANI,KM11,DOMONI,KM111,BAMBAO MSTANGA,KM111_0002,MROMAJI,2028,3663
KM,Comores,KM1,NDZUWANI,KM11,DOMONI,KM111,BAMBAO MSTANGA,KM111_0003,ONGONI,2028,3141
KM,Comores,KM1,NDZUWANI,KM11,DOMONI,KM112,DOMONI,KM112_0004,BWELADUGU,2028,986
KM,Comores,KM1,NDZUWANI,KM11,DOMONI,KM112,DOMONI,KM252_0007,DOMONI,2028,16202
KM,Comores,KM1,NDZUWANI,KM11,DOMONI,KM112,DOMONI,KM112_0003,LIMBI,2028,3442
KM,Comores,KM1,NDZUWANI,KM11,DOMONI,KM113,JIMLIME,KM113_0003,HAJOHO,2028,4982
KM,Comores,KM1,NDZUWANI,KM11,DOMONI,KM113,JIMLIME,KM113_0001,HAREMBO I,2028,767
KM,Comores,KM1,NDZUWANI,KM11,DOMONI,KM113,JIMLIME,KM113_0002,HAREMBO II,2028,1287
KM,Comores,KM1,NDZUWANI,KM11,DOMONI,KM113,JIMLIME,KM113_0004,JIMLIME,2028,8090
KM,Comores,KM1,NDZUWANI,KM11,DOMONI,KM114,KONI,KM114_0004,GEGE,2028,1471
KM,Comores,KM1,NDZUWANI,KM11,DOMONI,KM114,KONI,KM114_0003,HACHIPENDA,2028,2484
KM,Comores,KM1,NDZUWANI,KM11,DOMONI,KM114,KONI,KM114_0001,KONI DJODJO,2028,14144
KM,Comores,KM1,NDZUWANI,KM11,DOMONI,KM114,KONI,KM114_0002,KONI NGANI,2028,6812
KM,Comores,KM1,NDZUWANI,KM11,DOMONI,KM115,NGADZALE,KM115_0001,NGADZALE,2028,7279
KM,Comores,KM1,NDZUWANI,KM11,DOMONI,KM115,NGADZALE,KM115_0002,OUTSA,2028,957
KM,Comores,KM1,NDZUWANI,KM11,DOMONI,KM115,NGADZALE,KM115_0005,OUZINI,2028,2319
KM,Comores,KM1,NDZUWANI,KM11,DOMONI,KM115,NGADZALE,KM153_0014,SALAMANI,2028,2807
KM,Comores,KM1,NDZUWANI,KM16,MOYA,KM151,MOYA,KM151_0002,KOWET,2028,2768
KM,Comores,KM1,NDZUWANI,KM16,MOYA,KM151,MOYA,KM151_0005,LINGONI,2028,6518
KM,Comores,KM1,NDZUWANI,KM16,MOYA,KM151,MOYA,KM151_0007,MAWENI,2028,1046
KM,Comores,KM1,NDZUWANI,KM16,MOYA,KM151,MOYA,KM151_0001,MOYA,2028,11841
KM,Comores,KM1,NDZUWANI,KM16,MOYA,KM151,MOYA,KM151_0004,NINDRI,2028,4051
KM,Comores,KM1,NDZUWANI,KM16,MOYA,KM151,MOYA,KM151_0003,POMONI,2028,5584
KM,Comores,KM1,NDZUWANI,KM12,MREMANI,KM121,ADDA,KM121_0001,ADDA DAWENI,2028,15086
KM,Comores,KM1,NDZUWANI,KM12,MREMANI,KM121,ADDA,KM121_0002,DJANZA,2028,1092
KM,Comores,KM1,NDZUWANI,KM12,MREMANI,KM121,ADDA,KM121_0005,KANGANI,2028,6443
KM,Comores,KM1,NDZUWANI,KM12,MREMANI,KM121,ADDA,KM121_0003,MAGNASSINI,2028,5684
KM,Comores,KM1,NDZUWANI,KM12,MREMANI,KM123,MRAMANI,KM123_0004,DZIANII,2028,2580
KM,Comores,KM1,NDZUWANI,KM12,MREMANI,KM123,MRAMANI,KM123_0002,HANTSAHII,2028,1949
KM,Comores,KM1,NDZUWANI,KM12,MREMANI,KM123,MRAMANI,KM123_0001,MRAMANI,2028,5331
KM,Comores,KM1,NDZUWANI,KM12,MREMANI,KM123,MRAMANI,KM123_0003,NYAMBOIMRO,2028,2739
KM,Comores,KM1,NDZUWANI,KM12,MREMANI,KM124,MREMANI,KM124_0002,BANDA KOUNI,2028,4883
KM,Comores,KM1,NDZUWANI,KM12,MREMANI,KM124,MREMANI,KM124_0004,DAJI,2028,4116
KM,Comores,KM1,NDZUWANI,KM12,MREMANI,KM124,MREMANI,KM124_0001,MREMANI,2028,7208
KM,Comores,KM1,NDZUWANI,KM12,MREMANI,KM124,MREMANI,KM124_0003,MRIDJOU,2028,4620
KM,Comores,KM1,NDZUWANI,KM12,MREMANI,KM125,ONGOJOU,KM125_0002,KIYO,2028,2179
KM,Comores,KM1,NDZUWANI,KM12,MREMANI,KM125,ONGOJOU,KM125_0003,KOMONI,2028,3530
KM,Comores,KM1,NDZUWANI,KM12,MREMANI,KM125,ONGOJOU,KM125_0004,MIRONDRONI,2028,536
KM,Comores,KM1,NDZUWANI,KM12,MREMANI,KM125,ONGOJOU,KM125_0001,ONGODJOU,2028,8309
KM,Comores,KM1,NDZUWANI,KM12,MREMANI,KM125,ONGOJOU,KM125_0005,TRINDRINI,2028,211
KM,Comores,KM1,NDZUWANI,KM12,MREMANI,KM122,SHAWENI,KM122_0002,HAMCHACO,2028,2564
KM,Comores,KM1,NDZUWANI,KM12,MREMANI,KM122,SHAWENI,KM122_0005,MNADZICHOUMWE,2028,1330
KM,Comores,KM1,NDZUWANI,KM12,MREMANI,KM122,SHAWENI,KM122_0004,NOUNGA,2028,575
KM,Comores,KM1,NDZUWANI,KM12,MREMANI,KM122,SHAWENI,KM122_0003,SADAPOINI,2028,3848
KM,Comores,KM1,NDZUWANI,KM12,MREMANI,KM122,SHAWENI,KM122_0001,SHAWENI,2028,1426
KM,Comores,KM1,NDZUWANI,KM13,MUTSAMUDU,KM131,BANDRANI YA CHIRONKAMBA,KM131_0002,ANKIBANI,2028,2863
KM,Comores,KM1,NDZUWANI,KM13,MUTSAMUDU,KM131,BANDRANI YA CHIRONKAMBA,KM131_0008,BANDRADJOU,2028,2434
KM,Comores,KM1,NDZUWANI,KM13,MUTSAMUDU,KM131,BANDRANI YA CHIRONKAMBA,KM131_0006,CHICONI 2,2028,181
KM,Comores,KM1,NDZUWANI,KM13,MUTSAMUDU,KM131,BANDRANI YA CHIRONKAMBA,KM131_0003,CHIRONKAMBA,2028,2649
KM,Comores,KM1,NDZUWANI,KM13,MUTSAMUDU,KM131,BANDRANI YA CHIRONKAMBA,KM151_0007,MAWENI,2028,1059
KM,Comores,KM1,NDZUWANI,KM13,MUTSAMUDU,KM131,BANDRANI YA CHIRONKAMBA,KM131_0001,MDJIMANDRA,2028,3556
KM,Comores,KM1,NDZUWANI,KM13,MUTSAMUDU,KM131,BANDRANI YA CHIRONKAMBA,KM131_0007,MPOUZINI,2028,83
KM,Comores,KM1,NDZUWANI,KM13,MUTSAMUDU,KM132,Commune BANDRANI YA MITSANGANI,KM132_0001,BANDRANI MTSANGANI,2028,2533
KM,Comores,KM1,NDZUWANI,KM13,MUTSAMUDU,KM132,Commune BANDRANI YA MITSANGANI,KM132_0002,CHITROUNI,2028,1655
KM,Comores,KM1,NDZUWANI,KM13,MUTSAMUDU,KM132,Commune BANDRANI YA MITSANGANI,KM132_0004,MDJAMAOUE,2028,2280
KM,Comores,KM1,NDZUWANI,KM13,MUTSAMUDU,KM132,Commune BANDRANI YA MITSANGANI,KM132_0003,SAANDANI,2028,3024
KM,Comores,KM1,NDZUWANI,KM13,MUTSAMUDU,KM133,MIRONTSI,KM133_0001,MIRONTSI,2028,15801
KM,Comores,KM1,NDZUWANI,KM13,MUTSAMUDU,KM134,MUTSAMUDU,KM134_0005,CHICONI1,2028,5
KM,Comores,KM1,NDZUWANI,KM13,MUTSAMUDU,KM134,MUTSAMUDU,KM134_0001,MUTSAMUDU,2028,34709
KM,Comores,KM1,NDZUWANI,KM13,MUTSAMUDU,KM134,MUTSAMUDU,KM134_0003,MWAMWA I,2028,2510
KM,Comores,KM1,NDZUWANI,KM13,MUTSAMUDU,KM134,MUTSAMUDU,KM134_0004,MWAMWA II,2028,1057
KM,Comores,KM1,NDZUWANI,KM13,MUTSAMUDU,KM134,MUTSAMUDU,KM134_0002,PAJE,2028,7799
KM,Comores,KM1,NDZUWANI,KM14,OUANI,KM141,BAMBAO MTROUNI,KM141_0003,CHANDRA,2028,6540
KM,Comores,KM1,NDZUWANI,KM14,OUANI,KM141,BAMBAO MTROUNI,KM141_0002,DINDRI,2028,13656
KM,Comores,KM1,NDZUWANI,KM14,OUANI,KM141,BAMBAO MTROUNI,KM141_0001,TSEMBEHOU,2028,16595
KM,Comores,KM1,NDZUWANI,KM14,OUANI,KM142,BAZIMINI,KM142_0001,BAZIMINI,2028,10829
KM,Comores,KM1,NDZUWANI,KM14,OUANI,KM142,BAZIMINI,KM142_0002,KOKI,2028,8388
KM,Comores,KM1,NDZUWANI,KM14,OUANI,KM142,BAZIMINI,KM142_0003,PATSY,2028,5118
KM,Comores,KM1,NDZUWANI,KM14,OUANI,KM143,OUANI,KM143_0003,BARAKANI,2028,9268
KM,Comores,KM1,NDZUWANI,KM14,OUANI,KM143,OUANI,KM143_0004,GNATRANGA,2028,4334
KM,Comores,KM1,NDZUWANI,KM14,OUANI,KM143,OUANI,KM143_0001,OUANI,2028,13306
KM,Comores,KM1,NDZUWANI,KM14,OUANI,KM143,OUANI,KM143_0005,TANAMBAO,2028,2774
KM,Comores,KM1,NDZUWANI,KM15,SIMA,KM152,SIMA,KM152_0003,BIMBINI,2028,2353
KM,Comores,KM1,NDZUWANI,KM15,SIMA,KM152,SIMA,KM152_0004,BOUNGOUENI,2028,4657
KM,Comores,KM1,NDZUWANI,KM15,SIMA,KM152,SIMA,KM152_0002,KAVANI,2028,2862
KM,Comores,KM1,NDZUWANI,KM15,SIMA,KM152,SIMA,KM234_0004,MILEMBENI,2028,958
KM,Comores,KM1,NDZUWANI,KM15,SIMA,KM152,SIMA,KM152_0005,MIRONGANI,2028,1922
KM,Comores,KM1,NDZUWANI,KM15,SIMA,KM152,SIMA,KM232_0003,SIMA,2028,8832
KM,Comores,KM1,NDZUWANI,KM15,SIMA,KM153,VOUANI,KM153_0010,BANDRANI YA VOUANI,2028,2220
KM,Comores,KM1,NDZUWANI,KM15,SIMA,KM153,VOUANI,KM153_0011,CHIROVE,2028,348
KM,Comores,KM1,NDZUWANI,KM15,SIMA,KM153,VOUANI,KM153_0009,DAR SALAMA,2028,1771
KM,Comores,KM1,NDZUWANI,KM15,SIMA,KM153,VOUANI,KM153_0007,DZINDRI I,2028,3343
KM,Comores,KM1,NDZUWANI,KM15,SIMA,KM153,VOUANI,KM153_0003,HASSIMPAO,2028,2020
KM,Comores,KM1,NDZUWANI,KM15,SIMA,KM153,VOUANI,KM153_0006,IMERE,2028,590
KM,Comores,KM1,NDZUWANI,KM15,SIMA,KM153,VOUANI,KM153_0015,IMERE YA GAWANI,2028,978
KM,Comores,KM1,NDZUWANI,KM15,SIMA,KM153,VOUANI,KM153_0002,MARAHARE,2028,2594
KM,Comores,KM1,NDZUWANI,KM15,SIMA,KM153,VOUANI,KM153_0012,MARONTRONI,2028,536
KM,Comores,KM1,NDZUWANI,KM15,SIMA,KM153,VOUANI,KM153_0001,MROMOUHOULI,2028,800
KM,Comores,KM1,NDZUWANI,KM15,SIMA,KM153,VOUANI,KM153_0014,SALAMANI,2028,536
KM,Comores,KM1,NDZUWANI,KM15,SIMA,KM153,VOUANI,KM153_0004,SHITSANGASHELI,2028,204
KM,Comores,KM1,NDZUWANI,KM15,SIMA,KM153,VOUANI,KM153_0005,VASSI,2028,1664
KM,Comores,KM1,NDZUWANI,KM15,SIMA,KM153,VOUANI,KM153_0008,VOUANI,2028,4476
KM,Comores,KM2,NGAZIDJA,KM21,HAMAHAMET MBOINKOU,KM211,MBOINKOU,KM211_0008,BANDAMADJI LA MBOIKOU,2028,889
KM,Comores,KM2,NGAZIDJA,KM21,HAMAHAMET MBOINKOU,KM211,MBOINKOU,KM211_0004,CHEZANI,2028,3419
KM,Comores,KM2,NGAZIDJA,KM21,HAMAHAMET MBOINKOU,KM211,MBOINKOU,KM211_0007,HANTSINDZI,2028,2642
KM,Comores,KM2,NGAZIDJA,KM21,HAMAHAMET MBOINKOU,KM211,MBOINKOU,KM211_0001,MADJEOUENI,2028,2212
KM,Comores,KM2,NGAZIDJA,KM21,HAMAHAMET MBOINKOU,KM211,MBOINKOU,KM211_0005,NDROUDE,2028,2591
KM,Comores,KM2,NGAZIDJA,KM21,HAMAHAMET MBOINKOU,KM211,MBOINKOU,KM211_0006,NIOUMAMILIMA,2028,1678
KM,Comores,KM2,NGAZIDJA,KM21,HAMAHAMET MBOINKOU,KM211,MBOINKOU,KM211_0002,SADANI YA MBOIKOU,2028,776
KM,Comores,KM2,NGAZIDJA,KM21,HAMAHAMET MBOINKOU,KM211,MBOINKOU,KM211_0003,TRELEZINI,2028,687
KM,Comores,KM2,NGAZIDJA,KM21,HAMAHAMET MBOINKOU,KM212,NYUMA MRO,KM212_0005,BAMBADJANI,2028,1544
KM,Comores,KM2,NGAZIDJA,KM21,HAMAHAMET MBOINKOU,KM212,NYUMA MRO,KM212_0001,DIMADJOU YA HAMAHAMET,2028,3007
KM,Comores,KM2,NGAZIDJA,KM21,HAMAHAMET MBOINKOU,KM212,NYUMA MRO,KM212_0009,HADJAMBOU,2028,1592
KM,Comores,KM2,NGAZIDJA,KM21,HAMAHAMET MBOINKOU,KM212,NYUMA MRO,KM212_0007,ITSANDZENI,2028,2313
KM,Comores,KM2,NGAZIDJA,KM21,HAMAHAMET MBOINKOU,KM212,NYUMA MRO,KM212_0010,MBATSE YA HAMAHAMET,2028,290
KM,Comores,KM2,NGAZIDJA,KM21,HAMAHAMET MBOINKOU,KM212,NYUMA MRO,KM212_0003,MDJIHARI,2028,820
KM,Comores,KM2,NGAZIDJA,KM21,HAMAHAMET MBOINKOU,KM212,NYUMA MRO,KM212_0004,MOIDJA,2028,2553
KM,Comores,KM2,NGAZIDJA,KM21,HAMAHAMET MBOINKOU,KM212,NYUMA MRO,KM212_0006,NGOLE,2028,472
KM,Comores,KM2,NGAZIDJA,KM21,HAMAHAMET MBOINKOU,KM212,NYUMA MRO,KM212_0002,NYADOMBWENI,2028,1260
KM,Comores,KM2,NGAZIDJA,KM21,HAMAHAMET MBOINKOU,KM212,NYUMA MRO,KM212_0008,OUELLAH YA HAMAHAMET,2028,878
KM,Comores,KM2,NGAZIDJA,KM21,HAMAHAMET MBOINKOU,KM213,NYUMA MSIRU,KM213_0008,BATOU,2028,856
KM,Comores,KM2,NGAZIDJA,KM21,HAMAHAMET MBOINKOU,KM213,NYUMA MSIRU,KM213_0006,BOUNI,2028,1787
KM,Comores,KM2,NGAZIDJA,KM21,HAMAHAMET MBOINKOU,KM213,NYUMA MSIRU,KM213_0007,HEROUMBILI,2028,1847
KM,Comores,KM2,NGAZIDJA,KM21,HAMAHAMET MBOINKOU,KM213,NYUMA MSIRU,KM213_0010,IFOUNDIHE YA HAMAHAMET,2028,873
KM,Comores,KM2,NGAZIDJA,KM21,HAMAHAMET MBOINKOU,KM213,NYUMA MSIRU,KM213_0009,KOURANI YA HAMAHAMET,2028,166
KM,Comores,KM2,NGAZIDJA,KM21,HAMAHAMET MBOINKOU,KM213,NYUMA MSIRU,KM213_0001,MBENI,2028,6599
KM,Comores,KM2,NGAZIDJA,KM21,HAMAHAMET MBOINKOU,KM213,NYUMA MSIRU,KM213_0011,MNOUNGOU,2028,1571
KM,Comores,KM2,NGAZIDJA,KM21,HAMAHAMET MBOINKOU,KM213,NYUMA MSIRU,KM213_0004,SADA CHIHOUWE,2028,1005
KM,Comores,KM2,NGAZIDJA,KM21,HAMAHAMET MBOINKOU,KM213,NYUMA MSIRU,KM213_0005,SADA MHUWAMBOI,2028,255
KM,Comores,KM2,NGAZIDJA,KM21,HAMAHAMET MBOINKOU,KM213,NYUMA MSIRU,KM213_0003,SALIMANI YA HAMAHAMET,2028,793
KM,Comores,KM2,NGAZIDJA,KM21,HAMAHAMET MBOINKOU,KM213,NYUMA MSIRU,KM213_0002,SELEANI,2028,1787
KM,Comores,KM2,NGAZIDJA,KM22,HAMBOU,KM221,DJOUMOIPANGUA,KM221_0004,BAMBANI,2028,1602
KM,Comores,KM2,NGAZIDJA,KM22,HAMBOU,KM221,DJOUMOIPANGUA,KM221_0005,DZAHADJOU,2028,2729
KM,Comores,KM2,NGAZIDJA,KM22,HAMBOU,KM221,DJOUMOIPANGUA,KM221_0003,HETSA,2028,1075
KM,Comores,KM2,NGAZIDJA,KM22,HAMBOU,KM221,DJOUMOIPANGUA,KM221_0002,MDJOIEZI,2028,3880
KM,Comores,KM2,NGAZIDJA,KM22,HAMBOU,KM221,DJOUMOIPANGUA,KM221_0001,SINGANI,2028,2724
KM,Comores,KM2,NGAZIDJA,KM22,HAMBOU,KM222,TSINIMOIPANGUA,KM222_0005,BANGOI,2028,3642
KM,Comores,KM2,NGAZIDJA,KM22,HAMBOU,KM222,TSINIMOIPANGUA,KM222_0003,CHOUANI,2028,3370
KM,Comores,KM2,NGAZIDJA,KM22,HAMBOU,KM222,TSINIMOIPANGUA,KM222_0004,DJOUMOICHONGO,2028,1975
KM,Comores,KM2,NGAZIDJA,KM22,HAMBOU,KM222,TSINIMOIPANGUA,KM222_0001,MITSOUDJE,2028,4865
KM,Comores,KM2,NGAZIDJA,KM22,HAMBOU,KM222,TSINIMOIPANGUA,KM222_0006,NKOMIONI,2028,717
KM,Comores,KM2,NGAZIDJA,KM22,HAMBOU,KM222,TSINIMOIPANGUA,KM222_0007,SALIMANI,2028,2518
KM,Comores,KM2,NGAZIDJA,KM22,HAMBOU,KM222,TSINIMOIPANGUA,KM222_0002,TROUMBENI,2028,299
KM,Comores,KM2,NGAZIDJA,KM23,ITSANDRA HAMANVOU,KM231,BANGAANI,KM231_0007,BANDAMADJI LA ITSANDRA,2028,1179
KM,Comores,KM2,NGAZIDJA,KM23,ITSANDRA HAMANVOU,KM231,BANGAANI,KM231_0008,DIMADJOU YA ITSANDRA,2028,1827
KM,Comores,KM2,NGAZIDJA,KM23,ITSANDRA HAMANVOU,KM231,BANGAANI,KM231_0004,DZAHANI LA TSIDJE,2028,10165
KM,Comores,KM2,NGAZIDJA,KM23,ITSANDRA HAMANVOU,KM231,BANGAANI,KM231_0001,ITSANDRA MDJINI,2028,4212
KM,Comores,KM2,NGAZIDJA,KM23,ITSANDRA HAMANVOU,KM231,BANGAANI,KM231_0005,MAOUENI YA ITSANDRA,2028,1060
KM,Comores,KM2,NGAZIDJA,KM23,ITSANDRA HAMANVOU,KM231,BANGAANI,KM231_0006,MIRONTSI YA ITSANDRA,2028,564
KM,Comores,KM2,NGAZIDJA,KM23,ITSANDRA HAMANVOU,KM231,BANGAANI,KM231_0002,SALIMANI YA ITSANDRA,2028,4115
KM,Comores,KM2,NGAZIDJA,KM23,ITSANDRA HAMANVOU,KM231,BANGAANI,KM231_0003,SAMBA MBODONI,2028,1786
KM,Comores,KM2,NGAZIDJA,KM23,ITSANDRA HAMANVOU,KM232,DJOUMOICHONGO,KM232_0002,BAHANI,2028,2340
KM,Comores,KM2,NGAZIDJA,KM23,ITSANDRA HAMANVOU,KM232,DJOUMOICHONGO,KM232_0001,DZAHANI II,2028,1884
KM,Comores,KM2,NGAZIDJA,KM23,ITSANDRA HAMANVOU,KM232,DJOUMOICHONGO,KM232_0004,OUELLAH YA ITSANDRA,2028,1636
KM,Comores,KM2,NGAZIDJA,KM23,ITSANDRA HAMANVOU,KM232,DJOUMOICHONGO,KM232_0005,SAMBA KOUNI,2028,2634
KM,Comores,KM2,NGAZIDJA,KM23,ITSANDRA HAMANVOU,KM232,DJOUMOICHONGO,KM232_0003,SIMA,2028,1084
KM,Comores,KM2,NGAZIDJA,KM23,ITSANDRA HAMANVOU,KM233,HAMANVOU,KM233_0008,BIBAVOU,2028,1431
KM,Comores,KM2,NGAZIDJA,KM23,ITSANDRA HAMANVOU,KM233,HAMANVOU,KM233_0002,BOENINDI,2028,993
KM,Comores,KM2,NGAZIDJA,KM23,ITSANDRA HAMANVOU,KM233,HAMANVOU,KM233_0007,DIBOINI,2028,1856
KM,Comores,KM2,NGAZIDJA,KM23,ITSANDRA HAMANVOU,KM233,HAMANVOU,KM233_0001,HAHAYA,2028,5906
KM,Comores,KM2,NGAZIDJA,KM23,ITSANDRA HAMANVOU,KM233,HAMANVOU,KM233_0004,MBALENI,2028,238
KM,Comores,KM2,NGAZIDJA,KM23,ITSANDRA HAMANVOU,KM233,HAMANVOU,KM233_0003,MBAMBANI YA HAMANVOU,2028,897
KM,Comores,KM2,NGAZIDJA,KM23,ITSANDRA HAMANVOU,KM233,HAMANVOU,KM233_0006,MBANGANI,2028,1901
KM,Comores,KM2,NGAZIDJA,KM23,ITSANDRA HAMANVOU,KM233,HAMANVOU,KM233_0009,MILEVANI,2028,1583
KM,Comores,KM2,NGAZIDJA,KM23,ITSANDRA HAMANVOU,KM233,HAMANVOU,KM233_0005,OUSSIVO,2028,2941
KM,Comores,KM2,NGAZIDJA,KM23,ITSANDRA HAMANVOU,KM234,ISAHARI,KM234_0002,HANTSAMBOU,2028,2090
KM,Comores,KM2,NGAZIDJA,KM23,ITSANDRA HAMANVOU,KM234,ISAHARI,KM234_0004,MILEMBENI,2028,1274
KM,Comores,KM2,NGAZIDJA,KM23,ITSANDRA HAMANVOU,KM234,ISAHARI,KM234_0001,NTSOUDJINI,2028,5572
KM,Comores,KM2,NGAZIDJA,KM23,ITSANDRA HAMANVOU,KM234,ISAHARI,KM234_0005,ZIVANDANI,2028,1718
KM,Comores,KM2,NGAZIDJA,KM23,ITSANDRA HAMANVOU,KM235,MBADANI,KM235_0001,BATSA ITSANDRA,2028,3436
KM,Comores,KM2,NGAZIDJA,KM23,ITSANDRA HAMANVOU,KM235,MBADANI,KM235_0005,DZAHADJOU LA ITSANDRA,2028,1822
KM,Comores,KM2,NGAZIDJA,KM23,ITSANDRA HAMANVOU,KM235,MBADANI,KM235_0004,MHANDANI,2028,707
KM,Comores,KM2,NGAZIDJA,KM23,ITSANDRA HAMANVOU,KM235,MBADANI,KM235_0003,VANADJOU,2028,1238
KM,Comores,KM2,NGAZIDJA,KM23,ITSANDRA HAMANVOU,KM235,MBADANI,KM235_0002,VANAMBOINI,2028,2687
KM,Comores,KM2,NGAZIDJA,KM23,ITSANDRA HAMANVOU,KM235,MBADANI,KM235_0006,VOUNA MBADANI,2028,1009
KM,Comores,KM2,NGAZIDJA,KM24,MBADJINI EST,KM241,DOMBA,KM241_0002,BANDADAOUENI,2028,1937
KM,Comores,KM2,NGAZIDJA,KM24,MBADJINI EST,KM241,DOMBA,KM241_0001,BANDAMADJI LADOMBA,2028,1365
KM,Comores,KM2,NGAZIDJA,KM24,MBADJINI EST,KM241,DOMBA,KM241_0004,OUNGONI,2028,1288
KM,Comores,KM2,NGAZIDJA,KM24,MBADJINI EST,KM241,DOMBA,KM264_0004,PIDJANI,2028,2782
KM,Comores,KM2,NGAZIDJA,KM24,MBADJINI EST,KM241,DOMBA,KM241_0003,TSINIMOIPANGA,2028,3132
KM,Comores,KM2,NGAZIDJA,KM24,MBADJINI EST,KM242,ITSAHIDI,KM242_0007,CHINDINI,2028,2206
KM,Comores,KM2,NGAZIDJA,KM24,MBADJINI EST,KM242,ITSAHIDI,KM242_0009,DZAHADJOU LA MBADJINI,2028,1434
KM,Comores,KM2,NGAZIDJA,KM24,MBADJINI EST,KM242,ITSAHIDI,KM242_0001,FOUMBOUNI,2028,3283
KM,Comores,KM2,NGAZIDJA,KM24,MBADJINI EST,KM242,ITSAHIDI,KM242_0002,KOIMBANI LA MBADJINI,2028,569
KM,Comores,KM2,NGAZIDJA,KM24,MBADJINI EST,KM242,ITSAHIDI,KM242_0003,MALE,2028,2919
KM,Comores,KM2,NGAZIDJA,KM24,MBADJINI EST,KM242,ITSAHIDI,KM242_0004,MIDJENDJENI,2028,530
KM,Comores,KM2,NGAZIDJA,KM24,MBADJINI EST,KM242,ITSAHIDI,KM242_0010,MOHORO,2028,2758
KM,Comores,KM2,NGAZIDJA,KM24,MBADJINI EST,KM242,ITSAHIDI,KM242_0006,NDZOUANI,2028,261
KM,Comores,KM2,NGAZIDJA,KM24,MBADJINI EST,KM242,ITSAHIDI,KM242_0011,NGNOUMADZHA MVOUBARI,2028,2619
KM,Comores,KM2,NGAZIDJA,KM24,MBADJINI EST,KM242,ITSAHIDI,KM242_0005,OUROVENI,2028,1818
KM,Comores,KM2,NGAZIDJA,KM24,MBADJINI EST,KM242,ITSAHIDI,KM242_0008,SIMAMBOINI,2028,1198
KM,Comores,KM2,NGAZIDJA,KM24,MBADJINI EST,KM243,PIMBA,KM243_0004,BANDAMADJI LA KOUBOINI,2028,977
KM,Comores,KM2,NGAZIDJA,KM24,MBADJINI EST,KM243,PIMBA,KM243_0005,DARISSALAMA,2028,668
KM,Comores,KM2,NGAZIDJA,KM24,MBADJINI EST,KM243,PIMBA,KM243_0009,DIDJONI,2028,757
KM,Comores,KM2,NGAZIDJA,KM24,MBADJINI EST,KM243,PIMBA,KM243_0002,INANI,2028,1127
KM,Comores,KM2,NGAZIDJA,KM24,MBADJINI EST,KM243,PIMBA,KM243_0010,KOVE,2028,1094
KM,Comores,KM2,NGAZIDJA,KM24,MBADJINI EST,KM243,PIMBA,KM243_0006,MLALOI NKOUDJOU,2028,1364
KM,Comores,KM2,NGAZIDJA,KM24,MBADJINI EST,KM243,PIMBA,KM243_0003,NGNAMBENI,2028,2231
KM,Comores,KM2,NGAZIDJA,KM24,MBADJINI EST,KM243,PIMBA,KM243_0007,NGNOUMA MILIMA,2028,3827
KM,Comores,KM2,NGAZIDJA,KM24,MBADJINI EST,KM243,PIMBA,KM243_0008,NKOURANI MKANGA,2028,807
KM,Comores,KM2,NGAZIDJA,KM24,MBADJINI EST,KM243,PIMBA,KM243_0001,SIMBOUSSA YA MBADJINI,2028,2491
KM,Comores,KM2,NGAZIDJA,KM25,MBADJINI OUEST,KM251,NGOUENGOE,KM251_0001,DEMBENI,2028,2757
KM,Comores,KM2,NGAZIDJA,KM25,MBADJINI OUEST,KM251,NGOUENGOE,KM251_0011,ITSOUDZOU,2028,290
KM,Comores,KM2,NGAZIDJA,KM25,MBADJINI OUEST,KM251,NGOUENGOE,KM251_0009,KANDZILE,2028,1564
KM,Comores,KM2,NGAZIDJA,KM25,MBADJINI OUEST,KM251,NGOUENGOE,KM251_0010,MAKORANI,2028,57
KM,Comores,KM2,NGAZIDJA,KM25,MBADJINI OUEST,KM251,NGOUENGOE,KM251_0007,MANDZISSANI,2028,641
KM,Comores,KM2,NGAZIDJA,KM25,MBADJINI OUEST,KM251,NGOUENGOE,KM251_0003,MBOUDE YA MBOINI,2028,719
KM,Comores,KM2,NGAZIDJA,KM25,MBADJINI OUEST,KM251,NGOUENGOE,KM251_0002,MDJAMKAGNOI,2028,1162
KM,Comores,KM2,NGAZIDJA,KM25,MBADJINI OUEST,KM251,NGOUENGOE,KM251_0006,MINDRADOU,2028,565
KM,Comores,KM2,NGAZIDJA,KM25,MBADJINI OUEST,KM251,NGOUENGOE,KM251_0004,MLIMANI,2028,241
KM,Comores,KM2,NGAZIDJA,KM25,MBADJINI OUEST,KM251,NGOUENGOE,KM251_0005,PANDA,2028,1060
KM,Comores,KM2,NGAZIDJA,KM25,MBADJINI OUEST,KM251,NGOUENGOE,KM251_0008,TSINI MOICHONGO,2028,2841
KM,Comores,KM2,NGAZIDJA,KM25,MBADJINI OUEST,KM252,NIOUMAGAMA,KM252_0004,DIMA,2028,691
KM,Comores,KM2,NGAZIDJA,KM25,MBADJINI OUEST,KM252,NIOUMAGAMA,KM252_0007,DOMONI,2028,990
KM,Comores,KM2,NGAZIDJA,KM25,MBADJINI OUEST,KM252,NIOUMAGAMA,KM252_0008,DZOIDJOU,2028,884
KM,Comores,KM2,NGAZIDJA,KM25,MBADJINI OUEST,KM252,NIOUMAGAMA,KM252_0009,FAMARE,2028,649
KM,Comores,KM2,NGAZIDJA,KM25,MBADJINI OUEST,KM252,NIOUMAGAMA,KM252_0002,IFOUNDIHE CHADJOU,2028,283
KM,Comores,KM2,NGAZIDJA,KM25,MBADJINI OUEST,KM252,NIOUMAGAMA,KM252_0003,IFOUNDIHE CHAMBOINI,2028,1327
KM,Comores,KM2,NGAZIDJA,KM25,MBADJINI OUEST,KM252,NIOUMAGAMA,KM252_0005,NKOURANI YA SIMA,2028,10886
KM,Comores,KM2,NGAZIDJA,KM25,MBADJINI OUEST,KM252,NIOUMAGAMA,KM252_0001,OUZIOINI,2028,2766
KM,Comores,KM2,NGAZIDJA,KM26,MBOUDE,KM265,NYUMAMRO KIBLANI,KM265_0002,CHAMLE,2028,1806
KM,Comores,KM2,NGAZIDJA,KM26,MBOUDE,KM265,NYUMAMRO KIBLANI,KM265_0001,DJOMANI,2028,4357
KM,Comores,KM2,NGAZIDJA,KM26,MBOUDE,KM265,NYUMAMRO KIBLANI,KM265_0007,DOUNIANI,2028,2401
KM,Comores,KM2,NGAZIDJA,KM26,MBOUDE,KM265,NYUMAMRO KIBLANI,KM265_0006,HELINDJE,2028,2346
KM,Comores,KM2,NGAZIDJA,KM26,MBOUDE,KM265,NYUMAMRO KIBLANI,KM265_0009,KOUA,2028,878
KM,Comores,KM2,NGAZIDJA,KM26,MBOUDE,KM265,NYUMAMRO KIBLANI,KM265_0004,MANDZA YA MBOUDE,2028,2095
KM,Comores,KM2,NGAZIDJA,KM26,MBOUDE,KM265,NYUMAMRO KIBLANI,KM265_0005,MDJOIEZI YA MBOUNDE,2028,1064
KM,Comores,KM2,NGAZIDJA,KM26,MBOUDE,KM265,NYUMAMRO KIBLANI,KM265_0003,VOUVOUNI YA MBOUNDE,2028,610
KM,Comores,KM2,NGAZIDJA,KM26,MBOUDE,KM266,NYUMAMRO SOUHEILI,KM266_0003,DJONGOE,2028,1140
KM,Comores,KM2,NGAZIDJA,KM26,MBOUDE,KM266,NYUMAMRO SOUHEILI,KM266_0007,DOMOIDJOU,2028,1180
KM,Comores,KM2,NGAZIDJA,KM26,MBOUDE,KM266,NYUMAMRO SOUHEILI,KM266_0008,DOMOIMBOINI,2028,569
KM,Comores,KM2,NGAZIDJA,KM26,MBOUDE,KM266,NYUMAMRO SOUHEILI,KM266_0002,IVEMBENI,2028,5074
KM,Comores,KM2,NGAZIDJA,KM26,MBOUDE,KM266,NYUMAMRO SOUHEILI,KM266_0004,MAOUENI YA MBOUDE,2028,1602
KM,Comores,KM2,NGAZIDJA,KM26,MBOUDE,KM266,NYUMAMRO SOUHEILI,KM266_0009,MOIDJA YA MBOUDE,2028,740
KM,Comores,KM2,NGAZIDJA,KM26,MBOUDE,KM266,NYUMAMRO SOUHEILI,KM266_0001,NTSAOUENI,2028,4170
KM,Comores,KM2,NGAZIDJA,KM26,MBOUDE,KM266,NYUMAMRO SOUHEILI,KM266_0006,NTSORALE YA MBOUDE,2028,867
KM,Comores,KM2,NGAZIDJA,KM26,MBOUDE,KM266,NYUMAMRO SOUHEILI,KM266_0005,SIMBOUSSA YA MBOUDE,2028,422
KM,Comores,KM2,NGAZIDJA,KM26,MITSAMIOULI,KM261,CEMBENOI LAC SALE,KM261_0001,BANGOIKOUNI,2028,3222
KM,Comores,KM2,NGAZIDJA,KM26,MITSAMIOULI,KM261,CEMBENOI LAC SALE,KM261_0002,BATSA YA MITSAMIHOULI,2028,1531
KM,Comores,KM2,NGAZIDJA,KM26,MITSAMIOULI,KM261,CEMBENOI LAC SALE,KM261_0004,IVOINI,2028,2059
KM,Comores,KM2,NGAZIDJA,KM26,MITSAMIOULI,KM261,CEMBENOI LAC SALE,KM261_0003,OUZIO,2028,3387
KM,Comores,KM2,NGAZIDJA,KM26,MITSAMIOULI,KM262,CEMBENOI SADA DJOULAMLIMA,KM265_0009,KOUA,2028,1937
KM,Comores,KM2,NGAZIDJA,KM26,MITSAMIOULI,KM262,CEMBENOI SADA DJOULAMLIMA,KM262_0004,OUELLAH YA MITSAMIHOULI,2028,5433
KM,Comores,KM2,NGAZIDJA,KM26,MITSAMIOULI,KM262,CEMBENOI SADA DJOULAMLIMA,KM262_0001,OUEMANI,2028,833
KM,Comores,KM2,NGAZIDJA,KM26,MITSAMIOULI,KM263,MITSAMIOULI,KM263_0003,FASSI,2028,591
KM,Comores,KM2,NGAZIDJA,KM26,MITSAMIOULI,KM263,MITSAMIOULI,KM263_0002,HADAWA,2028,734
KM,Comores,KM2,NGAZIDJA,KM26,MITSAMIOULI,KM263,MITSAMIOULI,KM263_0001,MEMBOI - BOINI,2028,1108
KM,Comores,KM2,NGAZIDJA,KM26,MITSAMIOULI,KM263,MITSAMIOULI,KM263_0004,MITSAMIHOULI,2028,6389
KM,Comores,KM2,NGAZIDJA,KM26,MITSAMIOULI,KM263,MITSAMIOULI,KM263_0006,NDZAOUZE,2028,3468
KM,Comores,KM2,NGAZIDJA,KM26,MITSAMIOULI,KM263,MITSAMIOULI,KM263_0005,NKOURANI YA MITSAMIHOULI,2028,459
KM,Comores,KM2,NGAZIDJA,KM26,MITSAMIOULI,KM264,NYUMA KOMO,KM264_0001,BANGOI MAFUSA NKOA,2028,852
KM,Comores,KM2,NGAZIDJA,KM26,MITSAMIOULI,KM264,NYUMA KOMO,KM264_0008,FOUNGA,2028,1185
KM,Comores,KM2,NGAZIDJA,KM26,MITSAMIOULI,KM264,NYUMA KOMO,KM264_0002,MEMBOI - DJOU,2028,2074
KM,Comores,KM2,NGAZIDJA,KM26,MITSAMIOULI,KM264,NYUMA KOMO,KM264_0007,NTSADJENI,2028,2171
KM,Comores,KM2,NGAZIDJA,KM26,MITSAMIOULI,KM264,NYUMA KOMO,KM264_0009,OUHOZI,2028,1549
KM,Comores,KM2,NGAZIDJA,KM26,MITSAMIOULI,KM264,NYUMA KOMO,KM264_0004,PIDJANI,2028,754
KM,Comores,KM2,NGAZIDJA,KM26,MITSAMIOULI,KM264,NYUMA KOMO,KM264_0005,SONGOMANI,2028,605
KM,Comores,KM2,NGAZIDJA,KM26,MITSAMIOULI,KM264,NYUMA KOMO,KM264_0006,TOIYFA,2028,607
KM,Comores,KM2,NGAZIDJA,KM27,MORONI BAMBAO,KM273,BAMBAO YA DJOU,KM273_0002,M'VOUNI,2028,6920
KM,Comores,KM2,NGAZIDJA,KM27,MORONI BAMBAO,KM273,BAMBAO YA DJOU,KM273_0003,MAVINGOUNI,2028,2273
KM,Comores,KM2,NGAZIDJA,KM27,MORONI BAMBAO,KM273,BAMBAO YA DJOU,KM273_0001,MKAZI,2028,8214
KM,Comores,KM2,NGAZIDJA,KM27,MORONI BAMBAO,KM271,BAMBAO YA HARI,KM271_0010,BOENI YA BAMBAO,2028,2684
KM,Comores,KM2,NGAZIDJA,KM27,MORONI BAMBAO,KM271,BAMBAO YA HARI,KM271_0007,DAOUENI,2028,489
KM,Comores,KM2,NGAZIDJA,KM27,MORONI BAMBAO,KM271,BAMBAO YA HARI,KM283_0003,DZAHANI,2028,873
KM,Comores,KM2,NGAZIDJA,KM27,MORONI BAMBAO,KM271,BAMBAO YA HARI,KM271_0002,M'DE,2028,8391
KM,Comores,KM2,NGAZIDJA,KM27,MORONI BAMBAO,KM271,BAMBAO YA HARI,KM271_0006,MBOUDADJOU,2028,1328
KM,Comores,KM2,NGAZIDJA,KM27,MORONI BAMBAO,KM271,BAMBAO YA HARI,KM271_0005,MOIDZAZA DJOUMBE,2028,596
KM,Comores,KM2,NGAZIDJA,KM27,MORONI BAMBAO,KM271,BAMBAO YA HARI,KM271_0004,NIOUMADZAHA,2028,4146
KM,Comores,KM2,NGAZIDJA,KM27,MORONI BAMBAO,KM271,BAMBAO YA HARI,KM271_0003,SELEA,2028,2751
KM,Comores,KM2,NGAZIDJA,KM27,MORONI BAMBAO,KM271,BAMBAO YA HARI,KM271_0001,VOUVOUNI,2028,5579
KM,Comores,KM2,NGAZIDJA,KM27,MORONI BAMBAO,KM272,BAMBAO YA MBOINI,KM272_0001,ICONI,2028,7044
KM,Comores,KM2,NGAZIDJA,KM27,MORONI BAMBAO,KM272,BAMBAO YA MBOINI,KM272_0002,MBACHILE,2028,2159
KM,Comores,KM2,NGAZIDJA,KM27,MORONI BAMBAO,KM272,BAMBAO YA MBOINI,KM272_0003,MOIDZAZA - MBOINI,2028,3651
KM,Comores,KM2,NGAZIDJA,KM27,MORONI BAMBAO,KM272,BAMBAO YA MBOINI,KM272_0004,NDROUANI,2028,1771
KM,Comores,KM2,NGAZIDJA,KM27,MORONI BAMBAO,KM272,BAMBAO YA MBOINI,KM272_0005,SEREHINI,2028,956
KM,Comores,KM2,NGAZIDJA,KM27,MORONI BAMBAO,KM274,MORONI,KM274_0001,MORONI,2028,96101
KM,Comores,KM2,NGAZIDJA,KM28,OICHILI DIMANI,KM281,DIMANI,KM281_0002,FOUMBOU DZIVOUNI,2028,573
KM,Comores,KM2,NGAZIDJA,KM28,OICHILI DIMANI,KM281,DIMANI,KM281_0007,IDJINKOUNDZI,2028,3112
KM,Comores,KM2,NGAZIDJA,KM28,OICHILI DIMANI,KM281,DIMANI,KM281_0006,IDJOINDRADJA,2028,243
KM,Comores,KM2,NGAZIDJA,KM28,OICHILI DIMANI,KM281,DIMANI,KM281_0005,MADJOMA,2028,703
KM,Comores,KM2,NGAZIDJA,KM28,OICHILI DIMANI,KM281,DIMANI,KM281_0008,MAOUENI DIMANI,2028,1929
KM,Comores,KM2,NGAZIDJA,KM28,OICHILI DIMANI,KM281,DIMANI,KM281_0003,MBOUDE,2028,830
KM,Comores,KM2,NGAZIDJA,KM28,OICHILI DIMANI,KM281,DIMANI,KM281_0004,MIDJINDZE,2028,199
KM,Comores,KM2,NGAZIDJA,KM28,OICHILI DIMANI,KM281,DIMANI,KM281_0009,MIRERENI,2028,669
KM,Comores,KM2,NGAZIDJA,KM28,OICHILI DIMANI,KM281,DIMANI,KM281_0001,MTSANGADJOU,2028,1650
KM,Comores,KM2,NGAZIDJA,KM28,OICHILI DIMANI,KM281,DIMANI,KM281_0010,NTSORALE,2028,3152
KM,Comores,KM2,NGAZIDJA,KM28,OICHILI DIMANI,KM281,DIMANI,KM281_0012,REHEMANI,2028,522
KM,Comores,KM2,NGAZIDJA,KM28,OICHILI DIMANI,KM281,DIMANI,KM281_0011,SIDJOU,2028,1109
KM,Comores,KM2,NGAZIDJA,KM28,OICHILI DIMANI,KM283,OICHILI YABOINI,KM283_0003,DZAHANI,2028,852
KM,Comores,KM2,NGAZIDJA,KM28,OICHILI DIMANI,KM283,OICHILI YABOINI,KM283_0006,HAMBOU,2028,1279
KM,Comores,KM2,NGAZIDJA,KM28,OICHILI DIMANI,KM283,OICHILI YABOINI,KM283_0007,HASSENDJE,2028,376
KM,Comores,KM2,NGAZIDJA,KM28,OICHILI DIMANI,KM283,OICHILI YABOINI,KM283_0001,ITSINKOUDI,2028,3145
KM,Comores,KM2,NGAZIDJA,KM28,OICHILI DIMANI,KM283,OICHILI YABOINI,KM283_0004,KOUHANI,2028,615
KM,Comores,KM2,NGAZIDJA,KM28,OICHILI DIMANI,KM283,OICHILI YABOINI,KM283_0005,MTSAMDU,2028,1486
KM,Comores,KM2,NGAZIDJA,KM28,OICHILI DIMANI,KM282,OICHILI YADJOU,KM282_0003,BOENI YAWACHILI,2028,1112
KM,Comores,KM2,NGAZIDJA,KM28,OICHILI DIMANI,KM282,OICHILI YADJOU,KM282_0009,CHAMRO,2028,203
KM,Comores,KM2,NGAZIDJA,KM28,OICHILI DIMANI,KM282,OICHILI YADJOU,KM282_0007,CHOMONI,2028,1050
KM,Comores,KM2,NGAZIDJA,KM28,OICHILI DIMANI,KM282,OICHILI YADJOU,KM282_0004,DZAHADJOU YA WACHILI,2028,1342
KM,Comores,KM2,NGAZIDJA,KM28,OICHILI DIMANI,KM282,OICHILI YADJOU,KM282_0002,IROHE,2028,1221
KM,Comores,KM2,NGAZIDJA,KM28,OICHILI DIMANI,KM282,OICHILI YADJOU,KM282_0001,KOIMBANI YA WACHILI,2028,3767
KM,Comores,KM2,NGAZIDJA,KM28,OICHILI DIMANI,KM282,OICHILI YADJOU,KM282_0005,SADA,2028,458
KM,Comores,KM2,NGAZIDJA,KM28,OICHILI DIMANI,KM282,OICHILI YADJOU,KM282_0006,SADANI,2028,791
KM,Comores,KM2,NGAZIDJA,KM28,OICHILI DIMANI,KM282,OICHILI YADJOU,KM282_0008,SAMBA MADI,2028,138
KM,Comores,KM2,NGAZIDJA,KM28,OICHILI DIMANI,KM282,OICHILI YADJOU,KM282_0010,SIMA YA WACHILI,2028,1320
KM,Comores,KM3,MWALI,KM31,DJANDO,KM311,DJANDO,KM311_0006,HAGNAMOIDA,2029,1161
KM,Comores,KM3,MWALI,KM31,DJANDO,KM311,DJANDO,KM311_0008,HAMAVOUNA,2029,1884
KM,Comores,KM3,MWALI,KM31,DJANDO,KM311,DJANDO,KM311_0007,ITSAMIA,2029,575
KM,Comores,KM3,MWALI,KM31,DJANDO,KM311,DJANDO,KM121_0005,KANGANI,2029,1928
KM,Comores,KM3,MWALI,KM31,DJANDO,KM311,DJANDO,KM311_0003,MLANBANDA,2029,578
KM,Comores,KM3,MWALI,KM31,DJANDO,KM311,DJANDO,KM311_0002,WANANI,2029,4676
KM,Comores,KM3,MWALI,KM31,DJANDO,KM311,DJANDO,KM311_0001,ZIROUDANI,2029,2481
KM,Comores,KM3,MWALI,KM32,FOMBONI,KM321,FOMBONI,KM321_0001,FOMBONI,2029,24568
KM,Comores,KM3,MWALI,KM32,FOMBONI,KM322,MOILI MDJINI,KM322_0002,BANDAR SALAMA,2029,3428
KM,Comores,KM3,MWALI,KM32,FOMBONI,KM322,MOILI MDJINI,KM322_0003,DJOIEZI,2029,4180
KM,Comores,KM3,MWALI,KM32,FOMBONI,KM322,MOILI MDJINI,KM322_0001,MBOIGOMA,2029,2920
KM,Comores,KM3,MWALI,KM32,FOMBONI,KM323,MOINBASSA,KM252_0007,DOMONI,2029,367
KM,Comores,KM3,MWALI,KM32,FOMBONI,KM323,MOINBASSA,KM323_0002,HOANI,2029,3124
KM,Comores,KM3,MWALI,KM32,FOMBONI,KM323,MOINBASSA,KM323_0001,M'BATSE,2029,5223
KM,Comores,KM3,MWALI,KM33,NIOUMACHOUA,KM331,MLEDJELE,KM331_0001,MIREMANI,2029,409
KM,Comores,KM3,MWALI,KM33,NIOUMACHOUA,KM331,MLEDJELE,KM331_0004,NDREMEANI,2029,81
KM,Comores,KM3,MWALI,KM33,NIOUMACHOUA,KM331,MLEDJELE,KM331_0002,NDRONDRONI,2029,6024
KM,Comores,KM3,MWALI,KM33,NIOUMACHOUA,KM331,MLEDJELE,KM331_0003,NIOUMACHOUA,2029,4730
KM,Comores,KM3,MWALI,KM33,NIOUMACHOUA,KM332,MOIMBAO,KM143_0003,BARAKANI,2029,1336
KM,Comores,KM3,MWALI,KM33,NIOUMACHOUA,KM332,MOIMBAO,KM332_0001,HAMBA,2029,345
KM,Comores,KM3,MWALI,KM33,NIOUMACHOUA,KM332,MOIMBAO,KM332_0004,MIRINGONI,2029,1431
KM,Comores,KM3,MWALI,KM33,NIOUMACHOUA,KM332,MOIMBAO,KM332_0005,WALLAH 1,2029,634
KM,Comores,KM3,MWALI,KM33,NIOUMACHOUA,KM332,MOIMBAO,KM332_0006,WALLAH 2,2029,1186
KM,Comores,KM1,NDZUWANI,KM11,DOMONI,KM111,BAMBAO MSTANGA,KM111_0001,BAMBAO MTSANGA,2029,6784
KM,Comores,KM1,NDZUWANI,KM11,DOMONI,KM111,BAMBAO MSTANGA,KM111_0004,MAHALE,2029,4844
KM,Comores,KM1,NDZUWANI,KM11,DOMONI,KM111,BAMBAO MSTANGA,KM111_0002,MROMAJI,2029,3752
KM,Comores,KM1,NDZUWANI,KM11,DOMONI,KM111,BAMBAO MSTANGA,KM111_0003,ONGONI,2029,3218
KM,Comores,KM1,NDZUWANI,KM11,DOMONI,KM112,DOMONI,KM112_0004,BWELADUGU,2029,1010
KM,Comores,KM1,NDZUWANI,KM11,DOMONI,KM112,DOMONI,KM252_0007,DOMONI,2029,16597
KM,Comores,KM1,NDZUWANI,KM11,DOMONI,KM112,DOMONI,KM112_0003,LIMBI,2029,3525
KM,Comores,KM1,NDZUWANI,KM11,DOMONI,KM113,JIMLIME,KM113_0003,HAJOHO,2029,5103
KM,Comores,KM1,NDZUWANI,KM11,DOMONI,KM113,JIMLIME,KM113_0001,HAREMBO I,2029,786
KM,Comores,KM1,NDZUWANI,KM11,DOMONI,KM113,JIMLIME,KM113_0002,HAREMBO II,2029,1319
KM,Comores,KM1,NDZUWANI,KM11,DOMONI,KM113,JIMLIME,KM113_0004,JIMLIME,2029,8287
KM,Comores,KM1,NDZUWANI,KM11,DOMONI,KM114,KONI,KM114_0004,GEGE,2029,1506
KM,Comores,KM1,NDZUWANI,KM11,DOMONI,KM114,KONI,KM114_0003,HACHIPENDA,2029,2544
KM,Comores,KM1,NDZUWANI,KM11,DOMONI,KM114,KONI,KM114_0001,KONI DJODJO,2029,14489
KM,Comores,KM1,NDZUWANI,KM11,DOMONI,KM114,KONI,KM114_0002,KONI NGANI,2029,6978
KM,Comores,KM1,NDZUWANI,KM11,DOMONI,KM115,NGADZALE,KM115_0001,NGADZALE,2029,7456
KM,Comores,KM1,NDZUWANI,KM11,DOMONI,KM115,NGADZALE,KM115_0002,OUTSA,2029,980
KM,Comores,KM1,NDZUWANI,KM11,DOMONI,KM115,NGADZALE,KM115_0005,OUZINI,2029,2376
KM,Comores,KM1,NDZUWANI,KM11,DOMONI,KM115,NGADZALE,KM153_0014,SALAMANI,2029,2875
KM,Comores,KM1,NDZUWANI,KM16,MOYA,KM151,MOYA,KM151_0002,KOWET,2029,2836
KM,Comores,KM1,NDZUWANI,KM16,MOYA,KM151,MOYA,KM151_0005,LINGONI,2029,6677
KM,Comores,KM1,NDZUWANI,KM16,MOYA,KM151,MOYA,KM151_0007,MAWENI,2029,1072
KM,Comores,KM1,NDZUWANI,KM16,MOYA,KM151,MOYA,KM151_0001,MOYA,2029,12129
KM,Comores,KM1,NDZUWANI,KM16,MOYA,KM151,MOYA,KM151_0004,NINDRI,2029,4149
KM,Comores,KM1,NDZUWANI,KM16,MOYA,KM151,MOYA,KM151_0003,POMONI,2029,5720
KM,Comores,KM1,NDZUWANI,KM12,MREMANI,KM121,ADDA,KM121_0001,ADDA DAWENI,2029,15453
KM,Comores,KM1,NDZUWANI,KM12,MREMANI,KM121,ADDA,KM121_0002,DJANZA,2029,1119
KM,Comores,KM1,NDZUWANI,KM12,MREMANI,KM121,ADDA,KM121_0005,KANGANI,2029,6600
KM,Comores,KM1,NDZUWANI,KM12,MREMANI,KM121,ADDA,KM121_0003,MAGNASSINI,2029,5823
KM,Comores,KM1,NDZUWANI,KM12,MREMANI,KM123,MRAMANI,KM123_0004,DZIANII,2029,2643
KM,Comores,KM1,NDZUWANI,KM12,MREMANI,KM123,MRAMANI,KM123_0002,HANTSAHII,2029,1996
KM,Comores,KM1,NDZUWANI,KM12,MREMANI,KM123,MRAMANI,KM123_0001,MRAMANI,2029,5461
KM,Comores,KM1,NDZUWANI,KM12,MREMANI,KM123,MRAMANI,KM123_0003,NYAMBOIMRO,2029,2806
KM,Comores,KM1,NDZUWANI,KM12,MREMANI,KM124,MREMANI,KM124_0002,BANDA KOUNI,2029,5002
KM,Comores,KM1,NDZUWANI,KM12,MREMANI,KM124,MREMANI,KM124_0004,DAJI,2029,4217
KM,Comores,KM1,NDZUWANI,KM12,MREMANI,KM124,MREMANI,KM124_0001,MREMANI,2029,7383
KM,Comores,KM1,NDZUWANI,KM12,MREMANI,KM124,MREMANI,KM124_0003,MRIDJOU,2029,4732
KM,Comores,KM1,NDZUWANI,KM12,MREMANI,KM125,ONGOJOU,KM125_0002,KIYO,2029,2232
KM,Comores,KM1,NDZUWANI,KM12,MREMANI,KM125,ONGOJOU,KM125_0003,KOMONI,2029,3616
KM,Comores,KM1,NDZUWANI,KM12,MREMANI,KM125,ONGOJOU,KM125_0004,MIRONDRONI,2029,549
KM,Comores,KM1,NDZUWANI,KM12,MREMANI,KM125,ONGOJOU,KM125_0001,ONGODJOU,2029,8511
KM,Comores,KM1,NDZUWANI,KM12,MREMANI,KM125,ONGOJOU,KM125_0005,TRINDRINI,2029,216
KM,Comores,KM1,NDZUWANI,KM12,MREMANI,KM122,SHAWENI,KM122_0002,HAMCHACO,2029,2627
KM,Comores,KM1,NDZUWANI,KM12,MREMANI,KM122,SHAWENI,KM122_0005,MNADZICHOUMWE,2029,1362
KM,Comores,KM1,NDZUWANI,KM12,MREMANI,KM122,SHAWENI,KM122_0004,NOUNGA,2029,588
KM,Comores,KM1,NDZUWANI,KM12,MREMANI,KM122,SHAWENI,KM122_0003,SADAPOINI,2029,3941
KM,Comores,KM1,NDZUWANI,KM12,MREMANI,KM122,SHAWENI,KM122_0001,SHAWENI,2029,1460
KM,Comores,KM1,NDZUWANI,KM13,MUTSAMUDU,KM131,BANDRANI YA CHIRONKAMBA,KM131_0002,ANKIBANI,2029,2933
KM,Comores,KM1,NDZUWANI,KM13,MUTSAMUDU,KM131,BANDRANI YA CHIRONKAMBA,KM131_0008,BANDRADJOU,2029,2493
KM,Comores,KM1,NDZUWANI,KM13,MUTSAMUDU,KM131,BANDRANI YA CHIRONKAMBA,KM131_0006,CHICONI 2,2029,185
KM,Comores,KM1,NDZUWANI,KM13,MUTSAMUDU,KM131,BANDRANI YA CHIRONKAMBA,KM131_0003,CHIRONKAMBA,2029,2713
KM,Comores,KM1,NDZUWANI,KM13,MUTSAMUDU,KM131,BANDRANI YA CHIRONKAMBA,KM151_0007,MAWENI,2029,1085
KM,Comores,KM1,NDZUWANI,KM13,MUTSAMUDU,KM131,BANDRANI YA CHIRONKAMBA,KM131_0001,MDJIMANDRA,2029,3643
KM,Comores,KM1,NDZUWANI,KM13,MUTSAMUDU,KM131,BANDRANI YA CHIRONKAMBA,KM131_0007,MPOUZINI,2029,85
KM,Comores,KM1,NDZUWANI,KM13,MUTSAMUDU,KM132,Commune BANDRANI YA MITSANGANI,KM132_0001,BANDRANI MTSANGANI,2029,2594
KM,Comores,KM1,NDZUWANI,KM13,MUTSAMUDU,KM132,Commune BANDRANI YA MITSANGANI,KM132_0002,CHITROUNI,2029,1695
KM,Comores,KM1,NDZUWANI,KM13,MUTSAMUDU,KM132,Commune BANDRANI YA MITSANGANI,KM132_0004,MDJAMAOUE,2029,2335
KM,Comores,KM1,NDZUWANI,KM13,MUTSAMUDU,KM132,Commune BANDRANI YA MITSANGANI,KM132_0003,SAANDANI,2029,3098
KM,Comores,KM1,NDZUWANI,KM13,MUTSAMUDU,KM133,MIRONTSI,KM133_0001,MIRONTSI,2029,16187
KM,Comores,KM1,NDZUWANI,KM13,MUTSAMUDU,KM134,MUTSAMUDU,KM134_0005,CHICONI1,2029,5
KM,Comores,KM1,NDZUWANI,KM13,MUTSAMUDU,KM134,MUTSAMUDU,KM134_0001,MUTSAMUDU,2029,35556
KM,Comores,KM1,NDZUWANI,KM13,MUTSAMUDU,KM134,MUTSAMUDU,KM134_0003,MWAMWA I,2029,2571
KM,Comores,KM1,NDZUWANI,KM13,MUTSAMUDU,KM134,MUTSAMUDU,KM134_0004,MWAMWA II,2029,1082
KM,Comores,KM1,NDZUWANI,KM13,MUTSAMUDU,KM134,MUTSAMUDU,KM134_0002,PAJE,2029,7988
KM,Comores,KM1,NDZUWANI,KM14,OUANI,KM141,BAMBAO MTROUNI,KM141_0003,CHANDRA,2029,6699
KM,Comores,KM1,NDZUWANI,KM14,OUANI,KM141,BAMBAO MTROUNI,KM141_0002,DINDRI,2029,13989
KM,Comores,KM1,NDZUWANI,KM14,OUANI,KM141,BAMBAO MTROUNI,KM141_0001,TSEMBEHOU,2029,16999
KM,Comores,KM1,NDZUWANI,KM14,OUANI,KM142,BAZIMINI,KM142_0001,BAZIMINI,2029,11092
KM,Comores,KM1,NDZUWANI,KM14,OUANI,KM142,BAZIMINI,KM142_0002,KOKI,2029,8592
KM,Comores,KM1,NDZUWANI,KM14,OUANI,KM142,BAZIMINI,KM142_0003,PATSY,2029,5242
KM,Comores,KM1,NDZUWANI,KM14,OUANI,KM143,OUANI,KM143_0003,BARAKANI,2029,9494
KM,Comores,KM1,NDZUWANI,KM14,OUANI,KM143,OUANI,KM143_0004,GNATRANGA,2029,4439
KM,Comores,KM1,NDZUWANI,KM14,OUANI,KM143,OUANI,KM143_0001,OUANI,2029,13630
KM,Comores,KM1,NDZUWANI,KM14,OUANI,KM143,OUANI,KM143_0005,TANAMBAO,2029,2841
KM,Comores,KM1,NDZUWANI,KM15,SIMA,KM152,SIMA,KM152_0003,BIMBINI,2029,2411
KM,Comores,KM1,NDZUWANI,KM15,SIMA,KM152,SIMA,KM152_0004,BOUNGOUENI,2029,4770
KM,Comores,KM1,NDZUWANI,KM15,SIMA,KM152,SIMA,KM152_0002,KAVANI,2029,2932
KM,Comores,KM1,NDZUWANI,KM15,SIMA,KM152,SIMA,KM234_0004,MILEMBENI,2029,981
KM,Comores,KM1,NDZUWANI,KM15,SIMA,KM152,SIMA,KM152_0005,MIRONGANI,2029,1969
KM,Comores,KM1,NDZUWANI,KM15,SIMA,KM152,SIMA,KM232_0003,SIMA,2029,8837
KM,Comores,KM1,NDZUWANI,KM15,SIMA,KM153,VOUANI,KM153_0010,BANDRANI YA VOUANI,2029,2274
KM,Comores,KM1,NDZUWANI,KM15,SIMA,KM153,VOUANI,KM153_0011,CHIROVE,2029,356
KM,Comores,KM1,NDZUWANI,KM15,SIMA,KM153,VOUANI,KM153_0009,DAR SALAMA,2029,1814
KM,Comores,KM1,NDZUWANI,KM15,SIMA,KM153,VOUANI,KM153_0007,DZINDRI I,2029,3424
KM,Comores,KM1,NDZUWANI,KM15,SIMA,KM153,VOUANI,KM153_0003,HASSIMPAO,2029,2069
KM,Comores,KM1,NDZUWANI,KM15,SIMA,KM153,VOUANI,KM153_0006,IMERE,2029,605
KM,Comores,KM1,NDZUWANI,KM15,SIMA,KM153,VOUANI,KM153_0015,IMERE YA GAWANI,2029,1001
KM,Comores,KM1,NDZUWANI,KM15,SIMA,KM153,VOUANI,KM153_0002,MARAHARE,2029,2658
KM,Comores,KM1,NDZUWANI,KM15,SIMA,KM153,VOUANI,KM153_0012,MARONTRONI,2029,549
KM,Comores,KM1,NDZUWANI,KM15,SIMA,KM153,VOUANI,KM153_0001,MROMOUHOULI,2029,819
KM,Comores,KM1,NDZUWANI,KM15,SIMA,KM153,VOUANI,KM153_0014,SALAMANI,2029,549
KM,Comores,KM1,NDZUWANI,KM15,SIMA,KM153,VOUANI,KM153_0004,SHITSANGASHELI,2029,209
KM,Comores,KM1,NDZUWANI,KM15,SIMA,KM153,VOUANI,KM153_0005,VASSI,2029,1705
KM,Comores,KM1,NDZUWANI,KM15,SIMA,KM153,VOUANI,KM153_0008,VOUANI,2029,4585
KM,Comores,KM2,NGAZIDJA,KM21,HAMAHAMET MBOINKOU,KM211,MBOINKOU,KM211_0008,BANDAMADJI LA MBOIKOU,2029,910
KM,Comores,KM2,NGAZIDJA,KM21,HAMAHAMET MBOINKOU,KM211,MBOINKOU,KM211_0004,CHEZANI,2029,3500
KM,Comores,KM2,NGAZIDJA,KM21,HAMAHAMET MBOINKOU,KM211,MBOINKOU,KM211_0007,HANTSINDZI,2029,2704
KM,Comores,KM2,NGAZIDJA,KM21,HAMAHAMET MBOINKOU,KM211,MBOINKOU,KM211_0001,MADJEOUENI,2029,2264
KM,Comores,KM2,NGAZIDJA,KM21,HAMAHAMET MBOINKOU,KM211,MBOINKOU,KM211_0005,NDROUDE,2029,2651
KM,Comores,KM2,NGAZIDJA,KM21,HAMAHAMET MBOINKOU,KM211,MBOINKOU,KM211_0006,NIOUMAMILIMA,2029,1718
KM,Comores,KM2,NGAZIDJA,KM21,HAMAHAMET MBOINKOU,KM211,MBOINKOU,KM211_0002,SADANI YA MBOIKOU,2029,794
KM,Comores,KM2,NGAZIDJA,KM21,HAMAHAMET MBOINKOU,KM211,MBOINKOU,KM211_0003,TRELEZINI,2029,703
KM,Comores,KM2,NGAZIDJA,KM21,HAMAHAMET MBOINKOU,KM212,NYUMA MRO,KM212_0005,BAMBADJANI,2029,1581
KM,Comores,KM2,NGAZIDJA,KM21,HAMAHAMET MBOINKOU,KM212,NYUMA MRO,KM212_0001,DIMADJOU YA HAMAHAMET,2029,3078
KM,Comores,KM2,NGAZIDJA,KM21,HAMAHAMET MBOINKOU,KM212,NYUMA MRO,KM212_0009,HADJAMBOU,2029,1629
KM,Comores,KM2,NGAZIDJA,KM21,HAMAHAMET MBOINKOU,KM212,NYUMA MRO,KM212_0007,ITSANDZENI,2029,2367
KM,Comores,KM2,NGAZIDJA,KM21,HAMAHAMET MBOINKOU,KM212,NYUMA MRO,KM212_0010,MBATSE YA HAMAHAMET,2029,296
KM,Comores,KM2,NGAZIDJA,KM21,HAMAHAMET MBOINKOU,KM212,NYUMA MRO,KM212_0003,MDJIHARI,2029,839
KM,Comores,KM2,NGAZIDJA,KM21,HAMAHAMET MBOINKOU,KM212,NYUMA MRO,KM212_0004,MOIDJA,2029,2613
KM,Comores,KM2,NGAZIDJA,KM21,HAMAHAMET MBOINKOU,KM212,NYUMA MRO,KM212_0006,NGOLE,2029,483
KM,Comores,KM2,NGAZIDJA,KM21,HAMAHAMET MBOINKOU,KM212,NYUMA MRO,KM212_0002,NYADOMBWENI,2029,1289
KM,Comores,KM2,NGAZIDJA,KM21,HAMAHAMET MBOINKOU,KM212,NYUMA MRO,KM212_0008,OUELLAH YA HAMAHAMET,2029,898
KM,Comores,KM2,NGAZIDJA,KM21,HAMAHAMET MBOINKOU,KM213,NYUMA MSIRU,KM213_0008,BATOU,2029,876
KM,Comores,KM2,NGAZIDJA,KM21,HAMAHAMET MBOINKOU,KM213,NYUMA MSIRU,KM213_0006,BOUNI,2029,1830
KM,Comores,KM2,NGAZIDJA,KM21,HAMAHAMET MBOINKOU,KM213,NYUMA MSIRU,KM213_0007,HEROUMBILI,2029,1890
KM,Comores,KM2,NGAZIDJA,KM21,HAMAHAMET MBOINKOU,KM213,NYUMA MSIRU,KM213_0010,IFOUNDIHE YA HAMAHAMET,2029,893
KM,Comores,KM2,NGAZIDJA,KM21,HAMAHAMET MBOINKOU,KM213,NYUMA MSIRU,KM213_0009,KOURANI YA HAMAHAMET,2029,170
KM,Comores,KM2,NGAZIDJA,KM21,HAMAHAMET MBOINKOU,KM213,NYUMA MSIRU,KM213_0001,MBENI,2029,6754
KM,Comores,KM2,NGAZIDJA,KM21,HAMAHAMET MBOINKOU,KM213,NYUMA MSIRU,KM213_0011,MNOUNGOU,2029,1608
KM,Comores,KM2,NGAZIDJA,KM21,HAMAHAMET MBOINKOU,KM213,NYUMA MSIRU,KM213_0004,SADA CHIHOUWE,2029,1029
KM,Comores,KM2,NGAZIDJA,KM21,HAMAHAMET MBOINKOU,KM213,NYUMA MSIRU,KM213_0005,SADA MHUWAMBOI,2029,261
KM,Comores,KM2,NGAZIDJA,KM21,HAMAHAMET MBOINKOU,KM213,NYUMA MSIRU,KM213_0003,SALIMANI YA HAMAHAMET,2029,811
KM,Comores,KM2,NGAZIDJA,KM21,HAMAHAMET MBOINKOU,KM213,NYUMA MSIRU,KM213_0002,SELEANI,2029,1830
KM,Comores,KM2,NGAZIDJA,KM22,HAMBOU,KM221,DJOUMOIPANGUA,KM221_0004,BAMBANI,2029,1640
KM,Comores,KM2,NGAZIDJA,KM22,HAMBOU,KM221,DJOUMOIPANGUA,KM221_0005,DZAHADJOU,2029,2794
KM,Comores,KM2,NGAZIDJA,KM22,HAMBOU,KM221,DJOUMOIPANGUA,KM221_0003,HETSA,2029,1100
KM,Comores,KM2,NGAZIDJA,KM22,HAMBOU,KM221,DJOUMOIPANGUA,KM221_0002,MDJOIEZI,2029,3971
KM,Comores,KM2,NGAZIDJA,KM22,HAMBOU,KM221,DJOUMOIPANGUA,KM221_0001,SINGANI,2029,2788
KM,Comores,KM2,NGAZIDJA,KM22,HAMBOU,KM222,TSINIMOIPANGUA,KM222_0005,BANGOI,2029,3728
KM,Comores,KM2,NGAZIDJA,KM22,HAMBOU,KM222,TSINIMOIPANGUA,KM222_0003,CHOUANI,2029,3451
KM,Comores,KM2,NGAZIDJA,KM22,HAMBOU,KM222,TSINIMOIPANGUA,KM222_0004,DJOUMOICHONGO,2029,2022
KM,Comores,KM2,NGAZIDJA,KM22,HAMBOU,KM222,TSINIMOIPANGUA,KM222_0001,MITSOUDJE,2029,4983
KM,Comores,KM2,NGAZIDJA,KM22,HAMBOU,KM222,TSINIMOIPANGUA,KM222_0006,NKOMIONI,2029,734
KM,Comores,KM2,NGAZIDJA,KM22,HAMBOU,KM222,TSINIMOIPANGUA,KM222_0007,SALIMANI,2029,2578
KM,Comores,KM2,NGAZIDJA,KM22,HAMBOU,KM222,TSINIMOIPANGUA,KM222_0002,TROUMBENI,2029,306
KM,Comores,KM2,NGAZIDJA,KM23,ITSANDRA HAMANVOU,KM231,BANGAANI,KM231_0007,BANDAMADJI LA ITSANDRA,2029,1207
KM,Comores,KM2,NGAZIDJA,KM23,ITSANDRA HAMANVOU,KM231,BANGAANI,KM231_0008,DIMADJOU YA ITSANDRA,2029,1870
KM,Comores,KM2,NGAZIDJA,KM23,ITSANDRA HAMANVOU,KM231,BANGAANI,KM231_0004,DZAHANI LA TSIDJE,2029,10404
KM,Comores,KM2,NGAZIDJA,KM23,ITSANDRA HAMANVOU,KM231,BANGAANI,KM231_0001,ITSANDRA MDJINI,2029,4311
KM,Comores,KM2,NGAZIDJA,KM23,ITSANDRA HAMANVOU,KM231,BANGAANI,KM231_0005,MAOUENI YA ITSANDRA,2029,1085
KM,Comores,KM2,NGAZIDJA,KM23,ITSANDRA HAMANVOU,KM231,BANGAANI,KM231_0006,MIRONTSI YA ITSANDRA,2029,577
KM,Comores,KM2,NGAZIDJA,KM23,ITSANDRA HAMANVOU,KM231,BANGAANI,KM231_0002,SALIMANI YA ITSANDRA,2029,4212
KM,Comores,KM2,NGAZIDJA,KM23,ITSANDRA HAMANVOU,KM231,BANGAANI,KM231_0003,SAMBA MBODONI,2029,1828
KM,Comores,KM2,NGAZIDJA,KM23,ITSANDRA HAMANVOU,KM232,DJOUMOICHONGO,KM232_0002,BAHANI,2029,2395
KM,Comores,KM2,NGAZIDJA,KM23,ITSANDRA HAMANVOU,KM232,DJOUMOICHONGO,KM232_0001,DZAHANI II,2029,1928
KM,Comores,KM2,NGAZIDJA,KM23,ITSANDRA HAMANVOU,KM232,DJOUMOICHONGO,KM232_0004,OUELLAH YA ITSANDRA,2029,1674
KM,Comores,KM2,NGAZIDJA,KM23,ITSANDRA HAMANVOU,KM232,DJOUMOICHONGO,KM232_0005,SAMBA KOUNI,2029,2696
KM,Comores,KM2,NGAZIDJA,KM23,ITSANDRA HAMANVOU,KM232,DJOUMOICHONGO,KM232_0003,SIMA,2029,1109
KM,Comores,KM2,NGAZIDJA,KM23,ITSANDRA HAMANVOU,KM233,HAMANVOU,KM233_0008,BIBAVOU,2029,1465
KM,Comores,KM2,NGAZIDJA,KM23,ITSANDRA HAMANVOU,KM233,HAMANVOU,KM233_0002,BOENINDI,2029,1017
KM,Comores,KM2,NGAZIDJA,KM23,ITSANDRA HAMANVOU,KM233,HAMANVOU,KM233_0007,DIBOINI,2029,1899
KM,Comores,KM2,NGAZIDJA,KM23,ITSANDRA HAMANVOU,KM233,HAMANVOU,KM233_0001,HAHAYA,2029,6044
KM,Comores,KM2,NGAZIDJA,KM23,ITSANDRA HAMANVOU,KM233,HAMANVOU,KM233_0004,MBALENI,2029,244
KM,Comores,KM2,NGAZIDJA,KM23,ITSANDRA HAMANVOU,KM233,HAMANVOU,KM233_0003,MBAMBANI YA HAMANVOU,2029,918
KM,Comores,KM2,NGAZIDJA,KM23,ITSANDRA HAMANVOU,KM233,HAMANVOU,KM233_0006,MBANGANI,2029,1945
KM,Comores,KM2,NGAZIDJA,KM23,ITSANDRA HAMANVOU,KM233,HAMANVOU,KM233_0009,MILEVANI,2029,1620
KM,Comores,KM2,NGAZIDJA,KM23,ITSANDRA HAMANVOU,KM233,HAMANVOU,KM233_0005,OUSSIVO,2029,3010
KM,Comores,KM2,NGAZIDJA,KM23,ITSANDRA HAMANVOU,KM234,ISAHARI,KM234_0002,HANTSAMBOU,2029,2139
KM,Comores,KM2,NGAZIDJA,KM23,ITSANDRA HAMANVOU,KM234,ISAHARI,KM234_0004,MILEMBENI,2029,1304
KM,Comores,KM2,NGAZIDJA,KM23,ITSANDRA HAMANVOU,KM234,ISAHARI,KM234_0001,NTSOUDJINI,2029,5703
KM,Comores,KM2,NGAZIDJA,KM23,ITSANDRA HAMANVOU,KM234,ISAHARI,KM234_0005,ZIVANDANI,2029,1758
KM,Comores,KM2,NGAZIDJA,KM23,ITSANDRA HAMANVOU,KM235,MBADANI,KM235_0001,BATSA ITSANDRA,2029,3517
KM,Comores,KM2,NGAZIDJA,KM23,ITSANDRA HAMANVOU,KM235,MBADANI,KM235_0005,DZAHADJOU LA ITSANDRA,2029,1865
KM,Comores,KM2,NGAZIDJA,KM23,ITSANDRA HAMANVOU,KM235,MBADANI,KM235_0004,MHANDANI,2029,723
KM,Comores,KM2,NGAZIDJA,KM23,ITSANDRA HAMANVOU,KM235,MBADANI,KM235_0003,VANADJOU,2029,1267
KM,Comores,KM2,NGAZIDJA,KM23,ITSANDRA HAMANVOU,KM235,MBADANI,KM235_0002,VANAMBOINI,2029,2750
KM,Comores,KM2,NGAZIDJA,KM23,ITSANDRA HAMANVOU,KM235,MBADANI,KM235_0006,VOUNA MBADANI,2029,1033
KM,Comores,KM2,NGAZIDJA,KM24,MBADJINI EST,KM241,DOMBA,KM241_0002,BANDADAOUENI,2029,1982
KM,Comores,KM2,NGAZIDJA,KM24,MBADJINI EST,KM241,DOMBA,KM241_0001,BANDAMADJI LADOMBA,2029,1398
KM,Comores,KM2,NGAZIDJA,KM24,MBADJINI EST,KM241,DOMBA,KM241_0004,OUNGONI,2029,1318
KM,Comores,KM2,NGAZIDJA,KM24,MBADJINI EST,KM241,DOMBA,KM264_0004,PIDJANI,2029,2848
KM,Comores,KM2,NGAZIDJA,KM24,MBADJINI EST,KM241,DOMBA,KM241_0003,TSINIMOIPANGA,2029,3206
KM,Comores,KM2,NGAZIDJA,KM24,MBADJINI EST,KM242,ITSAHIDI,KM242_0007,CHINDINI,2029,2258
KM,Comores,KM2,NGAZIDJA,KM24,MBADJINI EST,KM242,ITSAHIDI,KM242_0009,DZAHADJOU LA MBADJINI,2029,1467
KM,Comores,KM2,NGAZIDJA,KM24,MBADJINI EST,KM242,ITSAHIDI,KM242_0001,FOUMBOUNI,2029,3360
KM,Comores,KM2,NGAZIDJA,KM24,MBADJINI EST,KM242,ITSAHIDI,KM242_0002,KOIMBANI LA MBADJINI,2029,582
KM,Comores,KM2,NGAZIDJA,KM24,MBADJINI EST,KM242,ITSAHIDI,KM242_0003,MALE,2029,2987
KM,Comores,KM2,NGAZIDJA,KM24,MBADJINI EST,KM242,ITSAHIDI,KM242_0004,MIDJENDJENI,2029,543
KM,Comores,KM2,NGAZIDJA,KM24,MBADJINI EST,KM242,ITSAHIDI,KM242_0010,MOHORO,2029,2823
KM,Comores,KM2,NGAZIDJA,KM24,MBADJINI EST,KM242,ITSAHIDI,KM242_0006,NDZOUANI,2029,267
KM,Comores,KM2,NGAZIDJA,KM24,MBADJINI EST,KM242,ITSAHIDI,KM242_0011,NGNOUMADZHA MVOUBARI,2029,2680
KM,Comores,KM2,NGAZIDJA,KM24,MBADJINI EST,KM242,ITSAHIDI,KM242_0005,OUROVENI,2029,1861
KM,Comores,KM2,NGAZIDJA,KM24,MBADJINI EST,KM242,ITSAHIDI,KM242_0008,SIMAMBOINI,2029,1226
KM,Comores,KM2,NGAZIDJA,KM24,MBADJINI EST,KM243,PIMBA,KM243_0004,BANDAMADJI LA KOUBOINI,2029,1000
KM,Comores,KM2,NGAZIDJA,KM24,MBADJINI EST,KM243,PIMBA,KM243_0005,DARISSALAMA,2029,684
KM,Comores,KM2,NGAZIDJA,KM24,MBADJINI EST,KM243,PIMBA,KM243_0009,DIDJONI,2029,774
KM,Comores,KM2,NGAZIDJA,KM24,MBADJINI EST,KM243,PIMBA,KM243_0002,INANI,2029,1154
KM,Comores,KM2,NGAZIDJA,KM24,MBADJINI EST,KM243,PIMBA,KM243_0010,KOVE,2029,1120
KM,Comores,KM2,NGAZIDJA,KM24,MBADJINI EST,KM243,PIMBA,KM243_0006,MLALOI NKOUDJOU,2029,1396
KM,Comores,KM2,NGAZIDJA,KM24,MBADJINI EST,KM243,PIMBA,KM243_0003,NGNAMBENI,2029,2284
KM,Comores,KM2,NGAZIDJA,KM24,MBADJINI EST,KM243,PIMBA,KM243_0007,NGNOUMA MILIMA,2029,3917
KM,Comores,KM2,NGAZIDJA,KM24,MBADJINI EST,KM243,PIMBA,KM243_0008,NKOURANI MKANGA,2029,826
KM,Comores,KM2,NGAZIDJA,KM24,MBADJINI EST,KM243,PIMBA,KM243_0001,SIMBOUSSA YA MBADJINI,2029,2550
KM,Comores,KM2,NGAZIDJA,KM25,MBADJINI OUEST,KM251,NGOUENGOE,KM251_0001,DEMBENI,2029,2821
KM,Comores,KM2,NGAZIDJA,KM25,MBADJINI OUEST,KM251,NGOUENGOE,KM251_0011,ITSOUDZOU,2029,296
KM,Comores,KM2,NGAZIDJA,KM25,MBADJINI OUEST,KM251,NGOUENGOE,KM251_0009,KANDZILE,2029,1600
KM,Comores,KM2,NGAZIDJA,KM25,MBADJINI OUEST,KM251,NGOUENGOE,KM251_0010,MAKORANI,2029,58
KM,Comores,KM2,NGAZIDJA,KM25,MBADJINI OUEST,KM251,NGOUENGOE,KM251_0007,MANDZISSANI,2029,656
KM,Comores,KM2,NGAZIDJA,KM25,MBADJINI OUEST,KM251,NGOUENGOE,KM251_0003,MBOUDE YA MBOINI,2029,736
KM,Comores,KM2,NGAZIDJA,KM25,MBADJINI OUEST,KM251,NGOUENGOE,KM251_0002,MDJAMKAGNOI,2029,1189
KM,Comores,KM2,NGAZIDJA,KM25,MBADJINI OUEST,KM251,NGOUENGOE,KM251_0006,MINDRADOU,2029,578
KM,Comores,KM2,NGAZIDJA,KM25,MBADJINI OUEST,KM251,NGOUENGOE,KM251_0004,MLIMANI,2029,246
KM,Comores,KM2,NGAZIDJA,KM25,MBADJINI OUEST,KM251,NGOUENGOE,KM251_0005,PANDA,2029,1085
KM,Comores,KM2,NGAZIDJA,KM25,MBADJINI OUEST,KM251,NGOUENGOE,KM251_0008,TSINI MOICHONGO,2029,2908
KM,Comores,KM2,NGAZIDJA,KM25,MBADJINI OUEST,KM252,NIOUMAGAMA,KM252_0004,DIMA,2029,707
KM,Comores,KM2,NGAZIDJA,KM25,MBADJINI OUEST,KM252,NIOUMAGAMA,KM252_0007,DOMONI,2029,1013
KM,Comores,KM2,NGAZIDJA,KM25,MBADJINI OUEST,KM252,NIOUMAGAMA,KM252_0008,DZOIDJOU,2029,905
KM,Comores,KM2,NGAZIDJA,KM25,MBADJINI OUEST,KM252,NIOUMAGAMA,KM252_0009,FAMARE,2029,664
KM,Comores,KM2,NGAZIDJA,KM25,MBADJINI OUEST,KM252,NIOUMAGAMA,KM252_0002,IFOUNDIHE CHADJOU,2029,290
KM,Comores,KM2,NGAZIDJA,KM25,MBADJINI OUEST,KM252,NIOUMAGAMA,KM252_0003,IFOUNDIHE CHAMBOINI,2029,1358
KM,Comores,KM2,NGAZIDJA,KM25,MBADJINI OUEST,KM252,NIOUMAGAMA,KM252_0005,NKOURANI YA SIMA,2029,11142
KM,Comores,KM2,NGAZIDJA,KM25,MBADJINI OUEST,KM252,NIOUMAGAMA,KM252_0001,OUZIOINI,2029,2831
KM,Comores,KM2,NGAZIDJA,KM26,MBOUDE,KM265,NYUMAMRO KIBLANI,KM265_0002,CHAMLE,2029,1848
KM,Comores,KM2,NGAZIDJA,KM26,MBOUDE,KM265,NYUMAMRO KIBLANI,KM265_0001,DJOMANI,2029,4460
KM,Comores,KM2,NGAZIDJA,KM26,MBOUDE,KM265,NYUMAMRO KIBLANI,KM265_0007,DOUNIANI,2029,2458
KM,Comores,KM2,NGAZIDJA,KM26,MBOUDE,KM265,NYUMAMRO KIBLANI,KM265_0006,HELINDJE,2029,2401
KM,Comores,KM2,NGAZIDJA,KM26,MBOUDE,KM265,NYUMAMRO KIBLANI,KM265_0009,KOUA,2029,898
KM,Comores,KM2,NGAZIDJA,KM26,MBOUDE,KM265,NYUMAMRO KIBLANI,KM265_0004,MANDZA YA MBOUDE,2029,2144
KM,Comores,KM2,NGAZIDJA,KM26,MBOUDE,KM265,NYUMAMRO KIBLANI,KM265_0005,MDJOIEZI YA MBOUNDE,2029,1089
KM,Comores,KM2,NGAZIDJA,KM26,MBOUDE,KM265,NYUMAMRO KIBLANI,KM265_0003,VOUVOUNI YA MBOUNDE,2029,624
KM,Comores,KM2,NGAZIDJA,KM26,MBOUDE,KM266,NYUMAMRO SOUHEILI,KM266_0003,DJONGOE,2029,1167
KM,Comores,KM2,NGAZIDJA,KM26,MBOUDE,KM266,NYUMAMRO SOUHEILI,KM266_0007,DOMOIDJOU,2029,1208
KM,Comores,KM2,NGAZIDJA,KM26,MBOUDE,KM266,NYUMAMRO SOUHEILI,KM266_0008,DOMOIMBOINI,2029,582
KM,Comores,KM2,NGAZIDJA,KM26,MBOUDE,KM266,NYUMAMRO SOUHEILI,KM266_0002,IVEMBENI,2029,5194
KM,Comores,KM2,NGAZIDJA,KM26,MBOUDE,KM266,NYUMAMRO SOUHEILI,KM266_0004,MAOUENI YA MBOUDE,2029,1640
KM,Comores,KM2,NGAZIDJA,KM26,MBOUDE,KM266,NYUMAMRO SOUHEILI,KM266_0009,MOIDJA YA MBOUDE,2029,757
KM,Comores,KM2,NGAZIDJA,KM26,MBOUDE,KM266,NYUMAMRO SOUHEILI,KM266_0001,NTSAOUENI,2029,4268
KM,Comores,KM2,NGAZIDJA,KM26,MBOUDE,KM266,NYUMAMRO SOUHEILI,KM266_0006,NTSORALE YA MBOUDE,2029,888
KM,Comores,KM2,NGAZIDJA,KM26,MBOUDE,KM266,NYUMAMRO SOUHEILI,KM266_0005,SIMBOUSSA YA MBOUDE,2029,432
KM,Comores,KM2,NGAZIDJA,KM26,MITSAMIOULI,KM261,CEMBENOI LAC SALE,KM261_0001,BANGOIKOUNI,2029,3298
KM,Comores,KM2,NGAZIDJA,KM26,MITSAMIOULI,KM261,CEMBENOI LAC SALE,KM261_0002,BATSA YA MITSAMIHOULI,2029,1567
KM,Comores,KM2,NGAZIDJA,KM26,MITSAMIOULI,KM261,CEMBENOI LAC SALE,KM261_0004,IVOINI,2029,2107
KM,Comores,KM2,NGAZIDJA,KM26,MITSAMIOULI,KM261,CEMBENOI LAC SALE,KM261_0003,OUZIO,2029,3467
KM,Comores,KM2,NGAZIDJA,KM26,MITSAMIOULI,KM262,CEMBENOI SADA DJOULAMLIMA,KM265_0009,KOUA,2029,1982
KM,Comores,KM2,NGAZIDJA,KM26,MITSAMIOULI,KM262,CEMBENOI SADA DJOULAMLIMA,KM262_0004,OUELLAH YA MITSAMIHOULI,2029,5561
KM,Comores,KM2,NGAZIDJA,KM26,MITSAMIOULI,KM262,CEMBENOI SADA DJOULAMLIMA,KM262_0001,OUEMANI,2029,852
KM,Comores,KM2,NGAZIDJA,KM26,MITSAMIOULI,KM263,MITSAMIOULI,KM263_0003,FASSI,2029,605
KM,Comores,KM2,NGAZIDJA,KM26,MITSAMIOULI,KM263,MITSAMIOULI,KM263_0002,HADAWA,2029,751
KM,Comores,KM2,NGAZIDJA,KM26,MITSAMIOULI,KM263,MITSAMIOULI,KM263_0001,MEMBOI - BOINI,2029,1134
KM,Comores,KM2,NGAZIDJA,KM26,MITSAMIOULI,KM263,MITSAMIOULI,KM263_0004,MITSAMIHOULI,2029,6540
KM,Comores,KM2,NGAZIDJA,KM26,MITSAMIOULI,KM263,MITSAMIOULI,KM263_0006,NDZAOUZE,2029,3550
KM,Comores,KM2,NGAZIDJA,KM26,MITSAMIOULI,KM263,MITSAMIOULI,KM263_0005,NKOURANI YA MITSAMIHOULI,2029,470
KM,Comores,KM2,NGAZIDJA,KM26,MITSAMIOULI,KM264,NYUMA KOMO,KM264_0001,BANGOI MAFUSA NKOA,2029,872
KM,Comores,KM2,NGAZIDJA,KM26,MITSAMIOULI,KM264,NYUMA KOMO,KM264_0008,FOUNGA,2029,1213
KM,Comores,KM2,NGAZIDJA,KM26,MITSAMIOULI,KM264,NYUMA KOMO,KM264_0002,MEMBOI - DJOU,2029,2123
KM,Comores,KM2,NGAZIDJA,KM26,MITSAMIOULI,KM264,NYUMA KOMO,KM264_0007,NTSADJENI,2029,2222
KM,Comores,KM2,NGAZIDJA,KM26,MITSAMIOULI,KM264,NYUMA KOMO,KM264_0009,OUHOZI,2029,1586
KM,Comores,KM2,NGAZIDJA,KM26,MITSAMIOULI,KM264,NYUMA KOMO,KM264_0004,PIDJANI,2029,772
KM,Comores,KM2,NGAZIDJA,KM26,MITSAMIOULI,KM264,NYUMA KOMO,KM264_0005,SONGOMANI,2029,619
KM,Comores,KM2,NGAZIDJA,KM26,MITSAMIOULI,KM264,NYUMA KOMO,KM264_0006,TOIYFA,2029,622
KM,Comores,KM2,NGAZIDJA,KM27,MORONI BAMBAO,KM273,BAMBAO YA DJOU,KM273_0002,M'VOUNI,2029,7082
KM,Comores,KM2,NGAZIDJA,KM27,MORONI BAMBAO,KM273,BAMBAO YA DJOU,KM273_0003,MAVINGOUNI,2029,2326
KM,Comores,KM2,NGAZIDJA,KM27,MORONI BAMBAO,KM273,BAMBAO YA DJOU,KM273_0001,MKAZI,2029,8407
KM,Comores,KM2,NGAZIDJA,KM27,MORONI BAMBAO,KM271,BAMBAO YA HARI,KM271_0010,BOENI YA BAMBAO,2029,2748
KM,Comores,KM2,NGAZIDJA,KM27,MORONI BAMBAO,KM271,BAMBAO YA HARI,KM271_0007,DAOUENI,2029,501
KM,Comores,KM2,NGAZIDJA,KM27,MORONI BAMBAO,KM271,BAMBAO YA HARI,KM283_0003,DZAHANI,2029,893
KM,Comores,KM2,NGAZIDJA,KM27,MORONI BAMBAO,KM271,BAMBAO YA HARI,KM271_0002,M'DE,2029,8588
KM,Comores,KM2,NGAZIDJA,KM27,MORONI BAMBAO,KM271,BAMBAO YA HARI,KM271_0006,MBOUDADJOU,2029,1359
KM,Comores,KM2,NGAZIDJA,KM27,MORONI BAMBAO,KM271,BAMBAO YA HARI,KM271_0005,MOIDZAZA DJOUMBE,2029,610
KM,Comores,KM2,NGAZIDJA,KM27,MORONI BAMBAO,KM271,BAMBAO YA HARI,KM271_0004,NIOUMADZAHA,2029,4244
KM,Comores,KM2,NGAZIDJA,KM27,MORONI BAMBAO,KM271,BAMBAO YA HARI,KM271_0003,SELEA,2029,2816
KM,Comores,KM2,NGAZIDJA,KM27,MORONI BAMBAO,KM271,BAMBAO YA HARI,KM271_0001,VOUVOUNI,2029,5710
KM,Comores,KM2,NGAZIDJA,KM27,MORONI BAMBAO,KM272,BAMBAO YA MBOINI,KM272_0001,ICONI,2029,7210
KM,Comores,KM2,NGAZIDJA,KM27,MORONI BAMBAO,KM272,BAMBAO YA MBOINI,KM272_0002,MBACHILE,2029,2210
KM,Comores,KM2,NGAZIDJA,KM27,MORONI BAMBAO,KM272,BAMBAO YA MBOINI,KM272_0003,MOIDZAZA - MBOINI,2029,3737
KM,Comores,KM2,NGAZIDJA,KM27,MORONI BAMBAO,KM272,BAMBAO YA MBOINI,KM272_0004,NDROUANI,2029,1812
KM,Comores,KM2,NGAZIDJA,KM27,MORONI BAMBAO,KM272,BAMBAO YA MBOINI,KM272_0005,SEREHINI,2029,979
KM,Comores,KM2,NGAZIDJA,KM27,MORONI BAMBAO,KM274,MORONI,KM274_0001,MORONI,2029,98362
KM,Comores,KM2,NGAZIDJA,KM28,OICHILI DIMANI,KM281,DIMANI,KM281_0002,FOUMBOU DZIVOUNI,2029,586
KM,Comores,KM2,NGAZIDJA,KM28,OICHILI DIMANI,KM281,DIMANI,KM281_0007,IDJINKOUNDZI,2029,3185
KM,Comores,KM2,NGAZIDJA,KM28,OICHILI DIMANI,KM281,DIMANI,KM281_0006,IDJOINDRADJA,2029,249
KM,Comores,KM2,NGAZIDJA,KM28,OICHILI DIMANI,KM281,DIMANI,KM281_0005,MADJOMA,2029,719
KM,Comores,KM2,NGAZIDJA,KM28,OICHILI DIMANI,KM281,DIMANI,KM281_0008,MAOUENI DIMANI,2029,1974
KM,Comores,KM2,NGAZIDJA,KM28,OICHILI DIMANI,KM281,DIMANI,KM281_0003,MBOUDE,2029,850
KM,Comores,KM2,NGAZIDJA,KM28,OICHILI DIMANI,KM281,DIMANI,KM281_0004,MIDJINDZE,2029,204
KM,Comores,KM2,NGAZIDJA,KM28,OICHILI DIMANI,KM281,DIMANI,KM281_0009,MIRERENI,2029,685
KM,Comores,KM2,NGAZIDJA,KM28,OICHILI DIMANI,KM281,DIMANI,KM281_0001,MTSANGADJOU,2029,1689
KM,Comores,KM2,NGAZIDJA,KM28,OICHILI DIMANI,KM281,DIMANI,KM281_0010,NTSORALE,2029,3226
KM,Comores,KM2,NGAZIDJA,KM28,OICHILI DIMANI,KM281,DIMANI,KM281_0012,REHEMANI,2029,528
KM,Comores,KM2,NGAZIDJA,KM28,OICHILI DIMANI,KM281,DIMANI,KM281_0011,SIDJOU,2029,1135
KM,Comores,KM2,NGAZIDJA,KM28,OICHILI DIMANI,KM283,OICHILI YABOINI,KM283_0003,DZAHANI,2029,872
KM,Comores,KM2,NGAZIDJA,KM28,OICHILI DIMANI,KM283,OICHILI YABOINI,KM283_0006,HAMBOU,2029,1309
KM,Comores,KM2,NGAZIDJA,KM28,OICHILI DIMANI,KM283,OICHILI YABOINI,KM283_0007,HASSENDJE,2029,385
KM,Comores,KM2,NGAZIDJA,KM28,OICHILI DIMANI,KM283,OICHILI YABOINI,KM283_0001,ITSINKOUDI,2029,3219
KM,Comores,KM2,NGAZIDJA,KM28,OICHILI DIMANI,KM283,OICHILI YABOINI,KM283_0004,KOUHANI,2029,630
KM,Comores,KM2,NGAZIDJA,KM28,OICHILI DIMANI,KM283,OICHILI YABOINI,KM283_0005,MTSAMDU,2029,1521
KM,Comores,KM2,NGAZIDJA,KM28,OICHILI DIMANI,KM282,OICHILI YADJOU,KM282_0003,BOENI YAWACHILI,2029,1138
KM,Comores,KM2,NGAZIDJA,KM28,OICHILI DIMANI,KM282,OICHILI YADJOU,KM282_0009,CHAMRO,2029,208
KM,Comores,KM2,NGAZIDJA,KM28,OICHILI DIMANI,KM282,OICHILI YADJOU,KM282_0007,CHOMONI,2029,1075
KM,Comores,KM2,NGAZIDJA,KM28,OICHILI DIMANI,KM282,OICHILI YADJOU,KM282_0004,DZAHADJOU YA WACHILI,2029,1374
KM,Comores,KM2,NGAZIDJA,KM28,OICHILI DIMANI,KM282,OICHILI YADJOU,KM282_0002,IROHE,2029,1250
KM,Comores,KM2,NGAZIDJA,KM28,OICHILI DIMANI,KM282,OICHILI YADJOU,KM282_0001,KOIMBANI YA WACHILI,2029,3855
KM,Comores,KM2,NGAZIDJA,KM28,OICHILI DIMANI,KM282,OICHILI YADJOU,KM282_0005,SADA,2029,469
KM,Comores,KM2,NGAZIDJA,KM28,OICHILI DIMANI,KM282,OICHILI YADJOU,KM282_0006,SADANI,2029,810
KM,Comores,KM2,NGAZIDJA,KM28,OICHILI DIMANI,KM282,OICHILI YADJOU,KM282_0008,SAMBA MADI,2029,141
KM,Comores,KM2,NGAZIDJA,KM28,OICHILI DIMANI,KM282,OICHILI YADJOU,KM282_0010,SIMA YA WACHILI,2029,1351
KM,Comores,KM3,MWALI,KM31,DJANDO,KM311,DJANDO,KM311_0006,HAGNAMOIDA,2030,1190
KM,Comores,KM3,MWALI,KM31,DJANDO,KM311,DJANDO,KM311_0008,HAMAVOUNA,2030,1932
KM,Comores,KM3,MWALI,KM31,DJANDO,KM311,DJANDO,KM311_0007,ITSAMIA,2030,590
KM,Comores,KM3,MWALI,KM31,DJANDO,KM311,DJANDO,KM121_0005,KANGANI,2030,1977
KM,Comores,KM3,MWALI,KM31,DJANDO,KM311,DJANDO,KM311_0003,MLANBANDA,2030,593
KM,Comores,KM3,MWALI,KM31,DJANDO,KM311,DJANDO,KM311_0002,WANANI,2030,4794
KM,Comores,KM3,MWALI,KM31,DJANDO,KM311,DJANDO,KM311_0001,ZIROUDANI,2030,2544
KM,Comores,KM3,MWALI,KM32,FOMBONI,KM321,FOMBONI,KM321_0001,FOMBONI,2030,25190
KM,Comores,KM3,MWALI,KM32,FOMBONI,KM322,MOILI MDJINI,KM322_0002,BANDAR SALAMA,2030,3515
KM,Comores,KM3,MWALI,KM32,FOMBONI,KM322,MOILI MDJINI,KM322_0003,DJOIEZI,2030,4286
KM,Comores,KM3,MWALI,KM32,FOMBONI,KM322,MOILI MDJINI,KM322_0001,MBOIGOMA,2030,2994
KM,Comores,KM3,MWALI,KM32,FOMBONI,KM323,MOINBASSA,KM252_0007,DOMONI,2030,376
KM,Comores,KM3,MWALI,KM32,FOMBONI,KM323,MOINBASSA,KM323_0002,HOANI,2030,3204
KM,Comores,KM3,MWALI,KM32,FOMBONI,KM323,MOINBASSA,KM323_0001,M'BATSE,2030,5355
KM,Comores,KM3,MWALI,KM33,NIOUMACHOUA,KM331,MLEDJELE,KM331_0001,MIREMANI,2030,420
KM,Comores,KM3,MWALI,KM33,NIOUMACHOUA,KM331,MLEDJELE,KM331_0004,NDREMEANI,2030,83
KM,Comores,KM3,MWALI,KM33,NIOUMACHOUA,KM331,MLEDJELE,KM331_0002,NDRONDRONI,2030,6177
KM,Comores,KM3,MWALI,KM33,NIOUMACHOUA,KM331,MLEDJELE,KM331_0003,NIOUMACHOUA,2030,4850
KM,Comores,KM3,MWALI,KM33,NIOUMACHOUA,KM332,MOIMBAO,KM143_0003,BARAKANI,2030,1369
KM,Comores,KM3,MWALI,KM33,NIOUMACHOUA,KM332,MOIMBAO,KM332_0001,HAMBA,2030,354
KM,Comores,KM3,MWALI,KM33,NIOUMACHOUA,KM332,MOIMBAO,KM332_0004,MIRINGONI,2030,1467
KM,Comores,KM3,MWALI,KM33,NIOUMACHOUA,KM332,MOIMBAO,KM332_0005,WALLAH 1,2030,650
KM,Comores,KM3,MWALI,KM33,NIOUMACHOUA,KM332,MOIMBAO,KM332_0006,WALLAH 2,2030,1216
KM,Comores,KM1,NDZUWANI,KM11,DOMONI,KM111,BAMBAO MSTANGA,KM111_0001,BAMBAO MTSANGA,2030,7008
KM,Comores,KM1,NDZUWANI,KM11,DOMONI,KM111,BAMBAO MSTANGA,KM111_0004,MAHALE,2030,4961
KM,Comores,KM1,NDZUWANI,KM11,DOMONI,KM111,BAMBAO MSTANGA,KM111_0002,MROMAJI,2030,3843
KM,Comores,KM1,NDZUWANI,KM11,DOMONI,KM111,BAMBAO MSTANGA,KM111_0003,ONGONI,2030,3295
KM,Comores,KM1,NDZUWANI,KM11,DOMONI,KM112,DOMONI,KM112_0004,BWELADUGU,2030,1034
KM,Comores,KM1,NDZUWANI,KM11,DOMONI,KM112,DOMONI,KM252_0007,DOMONI,2030,17243
KM,Comores,KM1,NDZUWANI,KM11,DOMONI,KM112,DOMONI,KM112_0003,LIMBI,2030,3610
KM,Comores,KM1,NDZUWANI,KM11,DOMONI,KM113,JIMLIME,KM113_0003,HAJOHO,2030,5226
KM,Comores,KM1,NDZUWANI,KM11,DOMONI,KM113,JIMLIME,KM113_0001,HAREMBO I,2030,804
KM,Comores,KM1,NDZUWANI,KM11,DOMONI,KM113,JIMLIME,KM113_0002,HAREMBO II,2030,1350
KM,Comores,KM1,NDZUWANI,KM11,DOMONI,KM113,JIMLIME,KM113_0004,JIMLIME,2030,8561
KM,Comores,KM1,NDZUWANI,KM11,DOMONI,KM114,KONI,KM114_0004,GEGE,2030,1543
KM,Comores,KM1,NDZUWANI,KM11,DOMONI,KM114,KONI,KM114_0003,HACHIPENDA,2030,2606
KM,Comores,KM1,NDZUWANI,KM11,DOMONI,KM114,KONI,KM114_0001,KONI DJODJO,2030,15064
KM,Comores,KM1,NDZUWANI,KM11,DOMONI,KM114,KONI,KM114_0002,KONI NGANI,2030,7208
KM,Comores,KM1,NDZUWANI,KM11,DOMONI,KM115,NGADZALE,KM115_0001,NGADZALE,2030,7702
KM,Comores,KM1,NDZUWANI,KM11,DOMONI,KM115,NGADZALE,KM115_0002,OUTSA,2030,1004
KM,Comores,KM1,NDZUWANI,KM11,DOMONI,KM115,NGADZALE,KM115_0005,OUZINI,2030,2433
KM,Comores,KM1,NDZUWANI,KM11,DOMONI,KM115,NGADZALE,KM153_0014,SALAMANI,2030,2944
KM,Comores,KM1,NDZUWANI,KM16,MOYA,KM151,MOYA,KM151_0002,KOWET,2030,2904
KM,Comores,KM1,NDZUWANI,KM16,MOYA,KM151,MOYA,KM151_0005,LINGONI,2030,6838
KM,Comores,KM1,NDZUWANI,KM16,MOYA,KM151,MOYA,KM151_0007,MAWENI,2030,1098
KM,Comores,KM1,NDZUWANI,KM16,MOYA,KM151,MOYA,KM151_0001,MOYA,2030,12529
KM,Comores,KM1,NDZUWANI,KM16,MOYA,KM151,MOYA,KM151_0004,NINDRI,2030,4249
KM,Comores,KM1,NDZUWANI,KM16,MOYA,KM151,MOYA,KM151_0003,POMONI,2030,5858
KM,Comores,KM1,NDZUWANI,KM12,MREMANI,KM121,ADDA,KM121_0001,ADDA DAWENI,2030,15963
KM,Comores,KM1,NDZUWANI,KM12,MREMANI,KM121,ADDA,KM121_0002,DJANZA,2030,1146
KM,Comores,KM1,NDZUWANI,KM12,MREMANI,KM121,ADDA,KM121_0005,KANGANI,2030,6759
KM,Comores,KM1,NDZUWANI,KM12,MREMANI,KM121,ADDA,KM121_0003,MAGNASSINI,2030,5963
KM,Comores,KM1,NDZUWANI,KM12,MREMANI,KM123,MRAMANI,KM123_0004,DZIANII,2030,2706
KM,Comores,KM1,NDZUWANI,KM12,MREMANI,KM123,MRAMANI,KM123_0002,HANTSAHII,2030,2044
KM,Comores,KM1,NDZUWANI,KM12,MREMANI,KM123,MRAMANI,KM123_0001,MRAMANI,2030,5641
KM,Comores,KM1,NDZUWANI,KM12,MREMANI,KM123,MRAMANI,KM123_0003,NYAMBOIMRO,2030,2874
KM,Comores,KM1,NDZUWANI,KM12,MREMANI,KM124,MREMANI,KM124_0002,BANDA KOUNI,2030,5123
KM,Comores,KM1,NDZUWANI,KM12,MREMANI,KM124,MREMANI,KM124_0004,DAJI,2030,4318
KM,Comores,KM1,NDZUWANI,KM12,MREMANI,KM124,MREMANI,KM124_0001,MREMANI,2030,7627
KM,Comores,KM1,NDZUWANI,KM12,MREMANI,KM124,MREMANI,KM124_0003,MRIDJOU,2030,4846
KM,Comores,KM1,NDZUWANI,KM12,MREMANI,KM125,ONGOJOU,KM125_0002,KIYO,2030,2286
KM,Comores,KM1,NDZUWANI,KM12,MREMANI,KM125,ONGOJOU,KM125_0003,KOMONI,2030,3703
KM,Comores,KM1,NDZUWANI,KM12,MREMANI,KM125,ONGOJOU,KM125_0004,MIRONDRONI,2030,563
KM,Comores,KM1,NDZUWANI,KM12,MREMANI,KM125,ONGOJOU,KM125_0001,ONGODJOU,2030,8792
KM,Comores,KM1,NDZUWANI,KM12,MREMANI,KM125,ONGOJOU,KM125_0005,TRINDRINI,2030,221
KM,Comores,KM1,NDZUWANI,KM12,MREMANI,KM122,SHAWENI,KM122_0002,HAMCHACO,2030,2690
KM,Comores,KM1,NDZUWANI,KM12,MREMANI,KM122,SHAWENI,KM122_0005,MNADZICHOUMWE,2030,1395
KM,Comores,KM1,NDZUWANI,KM12,MREMANI,KM122,SHAWENI,KM122_0004,NOUNGA,2030,603
KM,Comores,KM1,NDZUWANI,KM12,MREMANI,KM122,SHAWENI,KM122_0003,SADAPOINI,2030,4036
KM,Comores,KM1,NDZUWANI,KM12,MREMANI,KM122,SHAWENI,KM122_0001,SHAWENI,2030,1496
KM,Comores,KM1,NDZUWANI,KM13,MUTSAMUDU,KM131,BANDRANI YA CHIRONKAMBA,KM131_0002,ANKIBANI,2030,3004
KM,Comores,KM1,NDZUWANI,KM13,MUTSAMUDU,KM131,BANDRANI YA CHIRONKAMBA,KM131_0008,BANDRADJOU,2030,2553
KM,Comores,KM1,NDZUWANI,KM13,MUTSAMUDU,KM131,BANDRANI YA CHIRONKAMBA,KM131_0006,CHICONI 2,2030,189
KM,Comores,KM1,NDZUWANI,KM13,MUTSAMUDU,KM131,BANDRANI YA CHIRONKAMBA,KM131_0003,CHIRONKAMBA,2030,2778
KM,Comores,KM1,NDZUWANI,KM13,MUTSAMUDU,KM131,BANDRANI YA CHIRONKAMBA,KM151_0007,MAWENI,2030,1111
KM,Comores,KM1,NDZUWANI,KM13,MUTSAMUDU,KM131,BANDRANI YA CHIRONKAMBA,KM131_0001,MDJIMANDRA,2030,3763
KM,Comores,KM1,NDZUWANI,KM13,MUTSAMUDU,KM131,BANDRANI YA CHIRONKAMBA,KM131_0007,MPOUZINI,2030,87
KM,Comores,KM1,NDZUWANI,KM13,MUTSAMUDU,KM132,Commune BANDRANI YA MITSANGANI,KM132_0001,BANDRANI MTSANGANI,2030,2680
KM,Comores,KM1,NDZUWANI,KM13,MUTSAMUDU,KM132,Commune BANDRANI YA MITSANGANI,KM132_0002,CHITROUNI,2030,1736
KM,Comores,KM1,NDZUWANI,KM13,MUTSAMUDU,KM132,Commune BANDRANI YA MITSANGANI,KM132_0004,MDJAMAOUE,2030,2391
KM,Comores,KM1,NDZUWANI,KM13,MUTSAMUDU,KM132,Commune BANDRANI YA MITSANGANI,KM132_0003,SAANDANI,2030,3172
KM,Comores,KM1,NDZUWANI,KM13,MUTSAMUDU,KM133,MIRONTSI,KM133_0001,MIRONTSI,2030,16662
KM,Comores,KM1,NDZUWANI,KM13,MUTSAMUDU,KM134,MUTSAMUDU,KM134_0005,CHICONI1,2030,6
KM,Comores,KM1,NDZUWANI,KM13,MUTSAMUDU,KM134,MUTSAMUDU,KM134_0001,MUTSAMUDU,2030,36917
KM,Comores,KM1,NDZUWANI,KM13,MUTSAMUDU,KM134,MUTSAMUDU,KM134_0003,MWAMWA I,2030,2633
KM,Comores,KM1,NDZUWANI,KM13,MUTSAMUDU,KM134,MUTSAMUDU,KM134_0004,MWAMWA II,2030,1109
KM,Comores,KM1,NDZUWANI,KM13,MUTSAMUDU,KM134,MUTSAMUDU,KM134_0002,PAJE,2030,8250
KM,Comores,KM1,NDZUWANI,KM14,OUANI,KM141,BAMBAO MTROUNI,KM141_0003,CHANDRA,2030,6920
KM,Comores,KM1,NDZUWANI,KM14,OUANI,KM141,BAMBAO MTROUNI,KM141_0002,DINDRI,2030,14450
KM,Comores,KM1,NDZUWANI,KM14,OUANI,KM141,BAMBAO MTROUNI,KM141_0001,TSEMBEHOU,2030,17705
KM,Comores,KM1,NDZUWANI,KM14,OUANI,KM142,BAZIMINI,KM142_0001,BAZIMINI,2030,11557
KM,Comores,KM1,NDZUWANI,KM14,OUANI,KM142,BAZIMINI,KM142_0002,KOKI,2030,8799
KM,Comores,KM1,NDZUWANI,KM14,OUANI,KM142,BAZIMINI,KM142_0003,PATSY,2030,5369
KM,Comores,KM1,NDZUWANI,KM14,OUANI,KM143,OUANI,KM143_0003,BARAKANI,2030,9807
KM,Comores,KM1,NDZUWANI,KM14,OUANI,KM143,OUANI,KM143_0004,GNATRANGA,2030,4586
KM,Comores,KM1,NDZUWANI,KM14,OUANI,KM143,OUANI,KM143_0001,OUANI,2030,14165
KM,Comores,KM1,NDZUWANI,KM14,OUANI,KM143,OUANI,KM143_0005,TANAMBAO,2030,2935
KM,Comores,KM1,NDZUWANI,KM15,SIMA,KM152,SIMA,KM152_0003,BIMBINI,2030,2469
KM,Comores,KM1,NDZUWANI,KM15,SIMA,KM152,SIMA,KM152_0004,BOUNGOUENI,2030,4885
KM,Comores,KM1,NDZUWANI,KM15,SIMA,KM152,SIMA,KM152_0002,KAVANI,2030,3002
KM,Comores,KM1,NDZUWANI,KM15,SIMA,KM152,SIMA,KM234_0004,MILEMBENI,2030,1005
KM,Comores,KM1,NDZUWANI,KM15,SIMA,KM152,SIMA,KM152_0005,MIRONGANI,2030,2017
KM,Comores,KM1,NDZUWANI,KM15,SIMA,KM152,SIMA,KM232_0003,SIMA,2030,8947
KM,Comores,KM1,NDZUWANI,KM15,SIMA,KM153,VOUANI,KM153_0010,BANDRANI YA VOUANI,2030,2329
KM,Comores,KM1,NDZUWANI,KM15,SIMA,KM153,VOUANI,KM153_0011,CHIROVE,2030,365
KM,Comores,KM1,NDZUWANI,KM15,SIMA,KM153,VOUANI,KM153_0009,DAR SALAMA,2030,1858
KM,Comores,KM1,NDZUWANI,KM15,SIMA,KM153,VOUANI,KM153_0007,DZINDRI I,2030,3507
KM,Comores,KM1,NDZUWANI,KM15,SIMA,KM153,VOUANI,KM153_0003,HASSIMPAO,2030,2119
KM,Comores,KM1,NDZUWANI,KM15,SIMA,KM153,VOUANI,KM153_0006,IMERE,2030,619
KM,Comores,KM1,NDZUWANI,KM15,SIMA,KM153,VOUANI,KM153_0015,IMERE YA GAWANI,2030,1026
KM,Comores,KM1,NDZUWANI,KM15,SIMA,KM153,VOUANI,KM153_0002,MARAHARE,2030,2722
KM,Comores,KM1,NDZUWANI,KM15,SIMA,KM153,VOUANI,KM153_0012,MARONTRONI,2030,563
KM,Comores,KM1,NDZUWANI,KM15,SIMA,KM153,VOUANI,KM153_0001,MROMOUHOULI,2030,839
KM,Comores,KM1,NDZUWANI,KM15,SIMA,KM153,VOUANI,KM153_0014,SALAMANI,2030,563
KM,Comores,KM1,NDZUWANI,KM15,SIMA,KM153,VOUANI,KM153_0004,SHITSANGASHELI,2030,214
KM,Comores,KM1,NDZUWANI,KM15,SIMA,KM153,VOUANI,KM153_0005,VASSI,2030,1746
KM,Comores,KM1,NDZUWANI,KM15,SIMA,KM153,VOUANI,KM153_0008,VOUANI,2030,4696
KM,Comores,KM2,NGAZIDJA,KM21,HAMAHAMET MBOINKOU,KM211,MBOINKOU,KM211_0008,BANDAMADJI LA MBOIKOU,2030,932
KM,Comores,KM2,NGAZIDJA,KM21,HAMAHAMET MBOINKOU,KM211,MBOINKOU,KM211_0004,CHEZANI,2030,3582
KM,Comores,KM2,NGAZIDJA,KM21,HAMAHAMET MBOINKOU,KM211,MBOINKOU,KM211_0007,HANTSINDZI,2030,2768
KM,Comores,KM2,NGAZIDJA,KM21,HAMAHAMET MBOINKOU,KM211,MBOINKOU,KM211_0001,MADJEOUENI,2030,2317
KM,Comores,KM2,NGAZIDJA,KM21,HAMAHAMET MBOINKOU,KM211,MBOINKOU,KM211_0005,NDROUDE,2030,2714
KM,Comores,KM2,NGAZIDJA,KM21,HAMAHAMET MBOINKOU,KM211,MBOINKOU,KM211_0006,NIOUMAMILIMA,2030,1758
KM,Comores,KM2,NGAZIDJA,KM21,HAMAHAMET MBOINKOU,KM211,MBOINKOU,KM211_0002,SADANI YA MBOIKOU,2030,813
KM,Comores,KM2,NGAZIDJA,KM21,HAMAHAMET MBOINKOU,KM211,MBOINKOU,KM211_0003,TRELEZINI,2030,720
KM,Comores,KM2,NGAZIDJA,KM21,HAMAHAMET MBOINKOU,KM212,NYUMA MRO,KM212_0005,BAMBADJANI,2030,1618
KM,Comores,KM2,NGAZIDJA,KM21,HAMAHAMET MBOINKOU,KM212,NYUMA MRO,KM212_0001,DIMADJOU YA HAMAHAMET,2030,3151
KM,Comores,KM2,NGAZIDJA,KM21,HAMAHAMET MBOINKOU,KM212,NYUMA MRO,KM212_0009,HADJAMBOU,2030,1668
KM,Comores,KM2,NGAZIDJA,KM21,HAMAHAMET MBOINKOU,KM212,NYUMA MRO,KM212_0007,ITSANDZENI,2030,2423
KM,Comores,KM2,NGAZIDJA,KM21,HAMAHAMET MBOINKOU,KM212,NYUMA MRO,KM212_0010,MBATSE YA HAMAHAMET,2030,303
KM,Comores,KM2,NGAZIDJA,KM21,HAMAHAMET MBOINKOU,KM212,NYUMA MRO,KM212_0003,MDJIHARI,2030,859
KM,Comores,KM2,NGAZIDJA,KM21,HAMAHAMET MBOINKOU,KM212,NYUMA MRO,KM212_0004,MOIDJA,2030,2675
KM,Comores,KM2,NGAZIDJA,KM21,HAMAHAMET MBOINKOU,KM212,NYUMA MRO,KM212_0006,NGOLE,2030,495
KM,Comores,KM2,NGAZIDJA,KM21,HAMAHAMET MBOINKOU,KM212,NYUMA MRO,KM212_0002,NYADOMBWENI,2030,1320
KM,Comores,KM2,NGAZIDJA,KM21,HAMAHAMET MBOINKOU,KM212,NYUMA MRO,KM212_0008,OUELLAH YA HAMAHAMET,2030,919
KM,Comores,KM2,NGAZIDJA,KM21,HAMAHAMET MBOINKOU,KM213,NYUMA MSIRU,KM213_0008,BATOU,2030,897
KM,Comores,KM2,NGAZIDJA,KM21,HAMAHAMET MBOINKOU,KM213,NYUMA MSIRU,KM213_0006,BOUNI,2030,1873
KM,Comores,KM2,NGAZIDJA,KM21,HAMAHAMET MBOINKOU,KM213,NYUMA MSIRU,KM213_0007,HEROUMBILI,2030,1935
KM,Comores,KM2,NGAZIDJA,KM21,HAMAHAMET MBOINKOU,KM213,NYUMA MSIRU,KM213_0010,IFOUNDIHE YA HAMAHAMET,2030,914
KM,Comores,KM2,NGAZIDJA,KM21,HAMAHAMET MBOINKOU,KM213,NYUMA MSIRU,KM213_0009,KOURANI YA HAMAHAMET,2030,174
KM,Comores,KM2,NGAZIDJA,KM21,HAMAHAMET MBOINKOU,KM213,NYUMA MSIRU,KM213_0001,MBENI,2030,6913
KM,Comores,KM2,NGAZIDJA,KM21,HAMAHAMET MBOINKOU,KM213,NYUMA MSIRU,KM213_0011,MNOUNGOU,2030,1646
KM,Comores,KM2,NGAZIDJA,KM21,HAMAHAMET MBOINKOU,KM213,NYUMA MSIRU,KM213_0004,SADA CHIHOUWE,2030,1053
KM,Comores,KM2,NGAZIDJA,KM21,HAMAHAMET MBOINKOU,KM213,NYUMA MSIRU,KM213_0005,SADA MHUWAMBOI,2030,267
KM,Comores,KM2,NGAZIDJA,KM21,HAMAHAMET MBOINKOU,KM213,NYUMA MSIRU,KM213_0003,SALIMANI YA HAMAHAMET,2030,830
KM,Comores,KM2,NGAZIDJA,KM21,HAMAHAMET MBOINKOU,KM213,NYUMA MSIRU,KM213_0002,SELEANI,2030,1873
KM,Comores,KM2,NGAZIDJA,KM22,HAMBOU,KM221,DJOUMOIPANGUA,KM221_0004,BAMBANI,2030,1678
KM,Comores,KM2,NGAZIDJA,KM22,HAMBOU,KM221,DJOUMOIPANGUA,KM221_0005,DZAHADJOU,2030,2859
KM,Comores,KM2,NGAZIDJA,KM22,HAMBOU,KM221,DJOUMOIPANGUA,KM221_0003,HETSA,2030,1126
KM,Comores,KM2,NGAZIDJA,KM22,HAMBOU,KM221,DJOUMOIPANGUA,KM221_0002,MDJOIEZI,2030,4065
KM,Comores,KM2,NGAZIDJA,KM22,HAMBOU,KM221,DJOUMOIPANGUA,KM221_0001,SINGANI,2030,2854
KM,Comores,KM2,NGAZIDJA,KM22,HAMBOU,KM222,TSINIMOIPANGUA,KM222_0005,BANGOI,2030,3815
KM,Comores,KM2,NGAZIDJA,KM22,HAMBOU,KM222,TSINIMOIPANGUA,KM222_0003,CHOUANI,2030,3493
KM,Comores,KM2,NGAZIDJA,KM22,HAMBOU,KM222,TSINIMOIPANGUA,KM222_0004,DJOUMOICHONGO,2030,2069
KM,Comores,KM2,NGAZIDJA,KM22,HAMBOU,KM222,TSINIMOIPANGUA,KM222_0001,MITSOUDJE,2030,5043
KM,Comores,KM2,NGAZIDJA,KM22,HAMBOU,KM222,TSINIMOIPANGUA,KM222_0006,NKOMIONI,2030,751
KM,Comores,KM2,NGAZIDJA,KM22,HAMBOU,KM222,TSINIMOIPANGUA,KM222_0007,SALIMANI,2030,2638
KM,Comores,KM2,NGAZIDJA,KM22,HAMBOU,KM222,TSINIMOIPANGUA,KM222_0002,TROUMBENI,2030,313
KM,Comores,KM2,NGAZIDJA,KM23,ITSANDRA HAMANVOU,KM231,BANGAANI,KM231_0007,BANDAMADJI LA ITSANDRA,2030,1235
KM,Comores,KM2,NGAZIDJA,KM23,ITSANDRA HAMANVOU,KM231,BANGAANI,KM231_0008,DIMADJOU YA ITSANDRA,2030,1914
KM,Comores,KM2,NGAZIDJA,KM23,ITSANDRA HAMANVOU,KM231,BANGAANI,KM231_0004,DZAHANI LA TSIDJE,2030,10649
KM,Comores,KM2,NGAZIDJA,KM23,ITSANDRA HAMANVOU,KM231,BANGAANI,KM231_0001,ITSANDRA MDJINI,2030,4412
KM,Comores,KM2,NGAZIDJA,KM23,ITSANDRA HAMANVOU,KM231,BANGAANI,KM231_0005,MAOUENI YA ITSANDRA,2030,1111
KM,Comores,KM2,NGAZIDJA,KM23,ITSANDRA HAMANVOU,KM231,BANGAANI,KM231_0006,MIRONTSI YA ITSANDRA,2030,590
KM,Comores,KM2,NGAZIDJA,KM23,ITSANDRA HAMANVOU,KM231,BANGAANI,KM231_0002,SALIMANI YA ITSANDRA,2030,4311
KM,Comores,KM2,NGAZIDJA,KM23,ITSANDRA HAMANVOU,KM231,BANGAANI,KM231_0003,SAMBA MBODONI,2030,1871
KM,Comores,KM2,NGAZIDJA,KM23,ITSANDRA HAMANVOU,KM232,DJOUMOICHONGO,KM232_0002,BAHANI,2030,2451
KM,Comores,KM2,NGAZIDJA,KM23,ITSANDRA HAMANVOU,KM232,DJOUMOICHONGO,KM232_0001,DZAHANI II,2030,1974
KM,Comores,KM2,NGAZIDJA,KM23,ITSANDRA HAMANVOU,KM232,DJOUMOICHONGO,KM232_0004,OUELLAH YA ITSANDRA,2030,1713
KM,Comores,KM2,NGAZIDJA,KM23,ITSANDRA HAMANVOU,KM232,DJOUMOICHONGO,KM232_0005,SAMBA KOUNI,2030,2760
KM,Comores,KM2,NGAZIDJA,KM23,ITSANDRA HAMANVOU,KM232,DJOUMOICHONGO,KM232_0003,SIMA,2030,1135
KM,Comores,KM2,NGAZIDJA,KM23,ITSANDRA HAMANVOU,KM233,HAMANVOU,KM233_0008,BIBAVOU,2030,1499
KM,Comores,KM2,NGAZIDJA,KM23,ITSANDRA HAMANVOU,KM233,HAMANVOU,KM233_0002,BOENINDI,2030,1041
KM,Comores,KM2,NGAZIDJA,KM23,ITSANDRA HAMANVOU,KM233,HAMANVOU,KM233_0007,DIBOINI,2030,1944
KM,Comores,KM2,NGAZIDJA,KM23,ITSANDRA HAMANVOU,KM233,HAMANVOU,KM233_0001,HAHAYA,2030,6187
KM,Comores,KM2,NGAZIDJA,KM23,ITSANDRA HAMANVOU,KM233,HAMANVOU,KM233_0004,MBALENI,2030,249
KM,Comores,KM2,NGAZIDJA,KM23,ITSANDRA HAMANVOU,KM233,HAMANVOU,KM233_0003,MBAMBANI YA HAMANVOU,2030,940
KM,Comores,KM2,NGAZIDJA,KM23,ITSANDRA HAMANVOU,KM233,HAMANVOU,KM233_0006,MBANGANI,2030,1991
KM,Comores,KM2,NGAZIDJA,KM23,ITSANDRA HAMANVOU,KM233,HAMANVOU,KM233_0009,MILEVANI,2030,1658
KM,Comores,KM2,NGAZIDJA,KM23,ITSANDRA HAMANVOU,KM233,HAMANVOU,KM233_0005,OUSSIVO,2030,3081
KM,Comores,KM2,NGAZIDJA,KM23,ITSANDRA HAMANVOU,KM234,ISAHARI,KM234_0002,HANTSAMBOU,2030,2189
KM,Comores,KM2,NGAZIDJA,KM23,ITSANDRA HAMANVOU,KM234,ISAHARI,KM234_0004,MILEMBENI,2030,1335
KM,Comores,KM2,NGAZIDJA,KM23,ITSANDRA HAMANVOU,KM234,ISAHARI,KM234_0001,NTSOUDJINI,2030,5837
KM,Comores,KM2,NGAZIDJA,KM23,ITSANDRA HAMANVOU,KM234,ISAHARI,KM234_0005,ZIVANDANI,2030,1800
KM,Comores,KM2,NGAZIDJA,KM23,ITSANDRA HAMANVOU,KM235,MBADANI,KM235_0001,BATSA ITSANDRA,2030,3600
KM,Comores,KM2,NGAZIDJA,KM23,ITSANDRA HAMANVOU,KM235,MBADANI,KM235_0005,DZAHADJOU LA ITSANDRA,2030,1909
KM,Comores,KM2,NGAZIDJA,KM23,ITSANDRA HAMANVOU,KM235,MBADANI,KM235_0004,MHANDANI,2030,740
KM,Comores,KM2,NGAZIDJA,KM23,ITSANDRA HAMANVOU,KM235,MBADANI,KM235_0003,VANADJOU,2030,1297
KM,Comores,KM2,NGAZIDJA,KM23,ITSANDRA HAMANVOU,KM235,MBADANI,KM235_0002,VANAMBOINI,2030,2815
KM,Comores,KM2,NGAZIDJA,KM23,ITSANDRA HAMANVOU,KM235,MBADANI,KM235_0006,VOUNA MBADANI,2030,1057
KM,Comores,KM2,NGAZIDJA,KM24,MBADJINI EST,KM241,DOMBA,KM241_0002,BANDADAOUENI,2030,2029
KM,Comores,KM2,NGAZIDJA,KM24,MBADJINI EST,KM241,DOMBA,KM241_0001,BANDAMADJI LADOMBA,2030,1430
KM,Comores,KM2,NGAZIDJA,KM24,MBADJINI EST,KM241,DOMBA,KM241_0004,OUNGONI,2030,1349
KM,Comores,KM2,NGAZIDJA,KM24,MBADJINI EST,KM241,DOMBA,KM264_0004,PIDJANI,2030,2915
KM,Comores,KM2,NGAZIDJA,KM24,MBADJINI EST,KM241,DOMBA,KM241_0003,TSINIMOIPANGA,2030,3281
KM,Comores,KM2,NGAZIDJA,KM24,MBADJINI EST,KM242,ITSAHIDI,KM242_0007,CHINDINI,2030,2311
KM,Comores,KM2,NGAZIDJA,KM24,MBADJINI EST,KM242,ITSAHIDI,KM242_0009,DZAHADJOU LA MBADJINI,2030,1502
KM,Comores,KM2,NGAZIDJA,KM24,MBADJINI EST,KM242,ITSAHIDI,KM242_0001,FOUMBOUNI,2030,3439
KM,Comores,KM2,NGAZIDJA,KM24,MBADJINI EST,KM242,ITSAHIDI,KM242_0002,KOIMBANI LA MBADJINI,2030,596
KM,Comores,KM2,NGAZIDJA,KM24,MBADJINI EST,KM242,ITSAHIDI,KM242_0003,MALE,2030,3058
KM,Comores,KM2,NGAZIDJA,KM24,MBADJINI EST,KM242,ITSAHIDI,KM242_0004,MIDJENDJENI,2030,555
KM,Comores,KM2,NGAZIDJA,KM24,MBADJINI EST,KM242,ITSAHIDI,KM242_0010,MOHORO,2030,2889
KM,Comores,KM2,NGAZIDJA,KM24,MBADJINI EST,KM242,ITSAHIDI,KM242_0006,NDZOUANI,2030,274
KM,Comores,KM2,NGAZIDJA,KM24,MBADJINI EST,KM242,ITSAHIDI,KM242_0011,NGNOUMADZHA MVOUBARI,2030,2743
KM,Comores,KM2,NGAZIDJA,KM24,MBADJINI EST,KM242,ITSAHIDI,KM242_0005,OUROVENI,2030,1905
KM,Comores,KM2,NGAZIDJA,KM24,MBADJINI EST,KM242,ITSAHIDI,KM242_0008,SIMAMBOINI,2030,1255
KM,Comores,KM2,NGAZIDJA,KM24,MBADJINI EST,KM243,PIMBA,KM243_0004,BANDAMADJI LA KOUBOINI,2030,1023
KM,Comores,KM2,NGAZIDJA,KM24,MBADJINI EST,KM243,PIMBA,KM243_0005,DARISSALAMA,2030,700
KM,Comores,KM2,NGAZIDJA,KM24,MBADJINI EST,KM243,PIMBA,KM243_0009,DIDJONI,2030,793
KM,Comores,KM2,NGAZIDJA,KM24,MBADJINI EST,KM243,PIMBA,KM243_0002,INANI,2030,1181
KM,Comores,KM2,NGAZIDJA,KM24,MBADJINI EST,KM243,PIMBA,KM243_0010,KOVE,2030,1146
KM,Comores,KM2,NGAZIDJA,KM24,MBADJINI EST,KM243,PIMBA,KM243_0006,MLALOI NKOUDJOU,2030,1429
KM,Comores,KM2,NGAZIDJA,KM24,MBADJINI EST,KM243,PIMBA,KM243_0003,NGNAMBENI,2030,2338
KM,Comores,KM2,NGAZIDJA,KM24,MBADJINI EST,KM243,PIMBA,KM243_0007,NGNOUMA MILIMA,2030,4009
KM,Comores,KM2,NGAZIDJA,KM24,MBADJINI EST,KM243,PIMBA,KM243_0008,NKOURANI MKANGA,2030,845
KM,Comores,KM2,NGAZIDJA,KM24,MBADJINI EST,KM243,PIMBA,KM243_0001,SIMBOUSSA YA MBADJINI,2030,2610
KM,Comores,KM2,NGAZIDJA,KM25,MBADJINI OUEST,KM251,NGOUENGOE,KM251_0001,DEMBENI,2030,2888
KM,Comores,KM2,NGAZIDJA,KM25,MBADJINI OUEST,KM251,NGOUENGOE,KM251_0011,ITSOUDZOU,2030,303
KM,Comores,KM2,NGAZIDJA,KM25,MBADJINI OUEST,KM251,NGOUENGOE,KM251_0009,KANDZILE,2030,1638
KM,Comores,KM2,NGAZIDJA,KM25,MBADJINI OUEST,KM251,NGOUENGOE,KM251_0010,MAKORANI,2030,59
KM,Comores,KM2,NGAZIDJA,KM25,MBADJINI OUEST,KM251,NGOUENGOE,KM251_0007,MANDZISSANI,2030,671
KM,Comores,KM2,NGAZIDJA,KM25,MBADJINI OUEST,KM251,NGOUENGOE,KM251_0003,MBOUDE YA MBOINI,2030,754
KM,Comores,KM2,NGAZIDJA,KM25,MBADJINI OUEST,KM251,NGOUENGOE,KM251_0002,MDJAMKAGNOI,2030,1217
KM,Comores,KM2,NGAZIDJA,KM25,MBADJINI OUEST,KM251,NGOUENGOE,KM251_0006,MINDRADOU,2030,592
KM,Comores,KM2,NGAZIDJA,KM25,MBADJINI OUEST,KM251,NGOUENGOE,KM251_0004,MLIMANI,2030,252
KM,Comores,KM2,NGAZIDJA,KM25,MBADJINI OUEST,KM251,NGOUENGOE,KM251_0005,PANDA,2030,1111
KM,Comores,KM2,NGAZIDJA,KM25,MBADJINI OUEST,KM251,NGOUENGOE,KM251_0008,TSINI MOICHONGO,2030,2977
KM,Comores,KM2,NGAZIDJA,KM25,MBADJINI OUEST,KM252,NIOUMAGAMA,KM252_0004,DIMA,2030,724
KM,Comores,KM2,NGAZIDJA,KM25,MBADJINI OUEST,KM252,NIOUMAGAMA,KM252_0007,DOMONI,2030,1037
KM,Comores,KM2,NGAZIDJA,KM25,MBADJINI OUEST,KM252,NIOUMAGAMA,KM252_0008,DZOIDJOU,2030,926
KM,Comores,KM2,NGAZIDJA,KM25,MBADJINI OUEST,KM252,NIOUMAGAMA,KM252_0009,FAMARE,2030,679
KM,Comores,KM2,NGAZIDJA,KM25,MBADJINI OUEST,KM252,NIOUMAGAMA,KM252_0002,IFOUNDIHE CHADJOU,2030,297
KM,Comores,KM2,NGAZIDJA,KM25,MBADJINI OUEST,KM252,NIOUMAGAMA,KM252_0003,IFOUNDIHE CHAMBOINI,2030,1390
KM,Comores,KM2,NGAZIDJA,KM25,MBADJINI OUEST,KM252,NIOUMAGAMA,KM252_0005,NKOURANI YA SIMA,2030,11404
KM,Comores,KM2,NGAZIDJA,KM25,MBADJINI OUEST,KM252,NIOUMAGAMA,KM252_0001,OUZIOINI,2030,2897
KM,Comores,KM2,NGAZIDJA,KM26,MBOUDE,KM265,NYUMAMRO KIBLANI,KM265_0002,CHAMLE,2030,1891
KM,Comores,KM2,NGAZIDJA,KM26,MBOUDE,KM265,NYUMAMRO KIBLANI,KM265_0001,DJOMANI,2030,4565
KM,Comores,KM2,NGAZIDJA,KM26,MBOUDE,KM265,NYUMAMRO KIBLANI,KM265_0007,DOUNIANI,2030,2516
KM,Comores,KM2,NGAZIDJA,KM26,MBOUDE,KM265,NYUMAMRO KIBLANI,KM265_0006,HELINDJE,2030,2458
KM,Comores,KM2,NGAZIDJA,KM26,MBOUDE,KM265,NYUMAMRO KIBLANI,KM265_0009,KOUA,2030,919
KM,Comores,KM2,NGAZIDJA,KM26,MBOUDE,KM265,NYUMAMRO KIBLANI,KM265_0004,MANDZA YA MBOUDE,2030,2195
KM,Comores,KM2,NGAZIDJA,KM26,MBOUDE,KM265,NYUMAMRO KIBLANI,KM265_0005,MDJOIEZI YA MBOUNDE,2030,1115
KM,Comores,KM2,NGAZIDJA,KM26,MBOUDE,KM265,NYUMAMRO KIBLANI,KM265_0003,VOUVOUNI YA MBOUNDE,2030,639
KM,Comores,KM2,NGAZIDJA,KM26,MBOUDE,KM266,NYUMAMRO SOUHEILI,KM266_0003,DJONGOE,2030,1194
KM,Comores,KM2,NGAZIDJA,KM26,MBOUDE,KM266,NYUMAMRO SOUHEILI,KM266_0007,DOMOIDJOU,2030,1236
KM,Comores,KM2,NGAZIDJA,KM26,MBOUDE,KM266,NYUMAMRO SOUHEILI,KM266_0008,DOMOIMBOINI,2030,596
KM,Comores,KM2,NGAZIDJA,KM26,MBOUDE,KM266,NYUMAMRO SOUHEILI,KM266_0002,IVEMBENI,2030,5316
KM,Comores,KM2,NGAZIDJA,KM26,MBOUDE,KM266,NYUMAMRO SOUHEILI,KM266_0004,MAOUENI YA MBOUDE,2030,1678
KM,Comores,KM2,NGAZIDJA,KM26,MBOUDE,KM266,NYUMAMRO SOUHEILI,KM266_0009,MOIDJA YA MBOUDE,2030,775
KM,Comores,KM2,NGAZIDJA,KM26,MBOUDE,KM266,NYUMAMRO SOUHEILI,KM266_0001,NTSAOUENI,2030,4368
KM,Comores,KM2,NGAZIDJA,KM26,MBOUDE,KM266,NYUMAMRO SOUHEILI,KM266_0006,NTSORALE YA MBOUDE,2030,909
KM,Comores,KM2,NGAZIDJA,KM26,MBOUDE,KM266,NYUMAMRO SOUHEILI,KM266_0005,SIMBOUSSA YA MBOUDE,2030,442
KM,Comores,KM2,NGAZIDJA,KM26,MITSAMIOULI,KM261,CEMBENOI LAC SALE,KM261_0001,BANGOIKOUNI,2030,3376
KM,Comores,KM2,NGAZIDJA,KM26,MITSAMIOULI,KM261,CEMBENOI LAC SALE,KM261_0002,BATSA YA MITSAMIHOULI,2030,1604
KM,Comores,KM2,NGAZIDJA,KM26,MITSAMIOULI,KM261,CEMBENOI LAC SALE,KM261_0004,IVOINI,2030,2157
KM,Comores,KM2,NGAZIDJA,KM26,MITSAMIOULI,KM261,CEMBENOI LAC SALE,KM261_0003,OUZIO,2030,3548
KM,Comores,KM2,NGAZIDJA,KM26,MITSAMIOULI,KM262,CEMBENOI SADA DJOULAMLIMA,KM265_0009,KOUA,2030,2029
KM,Comores,KM2,NGAZIDJA,KM26,MITSAMIOULI,KM262,CEMBENOI SADA DJOULAMLIMA,KM262_0004,OUELLAH YA MITSAMIHOULI,2030,5692
KM,Comores,KM2,NGAZIDJA,KM26,MITSAMIOULI,KM262,CEMBENOI SADA DJOULAMLIMA,KM262_0001,OUEMANI,2030,872
KM,Comores,KM2,NGAZIDJA,KM26,MITSAMIOULI,KM263,MITSAMIOULI,KM263_0003,FASSI,2030,519
KM,Comores,KM2,NGAZIDJA,KM26,MITSAMIOULI,KM263,MITSAMIOULI,KM263_0002,HADAWA,2030,771
KM,Comores,KM2,NGAZIDJA,KM26,MITSAMIOULI,KM263,MITSAMIOULI,KM263_0001,MEMBOI - BOINI,2030,1167
KM,Comores,KM2,NGAZIDJA,KM26,MITSAMIOULI,KM263,MITSAMIOULI,KM263_0004,MITSAMIHOULI,2030,6795
KM,Comores,KM2,NGAZIDJA,KM26,MITSAMIOULI,KM263,MITSAMIOULI,KM263_0006,NDZAOUZE,2030,3524
KM,Comores,KM2,NGAZIDJA,KM26,MITSAMIOULI,KM263,MITSAMIOULI,KM263_0005,NKOURANI YA MITSAMIHOULI,2030,430
KM,Comores,KM2,NGAZIDJA,KM26,MITSAMIOULI,KM264,NYUMA KOMO,KM264_0001,BANGOI MAFUSA NKOA,2030,892
KM,Comores,KM2,NGAZIDJA,KM26,MITSAMIOULI,KM264,NYUMA KOMO,KM264_0008,FOUNGA,2030,1242
KM,Comores,KM2,NGAZIDJA,KM26,MITSAMIOULI,KM264,NYUMA KOMO,KM264_0002,MEMBOI - DJOU,2030,2173
KM,Comores,KM2,NGAZIDJA,KM26,MITSAMIOULI,KM264,NYUMA KOMO,KM264_0007,NTSADJENI,2030,2274
KM,Comores,KM2,NGAZIDJA,KM26,MITSAMIOULI,KM264,NYUMA KOMO,KM264_0009,OUHOZI,2030,1623
KM,Comores,KM2,NGAZIDJA,KM26,MITSAMIOULI,KM264,NYUMA KOMO,KM264_0004,PIDJANI,2030,790
KM,Comores,KM2,NGAZIDJA,KM26,MITSAMIOULI,KM264,NYUMA KOMO,KM264_0005,SONGOMANI,2030,634
KM,Comores,KM2,NGAZIDJA,KM26,MITSAMIOULI,KM264,NYUMA KOMO,KM264_0006,TOIYFA,2030,636
KM,Comores,KM2,NGAZIDJA,KM27,MORONI BAMBAO,KM273,BAMBAO YA DJOU,KM273_0002,M'VOUNI,2030,7249
KM,Comores,KM2,NGAZIDJA,KM27,MORONI BAMBAO,KM273,BAMBAO YA DJOU,KM273_0003,MAVINGOUNI,2030,2381
KM,Comores,KM2,NGAZIDJA,KM27,MORONI BAMBAO,KM273,BAMBAO YA DJOU,KM273_0001,MKAZI,2030,8605
KM,Comores,KM2,NGAZIDJA,KM27,MORONI BAMBAO,KM271,BAMBAO YA HARI,KM271_0010,BOENI YA BAMBAO,2030,2812
KM,Comores,KM2,NGAZIDJA,KM27,MORONI BAMBAO,KM271,BAMBAO YA HARI,KM271_0007,DAOUENI,2030,512
KM,Comores,KM2,NGAZIDJA,KM27,MORONI BAMBAO,KM271,BAMBAO YA HARI,KM283_0003,DZAHANI,2030,914
KM,Comores,KM2,NGAZIDJA,KM27,MORONI BAMBAO,KM271,BAMBAO YA HARI,KM271_0002,M'DE,2030,8790
KM,Comores,KM2,NGAZIDJA,KM27,MORONI BAMBAO,KM271,BAMBAO YA HARI,KM271_0006,MBOUDADJOU,2030,1391
KM,Comores,KM2,NGAZIDJA,KM27,MORONI BAMBAO,KM271,BAMBAO YA HARI,KM271_0005,MOIDZAZA DJOUMBE,2030,624
KM,Comores,KM2,NGAZIDJA,KM27,MORONI BAMBAO,KM271,BAMBAO YA HARI,KM271_0004,NIOUMADZAHA,2030,4344
KM,Comores,KM2,NGAZIDJA,KM27,MORONI BAMBAO,KM271,BAMBAO YA HARI,KM271_0003,SELEA,2030,2882
KM,Comores,KM2,NGAZIDJA,KM27,MORONI BAMBAO,KM271,BAMBAO YA HARI,KM271_0001,VOUVOUNI,2030,5844
KM,Comores,KM2,NGAZIDJA,KM27,MORONI BAMBAO,KM272,BAMBAO YA MBOINI,KM272_0001,ICONI,2030,7380
KM,Comores,KM2,NGAZIDJA,KM27,MORONI BAMBAO,KM272,BAMBAO YA MBOINI,KM272_0002,MBACHILE,2030,2262
KM,Comores,KM2,NGAZIDJA,KM27,MORONI BAMBAO,KM272,BAMBAO YA MBOINI,KM272_0003,MOIDZAZA - MBOINI,2030,3825
KM,Comores,KM2,NGAZIDJA,KM27,MORONI BAMBAO,KM272,BAMBAO YA MBOINI,KM272_0004,NDROUANI,2030,1855
KM,Comores,KM2,NGAZIDJA,KM27,MORONI BAMBAO,KM272,BAMBAO YA MBOINI,KM272_0005,SEREHINI,2030,1002
KM,Comores,KM2,NGAZIDJA,KM27,MORONI BAMBAO,KM274,MORONI,KM274_0001,MORONI,2030,100921
KM,Comores,KM2,NGAZIDJA,KM28,OICHILI DIMANI,KM281,DIMANI,KM281_0002,FOUMBOU DZIVOUNI,2030,600
KM,Comores,KM2,NGAZIDJA,KM28,OICHILI DIMANI,KM281,DIMANI,KM281_0007,IDJINKOUNDZI,2030,3260
KM,Comores,KM2,NGAZIDJA,KM28,OICHILI DIMANI,KM281,DIMANI,KM281_0006,IDJOINDRADJA,2030,255
KM,Comores,KM2,NGAZIDJA,KM28,OICHILI DIMANI,KM281,DIMANI,KM281_0005,MADJOMA,2030,736
KM,Comores,KM2,NGAZIDJA,KM28,OICHILI DIMANI,KM281,DIMANI,KM281_0008,MAOUENI DIMANI,2030,2021
KM,Comores,KM2,NGAZIDJA,KM28,OICHILI DIMANI,KM281,DIMANI,KM281_0003,MBOUDE,2030,870
KM,Comores,KM2,NGAZIDJA,KM28,OICHILI DIMANI,KM281,DIMANI,KM281_0004,MIDJINDZE,2030,209
KM,Comores,KM2,NGAZIDJA,KM28,OICHILI DIMANI,KM281,DIMANI,KM281_0009,MIRERENI,2030,701
KM,Comores,KM2,NGAZIDJA,KM28,OICHILI DIMANI,KM281,DIMANI,KM281_0001,MTSANGADJOU,2030,1728
KM,Comores,KM2,NGAZIDJA,KM28,OICHILI DIMANI,KM281,DIMANI,KM281_0010,NTSORALE,2030,3302
KM,Comores,KM2,NGAZIDJA,KM28,OICHILI DIMANI,KM281,DIMANI,KM281_0012,REHEMANI,2030,541
KM,Comores,KM2,NGAZIDJA,KM28,OICHILI DIMANI,KM281,DIMANI,KM281_0011,SIDJOU,2030,1162
KM,Comores,KM2,NGAZIDJA,KM28,OICHILI DIMANI,KM283,OICHILI YABOINI,KM283_0003,DZAHANI,2030,892
KM,Comores,KM2,NGAZIDJA,KM28,OICHILI DIMANI,KM283,OICHILI YABOINI,KM283_0006,HAMBOU,2030,1340
KM,Comores,KM2,NGAZIDJA,KM28,OICHILI DIMANI,KM283,OICHILI YABOINI,KM283_0007,HASSENDJE,2030,394
KM,Comores,KM2,NGAZIDJA,KM28,OICHILI DIMANI,KM283,OICHILI YABOINI,KM283_0001,ITSINKOUDI,2030,3295
KM,Comores,KM2,NGAZIDJA,KM28,OICHILI DIMANI,KM283,OICHILI YABOINI,KM283_0004,KOUHANI,2030,644
KM,Comores,KM2,NGAZIDJA,KM28,OICHILI DIMANI,KM283,OICHILI YABOINI,KM283_0005,MTSAMDU,2030,1557
KM,Comores,KM2,NGAZIDJA,KM28,OICHILI DIMANI,KM282,OICHILI YADJOU,KM282_0003,BOENI YAWACHILI,2030,1165
KM,Comores,KM2,NGAZIDJA,KM28,OICHILI DIMANI,KM282,OICHILI YADJOU,KM282_0009,CHAMRO,2030,213
KM,Comores,KM2,NGAZIDJA,KM28,OICHILI DIMANI,KM282,OICHILI YADJOU,KM282_0007,CHOMONI,2030,1100
KM,Comores,KM2,NGAZIDJA,KM28,OICHILI DIMANI,KM282,OICHILI YADJOU,KM282_0004,DZAHADJOU YA WACHILI,2030,1406
KM,Comores,KM2,NGAZIDJA,KM28,OICHILI DIMANI,KM282,OICHILI YADJOU,KM282_0002,IROHE,2030,1279
KM,Comores,KM2,NGAZIDJA,KM28,OICHILI DIMANI,KM282,OICHILI YADJOU,KM282_0001,KOIMBANI YA WACHILI,2030,3946
KM,Comores,KM2,NGAZIDJA,KM28,OICHILI DIMANI,KM282,OICHILI YADJOU,KM282_0005,SADA,2030,480
KM,Comores,KM2,NGAZIDJA,KM28,OICHILI DIMANI,KM282,OICHILI YADJOU,KM282_0006,SADANI,2030,829
KM,Comores,KM2,NGAZIDJA,KM28,OICHILI DIMANI,KM282,OICHILI YADJOU,KM282_0008,SAMBA MADI,2030,144
KM,Comores,KM2,NGAZIDJA,KM28,OICHILI DIMANI,KM282,OICHILI YADJOU,KM282_0010,SIMA YA WACHILI,2030,1383
KM,Comores,KM3,MWALI,KM31,DJANDO,KM311,DJANDO,KM311_0006,HAGNAMOIDA,2031,1219
KM,Comores,KM3,MWALI,KM31,DJANDO,KM311,DJANDO,KM311_0008,HAMAVOUNA,2031,1979
KM,Comores,KM3,MWALI,KM31,DJANDO,KM311,DJANDO,KM311_0007,ITSAMIA,2031,604
KM,Comores,KM3,MWALI,KM31,DJANDO,KM311,DJANDO,KM121_0005,KANGANI,2031,2025
KM,Comores,KM3,MWALI,KM31,DJANDO,KM311,DJANDO,KM311_0003,MLANBANDA,2031,607
KM,Comores,KM3,MWALI,KM31,DJANDO,KM311,DJANDO,KM311_0002,WANANI,2031,4912
KM,Comores,KM3,MWALI,KM31,DJANDO,KM311,DJANDO,KM311_0001,ZIROUDANI,2031,2606
KM,Comores,KM3,MWALI,KM32,FOMBONI,KM321,FOMBONI,KM321_0001,FOMBONI,2031,25806
KM,Comores,KM3,MWALI,KM32,FOMBONI,KM322,MOILI MDJINI,KM322_0002,BANDAR SALAMA,2031,3601
KM,Comores,KM3,MWALI,KM32,FOMBONI,KM322,MOILI MDJINI,KM322_0003,DJOIEZI,2031,4391
KM,Comores,KM3,MWALI,KM32,FOMBONI,KM322,MOILI MDJINI,KM322_0001,MBOIGOMA,2031,3067
KM,Comores,KM3,MWALI,KM32,FOMBONI,KM323,MOINBASSA,KM252_0007,DOMONI,2031,385
KM,Comores,KM3,MWALI,KM32,FOMBONI,KM323,MOINBASSA,KM323_0002,HOANI,2031,3282
KM,Comores,KM3,MWALI,KM32,FOMBONI,KM323,MOINBASSA,KM323_0001,M'BATSE,2031,5486
KM,Comores,KM3,MWALI,KM33,NIOUMACHOUA,KM331,MLEDJELE,KM331_0001,MIREMANI,2031,430
KM,Comores,KM3,MWALI,KM33,NIOUMACHOUA,KM331,MLEDJELE,KM331_0004,NDREMEANI,2031,85
KM,Comores,KM3,MWALI,KM33,NIOUMACHOUA,KM331,MLEDJELE,KM331_0002,NDRONDRONI,2031,6328
KM,Comores,KM3,MWALI,KM33,NIOUMACHOUA,KM331,MLEDJELE,KM331_0003,NIOUMACHOUA,2031,4968
KM,Comores,KM3,MWALI,KM33,NIOUMACHOUA,KM332,MOIMBAO,KM143_0003,BARAKANI,2031,1403
KM,Comores,KM3,MWALI,KM33,NIOUMACHOUA,KM332,MOIMBAO,KM332_0001,HAMBA,2031,363
KM,Comores,KM3,MWALI,KM33,NIOUMACHOUA,KM332,MOIMBAO,KM332_0004,MIRINGONI,2031,1503
KM,Comores,KM3,MWALI,KM33,NIOUMACHOUA,KM332,MOIMBAO,KM332_0005,WALLAH 1,2031,666
KM,Comores,KM3,MWALI,KM33,NIOUMACHOUA,KM332,MOIMBAO,KM332_0006,WALLAH 2,2031,1246
KM,Comores,KM1,NDZUWANI,KM11,DOMONI,KM111,BAMBAO MSTANGA,KM111_0001,BAMBAO MTSANGA,2031,7175
KM,Comores,KM1,NDZUWANI,KM11,DOMONI,KM111,BAMBAO MSTANGA,KM111_0004,MAHALE,2031,5079
KM,Comores,KM1,NDZUWANI,KM11,DOMONI,KM111,BAMBAO MSTANGA,KM111_0002,MROMAJI,2031,3934
KM,Comores,KM1,NDZUWANI,KM11,DOMONI,KM111,BAMBAO MSTANGA,KM111_0003,ONGONI,2031,3374
KM,Comores,KM1,NDZUWANI,KM11,DOMONI,KM112,DOMONI,KM112_0004,BWELADUGU,2031,1058
KM,Comores,KM1,NDZUWANI,KM11,DOMONI,KM112,DOMONI,KM252_0007,DOMONI,2031,17657
KM,Comores,KM1,NDZUWANI,KM11,DOMONI,KM112,DOMONI,KM112_0003,LIMBI,2031,3696
KM,Comores,KM1,NDZUWANI,KM11,DOMONI,KM113,JIMLIME,KM113_0003,HAJOHO,2031,5350
KM,Comores,KM1,NDZUWANI,KM11,DOMONI,KM113,JIMLIME,KM113_0001,HAREMBO I,2031,824
KM,Comores,KM1,NDZUWANI,KM11,DOMONI,KM113,JIMLIME,KM113_0002,HAREMBO II,2031,1383
KM,Comores,KM1,NDZUWANI,KM11,DOMONI,KM113,JIMLIME,KM113_0004,JIMLIME,2031,8765
KM,Comores,KM1,NDZUWANI,KM11,DOMONI,KM114,KONI,KM114_0004,GEGE,2031,1579
KM,Comores,KM1,NDZUWANI,KM11,DOMONI,KM114,KONI,KM114_0003,HACHIPENDA,2031,2667
KM,Comores,KM1,NDZUWANI,KM11,DOMONI,KM114,KONI,KM114_0001,KONI DJODJO,2031,15425
KM,Comores,KM1,NDZUWANI,KM11,DOMONI,KM114,KONI,KM114_0002,KONI NGANI,2031,7380
KM,Comores,KM1,NDZUWANI,KM11,DOMONI,KM115,NGADZALE,KM115_0001,NGADZALE,2031,7886
KM,Comores,KM1,NDZUWANI,KM11,DOMONI,KM115,NGADZALE,KM115_0002,OUTSA,2031,1027
KM,Comores,KM1,NDZUWANI,KM11,DOMONI,KM115,NGADZALE,KM115_0005,OUZINI,2031,2491
KM,Comores,KM1,NDZUWANI,KM11,DOMONI,KM115,NGADZALE,KM153_0014,SALAMANI,2031,3014
KM,Comores,KM1,NDZUWANI,KM16,MOYA,KM151,MOYA,KM151_0002,KOWET,2031,2973
KM,Comores,KM1,NDZUWANI,KM16,MOYA,KM151,MOYA,KM151_0005,LINGONI,2031,7000
KM,Comores,KM1,NDZUWANI,KM16,MOYA,KM151,MOYA,KM151_0007,MAWENI,2031,1124
KM,Comores,KM1,NDZUWANI,KM16,MOYA,KM151,MOYA,KM151_0001,MOYA,2031,12828
KM,Comores,KM1,NDZUWANI,KM16,MOYA,KM151,MOYA,KM151_0004,NINDRI,2031,4350
KM,Comores,KM1,NDZUWANI,KM16,MOYA,KM151,MOYA,KM151_0003,POMONI,2031,5997
KM,Comores,KM1,NDZUWANI,KM12,MREMANI,KM121,ADDA,KM121_0001,ADDA DAWENI,2031,16343
KM,Comores,KM1,NDZUWANI,KM12,MREMANI,KM121,ADDA,KM121_0002,DJANZA,2031,1173
KM,Comores,KM1,NDZUWANI,KM12,MREMANI,KM121,ADDA,KM121_0005,KANGANI,2031,6920
KM,Comores,KM1,NDZUWANI,KM12,MREMANI,KM121,ADDA,KM121_0003,MAGNASSINI,2031,6105
KM,Comores,KM1,NDZUWANI,KM12,MREMANI,KM123,MRAMANI,KM123_0004,DZIANII,2031,2771
KM,Comores,KM1,NDZUWANI,KM12,MREMANI,KM123,MRAMANI,KM123_0002,HANTSAHII,2031,2093
KM,Comores,KM1,NDZUWANI,KM12,MREMANI,KM123,MRAMANI,KM123_0001,MRAMANI,2031,5776
KM,Comores,KM1,NDZUWANI,KM12,MREMANI,KM123,MRAMANI,KM123_0003,NYAMBOIMRO,2031,2942
KM,Comores,KM1,NDZUWANI,KM12,MREMANI,KM124,MREMANI,KM124_0002,BANDA KOUNI,2031,5244
KM,Comores,KM1,NDZUWANI,KM12,MREMANI,KM124,MREMANI,KM124_0004,DAJI,2031,4421
KM,Comores,KM1,NDZUWANI,KM12,MREMANI,KM124,MREMANI,KM124_0001,MREMANI,2031,7808
KM,Comores,KM1,NDZUWANI,KM12,MREMANI,KM124,MREMANI,KM124_0003,MRIDJOU,2031,4961
KM,Comores,KM1,NDZUWANI,KM12,MREMANI,KM125,ONGOJOU,KM125_0002,KIYO,2031,2341
KM,Comores,KM1,NDZUWANI,KM12,MREMANI,KM125,ONGOJOU,KM125_0003,KOMONI,2031,3791
KM,Comores,KM1,NDZUWANI,KM12,MREMANI,KM125,ONGOJOU,KM125_0004,MIRONDRONI,2031,576
KM,Comores,KM1,NDZUWANI,KM12,MREMANI,KM125,ONGOJOU,KM125_0001,ONGODJOU,2031,9002
KM,Comores,KM1,NDZUWANI,KM12,MREMANI,KM125,ONGOJOU,KM125_0005,TRINDRINI,2031,226
KM,Comores,KM1,NDZUWANI,KM12,MREMANI,KM122,SHAWENI,KM122_0002,HAMCHACO,2031,2754
KM,Comores,KM1,NDZUWANI,KM12,MREMANI,KM122,SHAWENI,KM122_0005,MNADZICHOUMWE,2031,1428
KM,Comores,KM1,NDZUWANI,KM12,MREMANI,KM122,SHAWENI,KM122_0004,NOUNGA,2031,617
KM,Comores,KM1,NDZUWANI,KM12,MREMANI,KM122,SHAWENI,KM122_0003,SADAPOINI,2031,4132
KM,Comores,KM1,NDZUWANI,KM12,MREMANI,KM122,SHAWENI,KM122_0001,SHAWENI,2031,1531
KM,Comores,KM1,NDZUWANI,KM13,MUTSAMUDU,KM131,BANDRANI YA CHIRONKAMBA,KM131_0002,ANKIBANI,2031,3075
KM,Comores,KM1,NDZUWANI,KM13,MUTSAMUDU,KM131,BANDRANI YA CHIRONKAMBA,KM131_0008,BANDRADJOU,2031,2614
KM,Comores,KM1,NDZUWANI,KM13,MUTSAMUDU,KM131,BANDRANI YA CHIRONKAMBA,KM131_0006,CHICONI 2,2031,194
KM,Comores,KM1,NDZUWANI,KM13,MUTSAMUDU,KM131,BANDRANI YA CHIRONKAMBA,KM131_0003,CHIRONKAMBA,2031,2844
KM,Comores,KM1,NDZUWANI,KM13,MUTSAMUDU,KM131,BANDRANI YA CHIRONKAMBA,KM151_0007,MAWENI,2031,1138
KM,Comores,KM1,NDZUWANI,KM13,MUTSAMUDU,KM131,BANDRANI YA CHIRONKAMBA,KM131_0001,MDJIMANDRA,2031,3853
KM,Comores,KM1,NDZUWANI,KM13,MUTSAMUDU,KM131,BANDRANI YA CHIRONKAMBA,KM131_0007,MPOUZINI,2031,89
KM,Comores,KM1,NDZUWANI,KM13,MUTSAMUDU,KM132,Commune BANDRANI YA MITSANGANI,KM132_0001,BANDRANI MTSANGANI,2031,2744
KM,Comores,KM1,NDZUWANI,KM13,MUTSAMUDU,KM132,Commune BANDRANI YA MITSANGANI,KM132_0002,CHITROUNI,2031,1777
KM,Comores,KM1,NDZUWANI,KM13,MUTSAMUDU,KM132,Commune BANDRANI YA MITSANGANI,KM132_0004,MDJAMAOUE,2031,2448
KM,Comores,KM1,NDZUWANI,KM13,MUTSAMUDU,KM132,Commune BANDRANI YA MITSANGANI,KM132_0003,SAANDANI,2031,3248
KM,Comores,KM1,NDZUWANI,KM13,MUTSAMUDU,KM133,MIRONTSI,KM133_0001,MIRONTSI,2031,17215
KM,Comores,KM1,NDZUWANI,KM13,MUTSAMUDU,KM134,MUTSAMUDU,KM134_0005,CHICONI1,2031,6
KM,Comores,KM1,NDZUWANI,KM13,MUTSAMUDU,KM134,MUTSAMUDU,KM134_0001,MUTSAMUDU,2031,37889
KM,Comores,KM1,NDZUWANI,KM13,MUTSAMUDU,KM134,MUTSAMUDU,KM134_0003,MWAMWA I,2031,2696
KM,Comores,KM1,NDZUWANI,KM13,MUTSAMUDU,KM134,MUTSAMUDU,KM134_0004,MWAMWA II,2031,1135
KM,Comores,KM1,NDZUWANI,KM13,MUTSAMUDU,KM134,MUTSAMUDU,KM134_0002,PAJE,2031,8364
KM,Comores,KM1,NDZUWANI,KM14,OUANI,KM141,BAMBAO MTROUNI,KM141_0003,CHANDRA,2031,7085
KM,Comores,KM1,NDZUWANI,KM14,OUANI,KM141,BAMBAO MTROUNI,KM141_0002,DINDRI,2031,14795
KM,Comores,KM1,NDZUWANI,KM14,OUANI,KM141,BAMBAO MTROUNI,KM141_0001,TSEMBEHOU,2031,18129
KM,Comores,KM1,NDZUWANI,KM14,OUANI,KM142,BAZIMINI,KM142_0001,BAZIMINI,2031,11833
KM,Comores,KM1,NDZUWANI,KM14,OUANI,KM142,BAZIMINI,KM142_0002,KOKI,2031,9008
KM,Comores,KM1,NDZUWANI,KM14,OUANI,KM142,BAZIMINI,KM142_0003,PATSY,2031,5496
KM,Comores,KM1,NDZUWANI,KM14,OUANI,KM143,OUANI,KM143_0003,BARAKANI,2031,10041
KM,Comores,KM1,NDZUWANI,KM14,OUANI,KM143,OUANI,KM143_0004,GNATRANGA,2031,4695
KM,Comores,KM1,NDZUWANI,KM14,OUANI,KM143,OUANI,KM143_0001,OUANI,2031,14505
KM,Comores,KM1,NDZUWANI,KM14,OUANI,KM143,OUANI,KM143_0005,TANAMBAO,2031,3005
KM,Comores,KM1,NDZUWANI,KM15,SIMA,KM152,SIMA,KM152_0003,BIMBINI,2031,2527
KM,Comores,KM1,NDZUWANI,KM15,SIMA,KM152,SIMA,KM152_0004,BOUNGOUENI,2031,5001
KM,Comores,KM1,NDZUWANI,KM15,SIMA,KM152,SIMA,KM152_0002,KAVANI,2031,3074
KM,Comores,KM1,NDZUWANI,KM15,SIMA,KM152,SIMA,KM234_0004,MILEMBENI,2031,1029
KM,Comores,KM1,NDZUWANI,KM15,SIMA,KM152,SIMA,KM152_0005,MIRONGANI,2031,2065
KM,Comores,KM1,NDZUWANI,KM15,SIMA,KM152,SIMA,KM232_0003,SIMA,2031,8954
KM,Comores,KM1,NDZUWANI,KM15,SIMA,KM153,VOUANI,KM153_0010,BANDRANI YA VOUANI,2031,2384
KM,Comores,KM1,NDZUWANI,KM15,SIMA,KM153,VOUANI,KM153_0011,CHIROVE,2031,374
KM,Comores,KM1,NDZUWANI,KM15,SIMA,KM153,VOUANI,KM153_0009,DAR SALAMA,2031,1902
KM,Comores,KM1,NDZUWANI,KM15,SIMA,KM153,VOUANI,KM153_0007,DZINDRI I,2031,3590
KM,Comores,KM1,NDZUWANI,KM15,SIMA,KM153,VOUANI,KM153_0003,HASSIMPAO,2031,2169
KM,Comores,KM1,NDZUWANI,KM15,SIMA,KM153,VOUANI,KM153_0006,IMERE,2031,634
KM,Comores,KM1,NDZUWANI,KM15,SIMA,KM153,VOUANI,KM153_0015,IMERE YA GAWANI,2031,1050
KM,Comores,KM1,NDZUWANI,KM15,SIMA,KM153,VOUANI,KM153_0002,MARAHARE,2031,2786
KM,Comores,KM1,NDZUWANI,KM15,SIMA,KM153,VOUANI,KM153_0012,MARONTRONI,2031,576
KM,Comores,KM1,NDZUWANI,KM15,SIMA,KM153,VOUANI,KM153_0001,MROMOUHOULI,2031,859
KM,Comores,KM1,NDZUWANI,KM15,SIMA,KM153,VOUANI,KM153_0014,SALAMANI,2031,576
KM,Comores,KM1,NDZUWANI,KM15,SIMA,KM153,VOUANI,KM153_0004,SHITSANGASHELI,2031,219
KM,Comores,KM1,NDZUWANI,KM15,SIMA,KM153,VOUANI,KM153_0005,VASSI,2031,1787
KM,Comores,KM1,NDZUWANI,KM15,SIMA,KM153,VOUANI,KM153_0008,VOUANI,2031,4807
KM,Comores,KM2,NGAZIDJA,KM21,HAMAHAMET MBOINKOU,KM211,MBOINKOU,KM211_0008,BANDAMADJI LA MBOIKOU,2031,953
KM,Comores,KM2,NGAZIDJA,KM21,HAMAHAMET MBOINKOU,KM211,MBOINKOU,KM211_0004,CHEZANI,2031,3666
KM,Comores,KM2,NGAZIDJA,KM21,HAMAHAMET MBOINKOU,KM211,MBOINKOU,KM211_0007,HANTSINDZI,2031,2832
KM,Comores,KM2,NGAZIDJA,KM21,HAMAHAMET MBOINKOU,KM211,MBOINKOU,KM211_0001,MADJEOUENI,2031,2372
KM,Comores,KM2,NGAZIDJA,KM21,HAMAHAMET MBOINKOU,KM211,MBOINKOU,KM211_0005,NDROUDE,2031,2777
KM,Comores,KM2,NGAZIDJA,KM21,HAMAHAMET MBOINKOU,KM211,MBOINKOU,KM211_0006,NIOUMAMILIMA,2031,1799
KM,Comores,KM2,NGAZIDJA,KM21,HAMAHAMET MBOINKOU,KM211,MBOINKOU,KM211_0002,SADANI YA MBOIKOU,2031,832
KM,Comores,KM2,NGAZIDJA,KM21,HAMAHAMET MBOINKOU,KM211,MBOINKOU,KM211_0003,TRELEZINI,2031,737
KM,Comores,KM2,NGAZIDJA,KM21,HAMAHAMET MBOINKOU,KM212,NYUMA MRO,KM212_0005,BAMBADJANI,2031,1656
KM,Comores,KM2,NGAZIDJA,KM21,HAMAHAMET MBOINKOU,KM212,NYUMA MRO,KM212_0001,DIMADJOU YA HAMAHAMET,2031,3224
KM,Comores,KM2,NGAZIDJA,KM21,HAMAHAMET MBOINKOU,KM212,NYUMA MRO,KM212_0009,HADJAMBOU,2031,1707
KM,Comores,KM2,NGAZIDJA,KM21,HAMAHAMET MBOINKOU,KM212,NYUMA MRO,KM212_0007,ITSANDZENI,2031,2479
KM,Comores,KM2,NGAZIDJA,KM21,HAMAHAMET MBOINKOU,KM212,NYUMA MRO,KM212_0010,MBATSE YA HAMAHAMET,2031,311
KM,Comores,KM2,NGAZIDJA,KM21,HAMAHAMET MBOINKOU,KM212,NYUMA MRO,KM212_0003,MDJIHARI,2031,879
KM,Comores,KM2,NGAZIDJA,KM21,HAMAHAMET MBOINKOU,KM212,NYUMA MRO,KM212_0004,MOIDJA,2031,2737
KM,Comores,KM2,NGAZIDJA,KM21,HAMAHAMET MBOINKOU,KM212,NYUMA MRO,KM212_0006,NGOLE,2031,506
KM,Comores,KM2,NGAZIDJA,KM21,HAMAHAMET MBOINKOU,KM212,NYUMA MRO,KM212_0002,NYADOMBWENI,2031,1351
KM,Comores,KM2,NGAZIDJA,KM21,HAMAHAMET MBOINKOU,KM212,NYUMA MRO,KM212_0008,OUELLAH YA HAMAHAMET,2031,941
KM,Comores,KM2,NGAZIDJA,KM21,HAMAHAMET MBOINKOU,KM213,NYUMA MSIRU,KM213_0008,BATOU,2031,917
KM,Comores,KM2,NGAZIDJA,KM21,HAMAHAMET MBOINKOU,KM213,NYUMA MSIRU,KM213_0006,BOUNI,2031,1916
KM,Comores,KM2,NGAZIDJA,KM21,HAMAHAMET MBOINKOU,KM213,NYUMA MSIRU,KM213_0007,HEROUMBILI,2031,1980
KM,Comores,KM2,NGAZIDJA,KM21,HAMAHAMET MBOINKOU,KM213,NYUMA MSIRU,KM213_0010,IFOUNDIHE YA HAMAHAMET,2031,935
KM,Comores,KM2,NGAZIDJA,KM21,HAMAHAMET MBOINKOU,KM213,NYUMA MSIRU,KM213_0009,KOURANI YA HAMAHAMET,2031,178
KM,Comores,KM2,NGAZIDJA,KM21,HAMAHAMET MBOINKOU,KM213,NYUMA MSIRU,KM213_0001,MBENI,2031,7075
KM,Comores,KM2,NGAZIDJA,KM21,HAMAHAMET MBOINKOU,KM213,NYUMA MSIRU,KM213_0011,MNOUNGOU,2031,1685
KM,Comores,KM2,NGAZIDJA,KM21,HAMAHAMET MBOINKOU,KM213,NYUMA MSIRU,KM213_0004,SADA CHIHOUWE,2031,1078
KM,Comores,KM2,NGAZIDJA,KM21,HAMAHAMET MBOINKOU,KM213,NYUMA MSIRU,KM213_0005,SADA MHUWAMBOI,2031,273
KM,Comores,KM2,NGAZIDJA,KM21,HAMAHAMET MBOINKOU,KM213,NYUMA MSIRU,KM213_0003,SALIMANI YA HAMAHAMET,2031,850
KM,Comores,KM2,NGAZIDJA,KM21,HAMAHAMET MBOINKOU,KM213,NYUMA MSIRU,KM213_0002,SELEANI,2031,1916
KM,Comores,KM2,NGAZIDJA,KM22,HAMBOU,KM221,DJOUMOIPANGUA,KM221_0004,BAMBANI,2031,1718
KM,Comores,KM2,NGAZIDJA,KM22,HAMBOU,KM221,DJOUMOIPANGUA,KM221_0005,DZAHADJOU,2031,2926
KM,Comores,KM2,NGAZIDJA,KM22,HAMBOU,KM221,DJOUMOIPANGUA,KM221_0003,HETSA,2031,1152
KM,Comores,KM2,NGAZIDJA,KM22,HAMBOU,KM221,DJOUMOIPANGUA,KM221_0002,MDJOIEZI,2031,4160
KM,Comores,KM2,NGAZIDJA,KM22,HAMBOU,KM221,DJOUMOIPANGUA,KM221_0001,SINGANI,2031,2921
KM,Comores,KM2,NGAZIDJA,KM22,HAMBOU,KM222,TSINIMOIPANGUA,KM222_0005,BANGOI,2031,3904
KM,Comores,KM2,NGAZIDJA,KM22,HAMBOU,KM222,TSINIMOIPANGUA,KM222_0003,CHOUANI,2031,3575
KM,Comores,KM2,NGAZIDJA,KM22,HAMBOU,KM222,TSINIMOIPANGUA,KM222_0004,DJOUMOICHONGO,2031,2118
KM,Comores,KM2,NGAZIDJA,KM22,HAMBOU,KM222,TSINIMOIPANGUA,KM222_0001,MITSOUDJE,2031,5161
KM,Comores,KM2,NGAZIDJA,KM22,HAMBOU,KM222,TSINIMOIPANGUA,KM222_0006,NKOMIONI,2031,768
KM,Comores,KM2,NGAZIDJA,KM22,HAMBOU,KM222,TSINIMOIPANGUA,KM222_0007,SALIMANI,2031,2700
KM,Comores,KM2,NGAZIDJA,KM22,HAMBOU,KM222,TSINIMOIPANGUA,KM222_0002,TROUMBENI,2031,320
KM,Comores,KM2,NGAZIDJA,KM23,ITSANDRA HAMANVOU,KM231,BANGAANI,KM231_0007,BANDAMADJI LA ITSANDRA,2031,1264
KM,Comores,KM2,NGAZIDJA,KM23,ITSANDRA HAMANVOU,KM231,BANGAANI,KM231_0008,DIMADJOU YA ITSANDRA,2031,1959
KM,Comores,KM2,NGAZIDJA,KM23,ITSANDRA HAMANVOU,KM231,BANGAANI,KM231_0004,DZAHANI LA TSIDJE,2031,10898
KM,Comores,KM2,NGAZIDJA,KM23,ITSANDRA HAMANVOU,KM231,BANGAANI,KM231_0001,ITSANDRA MDJINI,2031,4516
KM,Comores,KM2,NGAZIDJA,KM23,ITSANDRA HAMANVOU,KM231,BANGAANI,KM231_0005,MAOUENI YA ITSANDRA,2031,1137
KM,Comores,KM2,NGAZIDJA,KM23,ITSANDRA HAMANVOU,KM231,BANGAANI,KM231_0006,MIRONTSI YA ITSANDRA,2031,604
KM,Comores,KM2,NGAZIDJA,KM23,ITSANDRA HAMANVOU,KM231,BANGAANI,KM231_0002,SALIMANI YA ITSANDRA,2031,4412
KM,Comores,KM2,NGAZIDJA,KM23,ITSANDRA HAMANVOU,KM231,BANGAANI,KM231_0003,SAMBA MBODONI,2031,1915
KM,Comores,KM2,NGAZIDJA,KM23,ITSANDRA HAMANVOU,KM232,DJOUMOICHONGO,KM232_0002,BAHANI,2031,2508
KM,Comores,KM2,NGAZIDJA,KM23,ITSANDRA HAMANVOU,KM232,DJOUMOICHONGO,KM232_0001,DZAHANI II,2031,2020
KM,Comores,KM2,NGAZIDJA,KM23,ITSANDRA HAMANVOU,KM232,DJOUMOICHONGO,KM232_0004,OUELLAH YA ITSANDRA,2031,1754
KM,Comores,KM2,NGAZIDJA,KM23,ITSANDRA HAMANVOU,KM232,DJOUMOICHONGO,KM232_0005,SAMBA KOUNI,2031,2824
KM,Comores,KM2,NGAZIDJA,KM23,ITSANDRA HAMANVOU,KM232,DJOUMOICHONGO,KM232_0003,SIMA,2031,1162
KM,Comores,KM2,NGAZIDJA,KM23,ITSANDRA HAMANVOU,KM233,HAMANVOU,KM233_0008,BIBAVOU,2031,1534
KM,Comores,KM2,NGAZIDJA,KM23,ITSANDRA HAMANVOU,KM233,HAMANVOU,KM233_0002,BOENINDI,2031,1065
KM,Comores,KM2,NGAZIDJA,KM23,ITSANDRA HAMANVOU,KM233,HAMANVOU,KM233_0007,DIBOINI,2031,1989
KM,Comores,KM2,NGAZIDJA,KM23,ITSANDRA HAMANVOU,KM233,HAMANVOU,KM233_0001,HAHAYA,2031,6331
KM,Comores,KM2,NGAZIDJA,KM23,ITSANDRA HAMANVOU,KM233,HAMANVOU,KM233_0004,MBALENI,2031,255
KM,Comores,KM2,NGAZIDJA,KM23,ITSANDRA HAMANVOU,KM233,HAMANVOU,KM233_0003,MBAMBANI YA HAMANVOU,2031,962
KM,Comores,KM2,NGAZIDJA,KM23,ITSANDRA HAMANVOU,KM233,HAMANVOU,KM233_0006,MBANGANI,2031,2038
KM,Comores,KM2,NGAZIDJA,KM23,ITSANDRA HAMANVOU,KM233,HAMANVOU,KM233_0009,MILEVANI,2031,1697
KM,Comores,KM2,NGAZIDJA,KM23,ITSANDRA HAMANVOU,KM233,HAMANVOU,KM233_0005,OUSSIVO,2031,3153
KM,Comores,KM2,NGAZIDJA,KM23,ITSANDRA HAMANVOU,KM234,ISAHARI,KM234_0002,HANTSAMBOU,2031,2241
KM,Comores,KM2,NGAZIDJA,KM23,ITSANDRA HAMANVOU,KM234,ISAHARI,KM234_0004,MILEMBENI,2031,1366
KM,Comores,KM2,NGAZIDJA,KM23,ITSANDRA HAMANVOU,KM234,ISAHARI,KM234_0001,NTSOUDJINI,2031,5974
KM,Comores,KM2,NGAZIDJA,KM23,ITSANDRA HAMANVOU,KM234,ISAHARI,KM234_0005,ZIVANDANI,2031,1842
KM,Comores,KM2,NGAZIDJA,KM23,ITSANDRA HAMANVOU,KM235,MBADANI,KM235_0001,BATSA ITSANDRA,2031,3684
KM,Comores,KM2,NGAZIDJA,KM23,ITSANDRA HAMANVOU,KM235,MBADANI,KM235_0005,DZAHADJOU LA ITSANDRA,2031,1954
KM,Comores,KM2,NGAZIDJA,KM23,ITSANDRA HAMANVOU,KM235,MBADANI,KM235_0004,MHANDANI,2031,757
KM,Comores,KM2,NGAZIDJA,KM23,ITSANDRA HAMANVOU,KM235,MBADANI,KM235_0003,VANADJOU,2031,1327
KM,Comores,KM2,NGAZIDJA,KM23,ITSANDRA HAMANVOU,KM235,MBADANI,KM235_0002,VANAMBOINI,2031,2881
KM,Comores,KM2,NGAZIDJA,KM23,ITSANDRA HAMANVOU,KM235,MBADANI,KM235_0006,VOUNA MBADANI,2031,1082
KM,Comores,KM2,NGAZIDJA,KM24,MBADJINI EST,KM241,DOMBA,KM241_0002,BANDADAOUENI,2031,2076
KM,Comores,KM2,NGAZIDJA,KM24,MBADJINI EST,KM241,DOMBA,KM241_0001,BANDAMADJI LADOMBA,2031,1464
KM,Comores,KM2,NGAZIDJA,KM24,MBADJINI EST,KM241,DOMBA,KM241_0004,OUNGONI,2031,1381
KM,Comores,KM2,NGAZIDJA,KM24,MBADJINI EST,KM241,DOMBA,KM264_0004,PIDJANI,2031,2983
KM,Comores,KM2,NGAZIDJA,KM24,MBADJINI EST,KM241,DOMBA,KM241_0003,TSINIMOIPANGA,2031,3358
KM,Comores,KM2,NGAZIDJA,KM24,MBADJINI EST,KM242,ITSAHIDI,KM242_0007,CHINDINI,2031,2365
KM,Comores,KM2,NGAZIDJA,KM24,MBADJINI EST,KM242,ITSAHIDI,KM242_0009,DZAHADJOU LA MBADJINI,2031,1537
KM,Comores,KM2,NGAZIDJA,KM24,MBADJINI EST,KM242,ITSAHIDI,KM242_0001,FOUMBOUNI,2031,3520
KM,Comores,KM2,NGAZIDJA,KM24,MBADJINI EST,KM242,ITSAHIDI,KM242_0002,KOIMBANI LA MBADJINI,2031,610
KM,Comores,KM2,NGAZIDJA,KM24,MBADJINI EST,KM242,ITSAHIDI,KM242_0003,MALE,2031,3129
KM,Comores,KM2,NGAZIDJA,KM24,MBADJINI EST,KM242,ITSAHIDI,KM242_0004,MIDJENDJENI,2031,568
KM,Comores,KM2,NGAZIDJA,KM24,MBADJINI EST,KM242,ITSAHIDI,KM242_0010,MOHORO,2031,2957
KM,Comores,KM2,NGAZIDJA,KM24,MBADJINI EST,KM242,ITSAHIDI,KM242_0006,NDZOUANI,2031,280
KM,Comores,KM2,NGAZIDJA,KM24,MBADJINI EST,KM242,ITSAHIDI,KM242_0011,NGNOUMADZHA MVOUBARI,2031,2808
KM,Comores,KM2,NGAZIDJA,KM24,MBADJINI EST,KM242,ITSAHIDI,KM242_0005,OUROVENI,2031,1949
KM,Comores,KM2,NGAZIDJA,KM24,MBADJINI EST,KM242,ITSAHIDI,KM242_0008,SIMAMBOINI,2031,1284
KM,Comores,KM2,NGAZIDJA,KM24,MBADJINI EST,KM243,PIMBA,KM243_0004,BANDAMADJI LA KOUBOINI,2031,1047
KM,Comores,KM2,NGAZIDJA,KM24,MBADJINI EST,KM243,PIMBA,KM243_0005,DARISSALAMA,2031,716
KM,Comores,KM2,NGAZIDJA,KM24,MBADJINI EST,KM243,PIMBA,KM243_0009,DIDJONI,2031,811
KM,Comores,KM2,NGAZIDJA,KM24,MBADJINI EST,KM243,PIMBA,KM243_0002,INANI,2031,1209
KM,Comores,KM2,NGAZIDJA,KM24,MBADJINI EST,KM243,PIMBA,KM243_0010,KOVE,2031,1173
KM,Comores,KM2,NGAZIDJA,KM24,MBADJINI EST,KM243,PIMBA,KM243_0006,MLALOI NKOUDJOU,2031,1462
KM,Comores,KM2,NGAZIDJA,KM24,MBADJINI EST,KM243,PIMBA,KM243_0003,NGNAMBENI,2031,2392
KM,Comores,KM2,NGAZIDJA,KM24,MBADJINI EST,KM243,PIMBA,KM243_0007,NGNOUMA MILIMA,2031,4103
KM,Comores,KM2,NGAZIDJA,KM24,MBADJINI EST,KM243,PIMBA,KM243_0008,NKOURANI MKANGA,2031,865
KM,Comores,KM2,NGAZIDJA,KM24,MBADJINI EST,KM243,PIMBA,KM243_0001,SIMBOUSSA YA MBADJINI,2031,2671
KM,Comores,KM2,NGAZIDJA,KM25,MBADJINI OUEST,KM251,NGOUENGOE,KM251_0001,DEMBENI,2031,2955
KM,Comores,KM2,NGAZIDJA,KM25,MBADJINI OUEST,KM251,NGOUENGOE,KM251_0011,ITSOUDZOU,2031,310
KM,Comores,KM2,NGAZIDJA,KM25,MBADJINI OUEST,KM251,NGOUENGOE,KM251_0009,KANDZILE,2031,1676
KM,Comores,KM2,NGAZIDJA,KM25,MBADJINI OUEST,KM251,NGOUENGOE,KM251_0010,MAKORANI,2031,61
KM,Comores,KM2,NGAZIDJA,KM25,MBADJINI OUEST,KM251,NGOUENGOE,KM251_0007,MANDZISSANI,2031,687
KM,Comores,KM2,NGAZIDJA,KM25,MBADJINI OUEST,KM251,NGOUENGOE,KM251_0003,MBOUDE YA MBOINI,2031,771
KM,Comores,KM2,NGAZIDJA,KM25,MBADJINI OUEST,KM251,NGOUENGOE,KM251_0002,MDJAMKAGNOI,2031,1246
KM,Comores,KM2,NGAZIDJA,KM25,MBADJINI OUEST,KM251,NGOUENGOE,KM251_0006,MINDRADOU,2031,606
KM,Comores,KM2,NGAZIDJA,KM25,MBADJINI OUEST,KM251,NGOUENGOE,KM251_0004,MLIMANI,2031,258
KM,Comores,KM2,NGAZIDJA,KM25,MBADJINI OUEST,KM251,NGOUENGOE,KM251_0005,PANDA,2031,1137
KM,Comores,KM2,NGAZIDJA,KM25,MBADJINI OUEST,KM251,NGOUENGOE,KM251_0008,TSINI MOICHONGO,2031,3046
KM,Comores,KM2,NGAZIDJA,KM25,MBADJINI OUEST,KM252,NIOUMAGAMA,KM252_0004,DIMA,2031,741
KM,Comores,KM2,NGAZIDJA,KM25,MBADJINI OUEST,KM252,NIOUMAGAMA,KM252_0007,DOMONI,2031,1061
KM,Comores,KM2,NGAZIDJA,KM25,MBADJINI OUEST,KM252,NIOUMAGAMA,KM252_0008,DZOIDJOU,2031,948
KM,Comores,KM2,NGAZIDJA,KM25,MBADJINI OUEST,KM252,NIOUMAGAMA,KM252_0009,FAMARE,2031,695
KM,Comores,KM2,NGAZIDJA,KM25,MBADJINI OUEST,KM252,NIOUMAGAMA,KM252_0002,IFOUNDIHE CHADJOU,2031,304
KM,Comores,KM2,NGAZIDJA,KM25,MBADJINI OUEST,KM252,NIOUMAGAMA,KM252_0003,IFOUNDIHE CHAMBOINI,2031,1422
KM,Comores,KM2,NGAZIDJA,KM25,MBADJINI OUEST,KM252,NIOUMAGAMA,KM252_0005,NKOURANI YA SIMA,2031,11671
KM,Comores,KM2,NGAZIDJA,KM25,MBADJINI OUEST,KM252,NIOUMAGAMA,KM252_0001,OUZIOINI,2031,2965
KM,Comores,KM2,NGAZIDJA,KM26,MBOUDE,KM265,NYUMAMRO KIBLANI,KM265_0002,CHAMLE,2031,1936
KM,Comores,KM2,NGAZIDJA,KM26,MBOUDE,KM265,NYUMAMRO KIBLANI,KM265_0001,DJOMANI,2031,4672
KM,Comores,KM2,NGAZIDJA,KM26,MBOUDE,KM265,NYUMAMRO KIBLANI,KM265_0007,DOUNIANI,2031,2574
KM,Comores,KM2,NGAZIDJA,KM26,MBOUDE,KM265,NYUMAMRO KIBLANI,KM265_0006,HELINDJE,2031,2515
KM,Comores,KM2,NGAZIDJA,KM26,MBOUDE,KM265,NYUMAMRO KIBLANI,KM265_0009,KOUA,2031,941
KM,Comores,KM2,NGAZIDJA,KM26,MBOUDE,KM265,NYUMAMRO KIBLANI,KM265_0004,MANDZA YA MBOUDE,2031,2246
KM,Comores,KM2,NGAZIDJA,KM26,MBOUDE,KM265,NYUMAMRO KIBLANI,KM265_0005,MDJOIEZI YA MBOUNDE,2031,1141
KM,Comores,KM2,NGAZIDJA,KM26,MBOUDE,KM265,NYUMAMRO KIBLANI,KM265_0003,VOUVOUNI YA MBOUNDE,2031,654
KM,Comores,KM2,NGAZIDJA,KM26,MBOUDE,KM266,NYUMAMRO SOUHEILI,KM266_0003,DJONGOE,2031,1222
KM,Comores,KM2,NGAZIDJA,KM26,MBOUDE,KM266,NYUMAMRO SOUHEILI,KM266_0007,DOMOIDJOU,2031,1265
KM,Comores,KM2,NGAZIDJA,KM26,MBOUDE,KM266,NYUMAMRO SOUHEILI,KM266_0008,DOMOIMBOINI,2031,610
KM,Comores,KM2,NGAZIDJA,KM26,MBOUDE,KM266,NYUMAMRO SOUHEILI,KM266_0002,IVEMBENI,2031,5440
KM,Comores,KM2,NGAZIDJA,KM26,MBOUDE,KM266,NYUMAMRO SOUHEILI,KM266_0004,MAOUENI YA MBOUDE,2031,1718
KM,Comores,KM2,NGAZIDJA,KM26,MBOUDE,KM266,NYUMAMRO SOUHEILI,KM266_0009,MOIDJA YA MBOUDE,2031,793
KM,Comores,KM2,NGAZIDJA,KM26,MBOUDE,KM266,NYUMAMRO SOUHEILI,KM266_0001,NTSAOUENI,2031,4470
KM,Comores,KM2,NGAZIDJA,KM26,MBOUDE,KM266,NYUMAMRO SOUHEILI,KM266_0006,NTSORALE YA MBOUDE,2031,930
KM,Comores,KM2,NGAZIDJA,KM26,MBOUDE,KM266,NYUMAMRO SOUHEILI,KM266_0005,SIMBOUSSA YA MBOUDE,2031,453
KM,Comores,KM2,NGAZIDJA,KM26,MITSAMIOULI,KM261,CEMBENOI LAC SALE,KM261_0001,BANGOIKOUNI,2031,3455
KM,Comores,KM2,NGAZIDJA,KM26,MITSAMIOULI,KM261,CEMBENOI LAC SALE,KM261_0002,BATSA YA MITSAMIHOULI,2031,1642
KM,Comores,KM2,NGAZIDJA,KM26,MITSAMIOULI,KM261,CEMBENOI LAC SALE,KM261_0004,IVOINI,2031,2207
KM,Comores,KM2,NGAZIDJA,KM26,MITSAMIOULI,KM261,CEMBENOI LAC SALE,KM261_0003,OUZIO,2031,3631
KM,Comores,KM2,NGAZIDJA,KM26,MITSAMIOULI,KM262,CEMBENOI SADA DJOULAMLIMA,KM265_0009,KOUA,2031,2076
KM,Comores,KM2,NGAZIDJA,KM26,MITSAMIOULI,KM262,CEMBENOI SADA DJOULAMLIMA,KM262_0004,OUELLAH YA MITSAMIHOULI,2031,5825
KM,Comores,KM2,NGAZIDJA,KM26,MITSAMIOULI,KM262,CEMBENOI SADA DJOULAMLIMA,KM262_0001,OUEMANI,2031,893
KM,Comores,KM2,NGAZIDJA,KM26,MITSAMIOULI,KM263,MITSAMIOULI,KM263_0003,FASSI,2031,530
KM,Comores,KM2,NGAZIDJA,KM26,MITSAMIOULI,KM263,MITSAMIOULI,KM263_0002,HADAWA,2031,789
KM,Comores,KM2,NGAZIDJA,KM26,MITSAMIOULI,KM263,MITSAMIOULI,KM263_0001,MEMBOI - BOINI,2031,1195
KM,Comores,KM2,NGAZIDJA,KM26,MITSAMIOULI,KM263,MITSAMIOULI,KM263_0004,MITSAMIHOULI,2031,6956
KM,Comores,KM2,NGAZIDJA,KM26,MITSAMIOULI,KM263,MITSAMIOULI,KM263_0006,NDZAOUZE,2031,3605
KM,Comores,KM2,NGAZIDJA,KM26,MITSAMIOULI,KM263,MITSAMIOULI,KM263_0005,NKOURANI YA MITSAMIHOULI,2031,439
KM,Comores,KM2,NGAZIDJA,KM26,MITSAMIOULI,KM264,NYUMA KOMO,KM264_0001,BANGOI MAFUSA NKOA,2031,913
KM,Comores,KM2,NGAZIDJA,KM26,MITSAMIOULI,KM264,NYUMA KOMO,KM264_0008,FOUNGA,2031,1271
KM,Comores,KM2,NGAZIDJA,KM26,MITSAMIOULI,KM264,NYUMA KOMO,KM264_0002,MEMBOI - DJOU,2031,2224
KM,Comores,KM2,NGAZIDJA,KM26,MITSAMIOULI,KM264,NYUMA KOMO,KM264_0007,NTSADJENI,2031,2327
KM,Comores,KM2,NGAZIDJA,KM26,MITSAMIOULI,KM264,NYUMA KOMO,KM264_0009,OUHOZI,2031,1661
KM,Comores,KM2,NGAZIDJA,KM26,MITSAMIOULI,KM264,NYUMA KOMO,KM264_0004,PIDJANI,2031,808
KM,Comores,KM2,NGAZIDJA,KM26,MITSAMIOULI,KM264,NYUMA KOMO,KM264_0005,SONGOMANI,2031,648
KM,Comores,KM2,NGAZIDJA,KM26,MITSAMIOULI,KM264,NYUMA KOMO,KM264_0006,TOIYFA,2031,651
KM,Comores,KM2,NGAZIDJA,KM27,MORONI BAMBAO,KM273,BAMBAO YA DJOU,KM273_0002,M'VOUNI,2031,7418
KM,Comores,KM2,NGAZIDJA,KM27,MORONI BAMBAO,KM273,BAMBAO YA DJOU,KM273_0003,MAVINGOUNI,2031,2436
KM,Comores,KM2,NGAZIDJA,KM27,MORONI BAMBAO,KM273,BAMBAO YA DJOU,KM273_0001,MKAZI,2031,8806
KM,Comores,KM2,NGAZIDJA,KM27,MORONI BAMBAO,KM271,BAMBAO YA HARI,KM271_0010,BOENI YA BAMBAO,2031,2878
KM,Comores,KM2,NGAZIDJA,KM27,MORONI BAMBAO,KM271,BAMBAO YA HARI,KM271_0007,DAOUENI,2031,524
KM,Comores,KM2,NGAZIDJA,KM27,MORONI BAMBAO,KM271,BAMBAO YA HARI,KM283_0003,DZAHANI,2031,935
KM,Comores,KM2,NGAZIDJA,KM27,MORONI BAMBAO,KM271,BAMBAO YA HARI,KM271_0002,M'DE,2031,8995
KM,Comores,KM2,NGAZIDJA,KM27,MORONI BAMBAO,KM271,BAMBAO YA HARI,KM271_0006,MBOUDADJOU,2031,1424
KM,Comores,KM2,NGAZIDJA,KM27,MORONI BAMBAO,KM271,BAMBAO YA HARI,KM271_0005,MOIDZAZA DJOUMBE,2031,639
KM,Comores,KM2,NGAZIDJA,KM27,MORONI BAMBAO,KM271,BAMBAO YA HARI,KM271_0004,NIOUMADZAHA,2031,4445
KM,Comores,KM2,NGAZIDJA,KM27,MORONI BAMBAO,KM271,BAMBAO YA HARI,KM271_0003,SELEA,2031,2950
KM,Comores,KM2,NGAZIDJA,KM27,MORONI BAMBAO,KM271,BAMBAO YA HARI,KM271_0001,VOUVOUNI,2031,5981
KM,Comores,KM2,NGAZIDJA,KM27,MORONI BAMBAO,KM272,BAMBAO YA MBOINI,KM272_0001,ICONI,2031,7552
KM,Comores,KM2,NGAZIDJA,KM27,MORONI BAMBAO,KM272,BAMBAO YA MBOINI,KM272_0002,MBACHILE,2031,2315
KM,Comores,KM2,NGAZIDJA,KM27,MORONI BAMBAO,KM272,BAMBAO YA MBOINI,KM272_0003,MOIDZAZA - MBOINI,2031,3914
KM,Comores,KM2,NGAZIDJA,KM27,MORONI BAMBAO,KM272,BAMBAO YA MBOINI,KM272_0004,NDROUANI,2031,1898
KM,Comores,KM2,NGAZIDJA,KM27,MORONI BAMBAO,KM272,BAMBAO YA MBOINI,KM272_0005,SEREHINI,2031,1025
KM,Comores,KM2,NGAZIDJA,KM27,MORONI BAMBAO,KM274,MORONI,KM274_0001,MORONI,2031,103282
KM,Comores,KM2,NGAZIDJA,KM28,OICHILI DIMANI,KM281,DIMANI,KM281_0002,FOUMBOU DZIVOUNI,2031,614
KM,Comores,KM2,NGAZIDJA,KM28,OICHILI DIMANI,KM281,DIMANI,KM281_0007,IDJINKOUNDZI,2031,3336
KM,Comores,KM2,NGAZIDJA,KM28,OICHILI DIMANI,KM281,DIMANI,KM281_0006,IDJOINDRADJA,2031,261
KM,Comores,KM2,NGAZIDJA,KM28,OICHILI DIMANI,KM281,DIMANI,KM281_0005,MADJOMA,2031,753
KM,Comores,KM2,NGAZIDJA,KM28,OICHILI DIMANI,KM281,DIMANI,KM281_0008,MAOUENI DIMANI,2031,2068
KM,Comores,KM2,NGAZIDJA,KM28,OICHILI DIMANI,KM281,DIMANI,KM281_0003,MBOUDE,2031,890
KM,Comores,KM2,NGAZIDJA,KM28,OICHILI DIMANI,KM281,DIMANI,KM281_0004,MIDJINDZE,2031,214
KM,Comores,KM2,NGAZIDJA,KM28,OICHILI DIMANI,KM281,DIMANI,KM281_0009,MIRERENI,2031,717
KM,Comores,KM2,NGAZIDJA,KM28,OICHILI DIMANI,KM281,DIMANI,KM281_0001,MTSANGADJOU,2031,1769
KM,Comores,KM2,NGAZIDJA,KM28,OICHILI DIMANI,KM281,DIMANI,KM281_0010,NTSORALE,2031,3379
KM,Comores,KM2,NGAZIDJA,KM28,OICHILI DIMANI,KM281,DIMANI,KM281_0012,REHEMANI,2031,553
KM,Comores,KM2,NGAZIDJA,KM28,OICHILI DIMANI,KM281,DIMANI,KM281_0011,SIDJOU,2031,1189
KM,Comores,KM2,NGAZIDJA,KM28,OICHILI DIMANI,KM283,OICHILI YABOINI,KM283_0003,DZAHANI,2031,913
KM,Comores,KM2,NGAZIDJA,KM28,OICHILI DIMANI,KM283,OICHILI YABOINI,KM283_0006,HAMBOU,2031,1371
KM,Comores,KM2,NGAZIDJA,KM28,OICHILI DIMANI,KM283,OICHILI YABOINI,KM283_0007,HASSENDJE,2031,403
KM,Comores,KM2,NGAZIDJA,KM28,OICHILI DIMANI,KM283,OICHILI YABOINI,KM283_0001,ITSINKOUDI,2031,3372
KM,Comores,KM2,NGAZIDJA,KM28,OICHILI DIMANI,KM283,OICHILI YABOINI,KM283_0004,KOUHANI,2031,659
KM,Comores,KM2,NGAZIDJA,KM28,OICHILI DIMANI,KM283,OICHILI YABOINI,KM283_0005,MTSAMDU,2031,1594
KM,Comores,KM2,NGAZIDJA,KM28,OICHILI DIMANI,KM282,OICHILI YADJOU,KM282_0003,BOENI YAWACHILI,2031,1192
KM,Comores,KM2,NGAZIDJA,KM28,OICHILI DIMANI,KM282,OICHILI YADJOU,KM282_0009,CHAMRO,2031,218
KM,Comores,KM2,NGAZIDJA,KM28,OICHILI DIMANI,KM282,OICHILI YADJOU,KM282_0007,CHOMONI,2031,1126
KM,Comores,KM2,NGAZIDJA,KM28,OICHILI DIMANI,KM282,OICHILI YADJOU,KM282_0004,DZAHADJOU YA WACHILI,2031,1439
KM,Comores,KM2,NGAZIDJA,KM28,OICHILI DIMANI,KM282,OICHILI YADJOU,KM282_0002,IROHE,2031,1309
KM,Comores,KM2,NGAZIDJA,KM28,OICHILI DIMANI,KM282,OICHILI YADJOU,KM282_0001,KOIMBANI YA WACHILI,2031,4038
KM,Comores,KM2,NGAZIDJA,KM28,OICHILI DIMANI,KM282,OICHILI YADJOU,KM282_0005,SADA,2031,491
KM,Comores,KM2,NGAZIDJA,KM28,OICHILI DIMANI,KM282,OICHILI YADJOU,KM282_0006,SADANI,2031,848
KM,Comores,KM2,NGAZIDJA,KM28,OICHILI DIMANI,KM282,OICHILI YADJOU,KM282_0008,SAMBA MADI,2031,148
KM,Comores,KM2,NGAZIDJA,KM28,OICHILI DIMANI,KM282,OICHILI YADJOU,KM282_0010,SIMA YA WACHILI,2031,1416
KM,Comores,KM3,MWALI,KM31,DJANDO,KM311,DJANDO,KM311_0006,HAGNAMOIDA,2032,1248
KM,Comores,KM3,MWALI,KM31,DJANDO,KM311,DJANDO,KM311_0008,HAMAVOUNA,2032,2026
KM,Comores,KM3,MWALI,KM31,DJANDO,KM311,DJANDO,KM311_0007,ITSAMIA,2032,619
KM,Comores,KM3,MWALI,KM31,DJANDO,KM311,DJANDO,KM121_0005,KANGANI,2032,2073
KM,Comores,KM3,MWALI,KM31,DJANDO,KM311,DJANDO,KM311_0003,MLANBANDA,2032,622
KM,Comores,KM3,MWALI,KM31,DJANDO,KM311,DJANDO,KM311_0002,WANANI,2032,5028
KM,Comores,KM3,MWALI,KM31,DJANDO,KM311,DJANDO,KM311_0001,ZIROUDANI,2032,2667
KM,Comores,KM3,MWALI,KM32,FOMBONI,KM321,FOMBONI,KM321_0001,FOMBONI,2032,26416
KM,Comores,KM3,MWALI,KM32,FOMBONI,KM322,MOILI MDJINI,KM322_0002,BANDAR SALAMA,2032,3686
KM,Comores,KM3,MWALI,KM32,FOMBONI,KM322,MOILI MDJINI,KM322_0003,DJOIEZI,2032,4495
KM,Comores,KM3,MWALI,KM32,FOMBONI,KM322,MOILI MDJINI,KM322_0001,MBOIGOMA,2032,3140
KM,Comores,KM3,MWALI,KM32,FOMBONI,KM323,MOINBASSA,KM252_0007,DOMONI,2032,394
KM,Comores,KM3,MWALI,KM32,FOMBONI,KM323,MOINBASSA,KM323_0002,HOANI,2032,3360
KM,Comores,KM3,MWALI,KM32,FOMBONI,KM323,MOINBASSA,KM323_0001,M'BATSE,2032,5616
KM,Comores,KM3,MWALI,KM33,NIOUMACHOUA,KM331,MLEDJELE,KM331_0001,MIREMANI,2032,440
KM,Comores,KM3,MWALI,KM33,NIOUMACHOUA,KM331,MLEDJELE,KM331_0004,NDREMEANI,2032,87
KM,Comores,KM3,MWALI,KM33,NIOUMACHOUA,KM331,MLEDJELE,KM331_0002,NDRONDRONI,2032,6478
KM,Comores,KM3,MWALI,KM33,NIOUMACHOUA,KM331,MLEDJELE,KM331_0003,NIOUMACHOUA,2032,5086
KM,Comores,KM3,MWALI,KM33,NIOUMACHOUA,KM332,MOIMBAO,KM143_0003,BARAKANI,2032,1436
KM,Comores,KM3,MWALI,KM33,NIOUMACHOUA,KM332,MOIMBAO,KM332_0001,HAMBA,2032,371
KM,Comores,KM3,MWALI,KM33,NIOUMACHOUA,KM332,MOIMBAO,KM332_0004,MIRINGONI,2032,1538
KM,Comores,KM3,MWALI,KM33,NIOUMACHOUA,KM332,MOIMBAO,KM332_0005,WALLAH 1,2032,681
KM,Comores,KM3,MWALI,KM33,NIOUMACHOUA,KM332,MOIMBAO,KM332_0006,WALLAH 2,2032,1276
KM,Comores,KM1,NDZUWANI,KM11,DOMONI,KM111,BAMBAO MSTANGA,KM111_0001,BAMBAO MTSANGA,2032,7343
KM,Comores,KM1,NDZUWANI,KM11,DOMONI,KM111,BAMBAO MSTANGA,KM111_0004,MAHALE,2032,5197
KM,Comores,KM1,NDZUWANI,KM11,DOMONI,KM111,BAMBAO MSTANGA,KM111_0002,MROMAJI,2032,4026
KM,Comores,KM1,NDZUWANI,KM11,DOMONI,KM111,BAMBAO MSTANGA,KM111_0003,ONGONI,2032,3452
KM,Comores,KM1,NDZUWANI,KM11,DOMONI,KM112,DOMONI,KM112_0004,BWELADUGU,2032,1083
KM,Comores,KM1,NDZUWANI,KM11,DOMONI,KM112,DOMONI,KM252_0007,DOMONI,2032,18071
KM,Comores,KM1,NDZUWANI,KM11,DOMONI,KM112,DOMONI,KM112_0003,LIMBI,2032,3783
KM,Comores,KM1,NDZUWANI,KM11,DOMONI,KM113,JIMLIME,KM113_0003,HAJOHO,2032,5475
KM,Comores,KM1,NDZUWANI,KM11,DOMONI,KM113,JIMLIME,KM113_0001,HAREMBO I,2032,843
KM,Comores,KM1,NDZUWANI,KM11,DOMONI,KM113,JIMLIME,KM113_0002,HAREMBO II,2032,1415
KM,Comores,KM1,NDZUWANI,KM11,DOMONI,KM113,JIMLIME,KM113_0004,JIMLIME,2032,8970
KM,Comores,KM1,NDZUWANI,KM11,DOMONI,KM114,KONI,KM114_0004,GEGE,2032,1616
KM,Comores,KM1,NDZUWANI,KM11,DOMONI,KM114,KONI,KM114_0003,HACHIPENDA,2032,2730
KM,Comores,KM1,NDZUWANI,KM11,DOMONI,KM114,KONI,KM114_0001,KONI DJODJO,2032,15786
KM,Comores,KM1,NDZUWANI,KM11,DOMONI,KM114,KONI,KM114_0002,KONI NGANI,2032,7553
KM,Comores,KM1,NDZUWANI,KM11,DOMONI,KM115,NGADZALE,KM115_0001,NGADZALE,2032,8070
KM,Comores,KM1,NDZUWANI,KM11,DOMONI,KM115,NGADZALE,KM115_0002,OUTSA,2032,1051
KM,Comores,KM1,NDZUWANI,KM11,DOMONI,KM115,NGADZALE,KM115_0005,OUZINI,2032,2549
KM,Comores,KM1,NDZUWANI,KM11,DOMONI,KM115,NGADZALE,KM153_0014,SALAMANI,2032,3085
KM,Comores,KM1,NDZUWANI,KM16,MOYA,KM151,MOYA,KM151_0002,KOWET,2032,3043
KM,Comores,KM1,NDZUWANI,KM16,MOYA,KM151,MOYA,KM151_0005,LINGONI,2032,7164
KM,Comores,KM1,NDZUWANI,KM16,MOYA,KM151,MOYA,KM151_0007,MAWENI,2032,1150
KM,Comores,KM1,NDZUWANI,KM16,MOYA,KM151,MOYA,KM151_0001,MOYA,2032,13128
KM,Comores,KM1,NDZUWANI,KM16,MOYA,KM151,MOYA,KM151_0004,NINDRI,2032,4452
KM,Comores,KM1,NDZUWANI,KM16,MOYA,KM151,MOYA,KM151_0003,POMONI,2032,6137
KM,Comores,KM1,NDZUWANI,KM12,MREMANI,KM121,ADDA,KM121_0001,ADDA DAWENI,2032,16726
KM,Comores,KM1,NDZUWANI,KM12,MREMANI,KM121,ADDA,KM121_0002,DJANZA,2032,1201
KM,Comores,KM1,NDZUWANI,KM12,MREMANI,KM121,ADDA,KM121_0005,KANGANI,2032,7081
KM,Comores,KM1,NDZUWANI,KM12,MREMANI,KM121,ADDA,KM121_0003,MAGNASSINI,2032,6247
KM,Comores,KM1,NDZUWANI,KM12,MREMANI,KM123,MRAMANI,KM123_0004,DZIANII,2032,2835
KM,Comores,KM1,NDZUWANI,KM12,MREMANI,KM123,MRAMANI,KM123_0002,HANTSAHII,2032,2142
KM,Comores,KM1,NDZUWANI,KM12,MREMANI,KM123,MRAMANI,KM123_0001,MRAMANI,2032,5911
KM,Comores,KM1,NDZUWANI,KM12,MREMANI,KM123,MRAMANI,KM123_0003,NYAMBOIMRO,2032,3011
KM,Comores,KM1,NDZUWANI,KM12,MREMANI,KM124,MREMANI,KM124_0002,BANDA KOUNI,2032,5367
KM,Comores,KM1,NDZUWANI,KM12,MREMANI,KM124,MREMANI,KM124_0004,DAJI,2032,4524
KM,Comores,KM1,NDZUWANI,KM12,MREMANI,KM124,MREMANI,KM124_0001,MREMANI,2032,7991
KM,Comores,KM1,NDZUWANI,KM12,MREMANI,KM124,MREMANI,KM124_0003,MRIDJOU,2032,5077
KM,Comores,KM1,NDZUWANI,KM12,MREMANI,KM125,ONGOJOU,KM125_0002,KIYO,2032,2395
KM,Comores,KM1,NDZUWANI,KM12,MREMANI,KM125,ONGOJOU,KM125_0003,KOMONI,2032,3880
KM,Comores,KM1,NDZUWANI,KM12,MREMANI,KM125,ONGOJOU,KM125_0004,MIRONDRONI,2032,589
KM,Comores,KM1,NDZUWANI,KM12,MREMANI,KM125,ONGOJOU,KM125_0001,ONGODJOU,2032,9213
KM,Comores,KM1,NDZUWANI,KM12,MREMANI,KM125,ONGOJOU,KM125_0005,TRINDRINI,2032,232
KM,Comores,KM1,NDZUWANI,KM12,MREMANI,KM122,SHAWENI,KM122_0002,HAMCHACO,2032,2818
KM,Comores,KM1,NDZUWANI,KM12,MREMANI,KM122,SHAWENI,KM122_0005,MNADZICHOUMWE,2032,1461
KM,Comores,KM1,NDZUWANI,KM12,MREMANI,KM122,SHAWENI,KM122_0004,NOUNGA,2032,631
KM,Comores,KM1,NDZUWANI,KM12,MREMANI,KM122,SHAWENI,KM122_0003,SADAPOINI,2032,4229
KM,Comores,KM1,NDZUWANI,KM12,MREMANI,KM122,SHAWENI,KM122_0001,SHAWENI,2032,1567
KM,Comores,KM1,NDZUWANI,KM13,MUTSAMUDU,KM131,BANDRANI YA CHIRONKAMBA,KM131_0002,ANKIBANI,2032,3147
KM,Comores,KM1,NDZUWANI,KM13,MUTSAMUDU,KM131,BANDRANI YA CHIRONKAMBA,KM131_0008,BANDRADJOU,2032,2675
KM,Comores,KM1,NDZUWANI,KM13,MUTSAMUDU,KM131,BANDRANI YA CHIRONKAMBA,KM131_0006,CHICONI 2,2032,198
KM,Comores,KM1,NDZUWANI,KM13,MUTSAMUDU,KM131,BANDRANI YA CHIRONKAMBA,KM131_0003,CHIRONKAMBA,2032,2911
KM,Comores,KM1,NDZUWANI,KM13,MUTSAMUDU,KM131,BANDRANI YA CHIRONKAMBA,KM151_0007,MAWENI,2032,1164
KM,Comores,KM1,NDZUWANI,KM13,MUTSAMUDU,KM131,BANDRANI YA CHIRONKAMBA,KM131_0001,MDJIMANDRA,2032,3943
KM,Comores,KM1,NDZUWANI,KM13,MUTSAMUDU,KM131,BANDRANI YA CHIRONKAMBA,KM131_0007,MPOUZINI,2032,91
KM,Comores,KM1,NDZUWANI,KM13,MUTSAMUDU,KM132,Commune BANDRANI YA MITSANGANI,KM132_0001,BANDRANI MTSANGANI,2032,2808
KM,Comores,KM1,NDZUWANI,KM13,MUTSAMUDU,KM132,Commune BANDRANI YA MITSANGANI,KM132_0002,CHITROUNI,2032,1819
KM,Comores,KM1,NDZUWANI,KM13,MUTSAMUDU,KM132,Commune BANDRANI YA MITSANGANI,KM132_0004,MDJAMAOUE,2032,2505
KM,Comores,KM1,NDZUWANI,KM13,MUTSAMUDU,KM132,Commune BANDRANI YA MITSANGANI,KM132_0003,SAANDANI,2032,3323
KM,Comores,KM1,NDZUWANI,KM13,MUTSAMUDU,KM133,MIRONTSI,KM133_0001,MIRONTSI,2032,17618
KM,Comores,KM1,NDZUWANI,KM13,MUTSAMUDU,KM134,MUTSAMUDU,KM134_0005,CHICONI1,2032,6
KM,Comores,KM1,NDZUWANI,KM13,MUTSAMUDU,KM134,MUTSAMUDU,KM134_0001,MUTSAMUDU,2032,38881
KM,Comores,KM1,NDZUWANI,KM13,MUTSAMUDU,KM134,MUTSAMUDU,KM134_0003,MWAMWA I,2032,2759
KM,Comores,KM1,NDZUWANI,KM13,MUTSAMUDU,KM134,MUTSAMUDU,KM134_0004,MWAMWA II,2032,1161
KM,Comores,KM1,NDZUWANI,KM13,MUTSAMUDU,KM134,MUTSAMUDU,KM134_0002,PAJE,2032,8644
KM,Comores,KM1,NDZUWANI,KM14,OUANI,KM141,BAMBAO MTROUNI,KM141_0003,CHANDRA,2032,7251
KM,Comores,KM1,NDZUWANI,KM14,OUANI,KM141,BAMBAO MTROUNI,KM141_0002,DINDRI,2032,15141
KM,Comores,KM1,NDZUWANI,KM14,OUANI,KM141,BAMBAO MTROUNI,KM141_0001,TSEMBEHOU,2032,18554
KM,Comores,KM1,NDZUWANI,KM14,OUANI,KM142,BAZIMINI,KM142_0001,BAZIMINI,2032,12111
KM,Comores,KM1,NDZUWANI,KM14,OUANI,KM142,BAZIMINI,KM142_0002,KOKI,2032,9219
KM,Comores,KM1,NDZUWANI,KM14,OUANI,KM142,BAZIMINI,KM142_0003,PATSY,2032,5625
KM,Comores,KM1,NDZUWANI,KM14,OUANI,KM143,OUANI,KM143_0003,BARAKANI,2032,10276
KM,Comores,KM1,NDZUWANI,KM14,OUANI,KM143,OUANI,KM143_0004,GNATRANGA,2032,4805
KM,Comores,KM1,NDZUWANI,KM14,OUANI,KM143,OUANI,KM143_0001,OUANI,2032,14845
KM,Comores,KM1,NDZUWANI,KM14,OUANI,KM143,OUANI,KM143_0005,TANAMBAO,2032,3075
KM,Comores,KM1,NDZUWANI,KM15,SIMA,KM152,SIMA,KM152_0003,BIMBINI,2032,2586
KM,Comores,KM1,NDZUWANI,KM15,SIMA,KM152,SIMA,KM152_0004,BOUNGOUENI,2032,5118
KM,Comores,KM1,NDZUWANI,KM15,SIMA,KM152,SIMA,KM152_0002,KAVANI,2032,3145
KM,Comores,KM1,NDZUWANI,KM15,SIMA,KM152,SIMA,KM234_0004,MILEMBENI,2032,1053
KM,Comores,KM1,NDZUWANI,KM15,SIMA,KM152,SIMA,KM152_0005,MIRONGANI,2032,2113
KM,Comores,KM1,NDZUWANI,KM15,SIMA,KM152,SIMA,KM232_0003,SIMA,2032,8960
KM,Comores,KM1,NDZUWANI,KM15,SIMA,KM153,VOUANI,KM153_0010,BANDRANI YA VOUANI,2032,2440
KM,Comores,KM1,NDZUWANI,KM15,SIMA,KM153,VOUANI,KM153_0011,CHIROVE,2032,382
KM,Comores,KM1,NDZUWANI,KM15,SIMA,KM153,VOUANI,KM153_0009,DAR SALAMA,2032,1946
KM,Comores,KM1,NDZUWANI,KM15,SIMA,KM153,VOUANI,KM153_0007,DZINDRI I,2032,3674
KM,Comores,KM1,NDZUWANI,KM15,SIMA,KM153,VOUANI,KM153_0003,HASSIMPAO,2032,2220
KM,Comores,KM1,NDZUWANI,KM15,SIMA,KM153,VOUANI,KM153_0006,IMERE,2032,649
KM,Comores,KM1,NDZUWANI,KM15,SIMA,KM153,VOUANI,KM153_0015,IMERE YA GAWANI,2032,1075
KM,Comores,KM1,NDZUWANI,KM15,SIMA,KM153,VOUANI,KM153_0002,MARAHARE,2032,2851
KM,Comores,KM1,NDZUWANI,KM15,SIMA,KM153,VOUANI,KM153_0012,MARONTRONI,2032,589
KM,Comores,KM1,NDZUWANI,KM15,SIMA,KM153,VOUANI,KM153_0001,MROMOUHOULI,2032,879
KM,Comores,KM1,NDZUWANI,KM15,SIMA,KM153,VOUANI,KM153_0014,SALAMANI,2032,589
KM,Comores,KM1,NDZUWANI,KM15,SIMA,KM153,VOUANI,KM153_0004,SHITSANGASHELI,2032,224
KM,Comores,KM1,NDZUWANI,KM15,SIMA,KM153,VOUANI,KM153_0005,VASSI,2032,1829
KM,Comores,KM1,NDZUWANI,KM15,SIMA,KM153,VOUANI,KM153_0008,VOUANI,2032,4919
KM,Comores,KM2,NGAZIDJA,KM21,HAMAHAMET MBOINKOU,KM211,MBOINKOU,KM211_0008,BANDAMADJI LA MBOIKOU,2032,976
KM,Comores,KM2,NGAZIDJA,KM21,HAMAHAMET MBOINKOU,KM211,MBOINKOU,KM211_0004,CHEZANI,2032,3751
KM,Comores,KM2,NGAZIDJA,KM21,HAMAHAMET MBOINKOU,KM211,MBOINKOU,KM211_0007,HANTSINDZI,2032,2898
KM,Comores,KM2,NGAZIDJA,KM21,HAMAHAMET MBOINKOU,KM211,MBOINKOU,KM211_0001,MADJEOUENI,2032,2427
KM,Comores,KM2,NGAZIDJA,KM21,HAMAHAMET MBOINKOU,KM211,MBOINKOU,KM211_0005,NDROUDE,2032,2842
KM,Comores,KM2,NGAZIDJA,KM21,HAMAHAMET MBOINKOU,KM211,MBOINKOU,KM211_0006,NIOUMAMILIMA,2032,1841
KM,Comores,KM2,NGAZIDJA,KM21,HAMAHAMET MBOINKOU,KM211,MBOINKOU,KM211_0002,SADANI YA MBOIKOU,2032,851
KM,Comores,KM2,NGAZIDJA,KM21,HAMAHAMET MBOINKOU,KM211,MBOINKOU,KM211_0003,TRELEZINI,2032,754
KM,Comores,KM2,NGAZIDJA,KM21,HAMAHAMET MBOINKOU,KM212,NYUMA MRO,KM212_0005,BAMBADJANI,2032,1694
KM,Comores,KM2,NGAZIDJA,KM21,HAMAHAMET MBOINKOU,KM212,NYUMA MRO,KM212_0001,DIMADJOU YA HAMAHAMET,2032,3299
KM,Comores,KM2,NGAZIDJA,KM21,HAMAHAMET MBOINKOU,KM212,NYUMA MRO,KM212_0009,HADJAMBOU,2032,1746
KM,Comores,KM2,NGAZIDJA,KM21,HAMAHAMET MBOINKOU,KM212,NYUMA MRO,KM212_0007,ITSANDZENI,2032,2537
KM,Comores,KM2,NGAZIDJA,KM21,HAMAHAMET MBOINKOU,KM212,NYUMA MRO,KM212_0010,MBATSE YA HAMAHAMET,2032,318
KM,Comores,KM2,NGAZIDJA,KM21,HAMAHAMET MBOINKOU,KM212,NYUMA MRO,KM212_0003,MDJIHARI,2032,899
KM,Comores,KM2,NGAZIDJA,KM21,HAMAHAMET MBOINKOU,KM212,NYUMA MRO,KM212_0004,MOIDJA,2032,2801
KM,Comores,KM2,NGAZIDJA,KM21,HAMAHAMET MBOINKOU,KM212,NYUMA MRO,KM212_0006,NGOLE,2032,518
KM,Comores,KM2,NGAZIDJA,KM21,HAMAHAMET MBOINKOU,KM212,NYUMA MRO,KM212_0002,NYADOMBWENI,2032,1382
KM,Comores,KM2,NGAZIDJA,KM21,HAMAHAMET MBOINKOU,KM212,NYUMA MRO,KM212_0008,OUELLAH YA HAMAHAMET,2032,963
KM,Comores,KM2,NGAZIDJA,KM21,HAMAHAMET MBOINKOU,KM213,NYUMA MSIRU,KM213_0008,BATOU,2032,939
KM,Comores,KM2,NGAZIDJA,KM21,HAMAHAMET MBOINKOU,KM213,NYUMA MSIRU,KM213_0006,BOUNI,2032,1961
KM,Comores,KM2,NGAZIDJA,KM21,HAMAHAMET MBOINKOU,KM213,NYUMA MSIRU,KM213_0007,HEROUMBILI,2032,2026
KM,Comores,KM2,NGAZIDJA,KM21,HAMAHAMET MBOINKOU,KM213,NYUMA MSIRU,KM213_0010,IFOUNDIHE YA HAMAHAMET,2032,957
KM,Comores,KM2,NGAZIDJA,KM21,HAMAHAMET MBOINKOU,KM213,NYUMA MSIRU,KM213_0009,KOURANI YA HAMAHAMET,2032,182
KM,Comores,KM2,NGAZIDJA,KM21,HAMAHAMET MBOINKOU,KM213,NYUMA MSIRU,KM213_0001,MBENI,2032,7239
KM,Comores,KM2,NGAZIDJA,KM21,HAMAHAMET MBOINKOU,KM213,NYUMA MSIRU,KM213_0011,MNOUNGOU,2032,1724
KM,Comores,KM2,NGAZIDJA,KM21,HAMAHAMET MBOINKOU,KM213,NYUMA MSIRU,KM213_0004,SADA CHIHOUWE,2032,1103
KM,Comores,KM2,NGAZIDJA,KM21,HAMAHAMET MBOINKOU,KM213,NYUMA MSIRU,KM213_0005,SADA MHUWAMBOI,2032,280
KM,Comores,KM2,NGAZIDJA,KM21,HAMAHAMET MBOINKOU,KM213,NYUMA MSIRU,KM213_0003,SALIMANI YA HAMAHAMET,2032,870
KM,Comores,KM2,NGAZIDJA,KM21,HAMAHAMET MBOINKOU,KM213,NYUMA MSIRU,KM213_0002,SELEANI,2032,1961
KM,Comores,KM2,NGAZIDJA,KM22,HAMBOU,KM221,DJOUMOIPANGUA,KM221_0004,BAMBANI,2032,1758
KM,Comores,KM2,NGAZIDJA,KM22,HAMBOU,KM221,DJOUMOIPANGUA,KM221_0005,DZAHADJOU,2032,2994
KM,Comores,KM2,NGAZIDJA,KM22,HAMBOU,KM221,DJOUMOIPANGUA,KM221_0003,HETSA,2032,1179
KM,Comores,KM2,NGAZIDJA,KM22,HAMBOU,KM221,DJOUMOIPANGUA,KM221_0002,MDJOIEZI,2032,4256
KM,Comores,KM2,NGAZIDJA,KM22,HAMBOU,KM221,DJOUMOIPANGUA,KM221_0001,SINGANI,2032,2989
KM,Comores,KM2,NGAZIDJA,KM22,HAMBOU,KM222,TSINIMOIPANGUA,KM222_0005,BANGOI,2032,3995
KM,Comores,KM2,NGAZIDJA,KM22,HAMBOU,KM222,TSINIMOIPANGUA,KM222_0003,CHOUANI,2032,3658
KM,Comores,KM2,NGAZIDJA,KM22,HAMBOU,KM222,TSINIMOIPANGUA,KM222_0004,DJOUMOICHONGO,2032,2167
KM,Comores,KM2,NGAZIDJA,KM22,HAMBOU,KM222,TSINIMOIPANGUA,KM222_0001,MITSOUDJE,2032,5281
KM,Comores,KM2,NGAZIDJA,KM22,HAMBOU,KM222,TSINIMOIPANGUA,KM222_0006,NKOMIONI,2032,786
KM,Comores,KM2,NGAZIDJA,KM22,HAMBOU,KM222,TSINIMOIPANGUA,KM222_0007,SALIMANI,2032,2763
KM,Comores,KM2,NGAZIDJA,KM22,HAMBOU,KM222,TSINIMOIPANGUA,KM222_0002,TROUMBENI,2032,328
KM,Comores,KM2,NGAZIDJA,KM23,ITSANDRA HAMANVOU,KM231,BANGAANI,KM231_0007,BANDAMADJI LA ITSANDRA,2032,1293
KM,Comores,KM2,NGAZIDJA,KM23,ITSANDRA HAMANVOU,KM231,BANGAANI,KM231_0008,DIMADJOU YA ITSANDRA,2032,2005
KM,Comores,KM2,NGAZIDJA,KM23,ITSANDRA HAMANVOU,KM231,BANGAANI,KM231_0004,DZAHANI LA TSIDJE,2032,11151
KM,Comores,KM2,NGAZIDJA,KM23,ITSANDRA HAMANVOU,KM231,BANGAANI,KM231_0001,ITSANDRA MDJINI,2032,4621
KM,Comores,KM2,NGAZIDJA,KM23,ITSANDRA HAMANVOU,KM231,BANGAANI,KM231_0005,MAOUENI YA ITSANDRA,2032,1163
KM,Comores,KM2,NGAZIDJA,KM23,ITSANDRA HAMANVOU,KM231,BANGAANI,KM231_0006,MIRONTSI YA ITSANDRA,2032,618
KM,Comores,KM2,NGAZIDJA,KM23,ITSANDRA HAMANVOU,KM231,BANGAANI,KM231_0002,SALIMANI YA ITSANDRA,2032,4515
KM,Comores,KM2,NGAZIDJA,KM23,ITSANDRA HAMANVOU,KM231,BANGAANI,KM231_0003,SAMBA MBODONI,2032,1960
KM,Comores,KM2,NGAZIDJA,KM23,ITSANDRA HAMANVOU,KM232,DJOUMOICHONGO,KM232_0002,BAHANI,2032,2567
KM,Comores,KM2,NGAZIDJA,KM23,ITSANDRA HAMANVOU,KM232,DJOUMOICHONGO,KM232_0001,DZAHANI II,2032,2067
KM,Comores,KM2,NGAZIDJA,KM23,ITSANDRA HAMANVOU,KM232,DJOUMOICHONGO,KM232_0004,OUELLAH YA ITSANDRA,2032,1794
KM,Comores,KM2,NGAZIDJA,KM23,ITSANDRA HAMANVOU,KM232,DJOUMOICHONGO,KM232_0005,SAMBA KOUNI,2032,2890
KM,Comores,KM2,NGAZIDJA,KM23,ITSANDRA HAMANVOU,KM232,DJOUMOICHONGO,KM232_0003,SIMA,2032,1189
KM,Comores,KM2,NGAZIDJA,KM23,ITSANDRA HAMANVOU,KM233,HAMANVOU,KM233_0008,BIBAVOU,2032,1570
KM,Comores,KM2,NGAZIDJA,KM23,ITSANDRA HAMANVOU,KM233,HAMANVOU,KM233_0002,BOENINDI,2032,1090
KM,Comores,KM2,NGAZIDJA,KM23,ITSANDRA HAMANVOU,KM233,HAMANVOU,KM233_0007,DIBOINI,2032,2036
KM,Comores,KM2,NGAZIDJA,KM23,ITSANDRA HAMANVOU,KM233,HAMANVOU,KM233_0001,HAHAYA,2032,6479
KM,Comores,KM2,NGAZIDJA,KM23,ITSANDRA HAMANVOU,KM233,HAMANVOU,KM233_0004,MBALENI,2032,261
KM,Comores,KM2,NGAZIDJA,KM23,ITSANDRA HAMANVOU,KM233,HAMANVOU,KM233_0003,MBAMBANI YA HAMANVOU,2032,984
KM,Comores,KM2,NGAZIDJA,KM23,ITSANDRA HAMANVOU,KM233,HAMANVOU,KM233_0006,MBANGANI,2032,2085
KM,Comores,KM2,NGAZIDJA,KM23,ITSANDRA HAMANVOU,KM233,HAMANVOU,KM233_0009,MILEVANI,2032,1736
KM,Comores,KM2,NGAZIDJA,KM23,ITSANDRA HAMANVOU,KM233,HAMANVOU,KM233_0005,OUSSIVO,2032,3226
KM,Comores,KM2,NGAZIDJA,KM23,ITSANDRA HAMANVOU,KM234,ISAHARI,KM234_0002,HANTSAMBOU,2032,2293
KM,Comores,KM2,NGAZIDJA,KM23,ITSANDRA HAMANVOU,KM234,ISAHARI,KM234_0004,MILEMBENI,2032,1398
KM,Comores,KM2,NGAZIDJA,KM23,ITSANDRA HAMANVOU,KM234,ISAHARI,KM234_0001,NTSOUDJINI,2032,6113
KM,Comores,KM2,NGAZIDJA,KM23,ITSANDRA HAMANVOU,KM234,ISAHARI,KM234_0005,ZIVANDANI,2032,1885
KM,Comores,KM2,NGAZIDJA,KM23,ITSANDRA HAMANVOU,KM235,MBADANI,KM235_0001,BATSA ITSANDRA,2032,3769
KM,Comores,KM2,NGAZIDJA,KM23,ITSANDRA HAMANVOU,KM235,MBADANI,KM235_0005,DZAHADJOU LA ITSANDRA,2032,1999
KM,Comores,KM2,NGAZIDJA,KM23,ITSANDRA HAMANVOU,KM235,MBADANI,KM235_0004,MHANDANI,2032,775
KM,Comores,KM2,NGAZIDJA,KM23,ITSANDRA HAMANVOU,KM235,MBADANI,KM235_0003,VANADJOU,2032,1358
KM,Comores,KM2,NGAZIDJA,KM23,ITSANDRA HAMANVOU,KM235,MBADANI,KM235_0002,VANAMBOINI,2032,2948
KM,Comores,KM2,NGAZIDJA,KM23,ITSANDRA HAMANVOU,KM235,MBADANI,KM235_0006,VOUNA MBADANI,2032,1107
KM,Comores,KM2,NGAZIDJA,KM24,MBADJINI EST,KM241,DOMBA,KM241_0002,BANDADAOUENI,2032,2125
KM,Comores,KM2,NGAZIDJA,KM24,MBADJINI EST,KM241,DOMBA,KM241_0001,BANDAMADJI LADOMBA,2032,1498
KM,Comores,KM2,NGAZIDJA,KM24,MBADJINI EST,KM241,DOMBA,KM241_0004,OUNGONI,2032,1413
KM,Comores,KM2,NGAZIDJA,KM24,MBADJINI EST,KM241,DOMBA,KM264_0004,PIDJANI,2032,3052
KM,Comores,KM2,NGAZIDJA,KM24,MBADJINI EST,KM241,DOMBA,KM241_0003,TSINIMOIPANGA,2032,3436
KM,Comores,KM2,NGAZIDJA,KM24,MBADJINI EST,KM242,ITSAHIDI,KM242_0007,CHINDINI,2032,2420
KM,Comores,KM2,NGAZIDJA,KM24,MBADJINI EST,KM242,ITSAHIDI,KM242_0009,DZAHADJOU LA MBADJINI,2032,1573
KM,Comores,KM2,NGAZIDJA,KM24,MBADJINI EST,KM242,ITSAHIDI,KM242_0001,FOUMBOUNI,2032,3601
KM,Comores,KM2,NGAZIDJA,KM24,MBADJINI EST,KM242,ITSAHIDI,KM242_0002,KOIMBANI LA MBADJINI,2032,624
KM,Comores,KM2,NGAZIDJA,KM24,MBADJINI EST,KM242,ITSAHIDI,KM242_0003,MALE,2032,3202
KM,Comores,KM2,NGAZIDJA,KM24,MBADJINI EST,KM242,ITSAHIDI,KM242_0004,MIDJENDJENI,2032,582
KM,Comores,KM2,NGAZIDJA,KM24,MBADJINI EST,KM242,ITSAHIDI,KM242_0010,MOHORO,2032,3025
KM,Comores,KM2,NGAZIDJA,KM24,MBADJINI EST,KM242,ITSAHIDI,KM242_0006,NDZOUANI,2032,287
KM,Comores,KM2,NGAZIDJA,KM24,MBADJINI EST,KM242,ITSAHIDI,KM242_0011,NGNOUMADZHA MVOUBARI,2032,2873
KM,Comores,KM2,NGAZIDJA,KM24,MBADJINI EST,KM242,ITSAHIDI,KM242_0005,OUROVENI,2032,1995
KM,Comores,KM2,NGAZIDJA,KM24,MBADJINI EST,KM242,ITSAHIDI,KM242_0008,SIMAMBOINI,2032,1314
KM,Comores,KM2,NGAZIDJA,KM24,MBADJINI EST,KM243,PIMBA,KM243_0004,BANDAMADJI LA KOUBOINI,2032,1072
KM,Comores,KM2,NGAZIDJA,KM24,MBADJINI EST,KM243,PIMBA,KM243_0005,DARISSALAMA,2032,733
KM,Comores,KM2,NGAZIDJA,KM24,MBADJINI EST,KM243,PIMBA,KM243_0009,DIDJONI,2032,830
KM,Comores,KM2,NGAZIDJA,KM24,MBADJINI EST,KM243,PIMBA,KM243_0002,INANI,2032,1237
KM,Comores,KM2,NGAZIDJA,KM24,MBADJINI EST,KM243,PIMBA,KM243_0010,KOVE,2032,1200
KM,Comores,KM2,NGAZIDJA,KM24,MBADJINI EST,KM243,PIMBA,KM243_0006,MLALOI NKOUDJOU,2032,1496
KM,Comores,KM2,NGAZIDJA,KM24,MBADJINI EST,KM243,PIMBA,KM243_0003,NGNAMBENI,2032,2448
KM,Comores,KM2,NGAZIDJA,KM24,MBADJINI EST,KM243,PIMBA,KM243_0007,NGNOUMA MILIMA,2032,4199
KM,Comores,KM2,NGAZIDJA,KM24,MBADJINI EST,KM243,PIMBA,KM243_0008,NKOURANI MKANGA,2032,885
KM,Comores,KM2,NGAZIDJA,KM24,MBADJINI EST,KM243,PIMBA,KM243_0001,SIMBOUSSA YA MBADJINI,2032,2733
KM,Comores,KM2,NGAZIDJA,KM25,MBADJINI OUEST,KM251,NGOUENGOE,KM251_0001,DEMBENI,2032,3024
KM,Comores,KM2,NGAZIDJA,KM25,MBADJINI OUEST,KM251,NGOUENGOE,KM251_0011,ITSOUDZOU,2032,318
KM,Comores,KM2,NGAZIDJA,KM25,MBADJINI OUEST,KM251,NGOUENGOE,KM251_0009,KANDZILE,2032,1715
KM,Comores,KM2,NGAZIDJA,KM25,MBADJINI OUEST,KM251,NGOUENGOE,KM251_0010,MAKORANI,2032,62
KM,Comores,KM2,NGAZIDJA,KM25,MBADJINI OUEST,KM251,NGOUENGOE,KM251_0007,MANDZISSANI,2032,703
KM,Comores,KM2,NGAZIDJA,KM25,MBADJINI OUEST,KM251,NGOUENGOE,KM251_0003,MBOUDE YA MBOINI,2032,789
KM,Comores,KM2,NGAZIDJA,KM25,MBADJINI OUEST,KM251,NGOUENGOE,KM251_0002,MDJAMKAGNOI,2032,1275
KM,Comores,KM2,NGAZIDJA,KM25,MBADJINI OUEST,KM251,NGOUENGOE,KM251_0006,MINDRADOU,2032,620
KM,Comores,KM2,NGAZIDJA,KM25,MBADJINI OUEST,KM251,NGOUENGOE,KM251_0004,MLIMANI,2032,264
KM,Comores,KM2,NGAZIDJA,KM25,MBADJINI OUEST,KM251,NGOUENGOE,KM251_0005,PANDA,2032,1163
KM,Comores,KM2,NGAZIDJA,KM25,MBADJINI OUEST,KM251,NGOUENGOE,KM251_0008,TSINI MOICHONGO,2032,3117
KM,Comores,KM2,NGAZIDJA,KM25,MBADJINI OUEST,KM252,NIOUMAGAMA,KM252_0004,DIMA,2032,758
KM,Comores,KM2,NGAZIDJA,KM25,MBADJINI OUEST,KM252,NIOUMAGAMA,KM252_0007,DOMONI,2032,1086
KM,Comores,KM2,NGAZIDJA,KM25,MBADJINI OUEST,KM252,NIOUMAGAMA,KM252_0008,DZOIDJOU,2032,970
KM,Comores,KM2,NGAZIDJA,KM25,MBADJINI OUEST,KM252,NIOUMAGAMA,KM252_0009,FAMARE,2032,712
KM,Comores,KM2,NGAZIDJA,KM25,MBADJINI OUEST,KM252,NIOUMAGAMA,KM252_0002,IFOUNDIHE CHADJOU,2032,311
KM,Comores,KM2,NGAZIDJA,KM25,MBADJINI OUEST,KM252,NIOUMAGAMA,KM252_0003,IFOUNDIHE CHAMBOINI,2032,1456
KM,Comores,KM2,NGAZIDJA,KM25,MBADJINI OUEST,KM252,NIOUMAGAMA,KM252_0005,NKOURANI YA SIMA,2032,11942
KM,Comores,KM2,NGAZIDJA,KM25,MBADJINI OUEST,KM252,NIOUMAGAMA,KM252_0001,OUZIOINI,2032,3034
KM,Comores,KM2,NGAZIDJA,KM26,MBOUDE,KM265,NYUMAMRO KIBLANI,KM265_0002,CHAMLE,2032,1981
KM,Comores,KM2,NGAZIDJA,KM26,MBOUDE,KM265,NYUMAMRO KIBLANI,KM265_0001,DJOMANI,2032,4780
KM,Comores,KM2,NGAZIDJA,KM26,MBOUDE,KM265,NYUMAMRO KIBLANI,KM265_0007,DOUNIANI,2032,2634
KM,Comores,KM2,NGAZIDJA,KM26,MBOUDE,KM265,NYUMAMRO KIBLANI,KM265_0006,HELINDJE,2032,2574
KM,Comores,KM2,NGAZIDJA,KM26,MBOUDE,KM265,NYUMAMRO KIBLANI,KM265_0009,KOUA,2032,963
KM,Comores,KM2,NGAZIDJA,KM26,MBOUDE,KM265,NYUMAMRO KIBLANI,KM265_0004,MANDZA YA MBOUDE,2032,2298
KM,Comores,KM2,NGAZIDJA,KM26,MBOUDE,KM265,NYUMAMRO KIBLANI,KM265_0005,MDJOIEZI YA MBOUNDE,2032,1168
KM,Comores,KM2,NGAZIDJA,KM26,MBOUDE,KM265,NYUMAMRO KIBLANI,KM265_0003,VOUVOUNI YA MBOUNDE,2032,669
KM,Comores,KM2,NGAZIDJA,KM26,MBOUDE,KM266,NYUMAMRO SOUHEILI,KM266_0003,DJONGOE,2032,1251
KM,Comores,KM2,NGAZIDJA,KM26,MBOUDE,KM266,NYUMAMRO SOUHEILI,KM266_0007,DOMOIDJOU,2032,1295
KM,Comores,KM2,NGAZIDJA,KM26,MBOUDE,KM266,NYUMAMRO SOUHEILI,KM266_0008,DOMOIMBOINI,2032,624
KM,Comores,KM2,NGAZIDJA,KM26,MBOUDE,KM266,NYUMAMRO SOUHEILI,KM266_0002,IVEMBENI,2032,5567
KM,Comores,KM2,NGAZIDJA,KM26,MBOUDE,KM266,NYUMAMRO SOUHEILI,KM266_0004,MAOUENI YA MBOUDE,2032,1758
KM,Comores,KM2,NGAZIDJA,KM26,MBOUDE,KM266,NYUMAMRO SOUHEILI,KM266_0009,MOIDJA YA MBOUDE,2032,812
KM,Comores,KM2,NGAZIDJA,KM26,MBOUDE,KM266,NYUMAMRO SOUHEILI,KM266_0001,NTSAOUENI,2032,4574
KM,Comores,KM2,NGAZIDJA,KM26,MBOUDE,KM266,NYUMAMRO SOUHEILI,KM266_0006,NTSORALE YA MBOUDE,2032,952
KM,Comores,KM2,NGAZIDJA,KM26,MBOUDE,KM266,NYUMAMRO SOUHEILI,KM266_0005,SIMBOUSSA YA MBOUDE,2032,463
KM,Comores,KM2,NGAZIDJA,KM26,MITSAMIOULI,KM261,CEMBENOI LAC SALE,KM261_0001,BANGOIKOUNI,2032,3535
KM,Comores,KM2,NGAZIDJA,KM26,MITSAMIOULI,KM261,CEMBENOI LAC SALE,KM261_0002,BATSA YA MITSAMIHOULI,2032,1680
KM,Comores,KM2,NGAZIDJA,KM26,MITSAMIOULI,KM261,CEMBENOI LAC SALE,KM261_0004,IVOINI,2032,2259
KM,Comores,KM2,NGAZIDJA,KM26,MITSAMIOULI,KM261,CEMBENOI LAC SALE,KM261_0003,OUZIO,2032,3716
KM,Comores,KM2,NGAZIDJA,KM26,MITSAMIOULI,KM262,CEMBENOI SADA DJOULAMLIMA,KM265_0009,KOUA,2032,2125
KM,Comores,KM2,NGAZIDJA,KM26,MITSAMIOULI,KM262,CEMBENOI SADA DJOULAMLIMA,KM262_0004,OUELLAH YA MITSAMIHOULI,2032,5960
KM,Comores,KM2,NGAZIDJA,KM26,MITSAMIOULI,KM262,CEMBENOI SADA DJOULAMLIMA,KM262_0001,OUEMANI,2032,913
KM,Comores,KM2,NGAZIDJA,KM26,MITSAMIOULI,KM263,MITSAMIOULI,KM263_0003,FASSI,2032,542
KM,Comores,KM2,NGAZIDJA,KM26,MITSAMIOULI,KM263,MITSAMIOULI,KM263_0002,HADAWA,2032,807
KM,Comores,KM2,NGAZIDJA,KM26,MITSAMIOULI,KM263,MITSAMIOULI,KM263_0001,MEMBOI - BOINI,2032,1222
KM,Comores,KM2,NGAZIDJA,KM26,MITSAMIOULI,KM263,MITSAMIOULI,KM263_0004,MITSAMIHOULI,2032,7118
KM,Comores,KM2,NGAZIDJA,KM26,MITSAMIOULI,KM263,MITSAMIOULI,KM263_0006,NDZAOUZE,2032,3689
KM,Comores,KM2,NGAZIDJA,KM26,MITSAMIOULI,KM263,MITSAMIOULI,KM263_0005,NKOURANI YA MITSAMIHOULI,2032,449
KM,Comores,KM2,NGAZIDJA,KM26,MITSAMIOULI,KM264,NYUMA KOMO,KM264_0001,BANGOI MAFUSA NKOA,2032,935
KM,Comores,KM2,NGAZIDJA,KM26,MITSAMIOULI,KM264,NYUMA KOMO,KM264_0008,FOUNGA,2032,1300
KM,Comores,KM2,NGAZIDJA,KM26,MITSAMIOULI,KM264,NYUMA KOMO,KM264_0002,MEMBOI - DJOU,2032,2276
KM,Comores,KM2,NGAZIDJA,KM26,MITSAMIOULI,KM264,NYUMA KOMO,KM264_0007,NTSADJENI,2032,2382
KM,Comores,KM2,NGAZIDJA,KM26,MITSAMIOULI,KM264,NYUMA KOMO,KM264_0009,OUHOZI,2032,1700
KM,Comores,KM2,NGAZIDJA,KM26,MITSAMIOULI,KM264,NYUMA KOMO,KM264_0004,PIDJANI,2032,827
KM,Comores,KM2,NGAZIDJA,KM26,MITSAMIOULI,KM264,NYUMA KOMO,KM264_0005,SONGOMANI,2032,664
KM,Comores,KM2,NGAZIDJA,KM26,MITSAMIOULI,KM264,NYUMA KOMO,KM264_0006,TOIYFA,2032,666
KM,Comores,KM2,NGAZIDJA,KM27,MORONI BAMBAO,KM273,BAMBAO YA DJOU,KM273_0002,M'VOUNI,2032,7591
KM,Comores,KM2,NGAZIDJA,KM27,MORONI BAMBAO,KM273,BAMBAO YA DJOU,KM273_0003,MAVINGOUNI,2032,2493
KM,Comores,KM2,NGAZIDJA,KM27,MORONI BAMBAO,KM273,BAMBAO YA DJOU,KM273_0001,MKAZI,2032,9011
KM,Comores,KM2,NGAZIDJA,KM27,MORONI BAMBAO,KM271,BAMBAO YA HARI,KM271_0010,BOENI YA BAMBAO,2032,2945
KM,Comores,KM2,NGAZIDJA,KM27,MORONI BAMBAO,KM271,BAMBAO YA HARI,KM271_0007,DAOUENI,2032,536
KM,Comores,KM2,NGAZIDJA,KM27,MORONI BAMBAO,KM271,BAMBAO YA HARI,KM283_0003,DZAHANI,2032,957
KM,Comores,KM2,NGAZIDJA,KM27,MORONI BAMBAO,KM271,BAMBAO YA HARI,KM271_0002,M'DE,2032,9205
KM,Comores,KM2,NGAZIDJA,KM27,MORONI BAMBAO,KM271,BAMBAO YA HARI,KM271_0006,MBOUDADJOU,2032,1457
KM,Comores,KM2,NGAZIDJA,KM27,MORONI BAMBAO,KM271,BAMBAO YA HARI,KM271_0005,MOIDZAZA DJOUMBE,2032,654
KM,Comores,KM2,NGAZIDJA,KM27,MORONI BAMBAO,KM271,BAMBAO YA HARI,KM271_0004,NIOUMADZAHA,2032,4549
KM,Comores,KM2,NGAZIDJA,KM27,MORONI BAMBAO,KM271,BAMBAO YA HARI,KM271_0003,SELEA,2032,3018
KM,Comores,KM2,NGAZIDJA,KM27,MORONI BAMBAO,KM271,BAMBAO YA HARI,KM271_0001,VOUVOUNI,2032,6120
KM,Comores,KM2,NGAZIDJA,KM27,MORONI BAMBAO,KM272,BAMBAO YA MBOINI,KM272_0001,ICONI,2032,7728
KM,Comores,KM2,NGAZIDJA,KM27,MORONI BAMBAO,KM272,BAMBAO YA MBOINI,KM272_0002,MBACHILE,2032,2369
KM,Comores,KM2,NGAZIDJA,KM27,MORONI BAMBAO,KM272,BAMBAO YA MBOINI,KM272_0003,MOIDZAZA - MBOINI,2032,4005
KM,Comores,KM2,NGAZIDJA,KM27,MORONI BAMBAO,KM272,BAMBAO YA MBOINI,KM272_0004,NDROUANI,2032,1943
KM,Comores,KM2,NGAZIDJA,KM27,MORONI BAMBAO,KM272,BAMBAO YA MBOINI,KM272_0005,SEREHINI,2032,1049
KM,Comores,KM2,NGAZIDJA,KM27,MORONI BAMBAO,KM274,MORONI,KM274_0001,MORONI,2032,105686
KM,Comores,KM2,NGAZIDJA,KM28,OICHILI DIMANI,KM281,DIMANI,KM281_0002,FOUMBOU DZIVOUNI,2032,628
KM,Comores,KM2,NGAZIDJA,KM28,OICHILI DIMANI,KM281,DIMANI,KM281_0007,IDJINKOUNDZI,2032,3414
KM,Comores,KM2,NGAZIDJA,KM28,OICHILI DIMANI,KM281,DIMANI,KM281_0006,IDJOINDRADJA,2032,267
KM,Comores,KM2,NGAZIDJA,KM28,OICHILI DIMANI,KM281,DIMANI,KM281_0005,MADJOMA,2032,771
KM,Comores,KM2,NGAZIDJA,KM28,OICHILI DIMANI,KM281,DIMANI,KM281_0008,MAOUENI DIMANI,2032,2116
KM,Comores,KM2,NGAZIDJA,KM28,OICHILI DIMANI,KM281,DIMANI,KM281_0003,MBOUDE,2032,911
KM,Comores,KM2,NGAZIDJA,KM28,OICHILI DIMANI,KM281,DIMANI,KM281_0004,MIDJINDZE,2032,219
KM,Comores,KM2,NGAZIDJA,KM28,OICHILI DIMANI,KM281,DIMANI,KM281_0009,MIRERENI,2032,734
KM,Comores,KM2,NGAZIDJA,KM28,OICHILI DIMANI,KM281,DIMANI,KM281_0001,MTSANGADJOU,2032,1810
KM,Comores,KM2,NGAZIDJA,KM28,OICHILI DIMANI,KM281,DIMANI,KM281_0010,NTSORALE,2032,3457
KM,Comores,KM2,NGAZIDJA,KM28,OICHILI DIMANI,KM281,DIMANI,KM281_0012,REHEMANI,2032,566
KM,Comores,KM2,NGAZIDJA,KM28,OICHILI DIMANI,KM281,DIMANI,KM281_0011,SIDJOU,2032,1217
KM,Comores,KM2,NGAZIDJA,KM28,OICHILI DIMANI,KM283,OICHILI YABOINI,KM283_0003,DZAHANI,2032,935
KM,Comores,KM2,NGAZIDJA,KM28,OICHILI DIMANI,KM283,OICHILI YABOINI,KM283_0006,HAMBOU,2032,1403
KM,Comores,KM2,NGAZIDJA,KM28,OICHILI DIMANI,KM283,OICHILI YABOINI,KM283_0007,HASSENDJE,2032,412
KM,Comores,KM2,NGAZIDJA,KM28,OICHILI DIMANI,KM283,OICHILI YABOINI,KM283_0001,ITSINKOUDI,2032,3450
KM,Comores,KM2,NGAZIDJA,KM28,OICHILI DIMANI,KM283,OICHILI YABOINI,KM283_0004,KOUHANI,2032,675
KM,Comores,KM2,NGAZIDJA,KM28,OICHILI DIMANI,KM283,OICHILI YABOINI,KM283_0005,MTSAMDU,2032,1631
KM,Comores,KM2,NGAZIDJA,KM28,OICHILI DIMANI,KM282,OICHILI YADJOU,KM282_0003,BOENI YAWACHILI,2032,1220
KM,Comores,KM2,NGAZIDJA,KM28,OICHILI DIMANI,KM282,OICHILI YADJOU,KM282_0009,CHAMRO,2032,223
KM,Comores,KM2,NGAZIDJA,KM28,OICHILI DIMANI,KM282,OICHILI YADJOU,KM282_0007,CHOMONI,2032,1152
KM,Comores,KM2,NGAZIDJA,KM28,OICHILI DIMANI,KM282,OICHILI YADJOU,KM282_0004,DZAHADJOU YA WACHILI,2032,1472
KM,Comores,KM2,NGAZIDJA,KM28,OICHILI DIMANI,KM282,OICHILI YADJOU,KM282_0002,IROHE,2032,1340
KM,Comores,KM2,NGAZIDJA,KM28,OICHILI DIMANI,KM282,OICHILI YADJOU,KM282_0001,KOIMBANI YA WACHILI,2032,4132
KM,Comores,KM2,NGAZIDJA,KM28,OICHILI DIMANI,KM282,OICHILI YADJOU,KM282_0005,SADA,2032,503
KM,Comores,KM2,NGAZIDJA,KM28,OICHILI DIMANI,KM282,OICHILI YADJOU,KM282_0006,SADANI,2032,868
KM,Comores,KM2,NGAZIDJA,KM28,OICHILI DIMANI,KM282,OICHILI YADJOU,KM282_0008,SAMBA MADI,2032,151
KM,Comores,KM2,NGAZIDJA,KM28,OICHILI DIMANI,KM282,OICHILI YADJOU,KM282_0010,SIMA YA WACHILI,2032,1448
KM,Comores,KM3,MWALI,KM31,DJANDO,KM311,DJANDO,KM311_0006,HAGNAMOIDA,2033,1277
KM,Comores,KM3,MWALI,KM31,DJANDO,KM311,DJANDO,KM311_0008,HAMAVOUNA,2033,2072
KM,Comores,KM3,MWALI,KM31,DJANDO,KM311,DJANDO,KM311_0007,ITSAMIA,2033,633
KM,Comores,KM3,MWALI,KM31,DJANDO,KM311,DJANDO,KM121_0005,KANGANI,2033,2120
KM,Comores,KM3,MWALI,KM31,DJANDO,KM311,DJANDO,KM311_0003,MLANBANDA,2033,636
KM,Comores,KM3,MWALI,KM31,DJANDO,KM311,DJANDO,KM311_0002,WANANI,2033,5142
KM,Comores,KM3,MWALI,KM31,DJANDO,KM311,DJANDO,KM311_0001,ZIROUDANI,2033,2728
KM,Comores,KM3,MWALI,KM32,FOMBONI,KM321,FOMBONI,KM321_0001,FOMBONI,2033,27018
KM,Comores,KM3,MWALI,KM32,FOMBONI,KM322,MOILI MDJINI,KM322_0002,BANDAR SALAMA,2033,3770
KM,Comores,KM3,MWALI,KM32,FOMBONI,KM322,MOILI MDJINI,KM322_0003,DJOIEZI,2033,4597
KM,Comores,KM3,MWALI,KM32,FOMBONI,KM322,MOILI MDJINI,KM322_0001,MBOIGOMA,2033,3211
KM,Comores,KM3,MWALI,KM32,FOMBONI,KM323,MOINBASSA,KM252_0007,DOMONI,2033,403
KM,Comores,KM3,MWALI,KM32,FOMBONI,KM323,MOINBASSA,KM323_0002,HOANI,2033,3436
KM,Comores,KM3,MWALI,KM32,FOMBONI,KM323,MOINBASSA,KM323_0001,M'BATSE,2033,5744
KM,Comores,KM3,MWALI,KM33,NIOUMACHOUA,KM331,MLEDJELE,KM331_0001,MIREMANI,2033,450
KM,Comores,KM3,MWALI,KM33,NIOUMACHOUA,KM331,MLEDJELE,KM331_0004,NDREMEANI,2033,89
KM,Comores,KM3,MWALI,KM33,NIOUMACHOUA,KM331,MLEDJELE,KM331_0002,NDRONDRONI,2033,6625
KM,Comores,KM3,MWALI,KM33,NIOUMACHOUA,KM331,MLEDJELE,KM331_0003,NIOUMACHOUA,2033,5202
KM,Comores,KM3,MWALI,KM33,NIOUMACHOUA,KM332,MOIMBAO,KM143_0003,BARAKANI,2033,1469
KM,Comores,KM3,MWALI,KM33,NIOUMACHOUA,KM332,MOIMBAO,KM332_0001,HAMBA,2033,380
KM,Comores,KM3,MWALI,KM33,NIOUMACHOUA,KM332,MOIMBAO,KM332_0004,MIRINGONI,2033,1573
KM,Comores,KM3,MWALI,KM33,NIOUMACHOUA,KM332,MOIMBAO,KM332_0005,WALLAH 1,2033,697
KM,Comores,KM3,MWALI,KM33,NIOUMACHOUA,KM332,MOIMBAO,KM332_0006,WALLAH 2,2033,1305
KM,Comores,KM1,NDZUWANI,KM11,DOMONI,KM111,BAMBAO MSTANGA,KM111_0001,BAMBAO MTSANGA,2033,7511
KM,Comores,KM1,NDZUWANI,KM11,DOMONI,KM111,BAMBAO MSTANGA,KM111_0004,MAHALE,2033,5317
KM,Comores,KM1,NDZUWANI,KM11,DOMONI,KM111,BAMBAO MSTANGA,KM111_0002,MROMAJI,2033,4118
KM,Comores,KM1,NDZUWANI,KM11,DOMONI,KM111,BAMBAO MSTANGA,KM111_0003,ONGONI,2033,3532
KM,Comores,KM1,NDZUWANI,KM11,DOMONI,KM112,DOMONI,KM112_0004,BWELADUGU,2033,1108
KM,Comores,KM1,NDZUWANI,KM11,DOMONI,KM112,DOMONI,KM252_0007,DOMONI,2033,18485
KM,Comores,KM1,NDZUWANI,KM11,DOMONI,KM112,DOMONI,KM112_0003,LIMBI,2033,3870
KM,Comores,KM1,NDZUWANI,KM11,DOMONI,KM113,JIMLIME,KM113_0003,HAJOHO,2033,5601
KM,Comores,KM1,NDZUWANI,KM11,DOMONI,KM113,JIMLIME,KM113_0001,HAREMBO I,2033,862
KM,Comores,KM1,NDZUWANI,KM11,DOMONI,KM113,JIMLIME,KM113_0002,HAREMBO II,2033,1447
KM,Comores,KM1,NDZUWANI,KM11,DOMONI,KM113,JIMLIME,KM113_0004,JIMLIME,2033,9176
KM,Comores,KM1,NDZUWANI,KM11,DOMONI,KM114,KONI,KM114_0004,GEGE,2033,1653
KM,Comores,KM1,NDZUWANI,KM11,DOMONI,KM114,KONI,KM114_0003,HACHIPENDA,2033,2793
KM,Comores,KM1,NDZUWANI,KM11,DOMONI,KM114,KONI,KM114_0001,KONI DJODJO,2033,16148
KM,Comores,KM1,NDZUWANI,KM11,DOMONI,KM114,KONI,KM114_0002,KONI NGANI,2033,7727
KM,Comores,KM1,NDZUWANI,KM11,DOMONI,KM115,NGADZALE,KM115_0001,NGADZALE,2033,8256
KM,Comores,KM1,NDZUWANI,KM11,DOMONI,KM115,NGADZALE,KM115_0002,OUTSA,2033,1076
KM,Comores,KM1,NDZUWANI,KM11,DOMONI,KM115,NGADZALE,KM115_0005,OUZINI,2033,2607
KM,Comores,KM1,NDZUWANI,KM11,DOMONI,KM115,NGADZALE,KM153_0014,SALAMANI,2033,3156
KM,Comores,KM1,NDZUWANI,KM16,MOYA,KM151,MOYA,KM151_0002,KOWET,2033,3113
KM,Comores,KM1,NDZUWANI,KM16,MOYA,KM151,MOYA,KM151_0005,LINGONI,2033,7329
KM,Comores,KM1,NDZUWANI,KM16,MOYA,KM151,MOYA,KM151_0007,MAWENI,2033,1176
KM,Comores,KM1,NDZUWANI,KM16,MOYA,KM151,MOYA,KM151_0001,MOYA,2033,13429
KM,Comores,KM1,NDZUWANI,KM16,MOYA,KM151,MOYA,KM151_0004,NINDRI,2033,4554
KM,Comores,KM1,NDZUWANI,KM16,MOYA,KM151,MOYA,KM151_0003,POMONI,2033,6278
KM,Comores,KM1,NDZUWANI,KM12,MREMANI,KM121,ADDA,KM121_0001,ADDA DAWENI,2033,17110
KM,Comores,KM1,NDZUWANI,KM12,MREMANI,KM121,ADDA,KM121_0002,DJANZA,2033,1228
KM,Comores,KM1,NDZUWANI,KM12,MREMANI,KM121,ADDA,KM121_0005,KANGANI,2033,7244
KM,Comores,KM1,NDZUWANI,KM12,MREMANI,KM121,ADDA,KM121_0003,MAGNASSINI,2033,6391
KM,Comores,KM1,NDZUWANI,KM12,MREMANI,KM123,MRAMANI,KM123_0004,DZIANII,2033,2901
KM,Comores,KM1,NDZUWANI,KM12,MREMANI,KM123,MRAMANI,KM123_0002,HANTSAHII,2033,2191
KM,Comores,KM1,NDZUWANI,KM12,MREMANI,KM123,MRAMANI,KM123_0001,MRAMANI,2033,6047
KM,Comores,KM1,NDZUWANI,KM12,MREMANI,KM123,MRAMANI,KM123_0003,NYAMBOIMRO,2033,3080
KM,Comores,KM1,NDZUWANI,KM12,MREMANI,KM124,MREMANI,KM124_0002,BANDA KOUNI,2033,5490
KM,Comores,KM1,NDZUWANI,KM12,MREMANI,KM124,MREMANI,KM124_0004,DAJI,2033,4628
KM,Comores,KM1,NDZUWANI,KM12,MREMANI,KM124,MREMANI,KM124_0001,MREMANI,2033,8175
KM,Comores,KM1,NDZUWANI,KM12,MREMANI,KM124,MREMANI,KM124_0003,MRIDJOU,2033,5194
KM,Comores,KM1,NDZUWANI,KM12,MREMANI,KM125,ONGOJOU,KM125_0002,KIYO,2033,2450
KM,Comores,KM1,NDZUWANI,KM12,MREMANI,KM125,ONGOJOU,KM125_0003,KOMONI,2033,3969
KM,Comores,KM1,NDZUWANI,KM12,MREMANI,KM125,ONGOJOU,KM125_0004,MIRONDRONI,2033,603
KM,Comores,KM1,NDZUWANI,KM12,MREMANI,KM125,ONGOJOU,KM125_0001,ONGODJOU,2033,9424
KM,Comores,KM1,NDZUWANI,KM12,MREMANI,KM125,ONGOJOU,KM125_0005,TRINDRINI,2033,237
KM,Comores,KM1,NDZUWANI,KM12,MREMANI,KM122,SHAWENI,KM122_0002,HAMCHACO,2033,2883
KM,Comores,KM1,NDZUWANI,KM12,MREMANI,KM122,SHAWENI,KM122_0005,MNADZICHOUMWE,2033,1495
KM,Comores,KM1,NDZUWANI,KM12,MREMANI,KM122,SHAWENI,KM122_0004,NOUNGA,2033,646
KM,Comores,KM1,NDZUWANI,KM12,MREMANI,KM122,SHAWENI,KM122_0003,SADAPOINI,2033,4326
KM,Comores,KM1,NDZUWANI,KM12,MREMANI,KM122,SHAWENI,KM122_0001,SHAWENI,2033,1603
KM,Comores,KM1,NDZUWANI,KM13,MUTSAMUDU,KM131,BANDRANI YA CHIRONKAMBA,KM131_0002,ANKIBANI,2033,3219
KM,Comores,KM1,NDZUWANI,KM13,MUTSAMUDU,KM131,BANDRANI YA CHIRONKAMBA,KM131_0008,BANDRADJOU,2033,2736
KM,Comores,KM1,NDZUWANI,KM13,MUTSAMUDU,KM131,BANDRANI YA CHIRONKAMBA,KM131_0006,CHICONI 2,2033,203
KM,Comores,KM1,NDZUWANI,KM13,MUTSAMUDU,KM131,BANDRANI YA CHIRONKAMBA,KM131_0003,CHIRONKAMBA,2033,2978
KM,Comores,KM1,NDZUWANI,KM13,MUTSAMUDU,KM131,BANDRANI YA CHIRONKAMBA,KM151_0007,MAWENI,2033,1191
KM,Comores,KM1,NDZUWANI,KM13,MUTSAMUDU,KM131,BANDRANI YA CHIRONKAMBA,KM131_0001,MDJIMANDRA,2033,4034
KM,Comores,KM1,NDZUWANI,KM13,MUTSAMUDU,KM131,BANDRANI YA CHIRONKAMBA,KM131_0007,MPOUZINI,2033,93
KM,Comores,KM1,NDZUWANI,KM13,MUTSAMUDU,KM132,Commune BANDRANI YA MITSANGANI,KM132_0001,BANDRANI MTSANGANI,2033,2872
KM,Comores,KM1,NDZUWANI,KM13,MUTSAMUDU,KM132,Commune BANDRANI YA MITSANGANI,KM132_0002,CHITROUNI,2033,1861
KM,Comores,KM1,NDZUWANI,KM13,MUTSAMUDU,KM132,Commune BANDRANI YA MITSANGANI,KM132_0004,MDJAMAOUE,2033,2563
KM,Comores,KM1,NDZUWANI,KM13,MUTSAMUDU,KM132,Commune BANDRANI YA MITSANGANI,KM132_0003,SAANDANI,2033,3400
KM,Comores,KM1,NDZUWANI,KM13,MUTSAMUDU,KM133,MIRONTSI,KM133_0001,MIRONTSI,2033,18022
KM,Comores,KM1,NDZUWANI,KM13,MUTSAMUDU,KM134,MUTSAMUDU,KM134_0005,CHICONI1,2033,6
KM,Comores,KM1,NDZUWANI,KM13,MUTSAMUDU,KM134,MUTSAMUDU,KM134_0001,MUTSAMUDU,2033,39817
KM,Comores,KM1,NDZUWANI,KM13,MUTSAMUDU,KM134,MUTSAMUDU,KM134_0003,MWAMWA I,2033,2896
KM,Comores,KM1,NDZUWANI,KM13,MUTSAMUDU,KM134,MUTSAMUDU,KM134_0004,MWAMWA II,2033,1188
KM,Comores,KM1,NDZUWANI,KM13,MUTSAMUDU,KM134,MUTSAMUDU,KM134_0002,PAJE,2033,8943
KM,Comores,KM1,NDZUWANI,KM14,OUANI,KM141,BAMBAO MTROUNI,KM141_0003,CHANDRA,2033,7417
KM,Comores,KM1,NDZUWANI,KM14,OUANI,KM141,BAMBAO MTROUNI,KM141_0002,DINDRI,2033,15489
KM,Comores,KM1,NDZUWANI,KM14,OUANI,KM141,BAMBAO MTROUNI,KM141_0001,TSEMBEHOU,2033,18980
KM,Comores,KM1,NDZUWANI,KM14,OUANI,KM142,BAZIMINI,KM142_0001,BAZIMINI,2033,12389
KM,Comores,KM1,NDZUWANI,KM14,OUANI,KM142,BAZIMINI,KM142_0002,KOKI,2033,9431
KM,Comores,KM1,NDZUWANI,KM14,OUANI,KM142,BAZIMINI,KM142_0003,PATSY,2033,5754
KM,Comores,KM1,NDZUWANI,KM14,OUANI,KM143,OUANI,KM143_0003,BARAKANI,2033,10512
KM,Comores,KM1,NDZUWANI,KM14,OUANI,KM143,OUANI,KM143_0004,GNATRANGA,2033,4915
KM,Comores,KM1,NDZUWANI,KM14,OUANI,KM143,OUANI,KM143_0001,OUANI,2033,15185
KM,Comores,KM1,NDZUWANI,KM14,OUANI,KM143,OUANI,KM143_0005,TANAMBAO,2033,3146
KM,Comores,KM1,NDZUWANI,KM15,SIMA,KM152,SIMA,KM152_0003,BIMBINI,2033,2646
KM,Comores,KM1,NDZUWANI,KM15,SIMA,KM152,SIMA,KM152_0004,BOUNGOUENI,2033,5236
KM,Comores,KM1,NDZUWANI,KM15,SIMA,KM152,SIMA,KM152_0002,KAVANI,2033,3218
KM,Comores,KM1,NDZUWANI,KM15,SIMA,KM152,SIMA,KM234_0004,MILEMBENI,2033,1077
KM,Comores,KM1,NDZUWANI,KM15,SIMA,KM152,SIMA,KM152_0005,MIRONGANI,2033,2161
KM,Comores,KM1,NDZUWANI,KM15,SIMA,KM152,SIMA,KM232_0003,SIMA,2033,8965
KM,Comores,KM1,NDZUWANI,KM15,SIMA,KM153,VOUANI,KM153_0010,BANDRANI YA VOUANI,2033,2496
KM,Comores,KM1,NDZUWANI,KM15,SIMA,KM153,VOUANI,KM153_0011,CHIROVE,2033,391
KM,Comores,KM1,NDZUWANI,KM15,SIMA,KM153,VOUANI,KM153_0009,DAR SALAMA,2033,1991
KM,Comores,KM1,NDZUWANI,KM15,SIMA,KM153,VOUANI,KM153_0007,DZINDRI I,2033,3758
KM,Comores,KM1,NDZUWANI,KM15,SIMA,KM153,VOUANI,KM153_0003,HASSIMPAO,2033,2271
KM,Comores,KM1,NDZUWANI,KM15,SIMA,KM153,VOUANI,KM153_0006,IMERE,2033,664
KM,Comores,KM1,NDZUWANI,KM15,SIMA,KM153,VOUANI,KM153_0015,IMERE YA GAWANI,2033,1099
KM,Comores,KM1,NDZUWANI,KM15,SIMA,KM153,VOUANI,KM153_0002,MARAHARE,2033,2917
KM,Comores,KM1,NDZUWANI,KM15,SIMA,KM153,VOUANI,KM153_0012,MARONTRONI,2033,603
KM,Comores,KM1,NDZUWANI,KM15,SIMA,KM153,VOUANI,KM153_0001,MROMOUHOULI,2033,899
KM,Comores,KM1,NDZUWANI,KM15,SIMA,KM153,VOUANI,KM153_0014,SALAMANI,2033,603
KM,Comores,KM1,NDZUWANI,KM15,SIMA,KM153,VOUANI,KM153_0004,SHITSANGASHELI,2033,230
KM,Comores,KM1,NDZUWANI,KM15,SIMA,KM153,VOUANI,KM153_0005,VASSI,2033,1871
KM,Comores,KM1,NDZUWANI,KM15,SIMA,KM153,VOUANI,KM153_0008,VOUANI,2033,5033
KM,Comores,KM2,NGAZIDJA,KM21,HAMAHAMET MBOINKOU,KM211,MBOINKOU,KM211_0008,BANDAMADJI LA MBOIKOU,2033,998
KM,Comores,KM2,NGAZIDJA,KM21,HAMAHAMET MBOINKOU,KM211,MBOINKOU,KM211_0004,CHEZANI,2033,3838
KM,Comores,KM2,NGAZIDJA,KM21,HAMAHAMET MBOINKOU,KM211,MBOINKOU,KM211_0007,HANTSINDZI,2033,2965
KM,Comores,KM2,NGAZIDJA,KM21,HAMAHAMET MBOINKOU,KM211,MBOINKOU,KM211_0001,MADJEOUENI,2033,2483
KM,Comores,KM2,NGAZIDJA,KM21,HAMAHAMET MBOINKOU,KM211,MBOINKOU,KM211_0005,NDROUDE,2033,2908
KM,Comores,KM2,NGAZIDJA,KM21,HAMAHAMET MBOINKOU,KM211,MBOINKOU,KM211_0006,NIOUMAMILIMA,2033,1884
KM,Comores,KM2,NGAZIDJA,KM21,HAMAHAMET MBOINKOU,KM211,MBOINKOU,KM211_0002,SADANI YA MBOIKOU,2033,871
KM,Comores,KM2,NGAZIDJA,KM21,HAMAHAMET MBOINKOU,KM211,MBOINKOU,KM211_0003,TRELEZINI,2033,771
KM,Comores,KM2,NGAZIDJA,KM21,HAMAHAMET MBOINKOU,KM212,NYUMA MRO,KM212_0005,BAMBADJANI,2033,1733
KM,Comores,KM2,NGAZIDJA,KM21,HAMAHAMET MBOINKOU,KM212,NYUMA MRO,KM212_0001,DIMADJOU YA HAMAHAMET,2033,3376
KM,Comores,KM2,NGAZIDJA,KM21,HAMAHAMET MBOINKOU,KM212,NYUMA MRO,KM212_0009,HADJAMBOU,2033,1787
KM,Comores,KM2,NGAZIDJA,KM21,HAMAHAMET MBOINKOU,KM212,NYUMA MRO,KM212_0007,ITSANDZENI,2033,2596
KM,Comores,KM2,NGAZIDJA,KM21,HAMAHAMET MBOINKOU,KM212,NYUMA MRO,KM212_0010,MBATSE YA HAMAHAMET,2033,325
KM,Comores,KM2,NGAZIDJA,KM21,HAMAHAMET MBOINKOU,KM212,NYUMA MRO,KM212_0003,MDJIHARI,2033,920
KM,Comores,KM2,NGAZIDJA,KM21,HAMAHAMET MBOINKOU,KM212,NYUMA MRO,KM212_0004,MOIDJA,2033,2866
KM,Comores,KM2,NGAZIDJA,KM21,HAMAHAMET MBOINKOU,KM212,NYUMA MRO,KM212_0006,NGOLE,2033,530
KM,Comores,KM2,NGAZIDJA,KM21,HAMAHAMET MBOINKOU,KM212,NYUMA MRO,KM212_0002,NYADOMBWENI,2033,1414
KM,Comores,KM2,NGAZIDJA,KM21,HAMAHAMET MBOINKOU,KM212,NYUMA MRO,KM212_0008,OUELLAH YA HAMAHAMET,2033,985
KM,Comores,KM2,NGAZIDJA,KM21,HAMAHAMET MBOINKOU,KM213,NYUMA MSIRU,KM213_0008,BATOU,2033,961
KM,Comores,KM2,NGAZIDJA,KM21,HAMAHAMET MBOINKOU,KM213,NYUMA MSIRU,KM213_0006,BOUNI,2033,2006
KM,Comores,KM2,NGAZIDJA,KM21,HAMAHAMET MBOINKOU,KM213,NYUMA MSIRU,KM213_0007,HEROUMBILI,2033,2073
KM,Comores,KM2,NGAZIDJA,KM21,HAMAHAMET MBOINKOU,KM213,NYUMA MSIRU,KM213_0010,IFOUNDIHE YA HAMAHAMET,2033,979
KM,Comores,KM2,NGAZIDJA,KM21,HAMAHAMET MBOINKOU,KM213,NYUMA MSIRU,KM213_0009,KOURANI YA HAMAHAMET,2033,186
KM,Comores,KM2,NGAZIDJA,KM21,HAMAHAMET MBOINKOU,KM213,NYUMA MSIRU,KM213_0001,MBENI,2033,7407
KM,Comores,KM2,NGAZIDJA,KM21,HAMAHAMET MBOINKOU,KM213,NYUMA MSIRU,KM213_0011,MNOUNGOU,2033,1764
KM,Comores,KM2,NGAZIDJA,KM21,HAMAHAMET MBOINKOU,KM213,NYUMA MSIRU,KM213_0004,SADA CHIHOUWE,2033,1128
KM,Comores,KM2,NGAZIDJA,KM21,HAMAHAMET MBOINKOU,KM213,NYUMA MSIRU,KM213_0005,SADA MHUWAMBOI,2033,286
KM,Comores,KM2,NGAZIDJA,KM21,HAMAHAMET MBOINKOU,KM213,NYUMA MSIRU,KM213_0003,SALIMANI YA HAMAHAMET,2033,890
KM,Comores,KM2,NGAZIDJA,KM21,HAMAHAMET MBOINKOU,KM213,NYUMA MSIRU,KM213_0002,SELEANI,2033,2006
KM,Comores,KM2,NGAZIDJA,KM22,HAMBOU,KM221,DJOUMOIPANGUA,KM221_0004,BAMBANI,2033,1798
KM,Comores,KM2,NGAZIDJA,KM22,HAMBOU,KM221,DJOUMOIPANGUA,KM221_0005,DZAHADJOU,2033,3064
KM,Comores,KM2,NGAZIDJA,KM22,HAMBOU,KM221,DJOUMOIPANGUA,KM221_0003,HETSA,2033,1206
KM,Comores,KM2,NGAZIDJA,KM22,HAMBOU,KM221,DJOUMOIPANGUA,KM221_0002,MDJOIEZI,2033,4355
KM,Comores,KM2,NGAZIDJA,KM22,HAMBOU,KM221,DJOUMOIPANGUA,KM221_0001,SINGANI,2033,3058
KM,Comores,KM2,NGAZIDJA,KM22,HAMBOU,KM222,TSINIMOIPANGUA,KM222_0005,BANGOI,2033,4088
KM,Comores,KM2,NGAZIDJA,KM22,HAMBOU,KM222,TSINIMOIPANGUA,KM222_0003,CHOUANI,2033,3742
KM,Comores,KM2,NGAZIDJA,KM22,HAMBOU,KM222,TSINIMOIPANGUA,KM222_0004,DJOUMOICHONGO,2033,2217
KM,Comores,KM2,NGAZIDJA,KM22,HAMBOU,KM222,TSINIMOIPANGUA,KM222_0001,MITSOUDJE,2033,5404
KM,Comores,KM2,NGAZIDJA,KM22,HAMBOU,KM222,TSINIMOIPANGUA,KM222_0006,NKOMIONI,2033,805
KM,Comores,KM2,NGAZIDJA,KM22,HAMBOU,KM222,TSINIMOIPANGUA,KM222_0007,SALIMANI,2033,2827
KM,Comores,KM2,NGAZIDJA,KM22,HAMBOU,KM222,TSINIMOIPANGUA,KM222_0002,TROUMBENI,2033,335
KM,Comores,KM2,NGAZIDJA,KM23,ITSANDRA HAMANVOU,KM231,BANGAANI,KM231_0007,BANDAMADJI LA ITSANDRA,2033,1323
KM,Comores,KM2,NGAZIDJA,KM23,ITSANDRA HAMANVOU,KM231,BANGAANI,KM231_0008,DIMADJOU YA ITSANDRA,2033,2051
KM,Comores,KM2,NGAZIDJA,KM23,ITSANDRA HAMANVOU,KM231,BANGAANI,KM231_0004,DZAHANI LA TSIDJE,2033,11409
KM,Comores,KM2,NGAZIDJA,KM23,ITSANDRA HAMANVOU,KM231,BANGAANI,KM231_0001,ITSANDRA MDJINI,2033,4728
KM,Comores,KM2,NGAZIDJA,KM23,ITSANDRA HAMANVOU,KM231,BANGAANI,KM231_0005,MAOUENI YA ITSANDRA,2033,1190
KM,Comores,KM2,NGAZIDJA,KM23,ITSANDRA HAMANVOU,KM231,BANGAANI,KM231_0006,MIRONTSI YA ITSANDRA,2033,633
KM,Comores,KM2,NGAZIDJA,KM23,ITSANDRA HAMANVOU,KM231,BANGAANI,KM231_0002,SALIMANI YA ITSANDRA,2033,4619
KM,Comores,KM2,NGAZIDJA,KM23,ITSANDRA HAMANVOU,KM231,BANGAANI,KM231_0003,SAMBA MBODONI,2033,2005
KM,Comores,KM2,NGAZIDJA,KM23,ITSANDRA HAMANVOU,KM232,DJOUMOICHONGO,KM232_0002,BAHANI,2033,2626
KM,Comores,KM2,NGAZIDJA,KM23,ITSANDRA HAMANVOU,KM232,DJOUMOICHONGO,KM232_0001,DZAHANI II,2033,2115
KM,Comores,KM2,NGAZIDJA,KM23,ITSANDRA HAMANVOU,KM232,DJOUMOICHONGO,KM232_0004,OUELLAH YA ITSANDRA,2033,1836
KM,Comores,KM2,NGAZIDJA,KM23,ITSANDRA HAMANVOU,KM232,DJOUMOICHONGO,KM232_0005,SAMBA KOUNI,2033,2957
KM,Comores,KM2,NGAZIDJA,KM23,ITSANDRA HAMANVOU,KM232,DJOUMOICHONGO,KM232_0003,SIMA,2033,1216
KM,Comores,KM2,NGAZIDJA,KM23,ITSANDRA HAMANVOU,KM233,HAMANVOU,KM233_0008,BIBAVOU,2033,1606
KM,Comores,KM2,NGAZIDJA,KM23,ITSANDRA HAMANVOU,KM233,HAMANVOU,KM233_0002,BOENINDI,2033,1115
KM,Comores,KM2,NGAZIDJA,KM23,ITSANDRA HAMANVOU,KM233,HAMANVOU,KM233_0007,DIBOINI,2033,2083
KM,Comores,KM2,NGAZIDJA,KM23,ITSANDRA HAMANVOU,KM233,HAMANVOU,KM233_0001,HAHAYA,2033,6628
KM,Comores,KM2,NGAZIDJA,KM23,ITSANDRA HAMANVOU,KM233,HAMANVOU,KM233_0004,MBALENI,2033,267
KM,Comores,KM2,NGAZIDJA,KM23,ITSANDRA HAMANVOU,KM233,HAMANVOU,KM233_0003,MBAMBANI YA HAMANVOU,2033,1007
KM,Comores,KM2,NGAZIDJA,KM23,ITSANDRA HAMANVOU,KM233,HAMANVOU,KM233_0006,MBANGANI,2033,2133
KM,Comores,KM2,NGAZIDJA,KM23,ITSANDRA HAMANVOU,KM233,HAMANVOU,KM233_0009,MILEVANI,2033,1777
KM,Comores,KM2,NGAZIDJA,KM23,ITSANDRA HAMANVOU,KM233,HAMANVOU,KM233_0005,OUSSIVO,2033,3300
KM,Comores,KM2,NGAZIDJA,KM23,ITSANDRA HAMANVOU,KM234,ISAHARI,KM234_0002,HANTSAMBOU,2033,2346
KM,Comores,KM2,NGAZIDJA,KM23,ITSANDRA HAMANVOU,KM234,ISAHARI,KM234_0004,MILEMBENI,2033,1430
KM,Comores,KM2,NGAZIDJA,KM23,ITSANDRA HAMANVOU,KM234,ISAHARI,KM234_0001,NTSOUDJINI,2033,6254
KM,Comores,KM2,NGAZIDJA,KM23,ITSANDRA HAMANVOU,KM234,ISAHARI,KM234_0005,ZIVANDANI,2033,1928
KM,Comores,KM2,NGAZIDJA,KM23,ITSANDRA HAMANVOU,KM235,MBADANI,KM235_0001,BATSA ITSANDRA,2033,3857
KM,Comores,KM2,NGAZIDJA,KM23,ITSANDRA HAMANVOU,KM235,MBADANI,KM235_0005,DZAHADJOU LA ITSANDRA,2033,2045
KM,Comores,KM2,NGAZIDJA,KM23,ITSANDRA HAMANVOU,KM235,MBADANI,KM235_0004,MHANDANI,2033,793
KM,Comores,KM2,NGAZIDJA,KM23,ITSANDRA HAMANVOU,KM235,MBADANI,KM235_0003,VANADJOU,2033,1390
KM,Comores,KM2,NGAZIDJA,KM23,ITSANDRA HAMANVOU,KM235,MBADANI,KM235_0002,VANAMBOINI,2033,3016
KM,Comores,KM2,NGAZIDJA,KM23,ITSANDRA HAMANVOU,KM235,MBADANI,KM235_0006,VOUNA MBADANI,2033,1132
KM,Comores,KM2,NGAZIDJA,KM24,MBADJINI EST,KM241,DOMBA,KM241_0002,BANDADAOUENI,2033,2174
KM,Comores,KM2,NGAZIDJA,KM24,MBADJINI EST,KM241,DOMBA,KM241_0001,BANDAMADJI LADOMBA,2033,1533
KM,Comores,KM2,NGAZIDJA,KM24,MBADJINI EST,KM241,DOMBA,KM241_0004,OUNGONI,2033,1446
KM,Comores,KM2,NGAZIDJA,KM24,MBADJINI EST,KM241,DOMBA,KM264_0004,PIDJANI,2033,3123
KM,Comores,KM2,NGAZIDJA,KM24,MBADJINI EST,KM241,DOMBA,KM241_0003,TSINIMOIPANGA,2033,3516
KM,Comores,KM2,NGAZIDJA,KM24,MBADJINI EST,KM242,ITSAHIDI,KM242_0007,CHINDINI,2033,2476
KM,Comores,KM2,NGAZIDJA,KM24,MBADJINI EST,KM242,ITSAHIDI,KM242_0009,DZAHADJOU LA MBADJINI,2033,1609
KM,Comores,KM2,NGAZIDJA,KM24,MBADJINI EST,KM242,ITSAHIDI,KM242_0001,FOUMBOUNI,2033,3685
KM,Comores,KM2,NGAZIDJA,KM24,MBADJINI EST,KM242,ITSAHIDI,KM242_0002,KOIMBANI LA MBADJINI,2033,638
KM,Comores,KM2,NGAZIDJA,KM24,MBADJINI EST,KM242,ITSAHIDI,KM242_0003,MALE,2033,3276
KM,Comores,KM2,NGAZIDJA,KM24,MBADJINI EST,KM242,ITSAHIDI,KM242_0004,MIDJENDJENI,2033,595
KM,Comores,KM2,NGAZIDJA,KM24,MBADJINI EST,KM242,ITSAHIDI,KM242_0010,MOHORO,2033,3095
KM,Comores,KM2,NGAZIDJA,KM24,MBADJINI EST,KM242,ITSAHIDI,KM242_0006,NDZOUANI,2033,293
KM,Comores,KM2,NGAZIDJA,KM24,MBADJINI EST,KM242,ITSAHIDI,KM242_0011,NGNOUMADZHA MVOUBARI,2033,2939
KM,Comores,KM2,NGAZIDJA,KM24,MBADJINI EST,KM242,ITSAHIDI,KM242_0005,OUROVENI,2033,2041
KM,Comores,KM2,NGAZIDJA,KM24,MBADJINI EST,KM242,ITSAHIDI,KM242_0008,SIMAMBOINI,2033,1345
KM,Comores,KM2,NGAZIDJA,KM24,MBADJINI EST,KM243,PIMBA,KM243_0004,BANDAMADJI LA KOUBOINI,2033,1096
KM,Comores,KM2,NGAZIDJA,KM24,MBADJINI EST,KM243,PIMBA,KM243_0005,DARISSALAMA,2033,750
KM,Comores,KM2,NGAZIDJA,KM24,MBADJINI EST,KM243,PIMBA,KM243_0009,DIDJONI,2033,849
KM,Comores,KM2,NGAZIDJA,KM24,MBADJINI EST,KM243,PIMBA,KM243_0002,INANI,2033,1265
KM,Comores,KM2,NGAZIDJA,KM24,MBADJINI EST,KM243,PIMBA,KM243_0010,KOVE,2033,1228
KM,Comores,KM2,NGAZIDJA,KM24,MBADJINI EST,KM243,PIMBA,KM243_0006,MLALOI NKOUDJOU,2033,1531
KM,Comores,KM2,NGAZIDJA,KM24,MBADJINI EST,KM243,PIMBA,KM243_0003,NGNAMBENI,2033,2505
KM,Comores,KM2,NGAZIDJA,KM24,MBADJINI EST,KM243,PIMBA,KM243_0007,NGNOUMA MILIMA,2033,4296
KM,Comores,KM2,NGAZIDJA,KM24,MBADJINI EST,KM243,PIMBA,KM243_0008,NKOURANI MKANGA,2033,906
KM,Comores,KM2,NGAZIDJA,KM24,MBADJINI EST,KM243,PIMBA,KM243_0001,SIMBOUSSA YA MBADJINI,2033,2796
KM,Comores,KM2,NGAZIDJA,KM25,MBADJINI OUEST,KM251,NGOUENGOE,KM251_0001,DEMBENI,2033,3094
KM,Comores,KM2,NGAZIDJA,KM25,MBADJINI OUEST,KM251,NGOUENGOE,KM251_0011,ITSOUDZOU,2033,325
KM,Comores,KM2,NGAZIDJA,KM25,MBADJINI OUEST,KM251,NGOUENGOE,KM251_0009,KANDZILE,2033,1755
KM,Comores,KM2,NGAZIDJA,KM25,MBADJINI OUEST,KM251,NGOUENGOE,KM251_0010,MAKORANI,2033,64
KM,Comores,KM2,NGAZIDJA,KM25,MBADJINI OUEST,KM251,NGOUENGOE,KM251_0007,MANDZISSANI,2033,719
KM,Comores,KM2,NGAZIDJA,KM25,MBADJINI OUEST,KM251,NGOUENGOE,KM251_0003,MBOUDE YA MBOINI,2033,807
KM,Comores,KM2,NGAZIDJA,KM25,MBADJINI OUEST,KM251,NGOUENGOE,KM251_0002,MDJAMKAGNOI,2033,1304
KM,Comores,KM2,NGAZIDJA,KM25,MBADJINI OUEST,KM251,NGOUENGOE,KM251_0006,MINDRADOU,2033,634
KM,Comores,KM2,NGAZIDJA,KM25,MBADJINI OUEST,KM251,NGOUENGOE,KM251_0004,MLIMANI,2033,270
KM,Comores,KM2,NGAZIDJA,KM25,MBADJINI OUEST,KM251,NGOUENGOE,KM251_0005,PANDA,2033,1190
KM,Comores,KM2,NGAZIDJA,KM25,MBADJINI OUEST,KM251,NGOUENGOE,KM251_0008,TSINI MOICHONGO,2033,3189
KM,Comores,KM2,NGAZIDJA,KM25,MBADJINI OUEST,KM252,NIOUMAGAMA,KM252_0004,DIMA,2033,776
KM,Comores,KM2,NGAZIDJA,KM25,MBADJINI OUEST,KM252,NIOUMAGAMA,KM252_0007,DOMONI,2033,1111
KM,Comores,KM2,NGAZIDJA,KM25,MBADJINI OUEST,KM252,NIOUMAGAMA,KM252_0008,DZOIDJOU,2033,992
KM,Comores,KM2,NGAZIDJA,KM25,MBADJINI OUEST,KM252,NIOUMAGAMA,KM252_0009,FAMARE,2033,728
KM,Comores,KM2,NGAZIDJA,KM25,MBADJINI OUEST,KM252,NIOUMAGAMA,KM252_0002,IFOUNDIHE CHADJOU,2033,318
KM,Comores,KM2,NGAZIDJA,KM25,MBADJINI OUEST,KM252,NIOUMAGAMA,KM252_0003,IFOUNDIHE CHAMBOINI,2033,1489
KM,Comores,KM2,NGAZIDJA,KM25,MBADJINI OUEST,KM252,NIOUMAGAMA,KM252_0005,NKOURANI YA SIMA,2033,12218
KM,Comores,KM2,NGAZIDJA,KM25,MBADJINI OUEST,KM252,NIOUMAGAMA,KM252_0001,OUZIOINI,2033,3104
KM,Comores,KM2,NGAZIDJA,KM26,MBOUDE,KM265,NYUMAMRO KIBLANI,KM265_0002,CHAMLE,2033,2027
KM,Comores,KM2,NGAZIDJA,KM26,MBOUDE,KM265,NYUMAMRO KIBLANI,KM265_0001,DJOMANI,2033,4891
KM,Comores,KM2,NGAZIDJA,KM26,MBOUDE,KM265,NYUMAMRO KIBLANI,KM265_0007,DOUNIANI,2033,2695
KM,Comores,KM2,NGAZIDJA,KM26,MBOUDE,KM265,NYUMAMRO KIBLANI,KM265_0006,HELINDJE,2033,2633
KM,Comores,KM2,NGAZIDJA,KM26,MBOUDE,KM265,NYUMAMRO KIBLANI,KM265_0009,KOUA,2033,985
KM,Comores,KM2,NGAZIDJA,KM26,MBOUDE,KM265,NYUMAMRO KIBLANI,KM265_0004,MANDZA YA MBOUDE,2033,2352
KM,Comores,KM2,NGAZIDJA,KM26,MBOUDE,KM265,NYUMAMRO KIBLANI,KM265_0005,MDJOIEZI YA MBOUNDE,2033,1195
KM,Comores,KM2,NGAZIDJA,KM26,MBOUDE,KM265,NYUMAMRO KIBLANI,KM265_0003,VOUVOUNI YA MBOUNDE,2033,685
KM,Comores,KM2,NGAZIDJA,KM26,MBOUDE,KM266,NYUMAMRO SOUHEILI,KM266_0003,DJONGOE,2033,1280
KM,Comores,KM2,NGAZIDJA,KM26,MBOUDE,KM266,NYUMAMRO SOUHEILI,KM266_0007,DOMOIDJOU,2033,1325
KM,Comores,KM2,NGAZIDJA,KM26,MBOUDE,KM266,NYUMAMRO SOUHEILI,KM266_0008,DOMOIMBOINI,2033,638
KM,Comores,KM2,NGAZIDJA,KM26,MBOUDE,KM266,NYUMAMRO SOUHEILI,KM266_0002,IVEMBENI,2033,5695
KM,Comores,KM2,NGAZIDJA,KM26,MBOUDE,KM266,NYUMAMRO SOUHEILI,KM266_0004,MAOUENI YA MBOUDE,2033,1798
KM,Comores,KM2,NGAZIDJA,KM26,MBOUDE,KM266,NYUMAMRO SOUHEILI,KM266_0009,MOIDJA YA MBOUDE,2033,831
KM,Comores,KM2,NGAZIDJA,KM26,MBOUDE,KM266,NYUMAMRO SOUHEILI,KM266_0001,NTSAOUENI,2033,4680
KM,Comores,KM2,NGAZIDJA,KM26,MBOUDE,KM266,NYUMAMRO SOUHEILI,KM266_0006,NTSORALE YA MBOUDE,2033,974
KM,Comores,KM2,NGAZIDJA,KM26,MBOUDE,KM266,NYUMAMRO SOUHEILI,KM266_0005,SIMBOUSSA YA MBOUDE,2033,474
KM,Comores,KM2,NGAZIDJA,KM26,MITSAMIOULI,KM261,CEMBENOI LAC SALE,KM261_0001,BANGOIKOUNI,2033,3617
KM,Comores,KM2,NGAZIDJA,KM26,MITSAMIOULI,KM261,CEMBENOI LAC SALE,KM261_0002,BATSA YA MITSAMIHOULI,2033,1719
KM,Comores,KM2,NGAZIDJA,KM26,MITSAMIOULI,KM261,CEMBENOI LAC SALE,KM261_0004,IVOINI,2033,2311
KM,Comores,KM2,NGAZIDJA,KM26,MITSAMIOULI,KM261,CEMBENOI LAC SALE,KM261_0003,OUZIO,2033,3802
KM,Comores,KM2,NGAZIDJA,KM26,MITSAMIOULI,KM262,CEMBENOI SADA DJOULAMLIMA,KM265_0009,KOUA,2033,2174
KM,Comores,KM2,NGAZIDJA,KM26,MITSAMIOULI,KM262,CEMBENOI SADA DJOULAMLIMA,KM262_0004,OUELLAH YA MITSAMIHOULI,2033,6098
KM,Comores,KM2,NGAZIDJA,KM26,MITSAMIOULI,KM262,CEMBENOI SADA DJOULAMLIMA,KM262_0001,OUEMANI,2033,935
KM,Comores,KM2,NGAZIDJA,KM26,MITSAMIOULI,KM263,MITSAMIOULI,KM263_0003,FASSI,2033,555
KM,Comores,KM2,NGAZIDJA,KM26,MITSAMIOULI,KM263,MITSAMIOULI,KM263_0002,HADAWA,2033,826
KM,Comores,KM2,NGAZIDJA,KM26,MITSAMIOULI,KM263,MITSAMIOULI,KM263_0001,MEMBOI - BOINI,2033,1251
KM,Comores,KM2,NGAZIDJA,KM26,MITSAMIOULI,KM263,MITSAMIOULI,KM263_0004,MITSAMIHOULI,2033,7282
KM,Comores,KM2,NGAZIDJA,KM26,MITSAMIOULI,KM263,MITSAMIOULI,KM263_0006,NDZAOUZE,2033,3774
KM,Comores,KM2,NGAZIDJA,KM26,MITSAMIOULI,KM263,MITSAMIOULI,KM263_0005,NKOURANI YA MITSAMIHOULI,2033,459
KM,Comores,KM2,NGAZIDJA,KM26,MITSAMIOULI,KM264,NYUMA KOMO,KM264_0001,BANGOI MAFUSA NKOA,2033,956
KM,Comores,KM2,NGAZIDJA,KM26,MITSAMIOULI,KM264,NYUMA KOMO,KM264_0008,FOUNGA,2033,1330
KM,Comores,KM2,NGAZIDJA,KM26,MITSAMIOULI,KM264,NYUMA KOMO,KM264_0002,MEMBOI - DJOU,2033,2328
KM,Comores,KM2,NGAZIDJA,KM26,MITSAMIOULI,KM264,NYUMA KOMO,KM264_0007,NTSADJENI,2033,2437
KM,Comores,KM2,NGAZIDJA,KM26,MITSAMIOULI,KM264,NYUMA KOMO,KM264_0009,OUHOZI,2033,1739
KM,Comores,KM2,NGAZIDJA,KM26,MITSAMIOULI,KM264,NYUMA KOMO,KM264_0004,PIDJANI,2033,846
KM,Comores,KM2,NGAZIDJA,KM26,MITSAMIOULI,KM264,NYUMA KOMO,KM264_0005,SONGOMANI,2033,679
KM,Comores,KM2,NGAZIDJA,KM26,MITSAMIOULI,KM264,NYUMA KOMO,KM264_0006,TOIYFA,2033,682
KM,Comores,KM2,NGAZIDJA,KM27,MORONI BAMBAO,KM273,BAMBAO YA DJOU,KM273_0002,M'VOUNI,2033,7767
KM,Comores,KM2,NGAZIDJA,KM27,MORONI BAMBAO,KM273,BAMBAO YA DJOU,KM273_0003,MAVINGOUNI,2033,2551
KM,Comores,KM2,NGAZIDJA,KM27,MORONI BAMBAO,KM273,BAMBAO YA DJOU,KM273_0001,MKAZI,2033,9220
KM,Comores,KM2,NGAZIDJA,KM27,MORONI BAMBAO,KM271,BAMBAO YA HARI,KM271_0010,BOENI YA BAMBAO,2033,3013
KM,Comores,KM2,NGAZIDJA,KM27,MORONI BAMBAO,KM271,BAMBAO YA HARI,KM271_0007,DAOUENI,2033,549
KM,Comores,KM2,NGAZIDJA,KM27,MORONI BAMBAO,KM271,BAMBAO YA HARI,KM283_0003,DZAHANI,2033,979
KM,Comores,KM2,NGAZIDJA,KM27,MORONI BAMBAO,KM271,BAMBAO YA HARI,KM271_0002,M'DE,2033,9418
KM,Comores,KM2,NGAZIDJA,KM27,MORONI BAMBAO,KM271,BAMBAO YA HARI,KM271_0006,MBOUDADJOU,2033,1491
KM,Comores,KM2,NGAZIDJA,KM27,MORONI BAMBAO,KM271,BAMBAO YA HARI,KM271_0005,MOIDZAZA DJOUMBE,2033,669
KM,Comores,KM2,NGAZIDJA,KM27,MORONI BAMBAO,KM271,BAMBAO YA HARI,KM271_0004,NIOUMADZAHA,2033,4654
KM,Comores,KM2,NGAZIDJA,KM27,MORONI BAMBAO,KM271,BAMBAO YA HARI,KM271_0003,SELEA,2033,3088
KM,Comores,KM2,NGAZIDJA,KM27,MORONI BAMBAO,KM271,BAMBAO YA HARI,KM271_0001,VOUVOUNI,2033,6262
KM,Comores,KM2,NGAZIDJA,KM27,MORONI BAMBAO,KM272,BAMBAO YA MBOINI,KM272_0001,ICONI,2033,7907
KM,Comores,KM2,NGAZIDJA,KM27,MORONI BAMBAO,KM272,BAMBAO YA MBOINI,KM272_0002,MBACHILE,2033,2424
KM,Comores,KM2,NGAZIDJA,KM27,MORONI BAMBAO,KM272,BAMBAO YA MBOINI,KM272_0003,MOIDZAZA - MBOINI,2033,4098
KM,Comores,KM2,NGAZIDJA,KM27,MORONI BAMBAO,KM272,BAMBAO YA MBOINI,KM272_0004,NDROUANI,2033,1988
KM,Comores,KM2,NGAZIDJA,KM27,MORONI BAMBAO,KM272,BAMBAO YA MBOINI,KM272_0005,SEREHINI,2033,1073
KM,Comores,KM2,NGAZIDJA,KM27,MORONI BAMBAO,KM274,MORONI,KM274_0001,MORONI,2033,108130
KM,Comores,KM2,NGAZIDJA,KM28,OICHILI DIMANI,KM281,DIMANI,KM281_0002,FOUMBOU DZIVOUNI,2033,643
KM,Comores,KM2,NGAZIDJA,KM28,OICHILI DIMANI,KM281,DIMANI,KM281_0007,IDJINKOUNDZI,2033,3493
KM,Comores,KM2,NGAZIDJA,KM28,OICHILI DIMANI,KM281,DIMANI,KM281_0006,IDJOINDRADJA,2033,273
KM,Comores,KM2,NGAZIDJA,KM28,OICHILI DIMANI,KM281,DIMANI,KM281_0005,MADJOMA,2033,789
KM,Comores,KM2,NGAZIDJA,KM28,OICHILI DIMANI,KM281,DIMANI,KM281_0008,MAOUENI DIMANI,2033,2165
KM,Comores,KM2,NGAZIDJA,KM28,OICHILI DIMANI,KM281,DIMANI,KM281_0003,MBOUDE,2033,932
KM,Comores,KM2,NGAZIDJA,KM28,OICHILI DIMANI,KM281,DIMANI,KM281_0004,MIDJINDZE,2033,224
KM,Comores,KM2,NGAZIDJA,KM28,OICHILI DIMANI,KM281,DIMANI,KM281_0009,MIRERENI,2033,751
KM,Comores,KM2,NGAZIDJA,KM28,OICHILI DIMANI,KM281,DIMANI,KM281_0001,MTSANGADJOU,2033,1852
KM,Comores,KM2,NGAZIDJA,KM28,OICHILI DIMANI,KM281,DIMANI,KM281_0010,NTSORALE,2033,3537
KM,Comores,KM2,NGAZIDJA,KM28,OICHILI DIMANI,KM281,DIMANI,KM281_0012,REHEMANI,2033,579
KM,Comores,KM2,NGAZIDJA,KM28,OICHILI DIMANI,KM281,DIMANI,KM281_0011,SIDJOU,2033,1245
KM,Comores,KM2,NGAZIDJA,KM28,OICHILI DIMANI,KM283,OICHILI YABOINI,KM283_0003,DZAHANI,2033,956
KM,Comores,KM2,NGAZIDJA,KM28,OICHILI DIMANI,KM283,OICHILI YABOINI,KM283_0006,HAMBOU,2033,1436
KM,Comores,KM2,NGAZIDJA,KM28,OICHILI DIMANI,KM283,OICHILI YABOINI,KM283_0007,HASSENDJE,2033,422
KM,Comores,KM2,NGAZIDJA,KM28,OICHILI DIMANI,KM283,OICHILI YABOINI,KM283_0001,ITSINKOUDI,2033,3530
KM,Comores,KM2,NGAZIDJA,KM28,OICHILI DIMANI,KM283,OICHILI YABOINI,KM283_0004,KOUHANI,2033,690
KM,Comores,KM2,NGAZIDJA,KM28,OICHILI DIMANI,KM283,OICHILI YABOINI,KM283_0005,MTSAMDU,2033,1668
KM,Comores,KM2,NGAZIDJA,KM28,OICHILI DIMANI,KM282,OICHILI YADJOU,KM282_0003,BOENI YAWACHILI,2033,1248
KM,Comores,KM2,NGAZIDJA,KM28,OICHILI DIMANI,KM282,OICHILI YADJOU,KM282_0009,CHAMRO,2033,228
KM,Comores,KM2,NGAZIDJA,KM28,OICHILI DIMANI,KM282,OICHILI YADJOU,KM282_0007,CHOMONI,2033,1179
KM,Comores,KM2,NGAZIDJA,KM28,OICHILI DIMANI,KM282,OICHILI YADJOU,KM282_0004,DZAHADJOU YA WACHILI,2033,1507
KM,Comores,KM2,NGAZIDJA,KM28,OICHILI DIMANI,KM282,OICHILI YADJOU,KM282_0002,IROHE,2033,1371
KM,Comores,KM2,NGAZIDJA,KM28,OICHILI DIMANI,KM282,OICHILI YADJOU,KM282_0001,KOIMBANI YA WACHILI,2033,4228
KM,Comores,KM2,NGAZIDJA,KM28,OICHILI DIMANI,KM282,OICHILI YADJOU,KM282_0005,SADA,2033,514
KM,Comores,KM2,NGAZIDJA,KM28,OICHILI DIMANI,KM282,OICHILI YADJOU,KM282_0006,SADANI,2033,888
KM,Comores,KM2,NGAZIDJA,KM28,OICHILI DIMANI,KM282,OICHILI YADJOU,KM282_0008,SAMBA MADI,2033,155
KM,Comores,KM2,NGAZIDJA,KM28,OICHILI DIMANI,KM282,OICHILI YADJOU,KM282_0010,SIMA YA WACHILI,2033,1482
KM,Comores,KM3,MWALI,KM31,DJANDO,KM311,DJANDO,KM311_0006,HAGNAMOIDA,2034,1305
KM,Comores,KM3,MWALI,KM31,DJANDO,KM311,DJANDO,KM311_0008,HAMAVOUNA,2034,2118
KM,Comores,KM3,MWALI,KM31,DJANDO,KM311,DJANDO,KM311_0007,ITSAMIA,2034,647
KM,Comores,KM3,MWALI,KM31,DJANDO,KM311,DJANDO,KM121_0005,KANGANI,2034,2167
KM,Comores,KM3,MWALI,KM31,DJANDO,KM311,DJANDO,KM311_0003,MLANBANDA,2034,650
KM,Comores,KM3,MWALI,KM31,DJANDO,KM311,DJANDO,KM311_0002,WANANI,2034,5256
KM,Comores,KM3,MWALI,KM31,DJANDO,KM311,DJANDO,KM311_0001,ZIROUDANI,2034,2788
KM,Comores,KM3,MWALI,KM32,FOMBONI,KM321,FOMBONI,KM321_0001,FOMBONI,2034,27613
KM,Comores,KM3,MWALI,KM32,FOMBONI,KM322,MOILI MDJINI,KM322_0002,BANDAR SALAMA,2034,3853
KM,Comores,KM3,MWALI,KM32,FOMBONI,KM322,MOILI MDJINI,KM322_0003,DJOIEZI,2034,4698
KM,Comores,KM3,MWALI,KM32,FOMBONI,KM322,MOILI MDJINI,KM322_0001,MBOIGOMA,2034,3282
KM,Comores,KM3,MWALI,KM32,FOMBONI,KM323,MOINBASSA,KM252_0007,DOMONI,2034,412
KM,Comores,KM3,MWALI,KM32,FOMBONI,KM323,MOINBASSA,KM323_0002,HOANI,2034,3512
KM,Comores,KM3,MWALI,KM32,FOMBONI,KM323,MOINBASSA,KM323_0001,M'BATSE,2034,5870
KM,Comores,KM3,MWALI,KM33,NIOUMACHOUA,KM331,MLEDJELE,KM331_0001,MIREMANI,2034,460
KM,Comores,KM3,MWALI,KM33,NIOUMACHOUA,KM331,MLEDJELE,KM331_0004,NDREMEANI,2034,91
KM,Comores,KM3,MWALI,KM33,NIOUMACHOUA,KM331,MLEDJELE,KM331_0002,NDRONDRONI,2034,6771
KM,Comores,KM3,MWALI,KM33,NIOUMACHOUA,KM331,MLEDJELE,KM331_0003,NIOUMACHOUA,2034,5316
KM,Comores,KM3,MWALI,KM33,NIOUMACHOUA,KM332,MOIMBAO,KM143_0003,BARAKANI,2034,1501
KM,Comores,KM3,MWALI,KM33,NIOUMACHOUA,KM332,MOIMBAO,KM332_0001,HAMBA,2034,388
KM,Comores,KM3,MWALI,KM33,NIOUMACHOUA,KM332,MOIMBAO,KM332_0004,MIRINGONI,2034,1608
KM,Comores,KM3,MWALI,KM33,NIOUMACHOUA,KM332,MOIMBAO,KM332_0005,WALLAH 1,2034,712
KM,Comores,KM3,MWALI,KM33,NIOUMACHOUA,KM332,MOIMBAO,KM332_0006,WALLAH 2,2034,1333
KM,Comores,KM1,NDZUWANI,KM11,DOMONI,KM111,BAMBAO MSTANGA,KM111_0001,BAMBAO MTSANGA,2034,7709
KM,Comores,KM1,NDZUWANI,KM11,DOMONI,KM111,BAMBAO MSTANGA,KM111_0004,MAHALE,2034,5438
KM,Comores,KM1,NDZUWANI,KM11,DOMONI,KM111,BAMBAO MSTANGA,KM111_0002,MROMAJI,2034,4212
KM,Comores,KM1,NDZUWANI,KM11,DOMONI,KM111,BAMBAO MSTANGA,KM111_0003,ONGONI,2034,3612
KM,Comores,KM1,NDZUWANI,KM11,DOMONI,KM112,DOMONI,KM112_0004,BWELADUGU,2034,1133
KM,Comores,KM1,NDZUWANI,KM11,DOMONI,KM112,DOMONI,KM252_0007,DOMONI,2034,18929
KM,Comores,KM1,NDZUWANI,KM11,DOMONI,KM112,DOMONI,KM112_0003,LIMBI,2034,3958
KM,Comores,KM1,NDZUWANI,KM11,DOMONI,KM113,JIMLIME,KM113_0003,HAJOHO,2034,5729
KM,Comores,KM1,NDZUWANI,KM11,DOMONI,KM113,JIMLIME,KM113_0001,HAREMBO I,2034,882
KM,Comores,KM1,NDZUWANI,KM11,DOMONI,KM113,JIMLIME,KM113_0002,HAREMBO II,2034,1480
KM,Comores,KM1,NDZUWANI,KM11,DOMONI,KM113,JIMLIME,KM113_0004,JIMLIME,2034,9412
KM,Comores,KM1,NDZUWANI,KM11,DOMONI,KM114,KONI,KM114_0004,GEGE,2034,1691
KM,Comores,KM1,NDZUWANI,KM11,DOMONI,KM114,KONI,KM114_0003,HACHIPENDA,2034,2856
KM,Comores,KM1,NDZUWANI,KM11,DOMONI,KM114,KONI,KM114_0001,KONI DJODJO,2034,16540
KM,Comores,KM1,NDZUWANI,KM11,DOMONI,KM114,KONI,KM114_0002,KONI NGANI,2034,7929
KM,Comores,KM1,NDZUWANI,KM11,DOMONI,KM115,NGADZALE,KM115_0001,NGADZALE,2034,8442
KM,Comores,KM1,NDZUWANI,KM11,DOMONI,KM115,NGADZALE,KM115_0002,OUTSA,2034,1100
KM,Comores,KM1,NDZUWANI,KM11,DOMONI,KM115,NGADZALE,KM115_0005,OUZINI,2034,2667
KM,Comores,KM1,NDZUWANI,KM11,DOMONI,KM115,NGADZALE,KM153_0014,SALAMANI,2034,3227
KM,Comores,KM1,NDZUWANI,KM16,MOYA,KM151,MOYA,KM151_0002,KOWET,2034,3183
KM,Comores,KM1,NDZUWANI,KM16,MOYA,KM151,MOYA,KM151_0005,LINGONI,2034,7495
KM,Comores,KM1,NDZUWANI,KM16,MOYA,KM151,MOYA,KM151_0007,MAWENI,2034,1203
KM,Comores,KM1,NDZUWANI,KM16,MOYA,KM151,MOYA,KM151_0001,MOYA,2034,13761
KM,Comores,KM1,NDZUWANI,KM16,MOYA,KM151,MOYA,KM151_0004,NINDRI,2034,4658
KM,Comores,KM1,NDZUWANI,KM16,MOYA,KM151,MOYA,KM151_0003,POMONI,2034,6421
KM,Comores,KM1,NDZUWANI,KM12,MREMANI,KM121,ADDA,KM121_0001,ADDA DAWENI,2034,17525
KM,Comores,KM1,NDZUWANI,KM12,MREMANI,KM121,ADDA,KM121_0002,DJANZA,2034,1256
KM,Comores,KM1,NDZUWANI,KM12,MREMANI,KM121,ADDA,KM121_0005,KANGANI,2034,7409
KM,Comores,KM1,NDZUWANI,KM12,MREMANI,KM121,ADDA,KM121_0003,MAGNASSINI,2034,6536
KM,Comores,KM1,NDZUWANI,KM12,MREMANI,KM123,MRAMANI,KM123_0004,DZIANII,2034,2967
KM,Comores,KM1,NDZUWANI,KM12,MREMANI,KM123,MRAMANI,KM123_0002,HANTSAHII,2034,2241
KM,Comores,KM1,NDZUWANI,KM12,MREMANI,KM123,MRAMANI,KM123_0001,MRAMANI,2034,6211
KM,Comores,KM1,NDZUWANI,KM12,MREMANI,KM123,MRAMANI,KM123_0003,NYAMBOIMRO,2034,3150
KM,Comores,KM1,NDZUWANI,KM12,MREMANI,KM124,MREMANI,KM124_0002,BANDA KOUNI,2034,5615
KM,Comores,KM1,NDZUWANI,KM12,MREMANI,KM124,MREMANI,KM124_0004,DAJI,2034,4733
KM,Comores,KM1,NDZUWANI,KM12,MREMANI,KM124,MREMANI,KM124_0001,MREMANI,2034,8388
KM,Comores,KM1,NDZUWANI,KM12,MREMANI,KM124,MREMANI,KM124_0003,MRIDJOU,2034,5312
KM,Comores,KM1,NDZUWANI,KM12,MREMANI,KM125,ONGOJOU,KM125_0002,KIYO,2034,2506
KM,Comores,KM1,NDZUWANI,KM12,MREMANI,KM125,ONGOJOU,KM125_0003,KOMONI,2034,4059
KM,Comores,KM1,NDZUWANI,KM12,MREMANI,KM125,ONGOJOU,KM125_0004,MIRONDRONI,2034,617
KM,Comores,KM1,NDZUWANI,KM12,MREMANI,KM125,ONGOJOU,KM125_0001,ONGODJOU,2034,9637
KM,Comores,KM1,NDZUWANI,KM12,MREMANI,KM125,ONGOJOU,KM125_0005,TRINDRINI,2034,242
KM,Comores,KM1,NDZUWANI,KM12,MREMANI,KM122,SHAWENI,KM122_0002,HAMCHACO,2034,2948
KM,Comores,KM1,NDZUWANI,KM12,MREMANI,KM122,SHAWENI,KM122_0005,MNADZICHOUMWE,2034,1529
KM,Comores,KM1,NDZUWANI,KM12,MREMANI,KM122,SHAWENI,KM122_0004,NOUNGA,2034,661
KM,Comores,KM1,NDZUWANI,KM12,MREMANI,KM122,SHAWENI,KM122_0003,SADAPOINI,2034,4424
KM,Comores,KM1,NDZUWANI,KM12,MREMANI,KM122,SHAWENI,KM122_0001,SHAWENI,2034,1639
KM,Comores,KM1,NDZUWANI,KM13,MUTSAMUDU,KM131,BANDRANI YA CHIRONKAMBA,KM131_0002,ANKIBANI,2034,3292
KM,Comores,KM1,NDZUWANI,KM13,MUTSAMUDU,KM131,BANDRANI YA CHIRONKAMBA,KM131_0008,BANDRADJOU,2034,2798
KM,Comores,KM1,NDZUWANI,KM13,MUTSAMUDU,KM131,BANDRANI YA CHIRONKAMBA,KM131_0006,CHICONI 2,2034,208
KM,Comores,KM1,NDZUWANI,KM13,MUTSAMUDU,KM131,BANDRANI YA CHIRONKAMBA,KM131_0003,CHIRONKAMBA,2034,3045
KM,Comores,KM1,NDZUWANI,KM13,MUTSAMUDU,KM131,BANDRANI YA CHIRONKAMBA,KM151_0007,MAWENI,2034,1218
KM,Comores,KM1,NDZUWANI,KM13,MUTSAMUDU,KM131,BANDRANI YA CHIRONKAMBA,KM131_0001,MDJIMANDRA,2034,4125
KM,Comores,KM1,NDZUWANI,KM13,MUTSAMUDU,KM131,BANDRANI YA CHIRONKAMBA,KM131_0007,MPOUZINI,2034,95
KM,Comores,KM1,NDZUWANI,KM13,MUTSAMUDU,KM132,Commune BANDRANI YA MITSANGANI,KM132_0001,BANDRANI MTSANGANI,2034,2937
KM,Comores,KM1,NDZUWANI,KM13,MUTSAMUDU,KM132,Commune BANDRANI YA MITSANGANI,KM132_0002,CHITROUNI,2034,1903
KM,Comores,KM1,NDZUWANI,KM13,MUTSAMUDU,KM132,Commune BANDRANI YA MITSANGANI,KM132_0004,MDJAMAOUE,2034,2621
KM,Comores,KM1,NDZUWANI,KM13,MUTSAMUDU,KM132,Commune BANDRANI YA MITSANGANI,KM132_0003,SAANDANI,2034,3477
KM,Comores,KM1,NDZUWANI,KM13,MUTSAMUDU,KM133,MIRONTSI,KM133_0001,MIRONTSI,2034,18488
KM,Comores,KM1,NDZUWANI,KM13,MUTSAMUDU,KM134,MUTSAMUDU,KM134_0005,CHICONI1,2034,6
KM,Comores,KM1,NDZUWANI,KM13,MUTSAMUDU,KM134,MUTSAMUDU,KM134_0001,MUTSAMUDU,2034,40690
KM,Comores,KM1,NDZUWANI,KM13,MUTSAMUDU,KM134,MUTSAMUDU,KM134_0003,MWAMWA I,2034,2886
KM,Comores,KM1,NDZUWANI,KM13,MUTSAMUDU,KM134,MUTSAMUDU,KM134_0004,MWAMWA II,2034,1215
KM,Comores,KM1,NDZUWANI,KM13,MUTSAMUDU,KM134,MUTSAMUDU,KM134_0002,PAJE,2034,9071
KM,Comores,KM1,NDZUWANI,KM14,OUANI,KM141,BAMBAO MTROUNI,KM141_0003,CHANDRA,2034,7585
KM,Comores,KM1,NDZUWANI,KM14,OUANI,KM141,BAMBAO MTROUNI,KM141_0002,DINDRI,2034,15839
KM,Comores,KM1,NDZUWANI,KM14,OUANI,KM141,BAMBAO MTROUNI,KM141_0001,TSEMBEHOU,2034,19407
KM,Comores,KM1,NDZUWANI,KM14,OUANI,KM142,BAZIMINI,KM142_0001,BAZIMINI,2034,12696
KM,Comores,KM1,NDZUWANI,KM14,OUANI,KM142,BAZIMINI,KM142_0002,KOKI,2034,9645
KM,Comores,KM1,NDZUWANI,KM14,OUANI,KM142,BAZIMINI,KM142_0003,PATSY,2034,5885
KM,Comores,KM1,NDZUWANI,KM14,OUANI,KM143,OUANI,KM143_0003,BARAKANI,2034,10778
KM,Comores,KM1,NDZUWANI,KM14,OUANI,KM143,OUANI,KM143_0004,GNATRANGA,2034,5027
KM,Comores,KM1,NDZUWANI,KM14,OUANI,KM143,OUANI,KM143_0001,OUANI,2034,15555
KM,Comores,KM1,NDZUWANI,KM14,OUANI,KM143,OUANI,KM143_0005,TANAMBAO,2034,3217
KM,Comores,KM1,NDZUWANI,KM15,SIMA,KM152,SIMA,KM152_0003,BIMBINI,2034,2706
KM,Comores,KM1,NDZUWANI,KM15,SIMA,KM152,SIMA,KM152_0004,BOUNGOUENI,2034,5355
KM,Comores,KM1,NDZUWANI,KM15,SIMA,KM152,SIMA,KM152_0002,KAVANI,2034,3291
KM,Comores,KM1,NDZUWANI,KM15,SIMA,KM152,SIMA,KM234_0004,MILEMBENI,2034,1102
KM,Comores,KM1,NDZUWANI,KM15,SIMA,KM152,SIMA,KM152_0005,MIRONGANI,2034,2211
KM,Comores,KM1,NDZUWANI,KM15,SIMA,KM152,SIMA,KM232_0003,SIMA,2034,8995
KM,Comores,KM1,NDZUWANI,KM15,SIMA,KM153,VOUANI,KM153_0010,BANDRANI YA VOUANI,2034,2553
KM,Comores,KM1,NDZUWANI,KM15,SIMA,KM153,VOUANI,KM153_0011,CHIROVE,2034,400
KM,Comores,KM1,NDZUWANI,KM15,SIMA,KM153,VOUANI,KM153_0009,DAR SALAMA,2034,2036
KM,Comores,KM1,NDZUWANI,KM15,SIMA,KM153,VOUANI,KM153_0007,DZINDRI I,2034,3844
KM,Comores,KM1,NDZUWANI,KM15,SIMA,KM153,VOUANI,KM153_0003,HASSIMPAO,2034,2323
KM,Comores,KM1,NDZUWANI,KM15,SIMA,KM153,VOUANI,KM153_0006,IMERE,2034,679
KM,Comores,KM1,NDZUWANI,KM15,SIMA,KM153,VOUANI,KM153_0015,IMERE YA GAWANI,2034,1124
KM,Comores,KM1,NDZUWANI,KM15,SIMA,KM153,VOUANI,KM153_0002,MARAHARE,2034,2983
KM,Comores,KM1,NDZUWANI,KM15,SIMA,KM153,VOUANI,KM153_0012,MARONTRONI,2034,617
KM,Comores,KM1,NDZUWANI,KM15,SIMA,KM153,VOUANI,KM153_0001,MROMOUHOULI,2034,920
KM,Comores,KM1,NDZUWANI,KM15,SIMA,KM153,VOUANI,KM153_0014,SALAMANI,2034,617
KM,Comores,KM1,NDZUWANI,KM15,SIMA,KM153,VOUANI,KM153_0004,SHITSANGASHELI,2034,235
KM,Comores,KM1,NDZUWANI,KM15,SIMA,KM153,VOUANI,KM153_0005,VASSI,2034,1914
KM,Comores,KM1,NDZUWANI,KM15,SIMA,KM153,VOUANI,KM153_0008,VOUANI,2034,5147
KM,Comores,KM2,NGAZIDJA,KM21,HAMAHAMET MBOINKOU,KM211,MBOINKOU,KM211_0008,BANDAMADJI LA MBOIKOU,2034,1021
KM,Comores,KM2,NGAZIDJA,KM21,HAMAHAMET MBOINKOU,KM211,MBOINKOU,KM211_0004,CHEZANI,2034,3926
KM,Comores,KM2,NGAZIDJA,KM21,HAMAHAMET MBOINKOU,KM211,MBOINKOU,KM211_0007,HANTSINDZI,2034,3034
KM,Comores,KM2,NGAZIDJA,KM21,HAMAHAMET MBOINKOU,KM211,MBOINKOU,KM211_0001,MADJEOUENI,2034,2540
KM,Comores,KM2,NGAZIDJA,KM21,HAMAHAMET MBOINKOU,KM211,MBOINKOU,KM211_0005,NDROUDE,2034,2975
KM,Comores,KM2,NGAZIDJA,KM21,HAMAHAMET MBOINKOU,KM211,MBOINKOU,KM211_0006,NIOUMAMILIMA,2034,1927
KM,Comores,KM2,NGAZIDJA,KM21,HAMAHAMET MBOINKOU,KM211,MBOINKOU,KM211_0002,SADANI YA MBOIKOU,2034,891
KM,Comores,KM2,NGAZIDJA,KM21,HAMAHAMET MBOINKOU,KM211,MBOINKOU,KM211_0003,TRELEZINI,2034,789
KM,Comores,KM2,NGAZIDJA,KM21,HAMAHAMET MBOINKOU,KM212,NYUMA MRO,KM212_0005,BAMBADJANI,2034,1773
KM,Comores,KM2,NGAZIDJA,KM21,HAMAHAMET MBOINKOU,KM212,NYUMA MRO,KM212_0001,DIMADJOU YA HAMAHAMET,2034,3453
KM,Comores,KM2,NGAZIDJA,KM21,HAMAHAMET MBOINKOU,KM212,NYUMA MRO,KM212_0009,HADJAMBOU,2034,1828
KM,Comores,KM2,NGAZIDJA,KM21,HAMAHAMET MBOINKOU,KM212,NYUMA MRO,KM212_0007,ITSANDZENI,2034,2655
KM,Comores,KM2,NGAZIDJA,KM21,HAMAHAMET MBOINKOU,KM212,NYUMA MRO,KM212_0010,MBATSE YA HAMAHAMET,2034,332
KM,Comores,KM2,NGAZIDJA,KM21,HAMAHAMET MBOINKOU,KM212,NYUMA MRO,KM212_0003,MDJIHARI,2034,941
KM,Comores,KM2,NGAZIDJA,KM21,HAMAHAMET MBOINKOU,KM212,NYUMA MRO,KM212_0004,MOIDJA,2034,2932
KM,Comores,KM2,NGAZIDJA,KM21,HAMAHAMET MBOINKOU,KM212,NYUMA MRO,KM212_0006,NGOLE,2034,542
KM,Comores,KM2,NGAZIDJA,KM21,HAMAHAMET MBOINKOU,KM212,NYUMA MRO,KM212_0002,NYADOMBWENI,2034,1447
KM,Comores,KM2,NGAZIDJA,KM21,HAMAHAMET MBOINKOU,KM212,NYUMA MRO,KM212_0008,OUELLAH YA HAMAHAMET,2034,1008
KM,Comores,KM2,NGAZIDJA,KM21,HAMAHAMET MBOINKOU,KM213,NYUMA MSIRU,KM213_0008,BATOU,2034,983
KM,Comores,KM2,NGAZIDJA,KM21,HAMAHAMET MBOINKOU,KM213,NYUMA MSIRU,KM213_0006,BOUNI,2034,2053
KM,Comores,KM2,NGAZIDJA,KM21,HAMAHAMET MBOINKOU,KM213,NYUMA MSIRU,KM213_0007,HEROUMBILI,2034,2121
KM,Comores,KM2,NGAZIDJA,KM21,HAMAHAMET MBOINKOU,KM213,NYUMA MSIRU,KM213_0010,IFOUNDIHE YA HAMAHAMET,2034,1002
KM,Comores,KM2,NGAZIDJA,KM21,HAMAHAMET MBOINKOU,KM213,NYUMA MSIRU,KM213_0009,KOURANI YA HAMAHAMET,2034,191
KM,Comores,KM2,NGAZIDJA,KM21,HAMAHAMET MBOINKOU,KM213,NYUMA MSIRU,KM213_0001,MBENI,2034,7578
KM,Comores,KM2,NGAZIDJA,KM21,HAMAHAMET MBOINKOU,KM213,NYUMA MSIRU,KM213_0011,MNOUNGOU,2034,1804
KM,Comores,KM2,NGAZIDJA,KM21,HAMAHAMET MBOINKOU,KM213,NYUMA MSIRU,KM213_0004,SADA CHIHOUWE,2034,1154
KM,Comores,KM2,NGAZIDJA,KM21,HAMAHAMET MBOINKOU,KM213,NYUMA MSIRU,KM213_0005,SADA MHUWAMBOI,2034,293
KM,Comores,KM2,NGAZIDJA,KM21,HAMAHAMET MBOINKOU,KM213,NYUMA MSIRU,KM213_0003,SALIMANI YA HAMAHAMET,2034,910
KM,Comores,KM2,NGAZIDJA,KM21,HAMAHAMET MBOINKOU,KM213,NYUMA MSIRU,KM213_0002,SELEANI,2034,2053
KM,Comores,KM2,NGAZIDJA,KM22,HAMBOU,KM221,DJOUMOIPANGUA,KM221_0004,BAMBANI,2034,1840
KM,Comores,KM2,NGAZIDJA,KM22,HAMBOU,KM221,DJOUMOIPANGUA,KM221_0005,DZAHADJOU,2034,3134
KM,Comores,KM2,NGAZIDJA,KM22,HAMBOU,KM221,DJOUMOIPANGUA,KM221_0003,HETSA,2034,1234
KM,Comores,KM2,NGAZIDJA,KM22,HAMBOU,KM221,DJOUMOIPANGUA,KM221_0002,MDJOIEZI,2034,4455
KM,Comores,KM2,NGAZIDJA,KM22,HAMBOU,KM221,DJOUMOIPANGUA,KM221_0001,SINGANI,2034,3128
KM,Comores,KM2,NGAZIDJA,KM22,HAMBOU,KM222,TSINIMOIPANGUA,KM222_0005,BANGOI,2034,4182
KM,Comores,KM2,NGAZIDJA,KM22,HAMBOU,KM222,TSINIMOIPANGUA,KM222_0003,CHOUANI,2034,3829
KM,Comores,KM2,NGAZIDJA,KM22,HAMBOU,KM222,TSINIMOIPANGUA,KM222_0004,DJOUMOICHONGO,2034,2268
KM,Comores,KM2,NGAZIDJA,KM22,HAMBOU,KM222,TSINIMOIPANGUA,KM222_0001,MITSOUDJE,2034,5528
KM,Comores,KM2,NGAZIDJA,KM22,HAMBOU,KM222,TSINIMOIPANGUA,KM222_0006,NKOMIONI,2034,823
KM,Comores,KM2,NGAZIDJA,KM22,HAMBOU,KM222,TSINIMOIPANGUA,KM222_0007,SALIMANI,2034,2892
KM,Comores,KM2,NGAZIDJA,KM22,HAMBOU,KM222,TSINIMOIPANGUA,KM222_0002,TROUMBENI,2034,343
KM,Comores,KM2,NGAZIDJA,KM23,ITSANDRA HAMANVOU,KM231,BANGAANI,KM231_0007,BANDAMADJI LA ITSANDRA,2034,1354
KM,Comores,KM2,NGAZIDJA,KM23,ITSANDRA HAMANVOU,KM231,BANGAANI,KM231_0008,DIMADJOU YA ITSANDRA,2034,2098
KM,Comores,KM2,NGAZIDJA,KM23,ITSANDRA HAMANVOU,KM231,BANGAANI,KM231_0004,DZAHANI LA TSIDJE,2034,11673
KM,Comores,KM2,NGAZIDJA,KM23,ITSANDRA HAMANVOU,KM231,BANGAANI,KM231_0001,ITSANDRA MDJINI,2034,4837
KM,Comores,KM2,NGAZIDJA,KM23,ITSANDRA HAMANVOU,KM231,BANGAANI,KM231_0005,MAOUENI YA ITSANDRA,2034,1218
KM,Comores,KM2,NGAZIDJA,KM23,ITSANDRA HAMANVOU,KM231,BANGAANI,KM231_0006,MIRONTSI YA ITSANDRA,2034,647
KM,Comores,KM2,NGAZIDJA,KM23,ITSANDRA HAMANVOU,KM231,BANGAANI,KM231_0002,SALIMANI YA ITSANDRA,2034,4726
KM,Comores,KM2,NGAZIDJA,KM23,ITSANDRA HAMANVOU,KM231,BANGAANI,KM231_0003,SAMBA MBODONI,2034,2051
KM,Comores,KM2,NGAZIDJA,KM23,ITSANDRA HAMANVOU,KM232,DJOUMOICHONGO,KM232_0002,BAHANI,2034,2687
KM,Comores,KM2,NGAZIDJA,KM23,ITSANDRA HAMANVOU,KM232,DJOUMOICHONGO,KM232_0001,DZAHANI II,2034,2163
KM,Comores,KM2,NGAZIDJA,KM23,ITSANDRA HAMANVOU,KM232,DJOUMOICHONGO,KM232_0004,OUELLAH YA ITSANDRA,2034,1878
KM,Comores,KM2,NGAZIDJA,KM23,ITSANDRA HAMANVOU,KM232,DJOUMOICHONGO,KM232_0005,SAMBA KOUNI,2034,3025
KM,Comores,KM2,NGAZIDJA,KM23,ITSANDRA HAMANVOU,KM232,DJOUMOICHONGO,KM232_0003,SIMA,2034,1244
KM,Comores,KM2,NGAZIDJA,KM23,ITSANDRA HAMANVOU,KM233,HAMANVOU,KM233_0008,BIBAVOU,2034,1643
KM,Comores,KM2,NGAZIDJA,KM23,ITSANDRA HAMANVOU,KM233,HAMANVOU,KM233_0002,BOENINDI,2034,1141
KM,Comores,KM2,NGAZIDJA,KM23,ITSANDRA HAMANVOU,KM233,HAMANVOU,KM233_0007,DIBOINI,2034,2131
KM,Comores,KM2,NGAZIDJA,KM23,ITSANDRA HAMANVOU,KM233,HAMANVOU,KM233_0001,HAHAYA,2034,6781
KM,Comores,KM2,NGAZIDJA,KM23,ITSANDRA HAMANVOU,KM233,HAMANVOU,KM233_0004,MBALENI,2034,273
KM,Comores,KM2,NGAZIDJA,KM23,ITSANDRA HAMANVOU,KM233,HAMANVOU,KM233_0003,MBAMBANI YA HAMANVOU,2034,1030
KM,Comores,KM2,NGAZIDJA,KM23,ITSANDRA HAMANVOU,KM233,HAMANVOU,KM233_0006,MBANGANI,2034,2183
KM,Comores,KM2,NGAZIDJA,KM23,ITSANDRA HAMANVOU,KM233,HAMANVOU,KM233_0009,MILEVANI,2034,1818
KM,Comores,KM2,NGAZIDJA,KM23,ITSANDRA HAMANVOU,KM233,HAMANVOU,KM233_0005,OUSSIVO,2034,3377
KM,Comores,KM2,NGAZIDJA,KM23,ITSANDRA HAMANVOU,KM234,ISAHARI,KM234_0002,HANTSAMBOU,2034,2400
KM,Comores,KM2,NGAZIDJA,KM23,ITSANDRA HAMANVOU,KM234,ISAHARI,KM234_0004,MILEMBENI,2034,1463
KM,Comores,KM2,NGAZIDJA,KM23,ITSANDRA HAMANVOU,KM234,ISAHARI,KM234_0001,NTSOUDJINI,2034,6399
KM,Comores,KM2,NGAZIDJA,KM23,ITSANDRA HAMANVOU,KM234,ISAHARI,KM234_0005,ZIVANDANI,2034,1973
KM,Comores,KM2,NGAZIDJA,KM23,ITSANDRA HAMANVOU,KM235,MBADANI,KM235_0001,BATSA ITSANDRA,2034,3946
KM,Comores,KM2,NGAZIDJA,KM23,ITSANDRA HAMANVOU,KM235,MBADANI,KM235_0005,DZAHADJOU LA ITSANDRA,2034,2092
KM,Comores,KM2,NGAZIDJA,KM23,ITSANDRA HAMANVOU,KM235,MBADANI,KM235_0004,MHANDANI,2034,811
KM,Comores,KM2,NGAZIDJA,KM23,ITSANDRA HAMANVOU,KM235,MBADANI,KM235_0003,VANADJOU,2034,1422
KM,Comores,KM2,NGAZIDJA,KM23,ITSANDRA HAMANVOU,KM235,MBADANI,KM235_0002,VANAMBOINI,2034,3086
KM,Comores,KM2,NGAZIDJA,KM23,ITSANDRA HAMANVOU,KM235,MBADANI,KM235_0006,VOUNA MBADANI,2034,1159
KM,Comores,KM2,NGAZIDJA,KM24,MBADJINI EST,KM241,DOMBA,KM241_0002,BANDADAOUENI,2034,2224
KM,Comores,KM2,NGAZIDJA,KM24,MBADJINI EST,KM241,DOMBA,KM241_0001,BANDAMADJI LADOMBA,2034,1568
KM,Comores,KM2,NGAZIDJA,KM24,MBADJINI EST,KM241,DOMBA,KM241_0004,OUNGONI,2034,1479
KM,Comores,KM2,NGAZIDJA,KM24,MBADJINI EST,KM241,DOMBA,KM264_0004,PIDJANI,2034,3195
KM,Comores,KM2,NGAZIDJA,KM24,MBADJINI EST,KM241,DOMBA,KM241_0003,TSINIMOIPANGA,2034,3597
KM,Comores,KM2,NGAZIDJA,KM24,MBADJINI EST,KM242,ITSAHIDI,KM242_0007,CHINDINI,2034,2533
KM,Comores,KM2,NGAZIDJA,KM24,MBADJINI EST,KM242,ITSAHIDI,KM242_0009,DZAHADJOU LA MBADJINI,2034,1646
KM,Comores,KM2,NGAZIDJA,KM24,MBADJINI EST,KM242,ITSAHIDI,KM242_0001,FOUMBOUNI,2034,3770
KM,Comores,KM2,NGAZIDJA,KM24,MBADJINI EST,KM242,ITSAHIDI,KM242_0002,KOIMBANI LA MBADJINI,2034,653
KM,Comores,KM2,NGAZIDJA,KM24,MBADJINI EST,KM242,ITSAHIDI,KM242_0003,MALE,2034,3352
KM,Comores,KM2,NGAZIDJA,KM24,MBADJINI EST,KM242,ITSAHIDI,KM242_0004,MIDJENDJENI,2034,609
KM,Comores,KM2,NGAZIDJA,KM24,MBADJINI EST,KM242,ITSAHIDI,KM242_0010,MOHORO,2034,3167
KM,Comores,KM2,NGAZIDJA,KM24,MBADJINI EST,KM242,ITSAHIDI,KM242_0006,NDZOUANI,2034,300
KM,Comores,KM2,NGAZIDJA,KM24,MBADJINI EST,KM242,ITSAHIDI,KM242_0011,NGNOUMADZHA MVOUBARI,2034,3007
KM,Comores,KM2,NGAZIDJA,KM24,MBADJINI EST,KM242,ITSAHIDI,KM242_0005,OUROVENI,2034,2088
KM,Comores,KM2,NGAZIDJA,KM24,MBADJINI EST,KM242,ITSAHIDI,KM242_0008,SIMAMBOINI,2034,1376
KM,Comores,KM2,NGAZIDJA,KM24,MBADJINI EST,KM243,PIMBA,KM243_0004,BANDAMADJI LA KOUBOINI,2034,1122
KM,Comores,KM2,NGAZIDJA,KM24,MBADJINI EST,KM243,PIMBA,KM243_0005,DARISSALAMA,2034,767
KM,Comores,KM2,NGAZIDJA,KM24,MBADJINI EST,KM243,PIMBA,KM243_0009,DIDJONI,2034,869
KM,Comores,KM2,NGAZIDJA,KM24,MBADJINI EST,KM243,PIMBA,KM243_0002,INANI,2034,1295
KM,Comores,KM2,NGAZIDJA,KM24,MBADJINI EST,KM243,PIMBA,KM243_0010,KOVE,2034,1256
KM,Comores,KM2,NGAZIDJA,KM24,MBADJINI EST,KM243,PIMBA,KM243_0006,MLALOI NKOUDJOU,2034,1566
KM,Comores,KM2,NGAZIDJA,KM24,MBADJINI EST,KM243,PIMBA,KM243_0003,NGNAMBENI,2034,2562
KM,Comores,KM2,NGAZIDJA,KM24,MBADJINI EST,KM243,PIMBA,KM243_0007,NGNOUMA MILIMA,2034,4395
KM,Comores,KM2,NGAZIDJA,KM24,MBADJINI EST,KM243,PIMBA,KM243_0008,NKOURANI MKANGA,2034,927
KM,Comores,KM2,NGAZIDJA,KM24,MBADJINI EST,KM243,PIMBA,KM243_0001,SIMBOUSSA YA MBADJINI,2034,2861
KM,Comores,KM2,NGAZIDJA,KM25,MBADJINI OUEST,KM251,NGOUENGOE,KM251_0001,DEMBENI,2034,3165
KM,Comores,KM2,NGAZIDJA,KM25,MBADJINI OUEST,KM251,NGOUENGOE,KM251_0011,ITSOUDZOU,2034,332
KM,Comores,KM2,NGAZIDJA,KM25,MBADJINI OUEST,KM251,NGOUENGOE,KM251_0009,KANDZILE,2034,1795
KM,Comores,KM2,NGAZIDJA,KM25,MBADJINI OUEST,KM251,NGOUENGOE,KM251_0010,MAKORANI,2034,65
KM,Comores,KM2,NGAZIDJA,KM25,MBADJINI OUEST,KM251,NGOUENGOE,KM251_0007,MANDZISSANI,2034,736
KM,Comores,KM2,NGAZIDJA,KM25,MBADJINI OUEST,KM251,NGOUENGOE,KM251_0003,MBOUDE YA MBOINI,2034,826
KM,Comores,KM2,NGAZIDJA,KM25,MBADJINI OUEST,KM251,NGOUENGOE,KM251_0002,MDJAMKAGNOI,2034,1334
KM,Comores,KM2,NGAZIDJA,KM25,MBADJINI OUEST,KM251,NGOUENGOE,KM251_0006,MINDRADOU,2034,649
KM,Comores,KM2,NGAZIDJA,KM25,MBADJINI OUEST,KM251,NGOUENGOE,KM251_0004,MLIMANI,2034,276
KM,Comores,KM2,NGAZIDJA,KM25,MBADJINI OUEST,KM251,NGOUENGOE,KM251_0005,PANDA,2034,1218
KM,Comores,KM2,NGAZIDJA,KM25,MBADJINI OUEST,KM251,NGOUENGOE,KM251_0008,TSINI MOICHONGO,2034,3263
KM,Comores,KM2,NGAZIDJA,KM25,MBADJINI OUEST,KM252,NIOUMAGAMA,KM252_0004,DIMA,2034,794
KM,Comores,KM2,NGAZIDJA,KM25,MBADJINI OUEST,KM252,NIOUMAGAMA,KM252_0007,DOMONI,2034,1136
KM,Comores,KM2,NGAZIDJA,KM25,MBADJINI OUEST,KM252,NIOUMAGAMA,KM252_0008,DZOIDJOU,2034,1015
KM,Comores,KM2,NGAZIDJA,KM25,MBADJINI OUEST,KM252,NIOUMAGAMA,KM252_0009,FAMARE,2034,745
KM,Comores,KM2,NGAZIDJA,KM25,MBADJINI OUEST,KM252,NIOUMAGAMA,KM252_0002,IFOUNDIHE CHADJOU,2034,325
KM,Comores,KM2,NGAZIDJA,KM25,MBADJINI OUEST,KM252,NIOUMAGAMA,KM252_0003,IFOUNDIHE CHAMBOINI,2034,1524
KM,Comores,KM2,NGAZIDJA,KM25,MBADJINI OUEST,KM252,NIOUMAGAMA,KM252_0005,NKOURANI YA SIMA,2034,12500
KM,Comores,KM2,NGAZIDJA,KM25,MBADJINI OUEST,KM252,NIOUMAGAMA,KM252_0001,OUZIOINI,2034,3176
KM,Comores,KM2,NGAZIDJA,KM26,MBOUDE,KM265,NYUMAMRO KIBLANI,KM265_0002,CHAMLE,2034,2073
KM,Comores,KM2,NGAZIDJA,KM26,MBOUDE,KM265,NYUMAMRO KIBLANI,KM265_0001,DJOMANI,2034,5004
KM,Comores,KM2,NGAZIDJA,KM26,MBOUDE,KM265,NYUMAMRO KIBLANI,KM265_0007,DOUNIANI,2034,2757
KM,Comores,KM2,NGAZIDJA,KM26,MBOUDE,KM265,NYUMAMRO KIBLANI,KM265_0006,HELINDJE,2034,2694
KM,Comores,KM2,NGAZIDJA,KM26,MBOUDE,KM265,NYUMAMRO KIBLANI,KM265_0009,KOUA,2034,1008
KM,Comores,KM2,NGAZIDJA,KM26,MBOUDE,KM265,NYUMAMRO KIBLANI,KM265_0004,MANDZA YA MBOUDE,2034,2406
KM,Comores,KM2,NGAZIDJA,KM26,MBOUDE,KM265,NYUMAMRO KIBLANI,KM265_0005,MDJOIEZI YA MBOUNDE,2034,1222
KM,Comores,KM2,NGAZIDJA,KM26,MBOUDE,KM265,NYUMAMRO KIBLANI,KM265_0003,VOUVOUNI YA MBOUNDE,2034,700
KM,Comores,KM2,NGAZIDJA,KM26,MBOUDE,KM266,NYUMAMRO SOUHEILI,KM266_0003,DJONGOE,2034,1309
KM,Comores,KM2,NGAZIDJA,KM26,MBOUDE,KM266,NYUMAMRO SOUHEILI,KM266_0007,DOMOIDJOU,2034,1355
KM,Comores,KM2,NGAZIDJA,KM26,MBOUDE,KM266,NYUMAMRO SOUHEILI,KM266_0008,DOMOIMBOINI,2034,653
KM,Comores,KM2,NGAZIDJA,KM26,MBOUDE,KM266,NYUMAMRO SOUHEILI,KM266_0002,IVEMBENI,2034,5827
KM,Comores,KM2,NGAZIDJA,KM26,MBOUDE,KM266,NYUMAMRO SOUHEILI,KM266_0004,MAOUENI YA MBOUDE,2034,1840
KM,Comores,KM2,NGAZIDJA,KM26,MBOUDE,KM266,NYUMAMRO SOUHEILI,KM266_0009,MOIDJA YA MBOUDE,2034,850
KM,Comores,KM2,NGAZIDJA,KM26,MBOUDE,KM266,NYUMAMRO SOUHEILI,KM266_0001,NTSAOUENI,2034,4788
KM,Comores,KM2,NGAZIDJA,KM26,MBOUDE,KM266,NYUMAMRO SOUHEILI,KM266_0006,NTSORALE YA MBOUDE,2034,996
KM,Comores,KM2,NGAZIDJA,KM26,MBOUDE,KM266,NYUMAMRO SOUHEILI,KM266_0005,SIMBOUSSA YA MBOUDE,2034,485
KM,Comores,KM2,NGAZIDJA,KM26,MITSAMIOULI,KM261,CEMBENOI LAC SALE,KM261_0001,BANGOIKOUNI,2034,3700
KM,Comores,KM2,NGAZIDJA,KM26,MITSAMIOULI,KM261,CEMBENOI LAC SALE,KM261_0002,BATSA YA MITSAMIHOULI,2034,1759
KM,Comores,KM2,NGAZIDJA,KM26,MITSAMIOULI,KM261,CEMBENOI LAC SALE,KM261_0004,IVOINI,2034,2364
KM,Comores,KM2,NGAZIDJA,KM26,MITSAMIOULI,KM261,CEMBENOI LAC SALE,KM261_0003,OUZIO,2034,3889
KM,Comores,KM2,NGAZIDJA,KM26,MITSAMIOULI,KM262,CEMBENOI SADA DJOULAMLIMA,KM265_0009,KOUA,2034,2224
KM,Comores,KM2,NGAZIDJA,KM26,MITSAMIOULI,KM262,CEMBENOI SADA DJOULAMLIMA,KM262_0004,OUELLAH YA MITSAMIHOULI,2034,6239
KM,Comores,KM2,NGAZIDJA,KM26,MITSAMIOULI,KM262,CEMBENOI SADA DJOULAMLIMA,KM262_0001,OUEMANI,2034,956
KM,Comores,KM2,NGAZIDJA,KM26,MITSAMIOULI,KM263,MITSAMIOULI,KM263_0003,FASSI,2034,569
KM,Comores,KM2,NGAZIDJA,KM26,MITSAMIOULI,KM263,MITSAMIOULI,KM263_0002,HADAWA,2034,845
KM,Comores,KM2,NGAZIDJA,KM26,MITSAMIOULI,KM263,MITSAMIOULI,KM263_0001,MEMBOI - BOINI,2034,1279
KM,Comores,KM2,NGAZIDJA,KM26,MITSAMIOULI,KM263,MITSAMIOULI,KM263_0004,MITSAMIHOULI,2034,7449
KM,Comores,KM2,NGAZIDJA,KM26,MITSAMIOULI,KM263,MITSAMIOULI,KM263_0006,NDZAOUZE,2034,3863
KM,Comores,KM2,NGAZIDJA,KM26,MITSAMIOULI,KM263,MITSAMIOULI,KM263_0005,NKOURANI YA MITSAMIHOULI,2034,471
KM,Comores,KM2,NGAZIDJA,KM26,MITSAMIOULI,KM264,NYUMA KOMO,KM264_0001,BANGOI MAFUSA NKOA,2034,978
KM,Comores,KM2,NGAZIDJA,KM26,MITSAMIOULI,KM264,NYUMA KOMO,KM264_0008,FOUNGA,2034,1361
KM,Comores,KM2,NGAZIDJA,KM26,MITSAMIOULI,KM264,NYUMA KOMO,KM264_0002,MEMBOI - DJOU,2034,2382
KM,Comores,KM2,NGAZIDJA,KM26,MITSAMIOULI,KM264,NYUMA KOMO,KM264_0007,NTSADJENI,2034,2493
KM,Comores,KM2,NGAZIDJA,KM26,MITSAMIOULI,KM264,NYUMA KOMO,KM264_0009,OUHOZI,2034,1779
KM,Comores,KM2,NGAZIDJA,KM26,MITSAMIOULI,KM264,NYUMA KOMO,KM264_0004,PIDJANI,2034,866
KM,Comores,KM2,NGAZIDJA,KM26,MITSAMIOULI,KM264,NYUMA KOMO,KM264_0005,SONGOMANI,2034,695
KM,Comores,KM2,NGAZIDJA,KM26,MITSAMIOULI,KM264,NYUMA KOMO,KM264_0006,TOIYFA,2034,697
KM,Comores,KM2,NGAZIDJA,KM27,MORONI BAMBAO,KM273,BAMBAO YA DJOU,KM273_0002,M'VOUNI,2034,7946
KM,Comores,KM2,NGAZIDJA,KM27,MORONI BAMBAO,KM273,BAMBAO YA DJOU,KM273_0003,MAVINGOUNI,2034,2610
KM,Comores,KM2,NGAZIDJA,KM27,MORONI BAMBAO,KM273,BAMBAO YA DJOU,KM273_0001,MKAZI,2034,9432
KM,Comores,KM2,NGAZIDJA,KM27,MORONI BAMBAO,KM271,BAMBAO YA HARI,KM271_0010,BOENI YA BAMBAO,2034,3083
KM,Comores,KM2,NGAZIDJA,KM27,MORONI BAMBAO,KM271,BAMBAO YA HARI,KM271_0007,DAOUENI,2034,562
KM,Comores,KM2,NGAZIDJA,KM27,MORONI BAMBAO,KM271,BAMBAO YA HARI,KM283_0003,DZAHANI,2034,1002
KM,Comores,KM2,NGAZIDJA,KM27,MORONI BAMBAO,KM271,BAMBAO YA HARI,KM271_0002,M'DE,2034,9635
KM,Comores,KM2,NGAZIDJA,KM27,MORONI BAMBAO,KM271,BAMBAO YA HARI,KM271_0006,MBOUDADJOU,2034,1525
KM,Comores,KM2,NGAZIDJA,KM27,MORONI BAMBAO,KM271,BAMBAO YA HARI,KM271_0005,MOIDZAZA DJOUMBE,2034,684
KM,Comores,KM2,NGAZIDJA,KM27,MORONI BAMBAO,KM271,BAMBAO YA HARI,KM271_0004,NIOUMADZAHA,2034,4761
KM,Comores,KM2,NGAZIDJA,KM27,MORONI BAMBAO,KM271,BAMBAO YA HARI,KM271_0003,SELEA,2034,3159
KM,Comores,KM2,NGAZIDJA,KM27,MORONI BAMBAO,KM271,BAMBAO YA HARI,KM271_0001,VOUVOUNI,2034,6406
KM,Comores,KM2,NGAZIDJA,KM27,MORONI BAMBAO,KM272,BAMBAO YA MBOINI,KM272_0001,ICONI,2034,8089
KM,Comores,KM2,NGAZIDJA,KM27,MORONI BAMBAO,KM272,BAMBAO YA MBOINI,KM272_0002,MBACHILE,2034,2480
KM,Comores,KM2,NGAZIDJA,KM27,MORONI BAMBAO,KM272,BAMBAO YA MBOINI,KM272_0003,MOIDZAZA - MBOINI,2034,4192
KM,Comores,KM2,NGAZIDJA,KM27,MORONI BAMBAO,KM272,BAMBAO YA MBOINI,KM272_0004,NDROUANI,2034,2033
KM,Comores,KM2,NGAZIDJA,KM27,MORONI BAMBAO,KM272,BAMBAO YA MBOINI,KM272_0005,SEREHINI,2034,1098
KM,Comores,KM2,NGAZIDJA,KM27,MORONI BAMBAO,KM274,MORONI,KM274_0001,MORONI,2034,110624
KM,Comores,KM2,NGAZIDJA,KM28,OICHILI DIMANI,KM281,DIMANI,KM281_0002,FOUMBOU DZIVOUNI,2034,658
KM,Comores,KM2,NGAZIDJA,KM28,OICHILI DIMANI,KM281,DIMANI,KM281_0007,IDJINKOUNDZI,2034,3573
KM,Comores,KM2,NGAZIDJA,KM28,OICHILI DIMANI,KM281,DIMANI,KM281_0006,IDJOINDRADJA,2034,279
KM,Comores,KM2,NGAZIDJA,KM28,OICHILI DIMANI,KM281,DIMANI,KM281_0005,MADJOMA,2034,807
KM,Comores,KM2,NGAZIDJA,KM28,OICHILI DIMANI,KM281,DIMANI,KM281_0008,MAOUENI DIMANI,2034,2215
KM,Comores,KM2,NGAZIDJA,KM28,OICHILI DIMANI,KM281,DIMANI,KM281_0003,MBOUDE,2034,953
KM,Comores,KM2,NGAZIDJA,KM28,OICHILI DIMANI,KM281,DIMANI,KM281_0004,MIDJINDZE,2034,229
KM,Comores,KM2,NGAZIDJA,KM28,OICHILI DIMANI,KM281,DIMANI,KM281_0009,MIRERENI,2034,768
KM,Comores,KM2,NGAZIDJA,KM28,OICHILI DIMANI,KM281,DIMANI,KM281_0001,MTSANGADJOU,2034,1894
KM,Comores,KM2,NGAZIDJA,KM28,OICHILI DIMANI,KM281,DIMANI,KM281_0010,NTSORALE,2034,3619
KM,Comores,KM2,NGAZIDJA,KM28,OICHILI DIMANI,KM281,DIMANI,KM281_0012,REHEMANI,2034,593
KM,Comores,KM2,NGAZIDJA,KM28,OICHILI DIMANI,KM281,DIMANI,KM281_0011,SIDJOU,2034,1274
KM,Comores,KM2,NGAZIDJA,KM28,OICHILI DIMANI,KM283,OICHILI YABOINI,KM283_0003,DZAHANI,2034,978
KM,Comores,KM2,NGAZIDJA,KM28,OICHILI DIMANI,KM283,OICHILI YABOINI,KM283_0006,HAMBOU,2034,1469
KM,Comores,KM2,NGAZIDJA,KM28,OICHILI DIMANI,KM283,OICHILI YABOINI,KM283_0007,HASSENDJE,2034,432
KM,Comores,KM2,NGAZIDJA,KM28,OICHILI DIMANI,KM283,OICHILI YABOINI,KM283_0001,ITSINKOUDI,2034,3612
KM,Comores,KM2,NGAZIDJA,KM28,OICHILI DIMANI,KM283,OICHILI YABOINI,KM283_0004,KOUHANI,2034,706
KM,Comores,KM2,NGAZIDJA,KM28,OICHILI DIMANI,KM283,OICHILI YABOINI,KM283_0005,MTSAMDU,2034,1707
KM,Comores,KM2,NGAZIDJA,KM28,OICHILI DIMANI,KM282,OICHILI YADJOU,KM282_0003,BOENI YAWACHILI,2034,1277
KM,Comores,KM2,NGAZIDJA,KM28,OICHILI DIMANI,KM282,OICHILI YADJOU,KM282_0009,CHAMRO,2034,233
KM,Comores,KM2,NGAZIDJA,KM28,OICHILI DIMANI,KM282,OICHILI YADJOU,KM282_0007,CHOMONI,2034,1206
KM,Comores,KM2,NGAZIDJA,KM28,OICHILI DIMANI,KM282,OICHILI YADJOU,KM282_0004,DZAHADJOU YA WACHILI,2034,1541
KM,Comores,KM2,NGAZIDJA,KM28,OICHILI DIMANI,KM282,OICHILI YADJOU,KM282_0002,IROHE,2034,1402
KM,Comores,KM2,NGAZIDJA,KM28,OICHILI DIMANI,KM282,OICHILI YADJOU,KM282_0001,KOIMBANI YA WACHILI,2034,4325
KM,Comores,KM2,NGAZIDJA,KM28,OICHILI DIMANI,KM282,OICHILI YADJOU,KM282_0005,SADA,2034,526
KM,Comores,KM2,NGAZIDJA,KM28,OICHILI DIMANI,KM282,OICHILI YADJOU,KM282_0006,SADANI,2034,909
KM,Comores,KM2,NGAZIDJA,KM28,OICHILI DIMANI,KM282,OICHILI YADJOU,KM282_0008,SAMBA MADI,2034,158
KM,Comores,KM2,NGAZIDJA,KM28,OICHILI DIMANI,KM282,OICHILI YADJOU,KM282_0010,SIMA YA WACHILI,2034,1516
KM,Comores,KM3,MWALI,KM31,DJANDO,KM311,DJANDO,KM311_0006,HAGNAMOIDA,2035,1332
KM,Comores,KM3,MWALI,KM31,DJANDO,KM311,DJANDO,KM311_0008,HAMAVOUNA,2035,2163
KM,Comores,KM3,MWALI,KM31,DJANDO,KM311,DJANDO,KM311_0007,ITSAMIA,2035,660
KM,Comores,KM3,MWALI,KM31,DJANDO,KM311,DJANDO,KM121_0005,KANGANI,2035,2213
KM,Comores,KM3,MWALI,KM31,DJANDO,KM311,DJANDO,KM311_0003,MLANBANDA,2035,664
KM,Comores,KM3,MWALI,KM31,DJANDO,KM311,DJANDO,KM311_0002,WANANI,2035,5367
KM,Comores,KM3,MWALI,KM31,DJANDO,KM311,DJANDO,KM311_0001,ZIROUDANI,2035,2847
KM,Comores,KM3,MWALI,KM32,FOMBONI,KM321,FOMBONI,KM321_0001,FOMBONI,2035,28199
KM,Comores,KM3,MWALI,KM32,FOMBONI,KM322,MOILI MDJINI,KM322_0002,BANDAR SALAMA,2035,3935
KM,Comores,KM3,MWALI,KM32,FOMBONI,KM322,MOILI MDJINI,KM322_0003,DJOIEZI,2035,4798
KM,Comores,KM3,MWALI,KM32,FOMBONI,KM322,MOILI MDJINI,KM322_0001,MBOIGOMA,2035,3351
KM,Comores,KM3,MWALI,KM32,FOMBONI,KM323,MOINBASSA,KM252_0007,DOMONI,2035,421
KM,Comores,KM3,MWALI,KM32,FOMBONI,KM323,MOINBASSA,KM323_0002,HOANI,2035,3586
KM,Comores,KM3,MWALI,KM32,FOMBONI,KM323,MOINBASSA,KM323_0001,M'BATSE,2035,5995
KM,Comores,KM3,MWALI,KM33,NIOUMACHOUA,KM331,MLEDJELE,KM331_0001,MIREMANI,2035,470
KM,Comores,KM3,MWALI,KM33,NIOUMACHOUA,KM331,MLEDJELE,KM331_0004,NDREMEANI,2035,93
KM,Comores,KM3,MWALI,KM33,NIOUMACHOUA,KM331,MLEDJELE,KM331_0002,NDRONDRONI,2035,6915
KM,Comores,KM3,MWALI,KM33,NIOUMACHOUA,KM331,MLEDJELE,KM331_0003,NIOUMACHOUA,2035,5429
KM,Comores,KM3,MWALI,KM33,NIOUMACHOUA,KM332,MOIMBAO,KM143_0003,BARAKANI,2035,1533
KM,Comores,KM3,MWALI,KM33,NIOUMACHOUA,KM332,MOIMBAO,KM332_0001,HAMBA,2035,396
KM,Comores,KM3,MWALI,KM33,NIOUMACHOUA,KM332,MOIMBAO,KM332_0004,MIRINGONI,2035,1642
KM,Comores,KM3,MWALI,KM33,NIOUMACHOUA,KM332,MOIMBAO,KM332_0005,WALLAH 1,2035,727
KM,Comores,KM3,MWALI,KM33,NIOUMACHOUA,KM332,MOIMBAO,KM332_0006,WALLAH 2,2035,1362
KM,Comores,KM1,NDZUWANI,KM11,DOMONI,KM111,BAMBAO MSTANGA,KM111_0001,BAMBAO MTSANGA,2035,7892
KM,Comores,KM1,NDZUWANI,KM11,DOMONI,KM111,BAMBAO MSTANGA,KM111_0004,MAHALE,2035,5560
KM,Comores,KM1,NDZUWANI,KM11,DOMONI,KM111,BAMBAO MSTANGA,KM111_0002,MROMAJI,2035,4307
KM,Comores,KM1,NDZUWANI,KM11,DOMONI,KM111,BAMBAO MSTANGA,KM111_0003,ONGONI,2035,3693
KM,Comores,KM1,NDZUWANI,KM11,DOMONI,KM112,DOMONI,KM112_0004,BWELADUGU,2035,1159
KM,Comores,KM1,NDZUWANI,KM11,DOMONI,KM112,DOMONI,KM252_0007,DOMONI,2035,19358
KM,Comores,KM1,NDZUWANI,KM11,DOMONI,KM112,DOMONI,KM112_0003,LIMBI,2035,4046
KM,Comores,KM1,NDZUWANI,KM11,DOMONI,KM113,JIMLIME,KM113_0003,HAJOHO,2035,5857
KM,Comores,KM1,NDZUWANI,KM11,DOMONI,KM113,JIMLIME,KM113_0001,HAREMBO I,2035,902
KM,Comores,KM1,NDZUWANI,KM11,DOMONI,KM113,JIMLIME,KM113_0002,HAREMBO II,2035,1514
KM,Comores,KM1,NDZUWANI,KM11,DOMONI,KM113,JIMLIME,KM113_0004,JIMLIME,2035,9593
KM,Comores,KM1,NDZUWANI,KM11,DOMONI,KM114,KONI,KM114_0004,GEGE,2035,1729
KM,Comores,KM1,NDZUWANI,KM11,DOMONI,KM114,KONI,KM114_0003,HACHIPENDA,2035,2920
KM,Comores,KM1,NDZUWANI,KM11,DOMONI,KM114,KONI,KM114_0001,KONI DJODJO,2035,16916
KM,Comores,KM1,NDZUWANI,KM11,DOMONI,KM114,KONI,KM114_0002,KONI NGANI,2035,8077
KM,Comores,KM1,NDZUWANI,KM11,DOMONI,KM115,NGADZALE,KM115_0001,NGADZALE,2035,8630
KM,Comores,KM1,NDZUWANI,KM11,DOMONI,KM115,NGADZALE,KM115_0002,OUTSA,2035,1125
KM,Comores,KM1,NDZUWANI,KM11,DOMONI,KM115,NGADZALE,KM115_0005,OUZINI,2035,2727
KM,Comores,KM1,NDZUWANI,KM11,DOMONI,KM115,NGADZALE,KM153_0014,SALAMANI,2035,3300
KM,Comores,KM1,NDZUWANI,KM16,MOYA,KM151,MOYA,KM151_0002,KOWET,2035,3255
KM,Comores,KM1,NDZUWANI,KM16,MOYA,KM151,MOYA,KM151_0005,LINGONI,2035,7664
KM,Comores,KM1,NDZUWANI,KM16,MOYA,KM151,MOYA,KM151_0007,MAWENI,2035,1230
KM,Comores,KM1,NDZUWANI,KM16,MOYA,KM151,MOYA,KM151_0001,MOYA,2035,14079
KM,Comores,KM1,NDZUWANI,KM16,MOYA,KM151,MOYA,KM151_0004,NINDRI,2035,4762
KM,Comores,KM1,NDZUWANI,KM16,MOYA,KM151,MOYA,KM151_0003,POMONI,2035,6565
KM,Comores,KM1,NDZUWANI,KM12,MREMANI,KM121,ADDA,KM121_0001,ADDA DAWENI,2035,17927
KM,Comores,KM1,NDZUWANI,KM12,MREMANI,KM121,ADDA,KM121_0002,DJANZA,2035,1284
KM,Comores,KM1,NDZUWANI,KM12,MREMANI,KM121,ADDA,KM121_0005,KANGANI,2035,7575
KM,Comores,KM1,NDZUWANI,KM12,MREMANI,KM121,ADDA,KM121_0003,MAGNASSINI,2035,6683
KM,Comores,KM1,NDZUWANI,KM12,MREMANI,KM123,MRAMANI,KM123_0004,DZIANII,2035,3033
KM,Comores,KM1,NDZUWANI,KM12,MREMANI,KM123,MRAMANI,KM123_0002,HANTSAHII,2035,2291
KM,Comores,KM1,NDZUWANI,KM12,MREMANI,KM123,MRAMANI,KM123_0001,MRAMANI,2035,6351
KM,Comores,KM1,NDZUWANI,KM12,MREMANI,KM123,MRAMANI,KM123_0003,NYAMBOIMRO,2035,3221
KM,Comores,KM1,NDZUWANI,KM12,MREMANI,KM124,MREMANI,KM124_0002,BANDA KOUNI,2035,5741
KM,Comores,KM1,NDZUWANI,KM12,MREMANI,KM124,MREMANI,KM124_0004,DAJI,2035,4840
KM,Comores,KM1,NDZUWANI,KM12,MREMANI,KM124,MREMANI,KM124_0001,MREMANI,2035,8586
KM,Comores,KM1,NDZUWANI,KM12,MREMANI,KM124,MREMANI,KM124_0003,MRIDJOU,2035,5431
KM,Comores,KM1,NDZUWANI,KM12,MREMANI,KM125,ONGOJOU,KM125_0002,KIYO,2035,2562
KM,Comores,KM1,NDZUWANI,KM12,MREMANI,KM125,ONGOJOU,KM125_0003,KOMONI,2035,4150
KM,Comores,KM1,NDZUWANI,KM12,MREMANI,KM125,ONGOJOU,KM125_0004,MIRONDRONI,2035,631
KM,Comores,KM1,NDZUWANI,KM12,MREMANI,KM125,ONGOJOU,KM125_0001,ONGODJOU,2035,9852
KM,Comores,KM1,NDZUWANI,KM12,MREMANI,KM125,ONGOJOU,KM125_0005,TRINDRINI,2035,248
KM,Comores,KM1,NDZUWANI,KM12,MREMANI,KM122,SHAWENI,KM122_0002,HAMCHACO,2035,3015
KM,Comores,KM1,NDZUWANI,KM12,MREMANI,KM122,SHAWENI,KM122_0005,MNADZICHOUMWE,2035,1563
KM,Comores,KM1,NDZUWANI,KM12,MREMANI,KM122,SHAWENI,KM122_0004,NOUNGA,2035,675
KM,Comores,KM1,NDZUWANI,KM12,MREMANI,KM122,SHAWENI,KM122_0003,SADAPOINI,2035,4524
KM,Comores,KM1,NDZUWANI,KM12,MREMANI,KM122,SHAWENI,KM122_0001,SHAWENI,2035,1676
KM,Comores,KM1,NDZUWANI,KM13,MUTSAMUDU,KM131,BANDRANI YA CHIRONKAMBA,KM131_0002,ANKIBANI,2035,3366
KM,Comores,KM1,NDZUWANI,KM13,MUTSAMUDU,KM131,BANDRANI YA CHIRONKAMBA,KM131_0008,BANDRADJOU,2035,2861
KM,Comores,KM1,NDZUWANI,KM13,MUTSAMUDU,KM131,BANDRANI YA CHIRONKAMBA,KM131_0006,CHICONI 2,2035,212
KM,Comores,KM1,NDZUWANI,KM13,MUTSAMUDU,KM131,BANDRANI YA CHIRONKAMBA,KM131_0003,CHIRONKAMBA,2035,3114
KM,Comores,KM1,NDZUWANI,KM13,MUTSAMUDU,KM131,BANDRANI YA CHIRONKAMBA,KM151_0007,MAWENI,2035,1246
KM,Comores,KM1,NDZUWANI,KM13,MUTSAMUDU,KM131,BANDRANI YA CHIRONKAMBA,KM131_0001,MDJIMANDRA,2035,4217
KM,Comores,KM1,NDZUWANI,KM13,MUTSAMUDU,KM131,BANDRANI YA CHIRONKAMBA,KM131_0007,MPOUZINI,2035,98
KM,Comores,KM1,NDZUWANI,KM13,MUTSAMUDU,KM132,Commune BANDRANI YA MITSANGANI,KM132_0001,BANDRANI MTSANGANI,2035,3003
KM,Comores,KM1,NDZUWANI,KM13,MUTSAMUDU,KM132,Commune BANDRANI YA MITSANGANI,KM132_0002,CHITROUNI,2035,1946
KM,Comores,KM1,NDZUWANI,KM13,MUTSAMUDU,KM132,Commune BANDRANI YA MITSANGANI,KM132_0004,MDJAMAOUE,2035,2680
KM,Comores,KM1,NDZUWANI,KM13,MUTSAMUDU,KM132,Commune BANDRANI YA MITSANGANI,KM132_0003,SAANDANI,2035,3555
KM,Comores,KM1,NDZUWANI,KM13,MUTSAMUDU,KM133,MIRONTSI,KM133_0001,MIRONTSI,2035,18934
KM,Comores,KM1,NDZUWANI,KM13,MUTSAMUDU,KM134,MUTSAMUDU,KM134_0005,CHICONI1,2035,6
KM,Comores,KM1,NDZUWANI,KM13,MUTSAMUDU,KM134,MUTSAMUDU,KM134_0001,MUTSAMUDU,2035,41605
KM,Comores,KM1,NDZUWANI,KM13,MUTSAMUDU,KM134,MUTSAMUDU,KM134_0003,MWAMWA I,2035,2951
KM,Comores,KM1,NDZUWANI,KM13,MUTSAMUDU,KM134,MUTSAMUDU,KM134_0004,MWAMWA II,2035,1242
KM,Comores,KM1,NDZUWANI,KM13,MUTSAMUDU,KM134,MUTSAMUDU,KM134_0002,PAJE,2035,9294
KM,Comores,KM1,NDZUWANI,KM14,OUANI,KM141,BAMBAO MTROUNI,KM141_0003,CHANDRA,2035,7754
KM,Comores,KM1,NDZUWANI,KM14,OUANI,KM141,BAMBAO MTROUNI,KM141_0002,DINDRI,2035,16192
KM,Comores,KM1,NDZUWANI,KM14,OUANI,KM141,BAMBAO MTROUNI,KM141_0001,TSEMBEHOU,2035,19875
KM,Comores,KM1,NDZUWANI,KM14,OUANI,KM142,BAZIMINI,KM142_0001,BAZIMINI,2035,12997
KM,Comores,KM1,NDZUWANI,KM14,OUANI,KM142,BAZIMINI,KM142_0002,KOKI,2035,9862
KM,Comores,KM1,NDZUWANI,KM14,OUANI,KM142,BAZIMINI,KM142_0003,PATSY,2035,6017
KM,Comores,KM1,NDZUWANI,KM14,OUANI,KM143,OUANI,KM143_0003,BARAKANI,2035,11029
KM,Comores,KM1,NDZUWANI,KM14,OUANI,KM143,OUANI,KM143_0004,GNATRANGA,2035,5138
KM,Comores,KM1,NDZUWANI,KM14,OUANI,KM143,OUANI,KM143_0001,OUANI,2035,16009
KM,Comores,KM1,NDZUWANI,KM14,OUANI,KM143,OUANI,KM143_0005,TANAMBAO,2035,3289
KM,Comores,KM1,NDZUWANI,KM15,SIMA,KM152,SIMA,KM152_0003,BIMBINI,2035,2767
KM,Comores,KM1,NDZUWANI,KM15,SIMA,KM152,SIMA,KM152_0004,BOUNGOUENI,2035,5475
KM,Comores,KM1,NDZUWANI,KM15,SIMA,KM152,SIMA,KM152_0002,KAVANI,2035,3365
KM,Comores,KM1,NDZUWANI,KM15,SIMA,KM152,SIMA,KM234_0004,MILEMBENI,2035,1126
KM,Comores,KM1,NDZUWANI,KM15,SIMA,KM152,SIMA,KM152_0005,MIRONGANI,2035,2260
KM,Comores,KM1,NDZUWANI,KM15,SIMA,KM152,SIMA,KM232_0003,SIMA,2035,9007
KM,Comores,KM1,NDZUWANI,KM15,SIMA,KM153,VOUANI,KM153_0010,BANDRANI YA VOUANI,2035,2610
KM,Comores,KM1,NDZUWANI,KM15,SIMA,KM153,VOUANI,KM153_0011,CHIROVE,2035,409
KM,Comores,KM1,NDZUWANI,KM15,SIMA,KM153,VOUANI,KM153_0009,DAR SALAMA,2035,2082
KM,Comores,KM1,NDZUWANI,KM15,SIMA,KM153,VOUANI,KM153_0007,DZINDRI I,2035,3930
KM,Comores,KM1,NDZUWANI,KM15,SIMA,KM153,VOUANI,KM153_0003,HASSIMPAO,2035,2375
KM,Comores,KM1,NDZUWANI,KM15,SIMA,KM153,VOUANI,KM153_0006,IMERE,2035,694
KM,Comores,KM1,NDZUWANI,KM15,SIMA,KM153,VOUANI,KM153_0015,IMERE YA GAWANI,2035,1149
KM,Comores,KM1,NDZUWANI,KM15,SIMA,KM153,VOUANI,KM153_0002,MARAHARE,2035,3050
KM,Comores,KM1,NDZUWANI,KM15,SIMA,KM153,VOUANI,KM153_0012,MARONTRONI,2035,631
KM,Comores,KM1,NDZUWANI,KM15,SIMA,KM153,VOUANI,KM153_0001,MROMOUHOULI,2035,940
KM,Comores,KM1,NDZUWANI,KM15,SIMA,KM153,VOUANI,KM153_0014,SALAMANI,2035,631
KM,Comores,KM1,NDZUWANI,KM15,SIMA,KM153,VOUANI,KM153_0004,SHITSANGASHELI,2035,240
KM,Comores,KM1,NDZUWANI,KM15,SIMA,KM153,VOUANI,KM153_0005,VASSI,2035,1957
KM,Comores,KM1,NDZUWANI,KM15,SIMA,KM153,VOUANI,KM153_0008,VOUANI,2035,5262
KM,Comores,KM2,NGAZIDJA,KM21,HAMAHAMET MBOINKOU,KM211,MBOINKOU,KM211_0008,BANDAMADJI LA MBOIKOU,2035,1045
KM,Comores,KM2,NGAZIDJA,KM21,HAMAHAMET MBOINKOU,KM211,MBOINKOU,KM211_0004,CHEZANI,2035,4017
KM,Comores,KM2,NGAZIDJA,KM21,HAMAHAMET MBOINKOU,KM211,MBOINKOU,KM211_0007,HANTSINDZI,2035,3104
KM,Comores,KM2,NGAZIDJA,KM21,HAMAHAMET MBOINKOU,KM211,MBOINKOU,KM211_0001,MADJEOUENI,2035,2599
KM,Comores,KM2,NGAZIDJA,KM21,HAMAHAMET MBOINKOU,KM211,MBOINKOU,KM211_0005,NDROUDE,2035,3043
KM,Comores,KM2,NGAZIDJA,KM21,HAMAHAMET MBOINKOU,KM211,MBOINKOU,KM211_0006,NIOUMAMILIMA,2035,1971
KM,Comores,KM2,NGAZIDJA,KM21,HAMAHAMET MBOINKOU,KM211,MBOINKOU,KM211_0002,SADANI YA MBOIKOU,2035,912
KM,Comores,KM2,NGAZIDJA,KM21,HAMAHAMET MBOINKOU,KM211,MBOINKOU,KM211_0003,TRELEZINI,2035,807
KM,Comores,KM2,NGAZIDJA,KM21,HAMAHAMET MBOINKOU,KM212,NYUMA MRO,KM212_0005,BAMBADJANI,2035,1814
KM,Comores,KM2,NGAZIDJA,KM21,HAMAHAMET MBOINKOU,KM212,NYUMA MRO,KM212_0001,DIMADJOU YA HAMAHAMET,2035,3533
KM,Comores,KM2,NGAZIDJA,KM21,HAMAHAMET MBOINKOU,KM212,NYUMA MRO,KM212_0009,HADJAMBOU,2035,1870
KM,Comores,KM2,NGAZIDJA,KM21,HAMAHAMET MBOINKOU,KM212,NYUMA MRO,KM212_0007,ITSANDZENI,2035,2717
KM,Comores,KM2,NGAZIDJA,KM21,HAMAHAMET MBOINKOU,KM212,NYUMA MRO,KM212_0010,MBATSE YA HAMAHAMET,2035,340
KM,Comores,KM2,NGAZIDJA,KM21,HAMAHAMET MBOINKOU,KM212,NYUMA MRO,KM212_0003,MDJIHARI,2035,963
KM,Comores,KM2,NGAZIDJA,KM21,HAMAHAMET MBOINKOU,KM212,NYUMA MRO,KM212_0004,MOIDJA,2035,2999
KM,Comores,KM2,NGAZIDJA,KM21,HAMAHAMET MBOINKOU,KM212,NYUMA MRO,KM212_0006,NGOLE,2035,555
KM,Comores,KM2,NGAZIDJA,KM21,HAMAHAMET MBOINKOU,KM212,NYUMA MRO,KM212_0002,NYADOMBWENI,2035,1480
KM,Comores,KM2,NGAZIDJA,KM21,HAMAHAMET MBOINKOU,KM212,NYUMA MRO,KM212_0008,OUELLAH YA HAMAHAMET,2035,1031
KM,Comores,KM2,NGAZIDJA,KM21,HAMAHAMET MBOINKOU,KM213,NYUMA MSIRU,KM213_0008,BATOU,2035,1005
KM,Comores,KM2,NGAZIDJA,KM21,HAMAHAMET MBOINKOU,KM213,NYUMA MSIRU,KM213_0006,BOUNI,2035,2100
KM,Comores,KM2,NGAZIDJA,KM21,HAMAHAMET MBOINKOU,KM213,NYUMA MSIRU,KM213_0007,HEROUMBILI,2035,2169
KM,Comores,KM2,NGAZIDJA,KM21,HAMAHAMET MBOINKOU,KM213,NYUMA MSIRU,KM213_0010,IFOUNDIHE YA HAMAHAMET,2035,1025
KM,Comores,KM2,NGAZIDJA,KM21,HAMAHAMET MBOINKOU,KM213,NYUMA MSIRU,KM213_0009,KOURANI YA HAMAHAMET,2035,195
KM,Comores,KM2,NGAZIDJA,KM21,HAMAHAMET MBOINKOU,KM213,NYUMA MSIRU,KM213_0001,MBENI,2035,7752
KM,Comores,KM2,NGAZIDJA,KM21,HAMAHAMET MBOINKOU,KM213,NYUMA MSIRU,KM213_0011,MNOUNGOU,2035,1846
KM,Comores,KM2,NGAZIDJA,KM21,HAMAHAMET MBOINKOU,KM213,NYUMA MSIRU,KM213_0004,SADA CHIHOUWE,2035,1181
KM,Comores,KM2,NGAZIDJA,KM21,HAMAHAMET MBOINKOU,KM213,NYUMA MSIRU,KM213_0005,SADA MHUWAMBOI,2035,299
KM,Comores,KM2,NGAZIDJA,KM21,HAMAHAMET MBOINKOU,KM213,NYUMA MSIRU,KM213_0003,SALIMANI YA HAMAHAMET,2035,931
KM,Comores,KM2,NGAZIDJA,KM21,HAMAHAMET MBOINKOU,KM213,NYUMA MSIRU,KM213_0002,SELEANI,2035,2100
KM,Comores,KM2,NGAZIDJA,KM22,HAMBOU,KM221,DJOUMOIPANGUA,KM221_0004,BAMBANI,2035,1882
KM,Comores,KM2,NGAZIDJA,KM22,HAMBOU,KM221,DJOUMOIPANGUA,KM221_0005,DZAHADJOU,2035,3206
KM,Comores,KM2,NGAZIDJA,KM22,HAMBOU,KM221,DJOUMOIPANGUA,KM221_0003,HETSA,2035,1262
KM,Comores,KM2,NGAZIDJA,KM22,HAMBOU,KM221,DJOUMOIPANGUA,KM221_0002,MDJOIEZI,2035,4558
KM,Comores,KM2,NGAZIDJA,KM22,HAMBOU,KM221,DJOUMOIPANGUA,KM221_0001,SINGANI,2035,3200
KM,Comores,KM2,NGAZIDJA,KM22,HAMBOU,KM222,TSINIMOIPANGUA,KM222_0005,BANGOI,2035,4278
KM,Comores,KM2,NGAZIDJA,KM22,HAMBOU,KM222,TSINIMOIPANGUA,KM222_0003,CHOUANI,2035,3917
KM,Comores,KM2,NGAZIDJA,KM22,HAMBOU,KM222,TSINIMOIPANGUA,KM222_0004,DJOUMOICHONGO,2035,2321
KM,Comores,KM2,NGAZIDJA,KM22,HAMBOU,KM222,TSINIMOIPANGUA,KM222_0001,MITSOUDJE,2035,5656
KM,Comores,KM2,NGAZIDJA,KM22,HAMBOU,KM222,TSINIMOIPANGUA,KM222_0006,NKOMIONI,2035,842
KM,Comores,KM2,NGAZIDJA,KM22,HAMBOU,KM222,TSINIMOIPANGUA,KM222_0007,SALIMANI,2035,2959
KM,Comores,KM2,NGAZIDJA,KM22,HAMBOU,KM222,TSINIMOIPANGUA,KM222_0002,TROUMBENI,2035,351
KM,Comores,KM2,NGAZIDJA,KM23,ITSANDRA HAMANVOU,KM231,BANGAANI,KM231_0007,BANDAMADJI LA ITSANDRA,2035,1385
KM,Comores,KM2,NGAZIDJA,KM23,ITSANDRA HAMANVOU,KM231,BANGAANI,KM231_0008,DIMADJOU YA ITSANDRA,2035,2147
KM,Comores,KM2,NGAZIDJA,KM23,ITSANDRA HAMANVOU,KM231,BANGAANI,KM231_0004,DZAHANI LA TSIDJE,2035,11942
KM,Comores,KM2,NGAZIDJA,KM23,ITSANDRA HAMANVOU,KM231,BANGAANI,KM231_0001,ITSANDRA MDJINI,2035,4948
KM,Comores,KM2,NGAZIDJA,KM23,ITSANDRA HAMANVOU,KM231,BANGAANI,KM231_0005,MAOUENI YA ITSANDRA,2035,1246
KM,Comores,KM2,NGAZIDJA,KM23,ITSANDRA HAMANVOU,KM231,BANGAANI,KM231_0006,MIRONTSI YA ITSANDRA,2035,662
KM,Comores,KM2,NGAZIDJA,KM23,ITSANDRA HAMANVOU,KM231,BANGAANI,KM231_0002,SALIMANI YA ITSANDRA,2035,4835
KM,Comores,KM2,NGAZIDJA,KM23,ITSANDRA HAMANVOU,KM231,BANGAANI,KM231_0003,SAMBA MBODONI,2035,2098
KM,Comores,KM2,NGAZIDJA,KM23,ITSANDRA HAMANVOU,KM232,DJOUMOICHONGO,KM232_0002,BAHANI,2035,2748
KM,Comores,KM2,NGAZIDJA,KM23,ITSANDRA HAMANVOU,KM232,DJOUMOICHONGO,KM232_0001,DZAHANI II,2035,2213
KM,Comores,KM2,NGAZIDJA,KM23,ITSANDRA HAMANVOU,KM232,DJOUMOICHONGO,KM232_0004,OUELLAH YA ITSANDRA,2035,1921
KM,Comores,KM2,NGAZIDJA,KM23,ITSANDRA HAMANVOU,KM232,DJOUMOICHONGO,KM232_0005,SAMBA KOUNI,2035,3095
KM,Comores,KM2,NGAZIDJA,KM23,ITSANDRA HAMANVOU,KM232,DJOUMOICHONGO,KM232_0003,SIMA,2035,1273
KM,Comores,KM2,NGAZIDJA,KM23,ITSANDRA HAMANVOU,KM233,HAMANVOU,KM233_0008,BIBAVOU,2035,1681
KM,Comores,KM2,NGAZIDJA,KM23,ITSANDRA HAMANVOU,KM233,HAMANVOU,KM233_0002,BOENINDI,2035,1167
KM,Comores,KM2,NGAZIDJA,KM23,ITSANDRA HAMANVOU,KM233,HAMANVOU,KM233_0007,DIBOINI,2035,2180
KM,Comores,KM2,NGAZIDJA,KM23,ITSANDRA HAMANVOU,KM233,HAMANVOU,KM233_0001,HAHAYA,2035,6938
KM,Comores,KM2,NGAZIDJA,KM23,ITSANDRA HAMANVOU,KM233,HAMANVOU,KM233_0004,MBALENI,2035,280
KM,Comores,KM2,NGAZIDJA,KM23,ITSANDRA HAMANVOU,KM233,HAMANVOU,KM233_0003,MBAMBANI YA HAMANVOU,2035,1054
KM,Comores,KM2,NGAZIDJA,KM23,ITSANDRA HAMANVOU,KM233,HAMANVOU,KM233_0006,MBANGANI,2035,2233
KM,Comores,KM2,NGAZIDJA,KM23,ITSANDRA HAMANVOU,KM233,HAMANVOU,KM233_0009,MILEVANI,2035,1859
KM,Comores,KM2,NGAZIDJA,KM23,ITSANDRA HAMANVOU,KM233,HAMANVOU,KM233_0005,OUSSIVO,2035,3454
KM,Comores,KM2,NGAZIDJA,KM23,ITSANDRA HAMANVOU,KM234,ISAHARI,KM234_0002,HANTSAMBOU,2035,2455
KM,Comores,KM2,NGAZIDJA,KM23,ITSANDRA HAMANVOU,KM234,ISAHARI,KM234_0004,MILEMBENI,2035,1497
KM,Comores,KM2,NGAZIDJA,KM23,ITSANDRA HAMANVOU,KM234,ISAHARI,KM234_0001,NTSOUDJINI,2035,6546
KM,Comores,KM2,NGAZIDJA,KM23,ITSANDRA HAMANVOU,KM234,ISAHARI,KM234_0005,ZIVANDANI,2035,2018
KM,Comores,KM2,NGAZIDJA,KM23,ITSANDRA HAMANVOU,KM235,MBADANI,KM235_0001,BATSA ITSANDRA,2035,4036
KM,Comores,KM2,NGAZIDJA,KM23,ITSANDRA HAMANVOU,KM235,MBADANI,KM235_0005,DZAHADJOU LA ITSANDRA,2035,2141
KM,Comores,KM2,NGAZIDJA,KM23,ITSANDRA HAMANVOU,KM235,MBADANI,KM235_0004,MHANDANI,2035,830
KM,Comores,KM2,NGAZIDJA,KM23,ITSANDRA HAMANVOU,KM235,MBADANI,KM235_0003,VANADJOU,2035,1454
KM,Comores,KM2,NGAZIDJA,KM23,ITSANDRA HAMANVOU,KM235,MBADANI,KM235_0002,VANAMBOINI,2035,3157
KM,Comores,KM2,NGAZIDJA,KM23,ITSANDRA HAMANVOU,KM235,MBADANI,KM235_0006,VOUNA MBADANI,2035,1185
KM,Comores,KM2,NGAZIDJA,KM24,MBADJINI EST,KM241,DOMBA,KM241_0002,BANDADAOUENI,2035,2275
KM,Comores,KM2,NGAZIDJA,KM24,MBADJINI EST,KM241,DOMBA,KM241_0001,BANDAMADJI LADOMBA,2035,1604
KM,Comores,KM2,NGAZIDJA,KM24,MBADJINI EST,KM241,DOMBA,KM241_0004,OUNGONI,2035,1513
KM,Comores,KM2,NGAZIDJA,KM24,MBADJINI EST,KM241,DOMBA,KM264_0004,PIDJANI,2035,3268
KM,Comores,KM2,NGAZIDJA,KM24,MBADJINI EST,KM241,DOMBA,KM241_0003,TSINIMOIPANGA,2035,3680
KM,Comores,KM2,NGAZIDJA,KM24,MBADJINI EST,KM242,ITSAHIDI,KM242_0007,CHINDINI,2035,2591
KM,Comores,KM2,NGAZIDJA,KM24,MBADJINI EST,KM242,ITSAHIDI,KM242_0009,DZAHADJOU LA MBADJINI,2035,1684
KM,Comores,KM2,NGAZIDJA,KM24,MBADJINI EST,KM242,ITSAHIDI,KM242_0001,FOUMBOUNI,2035,3857
KM,Comores,KM2,NGAZIDJA,KM24,MBADJINI EST,KM242,ITSAHIDI,KM242_0002,KOIMBANI LA MBADJINI,2035,668
KM,Comores,KM2,NGAZIDJA,KM24,MBADJINI EST,KM242,ITSAHIDI,KM242_0003,MALE,2035,3429
KM,Comores,KM2,NGAZIDJA,KM24,MBADJINI EST,KM242,ITSAHIDI,KM242_0004,MIDJENDJENI,2035,623
KM,Comores,KM2,NGAZIDJA,KM24,MBADJINI EST,KM242,ITSAHIDI,KM242_0010,MOHORO,2035,3240
KM,Comores,KM2,NGAZIDJA,KM24,MBADJINI EST,KM242,ITSAHIDI,KM242_0006,NDZOUANI,2035,307
KM,Comores,KM2,NGAZIDJA,KM24,MBADJINI EST,KM242,ITSAHIDI,KM242_0011,NGNOUMADZHA MVOUBARI,2035,3076
KM,Comores,KM2,NGAZIDJA,KM24,MBADJINI EST,KM242,ITSAHIDI,KM242_0005,OUROVENI,2035,2136
KM,Comores,KM2,NGAZIDJA,KM24,MBADJINI EST,KM242,ITSAHIDI,KM242_0008,SIMAMBOINI,2035,1407
KM,Comores,KM2,NGAZIDJA,KM24,MBADJINI EST,KM243,PIMBA,KM243_0004,BANDAMADJI LA KOUBOINI,2035,1147
KM,Comores,KM2,NGAZIDJA,KM24,MBADJINI EST,KM243,PIMBA,KM243_0005,DARISSALAMA,2035,785
KM,Comores,KM2,NGAZIDJA,KM24,MBADJINI EST,KM243,PIMBA,KM243_0009,DIDJONI,2035,889
KM,Comores,KM2,NGAZIDJA,KM24,MBADJINI EST,KM243,PIMBA,KM243_0002,INANI,2035,1324
KM,Comores,KM2,NGAZIDJA,KM24,MBADJINI EST,KM243,PIMBA,KM243_0010,KOVE,2035,1285
KM,Comores,KM2,NGAZIDJA,KM24,MBADJINI EST,KM243,PIMBA,KM243_0006,MLALOI NKOUDJOU,2035,1602
KM,Comores,KM2,NGAZIDJA,KM24,MBADJINI EST,KM243,PIMBA,KM243_0003,NGNAMBENI,2035,2621
KM,Comores,KM2,NGAZIDJA,KM24,MBADJINI EST,KM243,PIMBA,KM243_0007,NGNOUMA MILIMA,2035,4496
KM,Comores,KM2,NGAZIDJA,KM24,MBADJINI EST,KM243,PIMBA,KM243_0008,NKOURANI MKANGA,2035,948
KM,Comores,KM2,NGAZIDJA,KM24,MBADJINI EST,KM243,PIMBA,KM243_0001,SIMBOUSSA YA MBADJINI,2035,2927
KM,Comores,KM2,NGAZIDJA,KM25,MBADJINI OUEST,KM251,NGOUENGOE,KM251_0001,DEMBENI,2035,3238
KM,Comores,KM2,NGAZIDJA,KM25,MBADJINI OUEST,KM251,NGOUENGOE,KM251_0011,ITSOUDZOU,2035,340
KM,Comores,KM2,NGAZIDJA,KM25,MBADJINI OUEST,KM251,NGOUENGOE,KM251_0009,KANDZILE,2035,1837
KM,Comores,KM2,NGAZIDJA,KM25,MBADJINI OUEST,KM251,NGOUENGOE,KM251_0010,MAKORANI,2035,67
KM,Comores,KM2,NGAZIDJA,KM25,MBADJINI OUEST,KM251,NGOUENGOE,KM251_0007,MANDZISSANI,2035,753
KM,Comores,KM2,NGAZIDJA,KM25,MBADJINI OUEST,KM251,NGOUENGOE,KM251_0003,MBOUDE YA MBOINI,2035,845
KM,Comores,KM2,NGAZIDJA,KM25,MBADJINI OUEST,KM251,NGOUENGOE,KM251_0002,MDJAMKAGNOI,2035,1365
KM,Comores,KM2,NGAZIDJA,KM25,MBADJINI OUEST,KM251,NGOUENGOE,KM251_0006,MINDRADOU,2035,664
KM,Comores,KM2,NGAZIDJA,KM25,MBADJINI OUEST,KM251,NGOUENGOE,KM251_0004,MLIMANI,2035,283
KM,Comores,KM2,NGAZIDJA,KM25,MBADJINI OUEST,KM251,NGOUENGOE,KM251_0005,PANDA,2035,1246
KM,Comores,KM2,NGAZIDJA,KM25,MBADJINI OUEST,KM251,NGOUENGOE,KM251_0008,TSINI MOICHONGO,2035,3338
KM,Comores,KM2,NGAZIDJA,KM25,MBADJINI OUEST,KM252,NIOUMAGAMA,KM252_0004,DIMA,2035,812
KM,Comores,KM2,NGAZIDJA,KM25,MBADJINI OUEST,KM252,NIOUMAGAMA,KM252_0007,DOMONI,2035,1163
KM,Comores,KM2,NGAZIDJA,KM25,MBADJINI OUEST,KM252,NIOUMAGAMA,KM252_0008,DZOIDJOU,2035,1039
KM,Comores,KM2,NGAZIDJA,KM25,MBADJINI OUEST,KM252,NIOUMAGAMA,KM252_0009,FAMARE,2035,762
KM,Comores,KM2,NGAZIDJA,KM25,MBADJINI OUEST,KM252,NIOUMAGAMA,KM252_0002,IFOUNDIHE CHADJOU,2035,333
KM,Comores,KM2,NGAZIDJA,KM25,MBADJINI OUEST,KM252,NIOUMAGAMA,KM252_0003,IFOUNDIHE CHAMBOINI,2035,1559
KM,Comores,KM2,NGAZIDJA,KM25,MBADJINI OUEST,KM252,NIOUMAGAMA,KM252_0005,NKOURANI YA SIMA,2035,12788
KM,Comores,KM2,NGAZIDJA,KM25,MBADJINI OUEST,KM252,NIOUMAGAMA,KM252_0001,OUZIOINI,2035,3249
KM,Comores,KM2,NGAZIDJA,KM26,MBOUDE,KM265,NYUMAMRO KIBLANI,KM265_0002,CHAMLE,2035,2121
KM,Comores,KM2,NGAZIDJA,KM26,MBOUDE,KM265,NYUMAMRO KIBLANI,KM265_0001,DJOMANI,2035,5119
KM,Comores,KM2,NGAZIDJA,KM26,MBOUDE,KM265,NYUMAMRO KIBLANI,KM265_0007,DOUNIANI,2035,2821
KM,Comores,KM2,NGAZIDJA,KM26,MBOUDE,KM265,NYUMAMRO KIBLANI,KM265_0006,HELINDJE,2035,2756
KM,Comores,KM2,NGAZIDJA,KM26,MBOUDE,KM265,NYUMAMRO KIBLANI,KM265_0009,KOUA,2035,1031
KM,Comores,KM2,NGAZIDJA,KM26,MBOUDE,KM265,NYUMAMRO KIBLANI,KM265_0004,MANDZA YA MBOUDE,2035,2461
KM,Comores,KM2,NGAZIDJA,KM26,MBOUDE,KM265,NYUMAMRO KIBLANI,KM265_0005,MDJOIEZI YA MBOUNDE,2035,1250
KM,Comores,KM2,NGAZIDJA,KM26,MBOUDE,KM265,NYUMAMRO KIBLANI,KM265_0003,VOUVOUNI YA MBOUNDE,2035,717
KM,Comores,KM2,NGAZIDJA,KM26,MBOUDE,KM266,NYUMAMRO SOUHEILI,KM266_0003,DJONGOE,2035,1339
KM,Comores,KM2,NGAZIDJA,KM26,MBOUDE,KM266,NYUMAMRO SOUHEILI,KM266_0007,DOMOIDJOU,2035,1386
KM,Comores,KM2,NGAZIDJA,KM26,MBOUDE,KM266,NYUMAMRO SOUHEILI,KM266_0008,DOMOIMBOINI,2035,668
KM,Comores,KM2,NGAZIDJA,KM26,MBOUDE,KM266,NYUMAMRO SOUHEILI,KM266_0002,IVEMBENI,2035,5961
KM,Comores,KM2,NGAZIDJA,KM26,MBOUDE,KM266,NYUMAMRO SOUHEILI,KM266_0004,MAOUENI YA MBOUDE,2035,1882
KM,Comores,KM2,NGAZIDJA,KM26,MBOUDE,KM266,NYUMAMRO SOUHEILI,KM266_0009,MOIDJA YA MBOUDE,2035,869
KM,Comores,KM2,NGAZIDJA,KM26,MBOUDE,KM266,NYUMAMRO SOUHEILI,KM266_0001,NTSAOUENI,2035,4898
KM,Comores,KM2,NGAZIDJA,KM26,MBOUDE,KM266,NYUMAMRO SOUHEILI,KM266_0006,NTSORALE YA MBOUDE,2035,1019
KM,Comores,KM2,NGAZIDJA,KM26,MBOUDE,KM266,NYUMAMRO SOUHEILI,KM266_0005,SIMBOUSSA YA MBOUDE,2035,496
KM,Comores,KM2,NGAZIDJA,KM26,MITSAMIOULI,KM261,CEMBENOI LAC SALE,KM261_0001,BANGOIKOUNI,2035,3785
KM,Comores,KM2,NGAZIDJA,KM26,MITSAMIOULI,KM261,CEMBENOI LAC SALE,KM261_0002,BATSA YA MITSAMIHOULI,2035,1799
KM,Comores,KM2,NGAZIDJA,KM26,MITSAMIOULI,KM261,CEMBENOI LAC SALE,KM261_0004,IVOINI,2035,2419
KM,Comores,KM2,NGAZIDJA,KM26,MITSAMIOULI,KM261,CEMBENOI LAC SALE,KM261_0003,OUZIO,2035,3979
KM,Comores,KM2,NGAZIDJA,KM26,MITSAMIOULI,KM262,CEMBENOI SADA DJOULAMLIMA,KM265_0009,KOUA,2035,2275
KM,Comores,KM2,NGAZIDJA,KM26,MITSAMIOULI,KM262,CEMBENOI SADA DJOULAMLIMA,KM262_0004,OUELLAH YA MITSAMIHOULI,2035,6383
KM,Comores,KM2,NGAZIDJA,KM26,MITSAMIOULI,KM262,CEMBENOI SADA DJOULAMLIMA,KM262_0001,OUEMANI,2035,978
KM,Comores,KM2,NGAZIDJA,KM26,MITSAMIOULI,KM263,MITSAMIOULI,KM263_0003,FASSI,2035,585
KM,Comores,KM2,NGAZIDJA,KM26,MITSAMIOULI,KM263,MITSAMIOULI,KM263_0002,HADAWA,2035,864
KM,Comores,KM2,NGAZIDJA,KM26,MITSAMIOULI,KM263,MITSAMIOULI,KM263_0001,MEMBOI - BOINI,2035,1309
KM,Comores,KM2,NGAZIDJA,KM26,MITSAMIOULI,KM263,MITSAMIOULI,KM263_0004,MITSAMIHOULI,2035,7618
KM,Comores,KM2,NGAZIDJA,KM26,MITSAMIOULI,KM263,MITSAMIOULI,KM263_0006,NDZAOUZE,2035,3955
KM,Comores,KM2,NGAZIDJA,KM26,MITSAMIOULI,KM263,MITSAMIOULI,KM263_0005,NKOURANI YA MITSAMIHOULI,2035,483
KM,Comores,KM2,NGAZIDJA,KM26,MITSAMIOULI,KM264,NYUMA KOMO,KM264_0001,BANGOI MAFUSA NKOA,2035,1001
KM,Comores,KM2,NGAZIDJA,KM26,MITSAMIOULI,KM264,NYUMA KOMO,KM264_0008,FOUNGA,2035,1392
KM,Comores,KM2,NGAZIDJA,KM26,MITSAMIOULI,KM264,NYUMA KOMO,KM264_0002,MEMBOI - DJOU,2035,2437
KM,Comores,KM2,NGAZIDJA,KM26,MITSAMIOULI,KM264,NYUMA KOMO,KM264_0007,NTSADJENI,2035,2550
KM,Comores,KM2,NGAZIDJA,KM26,MITSAMIOULI,KM264,NYUMA KOMO,KM264_0009,OUHOZI,2035,1820
KM,Comores,KM2,NGAZIDJA,KM26,MITSAMIOULI,KM264,NYUMA KOMO,KM264_0004,PIDJANI,2035,886
KM,Comores,KM2,NGAZIDJA,KM26,MITSAMIOULI,KM264,NYUMA KOMO,KM264_0005,SONGOMANI,2035,711
KM,Comores,KM2,NGAZIDJA,KM26,MITSAMIOULI,KM264,NYUMA KOMO,KM264_0006,TOIYFA,2035,714
KM,Comores,KM2,NGAZIDJA,KM27,MORONI BAMBAO,KM273,BAMBAO YA DJOU,KM273_0002,M'VOUNI,2035,8129
KM,Comores,KM2,NGAZIDJA,KM27,MORONI BAMBAO,KM273,BAMBAO YA DJOU,KM273_0003,MAVINGOUNI,2035,2670
KM,Comores,KM2,NGAZIDJA,KM27,MORONI BAMBAO,KM273,BAMBAO YA DJOU,KM273_0001,MKAZI,2035,9650
KM,Comores,KM2,NGAZIDJA,KM27,MORONI BAMBAO,KM271,BAMBAO YA HARI,KM271_0010,BOENI YA BAMBAO,2035,3154
KM,Comores,KM2,NGAZIDJA,KM27,MORONI BAMBAO,KM271,BAMBAO YA HARI,KM271_0007,DAOUENI,2035,574
KM,Comores,KM2,NGAZIDJA,KM27,MORONI BAMBAO,KM271,BAMBAO YA HARI,KM283_0003,DZAHANI,2035,1025
KM,Comores,KM2,NGAZIDJA,KM27,MORONI BAMBAO,KM271,BAMBAO YA HARI,KM271_0002,M'DE,2035,9857
KM,Comores,KM2,NGAZIDJA,KM27,MORONI BAMBAO,KM271,BAMBAO YA HARI,KM271_0006,MBOUDADJOU,2035,1560
KM,Comores,KM2,NGAZIDJA,KM27,MORONI BAMBAO,KM271,BAMBAO YA HARI,KM271_0005,MOIDZAZA DJOUMBE,2035,700
KM,Comores,KM2,NGAZIDJA,KM27,MORONI BAMBAO,KM271,BAMBAO YA HARI,KM271_0004,NIOUMADZAHA,2035,4871
KM,Comores,KM2,NGAZIDJA,KM27,MORONI BAMBAO,KM271,BAMBAO YA HARI,KM271_0003,SELEA,2035,3232
KM,Comores,KM2,NGAZIDJA,KM27,MORONI BAMBAO,KM271,BAMBAO YA HARI,KM271_0001,VOUVOUNI,2035,6554
KM,Comores,KM2,NGAZIDJA,KM27,MORONI BAMBAO,KM272,BAMBAO YA MBOINI,KM272_0001,ICONI,2035,8275
KM,Comores,KM2,NGAZIDJA,KM27,MORONI BAMBAO,KM272,BAMBAO YA MBOINI,KM272_0002,MBACHILE,2035,2537
KM,Comores,KM2,NGAZIDJA,KM27,MORONI BAMBAO,KM272,BAMBAO YA MBOINI,KM272_0003,MOIDZAZA - MBOINI,2035,4289
KM,Comores,KM2,NGAZIDJA,KM27,MORONI BAMBAO,KM272,BAMBAO YA MBOINI,KM272_0004,NDROUANI,2035,2080
KM,Comores,KM2,NGAZIDJA,KM27,MORONI BAMBAO,KM272,BAMBAO YA MBOINI,KM272_0005,SEREHINI,2035,1123
KM,Comores,KM2,NGAZIDJA,KM27,MORONI BAMBAO,KM274,MORONI,KM274_0001,MORONI,2035,113168
KM,Comores,KM2,NGAZIDJA,KM28,OICHILI DIMANI,KM281,DIMANI,KM281_0002,FOUMBOU DZIVOUNI,2035,673
KM,Comores,KM2,NGAZIDJA,KM28,OICHILI DIMANI,KM281,DIMANI,KM281_0007,IDJINKOUNDZI,2035,3655
KM,Comores,KM2,NGAZIDJA,KM28,OICHILI DIMANI,KM281,DIMANI,KM281_0006,IDJOINDRADJA,2035,286
KM,Comores,KM2,NGAZIDJA,KM28,OICHILI DIMANI,KM281,DIMANI,KM281_0005,MADJOMA,2035,825
KM,Comores,KM2,NGAZIDJA,KM28,OICHILI DIMANI,KM281,DIMANI,KM281_0008,MAOUENI DIMANI,2035,2266
KM,Comores,KM2,NGAZIDJA,KM28,OICHILI DIMANI,KM281,DIMANI,KM281_0003,MBOUDE,2035,975
KM,Comores,KM2,NGAZIDJA,KM28,OICHILI DIMANI,KM281,DIMANI,KM281_0004,MIDJINDZE,2035,234
KM,Comores,KM2,NGAZIDJA,KM28,OICHILI DIMANI,KM281,DIMANI,KM281_0009,MIRERENI,2035,786
KM,Comores,KM2,NGAZIDJA,KM28,OICHILI DIMANI,KM281,DIMANI,KM281_0001,MTSANGADJOU,2035,1938
KM,Comores,KM2,NGAZIDJA,KM28,OICHILI DIMANI,KM281,DIMANI,KM281_0010,NTSORALE,2035,3702
KM,Comores,KM2,NGAZIDJA,KM28,OICHILI DIMANI,KM281,DIMANI,KM281_0012,REHEMANI,2035,606
KM,Comores,KM2,NGAZIDJA,KM28,OICHILI DIMANI,KM281,DIMANI,KM281_0011,SIDJOU,2035,1303
KM,Comores,KM2,NGAZIDJA,KM28,OICHILI DIMANI,KM283,OICHILI YABOINI,KM283_0003,DZAHANI,2035,1001
KM,Comores,KM2,NGAZIDJA,KM28,OICHILI DIMANI,KM283,OICHILI YABOINI,KM283_0006,HAMBOU,2035,1503
KM,Comores,KM2,NGAZIDJA,KM28,OICHILI DIMANI,KM283,OICHILI YABOINI,KM283_0007,HASSENDJE,2035,441
KM,Comores,KM2,NGAZIDJA,KM28,OICHILI DIMANI,KM283,OICHILI YABOINI,KM283_0001,ITSINKOUDI,2035,3695
KM,Comores,KM2,NGAZIDJA,KM28,OICHILI DIMANI,KM283,OICHILI YABOINI,KM283_0004,KOUHANI,2035,723
KM,Comores,KM2,NGAZIDJA,KM28,OICHILI DIMANI,KM283,OICHILI YABOINI,KM283_0005,MTSAMDU,2035,1746
KM,Comores,KM2,NGAZIDJA,KM28,OICHILI DIMANI,KM282,OICHILI YADJOU,KM282_0003,BOENI YAWACHILI,2035,1306
KM,Comores,KM2,NGAZIDJA,KM28,OICHILI DIMANI,KM282,OICHILI YADJOU,KM282_0009,CHAMRO,2035,239
KM,Comores,KM2,NGAZIDJA,KM28,OICHILI DIMANI,KM282,OICHILI YADJOU,KM282_0007,CHOMONI,2035,1234
KM,Comores,KM2,NGAZIDJA,KM28,OICHILI DIMANI,KM282,OICHILI YADJOU,KM282_0004,DZAHADJOU YA WACHILI,2035,1577
KM,Comores,KM2,NGAZIDJA,KM28,OICHILI DIMANI,KM282,OICHILI YADJOU,KM282_0002,IROHE,2035,1435
KM,Comores,KM2,NGAZIDJA,KM28,OICHILI DIMANI,KM282,OICHILI YADJOU,KM282_0001,KOIMBANI YA WACHILI,2035,4425
KM,Comores,KM2,NGAZIDJA,KM28,OICHILI DIMANI,KM282,OICHILI YADJOU,KM282_0005,SADA,2035,538
KM,Comores,KM2,NGAZIDJA,KM28,OICHILI DIMANI,KM282,OICHILI YADJOU,KM282_0006,SADANI,2035,930
KM,Comores,KM2,NGAZIDJA,KM28,OICHILI DIMANI,KM282,OICHILI YADJOU,KM282_0008,SAMBA MADI,2035,162
KM,Comores,KM2,NGAZIDJA,KM28,OICHILI DIMANI,KM282,OICHILI YADJOU,KM282_0010,SIMA YA WACHILI,2035,1551
KM,Comores,KM3,MWALI,KM31,DJANDO,KM311,DJANDO,KM311_0006,HAGNAMOIDA,2036,1360
KM,Comores,KM3,MWALI,KM31,DJANDO,KM311,DJANDO,KM311_0008,HAMAVOUNA,2036,2207
KM,Comores,KM3,MWALI,KM31,DJANDO,KM311,DJANDO,KM311_0007,ITSAMIA,2036,674
KM,Comores,KM3,MWALI,KM31,DJANDO,KM311,DJANDO,KM121_0005,KANGANI,2036,2258
KM,Comores,KM3,MWALI,KM31,DJANDO,KM311,DJANDO,KM311_0003,MLANBANDA,2036,677
KM,Comores,KM3,MWALI,KM31,DJANDO,KM311,DJANDO,KM311_0002,WANANI,2036,5476
KM,Comores,KM3,MWALI,KM31,DJANDO,KM311,DJANDO,KM311_0001,ZIROUDANI,2036,2905
KM,Comores,KM3,MWALI,KM32,FOMBONI,KM321,FOMBONI,KM321_0001,FOMBONI,2036,28773
KM,Comores,KM3,MWALI,KM32,FOMBONI,KM322,MOILI MDJINI,KM322_0002,BANDAR SALAMA,2036,4015
KM,Comores,KM3,MWALI,KM32,FOMBONI,KM322,MOILI MDJINI,KM322_0003,DJOIEZI,2036,4896
KM,Comores,KM3,MWALI,KM32,FOMBONI,KM322,MOILI MDJINI,KM322_0001,MBOIGOMA,2036,3420
KM,Comores,KM3,MWALI,KM32,FOMBONI,KM323,MOINBASSA,KM252_0007,DOMONI,2036,429
KM,Comores,KM3,MWALI,KM32,FOMBONI,KM323,MOINBASSA,KM323_0002,HOANI,2036,3659
KM,Comores,KM3,MWALI,KM32,FOMBONI,KM323,MOINBASSA,KM323_0001,M'BATSE,2036,6117
KM,Comores,KM3,MWALI,KM33,NIOUMACHOUA,KM331,MLEDJELE,KM331_0001,MIREMANI,2036,479
KM,Comores,KM3,MWALI,KM33,NIOUMACHOUA,KM331,MLEDJELE,KM331_0004,NDREMEANI,2036,95
KM,Comores,KM3,MWALI,KM33,NIOUMACHOUA,KM331,MLEDJELE,KM331_0002,NDRONDRONI,2036,7056
KM,Comores,KM3,MWALI,KM33,NIOUMACHOUA,KM331,MLEDJELE,KM331_0003,NIOUMACHOUA,2036,5540
KM,Comores,KM3,MWALI,KM33,NIOUMACHOUA,KM332,MOIMBAO,KM143_0003,BARAKANI,2036,1564
KM,Comores,KM3,MWALI,KM33,NIOUMACHOUA,KM332,MOIMBAO,KM332_0001,HAMBA,2036,404
KM,Comores,KM3,MWALI,KM33,NIOUMACHOUA,KM332,MOIMBAO,KM332_0004,MIRINGONI,2036,1676
KM,Comores,KM3,MWALI,KM33,NIOUMACHOUA,KM332,MOIMBAO,KM332_0005,WALLAH 1,2036,742
KM,Comores,KM3,MWALI,KM33,NIOUMACHOUA,KM332,MOIMBAO,KM332_0006,WALLAH 2,2036,1389
KM,Comores,KM1,NDZUWANI,KM11,DOMONI,KM111,BAMBAO MSTANGA,KM111_0001,BAMBAO MTSANGA,2036,8073
KM,Comores,KM1,NDZUWANI,KM11,DOMONI,KM111,BAMBAO MSTANGA,KM111_0004,MAHALE,2036,5683
KM,Comores,KM1,NDZUWANI,KM11,DOMONI,KM111,BAMBAO MSTANGA,KM111_0002,MROMAJI,2036,4402
KM,Comores,KM1,NDZUWANI,KM11,DOMONI,KM111,BAMBAO MSTANGA,KM111_0003,ONGONI,2036,3775
KM,Comores,KM1,NDZUWANI,KM11,DOMONI,KM112,DOMONI,KM112_0004,BWELADUGU,2036,1184
KM,Comores,KM1,NDZUWANI,KM11,DOMONI,KM112,DOMONI,KM252_0007,DOMONI,2036,19834
KM,Comores,KM1,NDZUWANI,KM11,DOMONI,KM112,DOMONI,KM112_0003,LIMBI,2036,4136
KM,Comores,KM1,NDZUWANI,KM11,DOMONI,KM113,JIMLIME,KM113_0003,HAJOHO,2036,5987
KM,Comores,KM1,NDZUWANI,KM11,DOMONI,KM113,JIMLIME,KM113_0001,HAREMBO I,2036,921
KM,Comores,KM1,NDZUWANI,KM11,DOMONI,KM113,JIMLIME,KM113_0002,HAREMBO II,2036,1547
KM,Comores,KM1,NDZUWANI,KM11,DOMONI,KM113,JIMLIME,KM113_0004,JIMLIME,2036,9851
KM,Comores,KM1,NDZUWANI,KM11,DOMONI,KM114,KONI,KM114_0004,GEGE,2036,1767
KM,Comores,KM1,NDZUWANI,KM11,DOMONI,KM114,KONI,KM114_0003,HACHIPENDA,2036,2985
KM,Comores,KM1,NDZUWANI,KM11,DOMONI,KM114,KONI,KM114_0001,KONI DJODJO,2036,17289
KM,Comores,KM1,NDZUWANI,KM11,DOMONI,KM114,KONI,KM114_0002,KONI NGANI,2036,8253
KM,Comores,KM1,NDZUWANI,KM11,DOMONI,KM115,NGADZALE,KM115_0001,NGADZALE,2036,8818
KM,Comores,KM1,NDZUWANI,KM11,DOMONI,KM115,NGADZALE,KM115_0002,OUTSA,2036,1149
KM,Comores,KM1,NDZUWANI,KM11,DOMONI,KM115,NGADZALE,KM115_0005,OUZINI,2036,2787
KM,Comores,KM1,NDZUWANI,KM11,DOMONI,KM115,NGADZALE,KM153_0014,SALAMANI,2036,3372
KM,Comores,KM1,NDZUWANI,KM16,MOYA,KM151,MOYA,KM151_0002,KOWET,2036,3327
KM,Comores,KM1,NDZUWANI,KM16,MOYA,KM151,MOYA,KM151_0005,LINGONI,2036,7833
KM,Comores,KM1,NDZUWANI,KM16,MOYA,KM151,MOYA,KM151_0007,MAWENI,2036,1257
KM,Comores,KM1,NDZUWANI,KM16,MOYA,KM151,MOYA,KM151_0001,MOYA,2036,14395
KM,Comores,KM1,NDZUWANI,KM16,MOYA,KM151,MOYA,KM151_0004,NINDRI,2036,4867
KM,Comores,KM1,NDZUWANI,KM16,MOYA,KM151,MOYA,KM151_0003,POMONI,2036,6710
KM,Comores,KM1,NDZUWANI,KM12,MREMANI,KM121,ADDA,KM121_0001,ADDA DAWENI,2036,18376
KM,Comores,KM1,NDZUWANI,KM12,MREMANI,KM121,ADDA,KM121_0002,DJANZA,2036,1313
KM,Comores,KM1,NDZUWANI,KM12,MREMANI,KM121,ADDA,KM121_0005,KANGANI,2036,7742
KM,Comores,KM1,NDZUWANI,KM12,MREMANI,KM121,ADDA,KM121_0003,MAGNASSINI,2036,6830
KM,Comores,KM1,NDZUWANI,KM12,MREMANI,KM123,MRAMANI,KM123_0004,DZIANII,2036,3100
KM,Comores,KM1,NDZUWANI,KM12,MREMANI,KM123,MRAMANI,KM123_0002,HANTSAHII,2036,2342
KM,Comores,KM1,NDZUWANI,KM12,MREMANI,KM123,MRAMANI,KM123_0001,MRAMANI,2036,6509
KM,Comores,KM1,NDZUWANI,KM12,MREMANI,KM123,MRAMANI,KM123_0003,NYAMBOIMRO,2036,3292
KM,Comores,KM1,NDZUWANI,KM12,MREMANI,KM124,MREMANI,KM124_0002,BANDA KOUNI,2036,5868
KM,Comores,KM1,NDZUWANI,KM12,MREMANI,KM124,MREMANI,KM124_0004,DAJI,2036,4946
KM,Comores,KM1,NDZUWANI,KM12,MREMANI,KM124,MREMANI,KM124_0001,MREMANI,2036,8802
KM,Comores,KM1,NDZUWANI,KM12,MREMANI,KM124,MREMANI,KM124_0003,MRIDJOU,2036,5551
KM,Comores,KM1,NDZUWANI,KM12,MREMANI,KM125,ONGOJOU,KM125_0002,KIYO,2036,2619
KM,Comores,KM1,NDZUWANI,KM12,MREMANI,KM125,ONGOJOU,KM125_0003,KOMONI,2036,4242
KM,Comores,KM1,NDZUWANI,KM12,MREMANI,KM125,ONGOJOU,KM125_0004,MIRONDRONI,2036,644
KM,Comores,KM1,NDZUWANI,KM12,MREMANI,KM125,ONGOJOU,KM125_0001,ONGODJOU,2036,10066
KM,Comores,KM1,NDZUWANI,KM12,MREMANI,KM125,ONGOJOU,KM125_0005,TRINDRINI,2036,253
KM,Comores,KM1,NDZUWANI,KM12,MREMANI,KM122,SHAWENI,KM122_0002,HAMCHACO,2036,3081
KM,Comores,KM1,NDZUWANI,KM12,MREMANI,KM122,SHAWENI,KM122_0005,MNADZICHOUMWE,2036,1598
KM,Comores,KM1,NDZUWANI,KM12,MREMANI,KM122,SHAWENI,KM122_0004,NOUNGA,2036,690
KM,Comores,KM1,NDZUWANI,KM12,MREMANI,KM122,SHAWENI,KM122_0003,SADAPOINI,2036,4623
KM,Comores,KM1,NDZUWANI,KM12,MREMANI,KM122,SHAWENI,KM122_0001,SHAWENI,2036,1713
KM,Comores,KM1,NDZUWANI,KM13,MUTSAMUDU,KM131,BANDRANI YA CHIRONKAMBA,KM131_0002,ANKIBANI,2036,3441
KM,Comores,KM1,NDZUWANI,KM13,MUTSAMUDU,KM131,BANDRANI YA CHIRONKAMBA,KM131_0008,BANDRADJOU,2036,2924
KM,Comores,KM1,NDZUWANI,KM13,MUTSAMUDU,KM131,BANDRANI YA CHIRONKAMBA,KM131_0006,CHICONI 2,2036,217
KM,Comores,KM1,NDZUWANI,KM13,MUTSAMUDU,KM131,BANDRANI YA CHIRONKAMBA,KM131_0003,CHIRONKAMBA,2036,3182
KM,Comores,KM1,NDZUWANI,KM13,MUTSAMUDU,KM131,BANDRANI YA CHIRONKAMBA,KM151_0007,MAWENI,2036,1273
KM,Comores,KM1,NDZUWANI,KM13,MUTSAMUDU,KM131,BANDRANI YA CHIRONKAMBA,KM131_0001,MDJIMANDRA,2036,4308
KM,Comores,KM1,NDZUWANI,KM13,MUTSAMUDU,KM131,BANDRANI YA CHIRONKAMBA,KM131_0007,MPOUZINI,2036,100
KM,Comores,KM1,NDZUWANI,KM13,MUTSAMUDU,KM132,Commune BANDRANI YA MITSANGANI,KM132_0001,BANDRANI MTSANGANI,2036,3068
KM,Comores,KM1,NDZUWANI,KM13,MUTSAMUDU,KM132,Commune BANDRANI YA MITSANGANI,KM132_0002,CHITROUNI,2036,1989
KM,Comores,KM1,NDZUWANI,KM13,MUTSAMUDU,KM132,Commune BANDRANI YA MITSANGANI,KM132_0004,MDJAMAOUE,2036,2739
KM,Comores,KM1,NDZUWANI,KM13,MUTSAMUDU,KM132,Commune BANDRANI YA MITSANGANI,KM132_0003,SAANDANI,2036,3634
KM,Comores,KM1,NDZUWANI,KM13,MUTSAMUDU,KM133,MIRONTSI,KM133_0001,MIRONTSI,2036,19390
KM,Comores,KM1,NDZUWANI,KM13,MUTSAMUDU,KM134,MUTSAMUDU,KM134_0005,CHICONI1,2036,6
KM,Comores,KM1,NDZUWANI,KM13,MUTSAMUDU,KM134,MUTSAMUDU,KM134_0001,MUTSAMUDU,2036,42496
KM,Comores,KM1,NDZUWANI,KM13,MUTSAMUDU,KM134,MUTSAMUDU,KM134_0003,MWAMWA I,2036,3016
KM,Comores,KM1,NDZUWANI,KM13,MUTSAMUDU,KM134,MUTSAMUDU,KM134_0004,MWAMWA II,2036,1270
KM,Comores,KM1,NDZUWANI,KM13,MUTSAMUDU,KM134,MUTSAMUDU,KM134_0002,PAJE,2036,9545
KM,Comores,KM1,NDZUWANI,KM14,OUANI,KM141,BAMBAO MTROUNI,KM141_0003,CHANDRA,2036,7923
KM,Comores,KM1,NDZUWANI,KM14,OUANI,KM141,BAMBAO MTROUNI,KM141_0002,DINDRI,2036,16544
KM,Comores,KM1,NDZUWANI,KM14,OUANI,KM141,BAMBAO MTROUNI,KM141_0001,TSEMBEHOU,2036,20311
KM,Comores,KM1,NDZUWANI,KM14,OUANI,KM142,BAZIMINI,KM142_0001,BAZIMINI,2036,13275
KM,Comores,KM1,NDZUWANI,KM14,OUANI,KM142,BAZIMINI,KM142_0002,KOKI,2036,10079
KM,Comores,KM1,NDZUWANI,KM14,OUANI,KM142,BAZIMINI,KM142_0003,PATSY,2036,6150
KM,Comores,KM1,NDZUWANI,KM14,OUANI,KM143,OUANI,KM143_0003,BARAKANI,2036,11229
KM,Comores,KM1,NDZUWANI,KM14,OUANI,KM143,OUANI,KM143_0004,GNATRANGA,2036,5250
KM,Comores,KM1,NDZUWANI,KM14,OUANI,KM143,OUANI,KM143_0001,OUANI,2036,16359
KM,Comores,KM1,NDZUWANI,KM14,OUANI,KM143,OUANI,KM143_0005,TANAMBAO,2036,3360
KM,Comores,KM1,NDZUWANI,KM15,SIMA,KM152,SIMA,KM152_0003,BIMBINI,2036,2828
KM,Comores,KM1,NDZUWANI,KM15,SIMA,KM152,SIMA,KM152_0004,BOUNGOUENI,2036,5595
KM,Comores,KM1,NDZUWANI,KM15,SIMA,KM152,SIMA,KM152_0002,KAVANI,2036,3439
KM,Comores,KM1,NDZUWANI,KM15,SIMA,KM152,SIMA,KM234_0004,MILEMBENI,2036,1151
KM,Comores,KM1,NDZUWANI,KM15,SIMA,KM152,SIMA,KM152_0005,MIRONGANI,2036,2310
KM,Comores,KM1,NDZUWANI,KM15,SIMA,KM152,SIMA,KM232_0003,SIMA,2036,9014
KM,Comores,KM1,NDZUWANI,KM15,SIMA,KM153,VOUANI,KM153_0010,BANDRANI YA VOUANI,2036,2668
KM,Comores,KM1,NDZUWANI,KM15,SIMA,KM153,VOUANI,KM153_0011,CHIROVE,2036,418
KM,Comores,KM1,NDZUWANI,KM15,SIMA,KM153,VOUANI,KM153_0009,DAR SALAMA,2036,2128
KM,Comores,KM1,NDZUWANI,KM15,SIMA,KM153,VOUANI,KM153_0007,DZINDRI I,2036,4017
KM,Comores,KM1,NDZUWANI,KM15,SIMA,KM153,VOUANI,KM153_0003,HASSIMPAO,2036,2427
KM,Comores,KM1,NDZUWANI,KM15,SIMA,KM153,VOUANI,KM153_0006,IMERE,2036,709
KM,Comores,KM1,NDZUWANI,KM15,SIMA,KM153,VOUANI,KM153_0015,IMERE YA GAWANI,2036,1175
KM,Comores,KM1,NDZUWANI,KM15,SIMA,KM153,VOUANI,KM153_0002,MARAHARE,2036,3118
KM,Comores,KM1,NDZUWANI,KM15,SIMA,KM153,VOUANI,KM153_0012,MARONTRONI,2036,644
KM,Comores,KM1,NDZUWANI,KM15,SIMA,KM153,VOUANI,KM153_0001,MROMOUHOULI,2036,961
KM,Comores,KM1,NDZUWANI,KM15,SIMA,KM153,VOUANI,KM153_0014,SALAMANI,2036,644
KM,Comores,KM1,NDZUWANI,KM15,SIMA,KM153,VOUANI,KM153_0004,SHITSANGASHELI,2036,245
KM,Comores,KM1,NDZUWANI,KM15,SIMA,KM153,VOUANI,KM153_0005,VASSI,2036,2000
KM,Comores,KM1,NDZUWANI,KM15,SIMA,KM153,VOUANI,KM153_0008,VOUANI,2036,5379
KM,Comores,KM2,NGAZIDJA,KM21,HAMAHAMET MBOINKOU,KM211,MBOINKOU,KM211_0008,BANDAMADJI LA MBOIKOU,2036,1069
KM,Comores,KM2,NGAZIDJA,KM21,HAMAHAMET MBOINKOU,KM211,MBOINKOU,KM211_0004,CHEZANI,2036,4109
KM,Comores,KM2,NGAZIDJA,KM21,HAMAHAMET MBOINKOU,KM211,MBOINKOU,KM211_0007,HANTSINDZI,2036,3175
KM,Comores,KM2,NGAZIDJA,KM21,HAMAHAMET MBOINKOU,KM211,MBOINKOU,KM211_0001,MADJEOUENI,2036,2658
KM,Comores,KM2,NGAZIDJA,KM21,HAMAHAMET MBOINKOU,KM211,MBOINKOU,KM211_0005,NDROUDE,2036,3113
KM,Comores,KM2,NGAZIDJA,KM21,HAMAHAMET MBOINKOU,KM211,MBOINKOU,KM211_0006,NIOUMAMILIMA,2036,2016
KM,Comores,KM2,NGAZIDJA,KM21,HAMAHAMET MBOINKOU,KM211,MBOINKOU,KM211_0002,SADANI YA MBOIKOU,2036,932
KM,Comores,KM2,NGAZIDJA,KM21,HAMAHAMET MBOINKOU,KM211,MBOINKOU,KM211_0003,TRELEZINI,2036,826
KM,Comores,KM2,NGAZIDJA,KM21,HAMAHAMET MBOINKOU,KM212,NYUMA MRO,KM212_0005,BAMBADJANI,2036,1856
KM,Comores,KM2,NGAZIDJA,KM21,HAMAHAMET MBOINKOU,KM212,NYUMA MRO,KM212_0001,DIMADJOU YA HAMAHAMET,2036,3614
KM,Comores,KM2,NGAZIDJA,KM21,HAMAHAMET MBOINKOU,KM212,NYUMA MRO,KM212_0009,HADJAMBOU,2036,1913
KM,Comores,KM2,NGAZIDJA,KM21,HAMAHAMET MBOINKOU,KM212,NYUMA MRO,KM212_0007,ITSANDZENI,2036,2779
KM,Comores,KM2,NGAZIDJA,KM21,HAMAHAMET MBOINKOU,KM212,NYUMA MRO,KM212_0010,MBATSE YA HAMAHAMET,2036,348
KM,Comores,KM2,NGAZIDJA,KM21,HAMAHAMET MBOINKOU,KM212,NYUMA MRO,KM212_0003,MDJIHARI,2036,985
KM,Comores,KM2,NGAZIDJA,KM21,HAMAHAMET MBOINKOU,KM212,NYUMA MRO,KM212_0004,MOIDJA,2036,3068
KM,Comores,KM2,NGAZIDJA,KM21,HAMAHAMET MBOINKOU,KM212,NYUMA MRO,KM212_0006,NGOLE,2036,568
KM,Comores,KM2,NGAZIDJA,KM21,HAMAHAMET MBOINKOU,KM212,NYUMA MRO,KM212_0002,NYADOMBWENI,2036,1514
KM,Comores,KM2,NGAZIDJA,KM21,HAMAHAMET MBOINKOU,KM212,NYUMA MRO,KM212_0008,OUELLAH YA HAMAHAMET,2036,1055
KM,Comores,KM2,NGAZIDJA,KM21,HAMAHAMET MBOINKOU,KM213,NYUMA MSIRU,KM213_0008,BATOU,2036,1028
KM,Comores,KM2,NGAZIDJA,KM21,HAMAHAMET MBOINKOU,KM213,NYUMA MSIRU,KM213_0006,BOUNI,2036,2148
KM,Comores,KM2,NGAZIDJA,KM21,HAMAHAMET MBOINKOU,KM213,NYUMA MSIRU,KM213_0007,HEROUMBILI,2036,2219
KM,Comores,KM2,NGAZIDJA,KM21,HAMAHAMET MBOINKOU,KM213,NYUMA MSIRU,KM213_0010,IFOUNDIHE YA HAMAHAMET,2036,1048
KM,Comores,KM2,NGAZIDJA,KM21,HAMAHAMET MBOINKOU,KM213,NYUMA MSIRU,KM213_0009,KOURANI YA HAMAHAMET,2036,199
KM,Comores,KM2,NGAZIDJA,KM21,HAMAHAMET MBOINKOU,KM213,NYUMA MSIRU,KM213_0001,MBENI,2036,7930
KM,Comores,KM2,NGAZIDJA,KM21,HAMAHAMET MBOINKOU,KM213,NYUMA MSIRU,KM213_0011,MNOUNGOU,2036,1888
KM,Comores,KM2,NGAZIDJA,KM21,HAMAHAMET MBOINKOU,KM213,NYUMA MSIRU,KM213_0004,SADA CHIHOUWE,2036,1208
KM,Comores,KM2,NGAZIDJA,KM21,HAMAHAMET MBOINKOU,KM213,NYUMA MSIRU,KM213_0005,SADA MHUWAMBOI,2036,306
KM,Comores,KM2,NGAZIDJA,KM21,HAMAHAMET MBOINKOU,KM213,NYUMA MSIRU,KM213_0003,SALIMANI YA HAMAHAMET,2036,953
KM,Comores,KM2,NGAZIDJA,KM21,HAMAHAMET MBOINKOU,KM213,NYUMA MSIRU,KM213_0002,SELEANI,2036,2148
KM,Comores,KM2,NGAZIDJA,KM22,HAMBOU,KM221,DJOUMOIPANGUA,KM221_0004,BAMBANI,2036,1925
KM,Comores,KM2,NGAZIDJA,KM22,HAMBOU,KM221,DJOUMOIPANGUA,KM221_0005,DZAHADJOU,2036,3280
KM,Comores,KM2,NGAZIDJA,KM22,HAMBOU,KM221,DJOUMOIPANGUA,KM221_0003,HETSA,2036,1291
KM,Comores,KM2,NGAZIDJA,KM22,HAMBOU,KM221,DJOUMOIPANGUA,KM221_0002,MDJOIEZI,2036,4662
KM,Comores,KM2,NGAZIDJA,KM22,HAMBOU,KM221,DJOUMOIPANGUA,KM221_0001,SINGANI,2036,3274
KM,Comores,KM2,NGAZIDJA,KM22,HAMBOU,KM222,TSINIMOIPANGUA,KM222_0005,BANGOI,2036,4376
KM,Comores,KM2,NGAZIDJA,KM22,HAMBOU,KM222,TSINIMOIPANGUA,KM222_0003,CHOUANI,2036,4007
KM,Comores,KM2,NGAZIDJA,KM22,HAMBOU,KM222,TSINIMOIPANGUA,KM222_0004,DJOUMOICHONGO,2036,2374
KM,Comores,KM2,NGAZIDJA,KM22,HAMBOU,KM222,TSINIMOIPANGUA,KM222_0001,MITSOUDJE,2036,5785
KM,Comores,KM2,NGAZIDJA,KM22,HAMBOU,KM222,TSINIMOIPANGUA,KM222_0006,NKOMIONI,2036,861
KM,Comores,KM2,NGAZIDJA,KM22,HAMBOU,KM222,TSINIMOIPANGUA,KM222_0007,SALIMANI,2036,3026
KM,Comores,KM2,NGAZIDJA,KM22,HAMBOU,KM222,TSINIMOIPANGUA,KM222_0002,TROUMBENI,2036,359
KM,Comores,KM2,NGAZIDJA,KM23,ITSANDRA HAMANVOU,KM231,BANGAANI,KM231_0007,BANDAMADJI LA ITSANDRA,2036,1416
KM,Comores,KM2,NGAZIDJA,KM23,ITSANDRA HAMANVOU,KM231,BANGAANI,KM231_0008,DIMADJOU YA ITSANDRA,2036,2196
KM,Comores,KM2,NGAZIDJA,KM23,ITSANDRA HAMANVOU,KM231,BANGAANI,KM231_0004,DZAHANI LA TSIDJE,2036,12214
KM,Comores,KM2,NGAZIDJA,KM23,ITSANDRA HAMANVOU,KM231,BANGAANI,KM231_0001,ITSANDRA MDJINI,2036,5061
KM,Comores,KM2,NGAZIDJA,KM23,ITSANDRA HAMANVOU,KM231,BANGAANI,KM231_0005,MAOUENI YA ITSANDRA,2036,1274
KM,Comores,KM2,NGAZIDJA,KM23,ITSANDRA HAMANVOU,KM231,BANGAANI,KM231_0006,MIRONTSI YA ITSANDRA,2036,677
KM,Comores,KM2,NGAZIDJA,KM23,ITSANDRA HAMANVOU,KM231,BANGAANI,KM231_0002,SALIMANI YA ITSANDRA,2036,4945
KM,Comores,KM2,NGAZIDJA,KM23,ITSANDRA HAMANVOU,KM231,BANGAANI,KM231_0003,SAMBA MBODONI,2036,2146
KM,Comores,KM2,NGAZIDJA,KM23,ITSANDRA HAMANVOU,KM232,DJOUMOICHONGO,KM232_0002,BAHANI,2036,2811
KM,Comores,KM2,NGAZIDJA,KM23,ITSANDRA HAMANVOU,KM232,DJOUMOICHONGO,KM232_0001,DZAHANI II,2036,2264
KM,Comores,KM2,NGAZIDJA,KM23,ITSANDRA HAMANVOU,KM232,DJOUMOICHONGO,KM232_0004,OUELLAH YA ITSANDRA,2036,1965
KM,Comores,KM2,NGAZIDJA,KM23,ITSANDRA HAMANVOU,KM232,DJOUMOICHONGO,KM232_0005,SAMBA KOUNI,2036,3165
KM,Comores,KM2,NGAZIDJA,KM23,ITSANDRA HAMANVOU,KM232,DJOUMOICHONGO,KM232_0003,SIMA,2036,1302
KM,Comores,KM2,NGAZIDJA,KM23,ITSANDRA HAMANVOU,KM233,HAMANVOU,KM233_0008,BIBAVOU,2036,1720
KM,Comores,KM2,NGAZIDJA,KM23,ITSANDRA HAMANVOU,KM233,HAMANVOU,KM233_0002,BOENINDI,2036,1194
KM,Comores,KM2,NGAZIDJA,KM23,ITSANDRA HAMANVOU,KM233,HAMANVOU,KM233_0007,DIBOINI,2036,2230
KM,Comores,KM2,NGAZIDJA,KM23,ITSANDRA HAMANVOU,KM233,HAMANVOU,KM233_0001,HAHAYA,2036,7096
KM,Comores,KM2,NGAZIDJA,KM23,ITSANDRA HAMANVOU,KM233,HAMANVOU,KM233_0004,MBALENI,2036,286
KM,Comores,KM2,NGAZIDJA,KM23,ITSANDRA HAMANVOU,KM233,HAMANVOU,KM233_0003,MBAMBANI YA HAMANVOU,2036,1078
KM,Comores,KM2,NGAZIDJA,KM23,ITSANDRA HAMANVOU,KM233,HAMANVOU,KM233_0006,MBANGANI,2036,2284
KM,Comores,KM2,NGAZIDJA,KM23,ITSANDRA HAMANVOU,KM233,HAMANVOU,KM233_0009,MILEVANI,2036,1902
KM,Comores,KM2,NGAZIDJA,KM23,ITSANDRA HAMANVOU,KM233,HAMANVOU,KM233_0005,OUSSIVO,2036,3533
KM,Comores,KM2,NGAZIDJA,KM23,ITSANDRA HAMANVOU,KM234,ISAHARI,KM234_0002,HANTSAMBOU,2036,2511
KM,Comores,KM2,NGAZIDJA,KM23,ITSANDRA HAMANVOU,KM234,ISAHARI,KM234_0004,MILEMBENI,2036,1531
KM,Comores,KM2,NGAZIDJA,KM23,ITSANDRA HAMANVOU,KM234,ISAHARI,KM234_0001,NTSOUDJINI,2036,6696
KM,Comores,KM2,NGAZIDJA,KM23,ITSANDRA HAMANVOU,KM234,ISAHARI,KM234_0005,ZIVANDANI,2036,2064
KM,Comores,KM2,NGAZIDJA,KM23,ITSANDRA HAMANVOU,KM235,MBADANI,KM235_0001,BATSA ITSANDRA,2036,4129
KM,Comores,KM2,NGAZIDJA,KM23,ITSANDRA HAMANVOU,KM235,MBADANI,KM235_0005,DZAHADJOU LA ITSANDRA,2036,2190
KM,Comores,KM2,NGAZIDJA,KM23,ITSANDRA HAMANVOU,KM235,MBADANI,KM235_0004,MHANDANI,2036,849
KM,Comores,KM2,NGAZIDJA,KM23,ITSANDRA HAMANVOU,KM235,MBADANI,KM235_0003,VANADJOU,2036,1488
KM,Comores,KM2,NGAZIDJA,KM23,ITSANDRA HAMANVOU,KM235,MBADANI,KM235_0002,VANAMBOINI,2036,3229
KM,Comores,KM2,NGAZIDJA,KM23,ITSANDRA HAMANVOU,KM235,MBADANI,KM235_0006,VOUNA MBADANI,2036,1212
KM,Comores,KM2,NGAZIDJA,KM24,MBADJINI EST,KM241,DOMBA,KM241_0002,BANDADAOUENI,2036,2327
KM,Comores,KM2,NGAZIDJA,KM24,MBADJINI EST,KM241,DOMBA,KM241_0001,BANDAMADJI LADOMBA,2036,1641
KM,Comores,KM2,NGAZIDJA,KM24,MBADJINI EST,KM241,DOMBA,KM241_0004,OUNGONI,2036,1548
KM,Comores,KM2,NGAZIDJA,KM24,MBADJINI EST,KM241,DOMBA,KM264_0004,PIDJANI,2036,3343
KM,Comores,KM2,NGAZIDJA,KM24,MBADJINI EST,KM241,DOMBA,KM241_0003,TSINIMOIPANGA,2036,3764
KM,Comores,KM2,NGAZIDJA,KM24,MBADJINI EST,KM242,ITSAHIDI,KM242_0007,CHINDINI,2036,2650
KM,Comores,KM2,NGAZIDJA,KM24,MBADJINI EST,KM242,ITSAHIDI,KM242_0009,DZAHADJOU LA MBADJINI,2036,1723
KM,Comores,KM2,NGAZIDJA,KM24,MBADJINI EST,KM242,ITSAHIDI,KM242_0001,FOUMBOUNI,2036,3945
KM,Comores,KM2,NGAZIDJA,KM24,MBADJINI EST,KM242,ITSAHIDI,KM242_0002,KOIMBANI LA MBADJINI,2036,683
KM,Comores,KM2,NGAZIDJA,KM24,MBADJINI EST,KM242,ITSAHIDI,KM242_0003,MALE,2036,3507
KM,Comores,KM2,NGAZIDJA,KM24,MBADJINI EST,KM242,ITSAHIDI,KM242_0004,MIDJENDJENI,2036,637
KM,Comores,KM2,NGAZIDJA,KM24,MBADJINI EST,KM242,ITSAHIDI,KM242_0010,MOHORO,2036,3314
KM,Comores,KM2,NGAZIDJA,KM24,MBADJINI EST,KM242,ITSAHIDI,KM242_0006,NDZOUANI,2036,314
KM,Comores,KM2,NGAZIDJA,KM24,MBADJINI EST,KM242,ITSAHIDI,KM242_0011,NGNOUMADZHA MVOUBARI,2036,3147
KM,Comores,KM2,NGAZIDJA,KM24,MBADJINI EST,KM242,ITSAHIDI,KM242_0005,OUROVENI,2036,2185
KM,Comores,KM2,NGAZIDJA,KM24,MBADJINI EST,KM242,ITSAHIDI,KM242_0008,SIMAMBOINI,2036,1440
KM,Comores,KM2,NGAZIDJA,KM24,MBADJINI EST,KM243,PIMBA,KM243_0004,BANDAMADJI LA KOUBOINI,2036,1174
KM,Comores,KM2,NGAZIDJA,KM24,MBADJINI EST,KM243,PIMBA,KM243_0005,DARISSALAMA,2036,803
KM,Comores,KM2,NGAZIDJA,KM24,MBADJINI EST,KM243,PIMBA,KM243_0009,DIDJONI,2036,909
KM,Comores,KM2,NGAZIDJA,KM24,MBADJINI EST,KM243,PIMBA,KM243_0002,INANI,2036,1355
KM,Comores,KM2,NGAZIDJA,KM24,MBADJINI EST,KM243,PIMBA,KM243_0010,KOVE,2036,1314
KM,Comores,KM2,NGAZIDJA,KM24,MBADJINI EST,KM243,PIMBA,KM243_0006,MLALOI NKOUDJOU,2036,1639
KM,Comores,KM2,NGAZIDJA,KM24,MBADJINI EST,KM243,PIMBA,KM243_0003,NGNAMBENI,2036,2681
KM,Comores,KM2,NGAZIDJA,KM24,MBADJINI EST,KM243,PIMBA,KM243_0007,NGNOUMA MILIMA,2036,4599
KM,Comores,KM2,NGAZIDJA,KM24,MBADJINI EST,KM243,PIMBA,KM243_0008,NKOURANI MKANGA,2036,970
KM,Comores,KM2,NGAZIDJA,KM24,MBADJINI EST,KM243,PIMBA,KM243_0001,SIMBOUSSA YA MBADJINI,2036,2994
KM,Comores,KM2,NGAZIDJA,KM25,MBADJINI OUEST,KM251,NGOUENGOE,KM251_0001,DEMBENI,2036,3312
KM,Comores,KM2,NGAZIDJA,KM25,MBADJINI OUEST,KM251,NGOUENGOE,KM251_0011,ITSOUDZOU,2036,348
KM,Comores,KM2,NGAZIDJA,KM25,MBADJINI OUEST,KM251,NGOUENGOE,KM251_0009,KANDZILE,2036,1879
KM,Comores,KM2,NGAZIDJA,KM25,MBADJINI OUEST,KM251,NGOUENGOE,KM251_0010,MAKORANI,2036,68
KM,Comores,KM2,NGAZIDJA,KM25,MBADJINI OUEST,KM251,NGOUENGOE,KM251_0007,MANDZISSANI,2036,770
KM,Comores,KM2,NGAZIDJA,KM25,MBADJINI OUEST,KM251,NGOUENGOE,KM251_0003,MBOUDE YA MBOINI,2036,864
KM,Comores,KM2,NGAZIDJA,KM25,MBADJINI OUEST,KM251,NGOUENGOE,KM251_0002,MDJAMKAGNOI,2036,1396
KM,Comores,KM2,NGAZIDJA,KM25,MBADJINI OUEST,KM251,NGOUENGOE,KM251_0006,MINDRADOU,2036,679
KM,Comores,KM2,NGAZIDJA,KM25,MBADJINI OUEST,KM251,NGOUENGOE,KM251_0004,MLIMANI,2036,289
KM,Comores,KM2,NGAZIDJA,KM25,MBADJINI OUEST,KM251,NGOUENGOE,KM251_0005,PANDA,2036,1274
KM,Comores,KM2,NGAZIDJA,KM25,MBADJINI OUEST,KM251,NGOUENGOE,KM251_0008,TSINI MOICHONGO,2036,3414
KM,Comores,KM2,NGAZIDJA,KM25,MBADJINI OUEST,KM252,NIOUMAGAMA,KM252_0004,DIMA,2036,830
KM,Comores,KM2,NGAZIDJA,KM25,MBADJINI OUEST,KM252,NIOUMAGAMA,KM252_0007,DOMONI,2036,1189
KM,Comores,KM2,NGAZIDJA,KM25,MBADJINI OUEST,KM252,NIOUMAGAMA,KM252_0008,DZOIDJOU,2036,1062
KM,Comores,KM2,NGAZIDJA,KM25,MBADJINI OUEST,KM252,NIOUMAGAMA,KM252_0009,FAMARE,2036,779
KM,Comores,KM2,NGAZIDJA,KM25,MBADJINI OUEST,KM252,NIOUMAGAMA,KM252_0002,IFOUNDIHE CHADJOU,2036,340
KM,Comores,KM2,NGAZIDJA,KM25,MBADJINI OUEST,KM252,NIOUMAGAMA,KM252_0003,IFOUNDIHE CHAMBOINI,2036,1594
KM,Comores,KM2,NGAZIDJA,KM25,MBADJINI OUEST,KM252,NIOUMAGAMA,KM252_0005,NKOURANI YA SIMA,2036,13080
KM,Comores,KM2,NGAZIDJA,KM25,MBADJINI OUEST,KM252,NIOUMAGAMA,KM252_0001,OUZIOINI,2036,3323
KM,Comores,KM2,NGAZIDJA,KM26,MBOUDE,KM265,NYUMAMRO KIBLANI,KM265_0002,CHAMLE,2036,2169
KM,Comores,KM2,NGAZIDJA,KM26,MBOUDE,KM265,NYUMAMRO KIBLANI,KM265_0001,DJOMANI,2036,5236
KM,Comores,KM2,NGAZIDJA,KM26,MBOUDE,KM265,NYUMAMRO KIBLANI,KM265_0007,DOUNIANI,2036,2885
KM,Comores,KM2,NGAZIDJA,KM26,MBOUDE,KM265,NYUMAMRO KIBLANI,KM265_0006,HELINDJE,2036,2819
KM,Comores,KM2,NGAZIDJA,KM26,MBOUDE,KM265,NYUMAMRO KIBLANI,KM265_0009,KOUA,2036,1055
KM,Comores,KM2,NGAZIDJA,KM26,MBOUDE,KM265,NYUMAMRO KIBLANI,KM265_0004,MANDZA YA MBOUDE,2036,2517
KM,Comores,KM2,NGAZIDJA,KM26,MBOUDE,KM265,NYUMAMRO KIBLANI,KM265_0005,MDJOIEZI YA MBOUNDE,2036,1279
KM,Comores,KM2,NGAZIDJA,KM26,MBOUDE,KM265,NYUMAMRO KIBLANI,KM265_0003,VOUVOUNI YA MBOUNDE,2036,733
KM,Comores,KM2,NGAZIDJA,KM26,MBOUDE,KM266,NYUMAMRO SOUHEILI,KM266_0003,DJONGOE,2036,1370
KM,Comores,KM2,NGAZIDJA,KM26,MBOUDE,KM266,NYUMAMRO SOUHEILI,KM266_0007,DOMOIDJOU,2036,1418
KM,Comores,KM2,NGAZIDJA,KM26,MBOUDE,KM266,NYUMAMRO SOUHEILI,KM266_0008,DOMOIMBOINI,2036,683
KM,Comores,KM2,NGAZIDJA,KM26,MBOUDE,KM266,NYUMAMRO SOUHEILI,KM266_0002,IVEMBENI,2036,6097
KM,Comores,KM2,NGAZIDJA,KM26,MBOUDE,KM266,NYUMAMRO SOUHEILI,KM266_0004,MAOUENI YA MBOUDE,2036,1925
KM,Comores,KM2,NGAZIDJA,KM26,MBOUDE,KM266,NYUMAMRO SOUHEILI,KM266_0009,MOIDJA YA MBOUDE,2036,889
KM,Comores,KM2,NGAZIDJA,KM26,MBOUDE,KM266,NYUMAMRO SOUHEILI,KM266_0001,NTSAOUENI,2036,5010
KM,Comores,KM2,NGAZIDJA,KM26,MBOUDE,KM266,NYUMAMRO SOUHEILI,KM266_0006,NTSORALE YA MBOUDE,2036,1042
KM,Comores,KM2,NGAZIDJA,KM26,MBOUDE,KM266,NYUMAMRO SOUHEILI,KM266_0005,SIMBOUSSA YA MBOUDE,2036,507
KM,Comores,KM2,NGAZIDJA,KM26,MITSAMIOULI,KM261,CEMBENOI LAC SALE,KM261_0001,BANGOIKOUNI,2036,3872
KM,Comores,KM2,NGAZIDJA,KM26,MITSAMIOULI,KM261,CEMBENOI LAC SALE,KM261_0002,BATSA YA MITSAMIHOULI,2036,1840
KM,Comores,KM2,NGAZIDJA,KM26,MITSAMIOULI,KM261,CEMBENOI LAC SALE,KM261_0004,IVOINI,2036,2474
KM,Comores,KM2,NGAZIDJA,KM26,MITSAMIOULI,KM261,CEMBENOI LAC SALE,KM261_0003,OUZIO,2036,4070
KM,Comores,KM2,NGAZIDJA,KM26,MITSAMIOULI,KM262,CEMBENOI SADA DJOULAMLIMA,KM265_0009,KOUA,2036,2327
KM,Comores,KM2,NGAZIDJA,KM26,MITSAMIOULI,KM262,CEMBENOI SADA DJOULAMLIMA,KM262_0004,OUELLAH YA MITSAMIHOULI,2036,6529
KM,Comores,KM2,NGAZIDJA,KM26,MITSAMIOULI,KM262,CEMBENOI SADA DJOULAMLIMA,KM262_0001,OUEMANI,2036,1000
KM,Comores,KM2,NGAZIDJA,KM26,MITSAMIOULI,KM263,MITSAMIOULI,KM263_0003,FASSI,2036,602
KM,Comores,KM2,NGAZIDJA,KM26,MITSAMIOULI,KM263,MITSAMIOULI,KM263_0002,HADAWA,2036,884
KM,Comores,KM2,NGAZIDJA,KM26,MITSAMIOULI,KM263,MITSAMIOULI,KM263_0001,MEMBOI - BOINI,2036,1338
KM,Comores,KM2,NGAZIDJA,KM26,MITSAMIOULI,KM263,MITSAMIOULI,KM263_0004,MITSAMIHOULI,2036,7788
KM,Comores,KM2,NGAZIDJA,KM26,MITSAMIOULI,KM263,MITSAMIOULI,KM263_0006,NDZAOUZE,2036,4049
KM,Comores,KM2,NGAZIDJA,KM26,MITSAMIOULI,KM263,MITSAMIOULI,KM263_0005,NKOURANI YA MITSAMIHOULI,2036,496
KM,Comores,KM2,NGAZIDJA,KM26,MITSAMIOULI,KM264,NYUMA KOMO,KM264_0001,BANGOI MAFUSA NKOA,2036,1024
KM,Comores,KM2,NGAZIDJA,KM26,MITSAMIOULI,KM264,NYUMA KOMO,KM264_0008,FOUNGA,2036,1424
KM,Comores,KM2,NGAZIDJA,KM26,MITSAMIOULI,KM264,NYUMA KOMO,KM264_0002,MEMBOI - DJOU,2036,2493
KM,Comores,KM2,NGAZIDJA,KM26,MITSAMIOULI,KM264,NYUMA KOMO,KM264_0007,NTSADJENI,2036,2609
KM,Comores,KM2,NGAZIDJA,KM26,MITSAMIOULI,KM264,NYUMA KOMO,KM264_0009,OUHOZI,2036,1862
KM,Comores,KM2,NGAZIDJA,KM26,MITSAMIOULI,KM264,NYUMA KOMO,KM264_0004,PIDJANI,2036,906
KM,Comores,KM2,NGAZIDJA,KM26,MITSAMIOULI,KM264,NYUMA KOMO,KM264_0005,SONGOMANI,2036,727
KM,Comores,KM2,NGAZIDJA,KM26,MITSAMIOULI,KM264,NYUMA KOMO,KM264_0006,TOIYFA,2036,730
KM,Comores,KM2,NGAZIDJA,KM27,MORONI BAMBAO,KM273,BAMBAO YA DJOU,KM273_0002,M'VOUNI,2036,8315
KM,Comores,KM2,NGAZIDJA,KM27,MORONI BAMBAO,KM273,BAMBAO YA DJOU,KM273_0003,MAVINGOUNI,2036,2731
KM,Comores,KM2,NGAZIDJA,KM27,MORONI BAMBAO,KM273,BAMBAO YA DJOU,KM273_0001,MKAZI,2036,9870
KM,Comores,KM2,NGAZIDJA,KM27,MORONI BAMBAO,KM271,BAMBAO YA HARI,KM271_0010,BOENI YA BAMBAO,2036,3226
KM,Comores,KM2,NGAZIDJA,KM27,MORONI BAMBAO,KM271,BAMBAO YA HARI,KM271_0007,DAOUENI,2036,588
KM,Comores,KM2,NGAZIDJA,KM27,MORONI BAMBAO,KM271,BAMBAO YA HARI,KM283_0003,DZAHANI,2036,1048
KM,Comores,KM2,NGAZIDJA,KM27,MORONI BAMBAO,KM271,BAMBAO YA HARI,KM271_0002,M'DE,2036,10082
KM,Comores,KM2,NGAZIDJA,KM27,MORONI BAMBAO,KM271,BAMBAO YA HARI,KM271_0006,MBOUDADJOU,2036,1596
KM,Comores,KM2,NGAZIDJA,KM27,MORONI BAMBAO,KM271,BAMBAO YA HARI,KM271_0005,MOIDZAZA DJOUMBE,2036,716
KM,Comores,KM2,NGAZIDJA,KM27,MORONI BAMBAO,KM271,BAMBAO YA HARI,KM271_0004,NIOUMADZAHA,2036,4982
KM,Comores,KM2,NGAZIDJA,KM27,MORONI BAMBAO,KM271,BAMBAO YA HARI,KM271_0003,SELEA,2036,3306
KM,Comores,KM2,NGAZIDJA,KM27,MORONI BAMBAO,KM271,BAMBAO YA HARI,KM271_0001,VOUVOUNI,2036,6703
KM,Comores,KM2,NGAZIDJA,KM27,MORONI BAMBAO,KM272,BAMBAO YA MBOINI,KM272_0001,ICONI,2036,8465
KM,Comores,KM2,NGAZIDJA,KM27,MORONI BAMBAO,KM272,BAMBAO YA MBOINI,KM272_0002,MBACHILE,2036,2595
KM,Comores,KM2,NGAZIDJA,KM27,MORONI BAMBAO,KM272,BAMBAO YA MBOINI,KM272_0003,MOIDZAZA - MBOINI,2036,4387
KM,Comores,KM2,NGAZIDJA,KM27,MORONI BAMBAO,KM272,BAMBAO YA MBOINI,KM272_0004,NDROUANI,2036,2128
KM,Comores,KM2,NGAZIDJA,KM27,MORONI BAMBAO,KM272,BAMBAO YA MBOINI,KM272_0005,SEREHINI,2036,1149
KM,Comores,KM2,NGAZIDJA,KM27,MORONI BAMBAO,KM274,MORONI,KM274_0001,MORONI,2036,115749
KM,Comores,KM2,NGAZIDJA,KM28,OICHILI DIMANI,KM281,DIMANI,KM281_0002,FOUMBOU DZIVOUNI,2036,688
KM,Comores,KM2,NGAZIDJA,KM28,OICHILI DIMANI,KM281,DIMANI,KM281_0007,IDJINKOUNDZI,2036,3739
KM,Comores,KM2,NGAZIDJA,KM28,OICHILI DIMANI,KM281,DIMANI,KM281_0006,IDJOINDRADJA,2036,292
KM,Comores,KM2,NGAZIDJA,KM28,OICHILI DIMANI,KM281,DIMANI,KM281_0005,MADJOMA,2036,844
KM,Comores,KM2,NGAZIDJA,KM28,OICHILI DIMANI,KM281,DIMANI,KM281_0008,MAOUENI DIMANI,2036,2318
KM,Comores,KM2,NGAZIDJA,KM28,OICHILI DIMANI,KM281,DIMANI,KM281_0003,MBOUDE,2036,997
KM,Comores,KM2,NGAZIDJA,KM28,OICHILI DIMANI,KM281,DIMANI,KM281_0004,MIDJINDZE,2036,240
KM,Comores,KM2,NGAZIDJA,KM28,OICHILI DIMANI,KM281,DIMANI,KM281_0009,MIRERENI,2036,804
KM,Comores,KM2,NGAZIDJA,KM28,OICHILI DIMANI,KM281,DIMANI,KM281_0001,MTSANGADJOU,2036,1982
KM,Comores,KM2,NGAZIDJA,KM28,OICHILI DIMANI,KM281,DIMANI,KM281_0010,NTSORALE,2036,3787
KM,Comores,KM2,NGAZIDJA,KM28,OICHILI DIMANI,KM281,DIMANI,KM281_0012,REHEMANI,2036,620
KM,Comores,KM2,NGAZIDJA,KM28,OICHILI DIMANI,KM281,DIMANI,KM281_0011,SIDJOU,2036,1333
KM,Comores,KM2,NGAZIDJA,KM28,OICHILI DIMANI,KM283,OICHILI YABOINI,KM283_0003,DZAHANI,2036,1024
KM,Comores,KM2,NGAZIDJA,KM28,OICHILI DIMANI,KM283,OICHILI YABOINI,KM283_0006,HAMBOU,2036,1537
KM,Comores,KM2,NGAZIDJA,KM28,OICHILI DIMANI,KM283,OICHILI YABOINI,KM283_0007,HASSENDJE,2036,452
KM,Comores,KM2,NGAZIDJA,KM28,OICHILI DIMANI,KM283,OICHILI YABOINI,KM283_0001,ITSINKOUDI,2036,3779
KM,Comores,KM2,NGAZIDJA,KM28,OICHILI DIMANI,KM283,OICHILI YABOINI,KM283_0004,KOUHANI,2036,739
KM,Comores,KM2,NGAZIDJA,KM28,OICHILI DIMANI,KM283,OICHILI YABOINI,KM283_0005,MTSAMDU,2036,1786
KM,Comores,KM2,NGAZIDJA,KM28,OICHILI DIMANI,KM282,OICHILI YADJOU,KM282_0003,BOENI YAWACHILI,2036,1336
KM,Comores,KM2,NGAZIDJA,KM28,OICHILI DIMANI,KM282,OICHILI YADJOU,KM282_0009,CHAMRO,2036,244
KM,Comores,KM2,NGAZIDJA,KM28,OICHILI DIMANI,KM282,OICHILI YADJOU,KM282_0007,CHOMONI,2036,1262
KM,Comores,KM2,NGAZIDJA,KM28,OICHILI DIMANI,KM282,OICHILI YADJOU,KM282_0004,DZAHADJOU YA WACHILI,2036,1613
KM,Comores,KM2,NGAZIDJA,KM28,OICHILI DIMANI,KM282,OICHILI YADJOU,KM282_0002,IROHE,2036,1467
KM,Comores,KM2,NGAZIDJA,KM28,OICHILI DIMANI,KM282,OICHILI YADJOU,KM282_0001,KOIMBANI YA WACHILI,2036,4526
KM,Comores,KM2,NGAZIDJA,KM28,OICHILI DIMANI,KM282,OICHILI YADJOU,KM282_0005,SADA,2036,550
KM,Comores,KM2,NGAZIDJA,KM28,OICHILI DIMANI,KM282,OICHILI YADJOU,KM282_0006,SADANI,2036,951
KM,Comores,KM2,NGAZIDJA,KM28,OICHILI DIMANI,KM282,OICHILI YADJOU,KM282_0008,SAMBA MADI,2036,165
KM,Comores,KM2,NGAZIDJA,KM28,OICHILI DIMANI,KM282,OICHILI YADJOU,KM282_0010,SIMA YA WACHILI,2036,1587
KM,Comores,KM3,MWALI,KM31,DJANDO,KM311,DJANDO,KM311_0006,HAGNAMOIDA,2037,1386
KM,Comores,KM3,MWALI,KM31,DJANDO,KM311,DJANDO,KM311_0008,HAMAVOUNA,2037,2249
KM,Comores,KM3,MWALI,KM31,DJANDO,KM311,DJANDO,KM311_0007,ITSAMIA,2037,687
KM,Comores,KM3,MWALI,KM31,DJANDO,KM311,DJANDO,KM121_0005,KANGANI,2037,2302
KM,Comores,KM3,MWALI,KM31,DJANDO,KM311,DJANDO,KM311_0003,MLANBANDA,2037,690
KM,Comores,KM3,MWALI,KM31,DJANDO,KM311,DJANDO,KM311_0002,WANANI,2037,5583
KM,Comores,KM3,MWALI,KM31,DJANDO,KM311,DJANDO,KM311_0001,ZIROUDANI,2037,2962
KM,Comores,KM3,MWALI,KM32,FOMBONI,KM321,FOMBONI,KM321_0001,FOMBONI,2037,29333
KM,Comores,KM3,MWALI,KM32,FOMBONI,KM322,MOILI MDJINI,KM322_0002,BANDAR SALAMA,2037,4093
KM,Comores,KM3,MWALI,KM32,FOMBONI,KM322,MOILI MDJINI,KM322_0003,DJOIEZI,2037,4991
KM,Comores,KM3,MWALI,KM32,FOMBONI,KM322,MOILI MDJINI,KM322_0001,MBOIGOMA,2037,3486
KM,Comores,KM3,MWALI,KM32,FOMBONI,KM323,MOINBASSA,KM252_0007,DOMONI,2037,438
KM,Comores,KM3,MWALI,KM32,FOMBONI,KM323,MOINBASSA,KM323_0002,HOANI,2037,3730
KM,Comores,KM3,MWALI,KM32,FOMBONI,KM323,MOINBASSA,KM323_0001,M'BATSE,2037,6236
KM,Comores,KM3,MWALI,KM33,NIOUMACHOUA,KM331,MLEDJELE,KM331_0001,MIREMANI,2037,489
KM,Comores,KM3,MWALI,KM33,NIOUMACHOUA,KM331,MLEDJELE,KM331_0004,NDREMEANI,2037,97
KM,Comores,KM3,MWALI,KM33,NIOUMACHOUA,KM331,MLEDJELE,KM331_0002,NDRONDRONI,2037,7193
KM,Comores,KM3,MWALI,KM33,NIOUMACHOUA,KM331,MLEDJELE,KM331_0003,NIOUMACHOUA,2037,5647
KM,Comores,KM3,MWALI,KM33,NIOUMACHOUA,KM332,MOIMBAO,KM143_0003,BARAKANI,2037,1595
KM,Comores,KM3,MWALI,KM33,NIOUMACHOUA,KM332,MOIMBAO,KM332_0001,HAMBA,2037,412
KM,Comores,KM3,MWALI,KM33,NIOUMACHOUA,KM332,MOIMBAO,KM332_0004,MIRINGONI,2037,1708
KM,Comores,KM3,MWALI,KM33,NIOUMACHOUA,KM332,MOIMBAO,KM332_0005,WALLAH 1,2037,757
KM,Comores,KM3,MWALI,KM33,NIOUMACHOUA,KM332,MOIMBAO,KM332_0006,WALLAH 2,2037,1417
KM,Comores,KM1,NDZUWANI,KM11,DOMONI,KM111,BAMBAO MSTANGA,KM111_0001,BAMBAO MTSANGA,2037,8244
KM,Comores,KM1,NDZUWANI,KM11,DOMONI,KM111,BAMBAO MSTANGA,KM111_0004,MAHALE,2037,5805
KM,Comores,KM1,NDZUWANI,KM11,DOMONI,KM111,BAMBAO MSTANGA,KM111_0002,MROMAJI,2037,4547
KM,Comores,KM1,NDZUWANI,KM11,DOMONI,KM111,BAMBAO MSTANGA,KM111_0003,ONGONI,2037,3856
KM,Comores,KM1,NDZUWANI,KM11,DOMONI,KM112,DOMONI,KM112_0004,BWELADUGU,2037,1210
KM,Comores,KM1,NDZUWANI,KM11,DOMONI,KM112,DOMONI,KM252_0007,DOMONI,2037,20197
KM,Comores,KM1,NDZUWANI,KM11,DOMONI,KM112,DOMONI,KM112_0003,LIMBI,2037,4225
KM,Comores,KM1,NDZUWANI,KM11,DOMONI,KM113,JIMLIME,KM113_0003,HAJOHO,2037,6166
KM,Comores,KM1,NDZUWANI,KM11,DOMONI,KM113,JIMLIME,KM113_0001,HAREMBO I,2037,941
KM,Comores,KM1,NDZUWANI,KM11,DOMONI,KM113,JIMLIME,KM113_0002,HAREMBO II,2037,1580
KM,Comores,KM1,NDZUWANI,KM11,DOMONI,KM113,JIMLIME,KM113_0004,JIMLIME,2037,10060
KM,Comores,KM1,NDZUWANI,KM11,DOMONI,KM114,KONI,KM114_0004,GEGE,2037,1805
KM,Comores,KM1,NDZUWANI,KM11,DOMONI,KM114,KONI,KM114_0003,HACHIPENDA,2037,3049
KM,Comores,KM1,NDZUWANI,KM11,DOMONI,KM114,KONI,KM114_0001,KONI DJODJO,2037,17650
KM,Comores,KM1,NDZUWANI,KM11,DOMONI,KM114,KONI,KM114_0002,KONI NGANI,2037,8479
KM,Comores,KM1,NDZUWANI,KM11,DOMONI,KM115,NGADZALE,KM115_0001,NGADZALE,2037,9056
KM,Comores,KM1,NDZUWANI,KM11,DOMONI,KM115,NGADZALE,KM115_0002,OUTSA,2037,1174
KM,Comores,KM1,NDZUWANI,KM11,DOMONI,KM115,NGADZALE,KM115_0005,OUZINI,2037,2847
KM,Comores,KM1,NDZUWANI,KM11,DOMONI,KM115,NGADZALE,KM153_0014,SALAMANI,2037,3445
KM,Comores,KM1,NDZUWANI,KM16,MOYA,KM151,MOYA,KM151_0002,KOWET,2037,3399
KM,Comores,KM1,NDZUWANI,KM16,MOYA,KM151,MOYA,KM151_0005,LINGONI,2037,8002
KM,Comores,KM1,NDZUWANI,KM16,MOYA,KM151,MOYA,KM151_0007,MAWENI,2037,1284
KM,Comores,KM1,NDZUWANI,KM16,MOYA,KM151,MOYA,KM151_0001,MOYA,2037,14650
KM,Comores,KM1,NDZUWANI,KM16,MOYA,KM151,MOYA,KM151_0004,NINDRI,2037,4972
KM,Comores,KM1,NDZUWANI,KM16,MOYA,KM151,MOYA,KM151_0003,POMONI,2037,6855
KM,Comores,KM1,NDZUWANI,KM12,MREMANI,KM121,ADDA,KM121_0001,ADDA DAWENI,2037,18715
KM,Comores,KM1,NDZUWANI,KM12,MREMANI,KM121,ADDA,KM121_0002,DJANZA,2037,1341
KM,Comores,KM1,NDZUWANI,KM12,MREMANI,KM121,ADDA,KM121_0005,KANGANI,2037,7960
KM,Comores,KM1,NDZUWANI,KM12,MREMANI,KM121,ADDA,KM121_0003,MAGNASSINI,2037,7028
KM,Comores,KM1,NDZUWANI,KM12,MREMANI,KM123,MRAMANI,KM123_0004,DZIANII,2037,3167
KM,Comores,KM1,NDZUWANI,KM12,MREMANI,KM123,MRAMANI,KM123_0002,HANTSAHII,2037,2392
KM,Comores,KM1,NDZUWANI,KM12,MREMANI,KM123,MRAMANI,KM123_0001,MRAMANI,2037,6646
KM,Comores,KM1,NDZUWANI,KM12,MREMANI,KM123,MRAMANI,KM123_0003,NYAMBOIMRO,2037,3363
KM,Comores,KM1,NDZUWANI,KM12,MREMANI,KM124,MREMANI,KM124_0002,BANDA KOUNI,2037,6045
KM,Comores,KM1,NDZUWANI,KM12,MREMANI,KM124,MREMANI,KM124_0004,DAJI,2037,5053
KM,Comores,KM1,NDZUWANI,KM12,MREMANI,KM124,MREMANI,KM124_0001,MREMANI,2037,8968
KM,Comores,KM1,NDZUWANI,KM12,MREMANI,KM124,MREMANI,KM124_0003,MRIDJOU,2037,5671
KM,Comores,KM1,NDZUWANI,KM12,MREMANI,KM125,ONGOJOU,KM125_0002,KIYO,2037,2675
KM,Comores,KM1,NDZUWANI,KM12,MREMANI,KM125,ONGOJOU,KM125_0003,KOMONI,2037,4383
KM,Comores,KM1,NDZUWANI,KM12,MREMANI,KM125,ONGOJOU,KM125_0004,MIRONDRONI,2037,658
KM,Comores,KM1,NDZUWANI,KM12,MREMANI,KM125,ONGOJOU,KM125_0001,ONGODJOU,2037,10331
KM,Comores,KM1,NDZUWANI,KM12,MREMANI,KM125,ONGOJOU,KM125_0005,TRINDRINI,2037,259
KM,Comores,KM1,NDZUWANI,KM12,MREMANI,KM122,SHAWENI,KM122_0002,HAMCHACO,2037,3148
KM,Comores,KM1,NDZUWANI,KM12,MREMANI,KM122,SHAWENI,KM122_0005,MNADZICHOUMWE,2037,1632
KM,Comores,KM1,NDZUWANI,KM12,MREMANI,KM122,SHAWENI,KM122_0004,NOUNGA,2037,705
KM,Comores,KM1,NDZUWANI,KM12,MREMANI,KM122,SHAWENI,KM122_0003,SADAPOINI,2037,4773
KM,Comores,KM1,NDZUWANI,KM12,MREMANI,KM122,SHAWENI,KM122_0001,SHAWENI,2037,1750
KM,Comores,KM1,NDZUWANI,KM13,MUTSAMUDU,KM131,BANDRANI YA CHIRONKAMBA,KM131_0002,ANKIBANI,2037,3515
KM,Comores,KM1,NDZUWANI,KM13,MUTSAMUDU,KM131,BANDRANI YA CHIRONKAMBA,KM131_0008,BANDRADJOU,2037,2988
KM,Comores,KM1,NDZUWANI,KM13,MUTSAMUDU,KM131,BANDRANI YA CHIRONKAMBA,KM131_0006,CHICONI 2,2037,222
KM,Comores,KM1,NDZUWANI,KM13,MUTSAMUDU,KM131,BANDRANI YA CHIRONKAMBA,KM131_0003,CHIRONKAMBA,2037,3251
KM,Comores,KM1,NDZUWANI,KM13,MUTSAMUDU,KM131,BANDRANI YA CHIRONKAMBA,KM151_0007,MAWENI,2037,1301
KM,Comores,KM1,NDZUWANI,KM13,MUTSAMUDU,KM131,BANDRANI YA CHIRONKAMBA,KM131_0001,MDJIMANDRA,2037,4450
KM,Comores,KM1,NDZUWANI,KM13,MUTSAMUDU,KM131,BANDRANI YA CHIRONKAMBA,KM131_0007,MPOUZINI,2037,102
KM,Comores,KM1,NDZUWANI,KM13,MUTSAMUDU,KM132,Commune BANDRANI YA MITSANGANI,KM132_0001,BANDRANI MTSANGANI,2037,3133
KM,Comores,KM1,NDZUWANI,KM13,MUTSAMUDU,KM132,Commune BANDRANI YA MITSANGANI,KM132_0002,CHITROUNI,2037,2032
KM,Comores,KM1,NDZUWANI,KM13,MUTSAMUDU,KM132,Commune BANDRANI YA MITSANGANI,KM132_0004,MDJAMAOUE,2037,2798
KM,Comores,KM1,NDZUWANI,KM13,MUTSAMUDU,KM132,Commune BANDRANI YA MITSANGANI,KM132_0003,SAANDANI,2037,3712
KM,Comores,KM1,NDZUWANI,KM13,MUTSAMUDU,KM133,MIRONTSI,KM133_0001,MIRONTSI,2037,19692
KM,Comores,KM1,NDZUWANI,KM13,MUTSAMUDU,KM134,MUTSAMUDU,KM134_0005,CHICONI1,2037,6
KM,Comores,KM1,NDZUWANI,KM13,MUTSAMUDU,KM134,MUTSAMUDU,KM134_0001,MUTSAMUDU,2037,43333
KM,Comores,KM1,NDZUWANI,KM13,MUTSAMUDU,KM134,MUTSAMUDU,KM134_0003,MWAMWA I,2037,3081
KM,Comores,KM1,NDZUWANI,KM13,MUTSAMUDU,KM134,MUTSAMUDU,KM134_0004,MWAMWA II,2037,1297
KM,Comores,KM1,NDZUWANI,KM13,MUTSAMUDU,KM134,MUTSAMUDU,KM134_0002,PAJE,2037,9646
KM,Comores,KM1,NDZUWANI,KM14,OUANI,KM141,BAMBAO MTROUNI,KM141_0003,CHANDRA,2037,8141
KM,Comores,KM1,NDZUWANI,KM14,OUANI,KM141,BAMBAO MTROUNI,KM141_0002,DINDRI,2037,16946
KM,Comores,KM1,NDZUWANI,KM14,OUANI,KM141,BAMBAO MTROUNI,KM141_0001,TSEMBEHOU,2037,20736
KM,Comores,KM1,NDZUWANI,KM14,OUANI,KM142,BAZIMINI,KM142_0001,BAZIMINI,2037,13552
KM,Comores,KM1,NDZUWANI,KM14,OUANI,KM142,BAZIMINI,KM142_0002,KOKI,2037,10297
KM,Comores,KM1,NDZUWANI,KM14,OUANI,KM142,BAZIMINI,KM142_0003,PATSY,2037,6333
KM,Comores,KM1,NDZUWANI,KM14,OUANI,KM143,OUANI,KM143_0003,BARAKANI,2037,11518
KM,Comores,KM1,NDZUWANI,KM14,OUANI,KM143,OUANI,KM143_0004,GNATRANGA,2037,5362
KM,Comores,KM1,NDZUWANI,KM14,OUANI,KM143,OUANI,KM143_0001,OUANI,2037,16600
KM,Comores,KM1,NDZUWANI,KM14,OUANI,KM143,OUANI,KM143_0005,TANAMBAO,2037,3432
KM,Comores,KM1,NDZUWANI,KM15,SIMA,KM152,SIMA,KM152_0003,BIMBINI,2037,2889
KM,Comores,KM1,NDZUWANI,KM15,SIMA,KM152,SIMA,KM152_0004,BOUNGOUENI,2037,5766
KM,Comores,KM1,NDZUWANI,KM15,SIMA,KM152,SIMA,KM152_0002,KAVANI,2037,3513
KM,Comores,KM1,NDZUWANI,KM15,SIMA,KM152,SIMA,KM234_0004,MILEMBENI,2037,1176
KM,Comores,KM1,NDZUWANI,KM15,SIMA,KM152,SIMA,KM152_0005,MIRONGANI,2037,2360
KM,Comores,KM1,NDZUWANI,KM15,SIMA,KM152,SIMA,KM232_0003,SIMA,2037,9009
KM,Comores,KM1,NDZUWANI,KM15,SIMA,KM153,VOUANI,KM153_0010,BANDRANI YA VOUANI,2037,2726
KM,Comores,KM1,NDZUWANI,KM15,SIMA,KM153,VOUANI,KM153_0011,CHIROVE,2037,427
KM,Comores,KM1,NDZUWANI,KM15,SIMA,KM153,VOUANI,KM153_0009,DAR SALAMA,2037,2174
KM,Comores,KM1,NDZUWANI,KM15,SIMA,KM153,VOUANI,KM153_0007,DZINDRI I,2037,4104
KM,Comores,KM1,NDZUWANI,KM15,SIMA,KM153,VOUANI,KM153_0003,HASSIMPAO,2037,2480
KM,Comores,KM1,NDZUWANI,KM15,SIMA,KM153,VOUANI,KM153_0006,IMERE,2037,725
KM,Comores,KM1,NDZUWANI,KM15,SIMA,KM153,VOUANI,KM153_0015,IMERE YA GAWANI,2037,1200
KM,Comores,KM1,NDZUWANI,KM15,SIMA,KM153,VOUANI,KM153_0002,MARAHARE,2037,3185
KM,Comores,KM1,NDZUWANI,KM15,SIMA,KM153,VOUANI,KM153_0012,MARONTRONI,2037,658
KM,Comores,KM1,NDZUWANI,KM15,SIMA,KM153,VOUANI,KM153_0001,MROMOUHOULI,2037,982
KM,Comores,KM1,NDZUWANI,KM15,SIMA,KM153,VOUANI,KM153_0014,SALAMANI,2037,658
KM,Comores,KM1,NDZUWANI,KM15,SIMA,KM153,VOUANI,KM153_0004,SHITSANGASHELI,2037,251
KM,Comores,KM1,NDZUWANI,KM15,SIMA,KM153,VOUANI,KM153_0005,VASSI,2037,2093
KM,Comores,KM1,NDZUWANI,KM15,SIMA,KM153,VOUANI,KM153_0008,VOUANI,2037,5545
KM,Comores,KM2,NGAZIDJA,KM21,HAMAHAMET MBOINKOU,KM211,MBOINKOU,KM211_0008,BANDAMADJI LA MBOIKOU,2037,1093
KM,Comores,KM2,NGAZIDJA,KM21,HAMAHAMET MBOINKOU,KM211,MBOINKOU,KM211_0004,CHEZANI,2037,4202
KM,Comores,KM2,NGAZIDJA,KM21,HAMAHAMET MBOINKOU,KM211,MBOINKOU,KM211_0007,HANTSINDZI,2037,3247
KM,Comores,KM2,NGAZIDJA,KM21,HAMAHAMET MBOINKOU,KM211,MBOINKOU,KM211_0001,MADJEOUENI,2037,2718
KM,Comores,KM2,NGAZIDJA,KM21,HAMAHAMET MBOINKOU,KM211,MBOINKOU,KM211_0005,NDROUDE,2037,3183
KM,Comores,KM2,NGAZIDJA,KM21,HAMAHAMET MBOINKOU,KM211,MBOINKOU,KM211_0006,NIOUMAMILIMA,2037,2062
KM,Comores,KM2,NGAZIDJA,KM21,HAMAHAMET MBOINKOU,KM211,MBOINKOU,KM211_0002,SADANI YA MBOIKOU,2037,954
KM,Comores,KM2,NGAZIDJA,KM21,HAMAHAMET MBOINKOU,KM211,MBOINKOU,KM211_0003,TRELEZINI,2037,844
KM,Comores,KM2,NGAZIDJA,KM21,HAMAHAMET MBOINKOU,KM212,NYUMA MRO,KM212_0005,BAMBADJANI,2037,1898
KM,Comores,KM2,NGAZIDJA,KM21,HAMAHAMET MBOINKOU,KM212,NYUMA MRO,KM212_0001,DIMADJOU YA HAMAHAMET,2037,3696
KM,Comores,KM2,NGAZIDJA,KM21,HAMAHAMET MBOINKOU,KM212,NYUMA MRO,KM212_0009,HADJAMBOU,2037,1956
KM,Comores,KM2,NGAZIDJA,KM21,HAMAHAMET MBOINKOU,KM212,NYUMA MRO,KM212_0007,ITSANDZENI,2037,2842
KM,Comores,KM2,NGAZIDJA,KM21,HAMAHAMET MBOINKOU,KM212,NYUMA MRO,KM212_0010,MBATSE YA HAMAHAMET,2037,356
KM,Comores,KM2,NGAZIDJA,KM21,HAMAHAMET MBOINKOU,KM212,NYUMA MRO,KM212_0003,MDJIHARI,2037,1007
KM,Comores,KM2,NGAZIDJA,KM21,HAMAHAMET MBOINKOU,KM212,NYUMA MRO,KM212_0004,MOIDJA,2037,3137
KM,Comores,KM2,NGAZIDJA,KM21,HAMAHAMET MBOINKOU,KM212,NYUMA MRO,KM212_0006,NGOLE,2037,580
KM,Comores,KM2,NGAZIDJA,KM21,HAMAHAMET MBOINKOU,KM212,NYUMA MRO,KM212_0002,NYADOMBWENI,2037,1548
KM,Comores,KM2,NGAZIDJA,KM21,HAMAHAMET MBOINKOU,KM212,NYUMA MRO,KM212_0008,OUELLAH YA HAMAHAMET,2037,1079
KM,Comores,KM2,NGAZIDJA,KM21,HAMAHAMET MBOINKOU,KM213,NYUMA MSIRU,KM213_0008,BATOU,2037,1052
KM,Comores,KM2,NGAZIDJA,KM21,HAMAHAMET MBOINKOU,KM213,NYUMA MSIRU,KM213_0006,BOUNI,2037,2197
KM,Comores,KM2,NGAZIDJA,KM21,HAMAHAMET MBOINKOU,KM213,NYUMA MSIRU,KM213_0007,HEROUMBILI,2037,2269
KM,Comores,KM2,NGAZIDJA,KM21,HAMAHAMET MBOINKOU,KM213,NYUMA MSIRU,KM213_0010,IFOUNDIHE YA HAMAHAMET,2037,1072
KM,Comores,KM2,NGAZIDJA,KM21,HAMAHAMET MBOINKOU,KM213,NYUMA MSIRU,KM213_0009,KOURANI YA HAMAHAMET,2037,204
KM,Comores,KM2,NGAZIDJA,KM21,HAMAHAMET MBOINKOU,KM213,NYUMA MSIRU,KM213_0001,MBENI,2037,8109
KM,Comores,KM2,NGAZIDJA,KM21,HAMAHAMET MBOINKOU,KM213,NYUMA MSIRU,KM213_0011,MNOUNGOU,2037,1931
KM,Comores,KM2,NGAZIDJA,KM21,HAMAHAMET MBOINKOU,KM213,NYUMA MSIRU,KM213_0004,SADA CHIHOUWE,2037,1235
KM,Comores,KM2,NGAZIDJA,KM21,HAMAHAMET MBOINKOU,KM213,NYUMA MSIRU,KM213_0005,SADA MHUWAMBOI,2037,313
KM,Comores,KM2,NGAZIDJA,KM21,HAMAHAMET MBOINKOU,KM213,NYUMA MSIRU,KM213_0003,SALIMANI YA HAMAHAMET,2037,974
KM,Comores,KM2,NGAZIDJA,KM21,HAMAHAMET MBOINKOU,KM213,NYUMA MSIRU,KM213_0002,SELEANI,2037,2197
KM,Comores,KM2,NGAZIDJA,KM22,HAMBOU,KM221,DJOUMOIPANGUA,KM221_0004,BAMBANI,2037,1969
KM,Comores,KM2,NGAZIDJA,KM22,HAMBOU,KM221,DJOUMOIPANGUA,KM221_0005,DZAHADJOU,2037,3354
KM,Comores,KM2,NGAZIDJA,KM22,HAMBOU,KM221,DJOUMOIPANGUA,KM221_0003,HETSA,2037,1320
KM,Comores,KM2,NGAZIDJA,KM22,HAMBOU,KM221,DJOUMOIPANGUA,KM221_0002,MDJOIEZI,2037,4768
KM,Comores,KM2,NGAZIDJA,KM22,HAMBOU,KM221,DJOUMOIPANGUA,KM221_0001,SINGANI,2037,3348
KM,Comores,KM2,NGAZIDJA,KM22,HAMBOU,KM222,TSINIMOIPANGUA,KM222_0005,BANGOI,2037,4475
KM,Comores,KM2,NGAZIDJA,KM22,HAMBOU,KM222,TSINIMOIPANGUA,KM222_0003,CHOUANI,2037,4097
KM,Comores,KM2,NGAZIDJA,KM22,HAMBOU,KM222,TSINIMOIPANGUA,KM222_0004,DJOUMOICHONGO,2037,2427
KM,Comores,KM2,NGAZIDJA,KM22,HAMBOU,KM222,TSINIMOIPANGUA,KM222_0001,MITSOUDJE,2037,5916
KM,Comores,KM2,NGAZIDJA,KM22,HAMBOU,KM222,TSINIMOIPANGUA,KM222_0006,NKOMIONI,2037,881
KM,Comores,KM2,NGAZIDJA,KM22,HAMBOU,KM222,TSINIMOIPANGUA,KM222_0007,SALIMANI,2037,3095
KM,Comores,KM2,NGAZIDJA,KM22,HAMBOU,KM222,TSINIMOIPANGUA,KM222_0002,TROUMBENI,2037,367
KM,Comores,KM2,NGAZIDJA,KM23,ITSANDRA HAMANVOU,KM231,BANGAANI,KM231_0007,BANDAMADJI LA ITSANDRA,2037,1449
KM,Comores,KM2,NGAZIDJA,KM23,ITSANDRA HAMANVOU,KM231,BANGAANI,KM231_0008,DIMADJOU YA ITSANDRA,2037,2246
KM,Comores,KM2,NGAZIDJA,KM23,ITSANDRA HAMANVOU,KM231,BANGAANI,KM231_0004,DZAHANI LA TSIDJE,2037,12491
KM,Comores,KM2,NGAZIDJA,KM23,ITSANDRA HAMANVOU,KM231,BANGAANI,KM231_0001,ITSANDRA MDJINI,2037,5176
KM,Comores,KM2,NGAZIDJA,KM23,ITSANDRA HAMANVOU,KM231,BANGAANI,KM231_0005,MAOUENI YA ITSANDRA,2037,1303
KM,Comores,KM2,NGAZIDJA,KM23,ITSANDRA HAMANVOU,KM231,BANGAANI,KM231_0006,MIRONTSI YA ITSANDRA,2037,693
KM,Comores,KM2,NGAZIDJA,KM23,ITSANDRA HAMANVOU,KM231,BANGAANI,KM231_0002,SALIMANI YA ITSANDRA,2037,5057
KM,Comores,KM2,NGAZIDJA,KM23,ITSANDRA HAMANVOU,KM231,BANGAANI,KM231_0003,SAMBA MBODONI,2037,2195
KM,Comores,KM2,NGAZIDJA,KM23,ITSANDRA HAMANVOU,KM232,DJOUMOICHONGO,KM232_0002,BAHANI,2037,2875
KM,Comores,KM2,NGAZIDJA,KM23,ITSANDRA HAMANVOU,KM232,DJOUMOICHONGO,KM232_0001,DZAHANI II,2037,2315
KM,Comores,KM2,NGAZIDJA,KM23,ITSANDRA HAMANVOU,KM232,DJOUMOICHONGO,KM232_0004,OUELLAH YA ITSANDRA,2037,2010
KM,Comores,KM2,NGAZIDJA,KM23,ITSANDRA HAMANVOU,KM232,DJOUMOICHONGO,KM232_0005,SAMBA KOUNI,2037,3237
KM,Comores,KM2,NGAZIDJA,KM23,ITSANDRA HAMANVOU,KM232,DJOUMOICHONGO,KM232_0003,SIMA,2037,1332
KM,Comores,KM2,NGAZIDJA,KM23,ITSANDRA HAMANVOU,KM233,HAMANVOU,KM233_0008,BIBAVOU,2037,1759
KM,Comores,KM2,NGAZIDJA,KM23,ITSANDRA HAMANVOU,KM233,HAMANVOU,KM233_0002,BOENINDI,2037,1221
KM,Comores,KM2,NGAZIDJA,KM23,ITSANDRA HAMANVOU,KM233,HAMANVOU,KM233_0007,DIBOINI,2037,2280
KM,Comores,KM2,NGAZIDJA,KM23,ITSANDRA HAMANVOU,KM233,HAMANVOU,KM233_0001,HAHAYA,2037,7257
KM,Comores,KM2,NGAZIDJA,KM23,ITSANDRA HAMANVOU,KM233,HAMANVOU,KM233_0004,MBALENI,2037,293
KM,Comores,KM2,NGAZIDJA,KM23,ITSANDRA HAMANVOU,KM233,HAMANVOU,KM233_0003,MBAMBANI YA HAMANVOU,2037,1102
KM,Comores,KM2,NGAZIDJA,KM23,ITSANDRA HAMANVOU,KM233,HAMANVOU,KM233_0006,MBANGANI,2037,2336
KM,Comores,KM2,NGAZIDJA,KM23,ITSANDRA HAMANVOU,KM233,HAMANVOU,KM233_0009,MILEVANI,2037,1945
KM,Comores,KM2,NGAZIDJA,KM23,ITSANDRA HAMANVOU,KM233,HAMANVOU,KM233_0005,OUSSIVO,2037,3613
KM,Comores,KM2,NGAZIDJA,KM23,ITSANDRA HAMANVOU,KM234,ISAHARI,KM234_0002,HANTSAMBOU,2037,2568
KM,Comores,KM2,NGAZIDJA,KM23,ITSANDRA HAMANVOU,KM234,ISAHARI,KM234_0004,MILEMBENI,2037,1566
KM,Comores,KM2,NGAZIDJA,KM23,ITSANDRA HAMANVOU,KM234,ISAHARI,KM234_0001,NTSOUDJINI,2037,6847
KM,Comores,KM2,NGAZIDJA,KM23,ITSANDRA HAMANVOU,KM234,ISAHARI,KM234_0005,ZIVANDANI,2037,2111
KM,Comores,KM2,NGAZIDJA,KM23,ITSANDRA HAMANVOU,KM235,MBADANI,KM235_0001,BATSA ITSANDRA,2037,4222
KM,Comores,KM2,NGAZIDJA,KM23,ITSANDRA HAMANVOU,KM235,MBADANI,KM235_0005,DZAHADJOU LA ITSANDRA,2037,2239
KM,Comores,KM2,NGAZIDJA,KM23,ITSANDRA HAMANVOU,KM235,MBADANI,KM235_0004,MHANDANI,2037,868
KM,Comores,KM2,NGAZIDJA,KM23,ITSANDRA HAMANVOU,KM235,MBADANI,KM235_0003,VANADJOU,2037,1521
KM,Comores,KM2,NGAZIDJA,KM23,ITSANDRA HAMANVOU,KM235,MBADANI,KM235_0002,VANAMBOINI,2037,3302
KM,Comores,KM2,NGAZIDJA,KM23,ITSANDRA HAMANVOU,KM235,MBADANI,KM235_0006,VOUNA MBADANI,2037,1240
KM,Comores,KM2,NGAZIDJA,KM24,MBADJINI EST,KM241,DOMBA,KM241_0002,BANDADAOUENI,2037,2380
KM,Comores,KM2,NGAZIDJA,KM24,MBADJINI EST,KM241,DOMBA,KM241_0001,BANDAMADJI LADOMBA,2037,1678
KM,Comores,KM2,NGAZIDJA,KM24,MBADJINI EST,KM241,DOMBA,KM241_0004,OUNGONI,2037,1583
KM,Comores,KM2,NGAZIDJA,KM24,MBADJINI EST,KM241,DOMBA,KM264_0004,PIDJANI,2037,3419
KM,Comores,KM2,NGAZIDJA,KM24,MBADJINI EST,KM241,DOMBA,KM241_0003,TSINIMOIPANGA,2037,3849
KM,Comores,KM2,NGAZIDJA,KM24,MBADJINI EST,KM242,ITSAHIDI,KM242_0007,CHINDINI,2037,2711
KM,Comores,KM2,NGAZIDJA,KM24,MBADJINI EST,KM242,ITSAHIDI,KM242_0009,DZAHADJOU LA MBADJINI,2037,1762
KM,Comores,KM2,NGAZIDJA,KM24,MBADJINI EST,KM242,ITSAHIDI,KM242_0001,FOUMBOUNI,2037,4034
KM,Comores,KM2,NGAZIDJA,KM24,MBADJINI EST,KM242,ITSAHIDI,KM242_0002,KOIMBANI LA MBADJINI,2037,699
KM,Comores,KM2,NGAZIDJA,KM24,MBADJINI EST,KM242,ITSAHIDI,KM242_0003,MALE,2037,3587
KM,Comores,KM2,NGAZIDJA,KM24,MBADJINI EST,KM242,ITSAHIDI,KM242_0004,MIDJENDJENI,2037,652
KM,Comores,KM2,NGAZIDJA,KM24,MBADJINI EST,KM242,ITSAHIDI,KM242_0010,MOHORO,2037,3389
KM,Comores,KM2,NGAZIDJA,KM24,MBADJINI EST,KM242,ITSAHIDI,KM242_0006,NDZOUANI,2037,321
KM,Comores,KM2,NGAZIDJA,KM24,MBADJINI EST,KM242,ITSAHIDI,KM242_0011,NGNOUMADZHA MVOUBARI,2037,3218
KM,Comores,KM2,NGAZIDJA,KM24,MBADJINI EST,KM242,ITSAHIDI,KM242_0005,OUROVENI,2037,2235
KM,Comores,KM2,NGAZIDJA,KM24,MBADJINI EST,KM242,ITSAHIDI,KM242_0008,SIMAMBOINI,2037,1472
KM,Comores,KM2,NGAZIDJA,KM24,MBADJINI EST,KM243,PIMBA,KM243_0004,BANDAMADJI LA KOUBOINI,2037,1200
KM,Comores,KM2,NGAZIDJA,KM24,MBADJINI EST,KM243,PIMBA,KM243_0005,DARISSALAMA,2037,821
KM,Comores,KM2,NGAZIDJA,KM24,MBADJINI EST,KM243,PIMBA,KM243_0009,DIDJONI,2037,930
KM,Comores,KM2,NGAZIDJA,KM24,MBADJINI EST,KM243,PIMBA,KM243_0002,INANI,2037,1385
KM,Comores,KM2,NGAZIDJA,KM24,MBADJINI EST,KM243,PIMBA,KM243_0010,KOVE,2037,1344
KM,Comores,KM2,NGAZIDJA,KM24,MBADJINI EST,KM243,PIMBA,KM243_0006,MLALOI NKOUDJOU,2037,1676
KM,Comores,KM2,NGAZIDJA,KM24,MBADJINI EST,KM243,PIMBA,KM243_0003,NGNAMBENI,2037,2742
KM,Comores,KM2,NGAZIDJA,KM24,MBADJINI EST,KM243,PIMBA,KM243_0007,NGNOUMA MILIMA,2037,4703
KM,Comores,KM2,NGAZIDJA,KM24,MBADJINI EST,KM243,PIMBA,KM243_0008,NKOURANI MKANGA,2037,992
KM,Comores,KM2,NGAZIDJA,KM24,MBADJINI EST,KM243,PIMBA,KM243_0001,SIMBOUSSA YA MBADJINI,2037,3062
KM,Comores,KM2,NGAZIDJA,KM25,MBADJINI OUEST,KM251,NGOUENGOE,KM251_0001,DEMBENI,2037,3387
KM,Comores,KM2,NGAZIDJA,KM25,MBADJINI OUEST,KM251,NGOUENGOE,KM251_0011,ITSOUDZOU,2037,356
KM,Comores,KM2,NGAZIDJA,KM25,MBADJINI OUEST,KM251,NGOUENGOE,KM251_0009,KANDZILE,2037,1921
KM,Comores,KM2,NGAZIDJA,KM25,MBADJINI OUEST,KM251,NGOUENGOE,KM251_0010,MAKORANI,2037,70
KM,Comores,KM2,NGAZIDJA,KM25,MBADJINI OUEST,KM251,NGOUENGOE,KM251_0007,MANDZISSANI,2037,788
KM,Comores,KM2,NGAZIDJA,KM25,MBADJINI OUEST,KM251,NGOUENGOE,KM251_0003,MBOUDE YA MBOINI,2037,884
KM,Comores,KM2,NGAZIDJA,KM25,MBADJINI OUEST,KM251,NGOUENGOE,KM251_0002,MDJAMKAGNOI,2037,1428
KM,Comores,KM2,NGAZIDJA,KM25,MBADJINI OUEST,KM251,NGOUENGOE,KM251_0006,MINDRADOU,2037,694
KM,Comores,KM2,NGAZIDJA,KM25,MBADJINI OUEST,KM251,NGOUENGOE,KM251_0004,MLIMANI,2037,296
KM,Comores,KM2,NGAZIDJA,KM25,MBADJINI OUEST,KM251,NGOUENGOE,KM251_0005,PANDA,2037,1303
KM,Comores,KM2,NGAZIDJA,KM25,MBADJINI OUEST,KM251,NGOUENGOE,KM251_0008,TSINI MOICHONGO,2037,3492
KM,Comores,KM2,NGAZIDJA,KM25,MBADJINI OUEST,KM252,NIOUMAGAMA,KM252_0004,DIMA,2037,849
KM,Comores,KM2,NGAZIDJA,KM25,MBADJINI OUEST,KM252,NIOUMAGAMA,KM252_0007,DOMONI,2037,1216
KM,Comores,KM2,NGAZIDJA,KM25,MBADJINI OUEST,KM252,NIOUMAGAMA,KM252_0008,DZOIDJOU,2037,1086
KM,Comores,KM2,NGAZIDJA,KM25,MBADJINI OUEST,KM252,NIOUMAGAMA,KM252_0009,FAMARE,2037,797
KM,Comores,KM2,NGAZIDJA,KM25,MBADJINI OUEST,KM252,NIOUMAGAMA,KM252_0002,IFOUNDIHE CHADJOU,2037,348
KM,Comores,KM2,NGAZIDJA,KM25,MBADJINI OUEST,KM252,NIOUMAGAMA,KM252_0003,IFOUNDIHE CHAMBOINI,2037,1630
KM,Comores,KM2,NGAZIDJA,KM25,MBADJINI OUEST,KM252,NIOUMAGAMA,KM252_0005,NKOURANI YA SIMA,2037,13377
KM,Comores,KM2,NGAZIDJA,KM25,MBADJINI OUEST,KM252,NIOUMAGAMA,KM252_0001,OUZIOINI,2037,3398
KM,Comores,KM2,NGAZIDJA,KM26,MBOUDE,KM265,NYUMAMRO KIBLANI,KM265_0002,CHAMLE,2037,2219
KM,Comores,KM2,NGAZIDJA,KM26,MBOUDE,KM265,NYUMAMRO KIBLANI,KM265_0001,DJOMANI,2037,5355
KM,Comores,KM2,NGAZIDJA,KM26,MBOUDE,KM265,NYUMAMRO KIBLANI,KM265_0007,DOUNIANI,2037,2951
KM,Comores,KM2,NGAZIDJA,KM26,MBOUDE,KM265,NYUMAMRO KIBLANI,KM265_0006,HELINDJE,2037,2883
KM,Comores,KM2,NGAZIDJA,KM26,MBOUDE,KM265,NYUMAMRO KIBLANI,KM265_0009,KOUA,2037,1079
KM,Comores,KM2,NGAZIDJA,KM26,MBOUDE,KM265,NYUMAMRO KIBLANI,KM265_0004,MANDZA YA MBOUDE,2037,2575
KM,Comores,KM2,NGAZIDJA,KM26,MBOUDE,KM265,NYUMAMRO KIBLANI,KM265_0005,MDJOIEZI YA MBOUNDE,2037,1308
KM,Comores,KM2,NGAZIDJA,KM26,MBOUDE,KM265,NYUMAMRO KIBLANI,KM265_0003,VOUVOUNI YA MBOUNDE,2037,750
KM,Comores,KM2,NGAZIDJA,KM26,MBOUDE,KM266,NYUMAMRO SOUHEILI,KM266_0003,DJONGOE,2037,1401
KM,Comores,KM2,NGAZIDJA,KM26,MBOUDE,KM266,NYUMAMRO SOUHEILI,KM266_0007,DOMOIDJOU,2037,1450
KM,Comores,KM2,NGAZIDJA,KM26,MBOUDE,KM266,NYUMAMRO SOUHEILI,KM266_0008,DOMOIMBOINI,2037,699
KM,Comores,KM2,NGAZIDJA,KM26,MBOUDE,KM266,NYUMAMRO SOUHEILI,KM266_0002,IVEMBENI,2037,6235
KM,Comores,KM2,NGAZIDJA,KM26,MBOUDE,KM266,NYUMAMRO SOUHEILI,KM266_0004,MAOUENI YA MBOUDE,2037,1969
KM,Comores,KM2,NGAZIDJA,KM26,MBOUDE,KM266,NYUMAMRO SOUHEILI,KM266_0009,MOIDJA YA MBOUDE,2037,909
KM,Comores,KM2,NGAZIDJA,KM26,MBOUDE,KM266,NYUMAMRO SOUHEILI,KM266_0001,NTSAOUENI,2037,5124
KM,Comores,KM2,NGAZIDJA,KM26,MBOUDE,KM266,NYUMAMRO SOUHEILI,KM266_0006,NTSORALE YA MBOUDE,2037,1066
KM,Comores,KM2,NGAZIDJA,KM26,MBOUDE,KM266,NYUMAMRO SOUHEILI,KM266_0005,SIMBOUSSA YA MBOUDE,2037,519
KM,Comores,KM2,NGAZIDJA,KM26,MITSAMIOULI,KM261,CEMBENOI LAC SALE,KM261_0001,BANGOIKOUNI,2037,3960
KM,Comores,KM2,NGAZIDJA,KM26,MITSAMIOULI,KM261,CEMBENOI LAC SALE,KM261_0002,BATSA YA MITSAMIHOULI,2037,1882
KM,Comores,KM2,NGAZIDJA,KM26,MITSAMIOULI,KM261,CEMBENOI LAC SALE,KM261_0004,IVOINI,2037,2530
KM,Comores,KM2,NGAZIDJA,KM26,MITSAMIOULI,KM261,CEMBENOI LAC SALE,KM261_0003,OUZIO,2037,4162
KM,Comores,KM2,NGAZIDJA,KM26,MITSAMIOULI,KM262,CEMBENOI SADA DJOULAMLIMA,KM265_0009,KOUA,2037,2380
KM,Comores,KM2,NGAZIDJA,KM26,MITSAMIOULI,KM262,CEMBENOI SADA DJOULAMLIMA,KM262_0004,OUELLAH YA MITSAMIHOULI,2037,6677
KM,Comores,KM2,NGAZIDJA,KM26,MITSAMIOULI,KM262,CEMBENOI SADA DJOULAMLIMA,KM262_0001,OUEMANI,2037,1023
KM,Comores,KM2,NGAZIDJA,KM26,MITSAMIOULI,KM263,MITSAMIOULI,KM263_0003,FASSI,2037,620
KM,Comores,KM2,NGAZIDJA,KM26,MITSAMIOULI,KM263,MITSAMIOULI,KM263_0002,HADAWA,2037,904
KM,Comores,KM2,NGAZIDJA,KM26,MITSAMIOULI,KM263,MITSAMIOULI,KM263_0001,MEMBOI - BOINI,2037,1368
KM,Comores,KM2,NGAZIDJA,KM26,MITSAMIOULI,KM263,MITSAMIOULI,KM263_0004,MITSAMIHOULI,2037,7960
KM,Comores,KM2,NGAZIDJA,KM26,MITSAMIOULI,KM263,MITSAMIOULI,KM263_0006,NDZAOUZE,2037,4147
KM,Comores,KM2,NGAZIDJA,KM26,MITSAMIOULI,KM263,MITSAMIOULI,KM263_0005,NKOURANI YA MITSAMIHOULI,2037,510
KM,Comores,KM2,NGAZIDJA,KM26,MITSAMIOULI,KM264,NYUMA KOMO,KM264_0001,BANGOI MAFUSA NKOA,2037,1047
KM,Comores,KM2,NGAZIDJA,KM26,MITSAMIOULI,KM264,NYUMA KOMO,KM264_0008,FOUNGA,2037,1456
KM,Comores,KM2,NGAZIDJA,KM26,MITSAMIOULI,KM264,NYUMA KOMO,KM264_0002,MEMBOI - DJOU,2037,2549
KM,Comores,KM2,NGAZIDJA,KM26,MITSAMIOULI,KM264,NYUMA KOMO,KM264_0007,NTSADJENI,2037,2668
KM,Comores,KM2,NGAZIDJA,KM26,MITSAMIOULI,KM264,NYUMA KOMO,KM264_0009,OUHOZI,2037,1904
KM,Comores,KM2,NGAZIDJA,KM26,MITSAMIOULI,KM264,NYUMA KOMO,KM264_0004,PIDJANI,2037,927
KM,Comores,KM2,NGAZIDJA,KM26,MITSAMIOULI,KM264,NYUMA KOMO,KM264_0005,SONGOMANI,2037,743
KM,Comores,KM2,NGAZIDJA,KM26,MITSAMIOULI,KM264,NYUMA KOMO,KM264_0006,TOIYFA,2037,746
KM,Comores,KM2,NGAZIDJA,KM27,MORONI BAMBAO,KM273,BAMBAO YA DJOU,KM273_0002,M'VOUNI,2037,8503
KM,Comores,KM2,NGAZIDJA,KM27,MORONI BAMBAO,KM273,BAMBAO YA DJOU,KM273_0003,MAVINGOUNI,2037,2793
KM,Comores,KM2,NGAZIDJA,KM27,MORONI BAMBAO,KM273,BAMBAO YA DJOU,KM273_0001,MKAZI,2037,10094
KM,Comores,KM2,NGAZIDJA,KM27,MORONI BAMBAO,KM271,BAMBAO YA HARI,KM271_0010,BOENI YA BAMBAO,2037,3299
KM,Comores,KM2,NGAZIDJA,KM27,MORONI BAMBAO,KM271,BAMBAO YA HARI,KM271_0007,DAOUENI,2037,601
KM,Comores,KM2,NGAZIDJA,KM27,MORONI BAMBAO,KM271,BAMBAO YA HARI,KM283_0003,DZAHANI,2037,1072
KM,Comores,KM2,NGAZIDJA,KM27,MORONI BAMBAO,KM271,BAMBAO YA HARI,KM271_0002,M'DE,2037,10311
KM,Comores,KM2,NGAZIDJA,KM27,MORONI BAMBAO,KM271,BAMBAO YA HARI,KM271_0006,MBOUDADJOU,2037,1632
KM,Comores,KM2,NGAZIDJA,KM27,MORONI BAMBAO,KM271,BAMBAO YA HARI,KM271_0005,MOIDZAZA DJOUMBE,2037,732
KM,Comores,KM2,NGAZIDJA,KM27,MORONI BAMBAO,KM271,BAMBAO YA HARI,KM271_0004,NIOUMADZAHA,2037,5095
KM,Comores,KM2,NGAZIDJA,KM27,MORONI BAMBAO,KM271,BAMBAO YA HARI,KM271_0003,SELEA,2037,3381
KM,Comores,KM2,NGAZIDJA,KM27,MORONI BAMBAO,KM271,BAMBAO YA HARI,KM271_0001,VOUVOUNI,2037,6855
KM,Comores,KM2,NGAZIDJA,KM27,MORONI BAMBAO,KM272,BAMBAO YA MBOINI,KM272_0001,ICONI,2037,8657
KM,Comores,KM2,NGAZIDJA,KM27,MORONI BAMBAO,KM272,BAMBAO YA MBOINI,KM272_0002,MBACHILE,2037,2654
KM,Comores,KM2,NGAZIDJA,KM27,MORONI BAMBAO,KM272,BAMBAO YA MBOINI,KM272_0003,MOIDZAZA - MBOINI,2037,4486
KM,Comores,KM2,NGAZIDJA,KM27,MORONI BAMBAO,KM272,BAMBAO YA MBOINI,KM272_0004,NDROUANI,2037,2176
KM,Comores,KM2,NGAZIDJA,KM27,MORONI BAMBAO,KM272,BAMBAO YA MBOINI,KM272_0005,SEREHINI,2037,1175
KM,Comores,KM2,NGAZIDJA,KM27,MORONI BAMBAO,KM274,MORONI,KM274_0001,MORONI,2037,118366
KM,Comores,KM2,NGAZIDJA,KM28,OICHILI DIMANI,KM281,DIMANI,KM281_0002,FOUMBOU DZIVOUNI,2037,704
KM,Comores,KM2,NGAZIDJA,KM28,OICHILI DIMANI,KM281,DIMANI,KM281_0007,IDJINKOUNDZI,2037,3824
KM,Comores,KM2,NGAZIDJA,KM28,OICHILI DIMANI,KM281,DIMANI,KM281_0006,IDJOINDRADJA,2037,299
KM,Comores,KM2,NGAZIDJA,KM28,OICHILI DIMANI,KM281,DIMANI,KM281_0005,MADJOMA,2037,863
KM,Comores,KM2,NGAZIDJA,KM28,OICHILI DIMANI,KM281,DIMANI,KM281_0008,MAOUENI DIMANI,2037,2371
KM,Comores,KM2,NGAZIDJA,KM28,OICHILI DIMANI,KM281,DIMANI,KM281_0003,MBOUDE,2037,1020
KM,Comores,KM2,NGAZIDJA,KM28,OICHILI DIMANI,KM281,DIMANI,KM281_0004,MIDJINDZE,2037,245
KM,Comores,KM2,NGAZIDJA,KM28,OICHILI DIMANI,KM281,DIMANI,KM281_0009,MIRERENI,2037,822
KM,Comores,KM2,NGAZIDJA,KM28,OICHILI DIMANI,KM281,DIMANI,KM281_0001,MTSANGADJOU,2037,2027
KM,Comores,KM2,NGAZIDJA,KM28,OICHILI DIMANI,KM281,DIMANI,KM281_0010,NTSORALE,2037,3873
KM,Comores,KM2,NGAZIDJA,KM28,OICHILI DIMANI,KM281,DIMANI,KM281_0012,REHEMANI,2037,634
KM,Comores,KM2,NGAZIDJA,KM28,OICHILI DIMANI,KM281,DIMANI,KM281_0011,SIDJOU,2037,1363
KM,Comores,KM2,NGAZIDJA,KM28,OICHILI DIMANI,KM283,OICHILI YABOINI,KM283_0003,DZAHANI,2037,1047
KM,Comores,KM2,NGAZIDJA,KM28,OICHILI DIMANI,KM283,OICHILI YABOINI,KM283_0006,HAMBOU,2037,1572
KM,Comores,KM2,NGAZIDJA,KM28,OICHILI DIMANI,KM283,OICHILI YABOINI,KM283_0007,HASSENDJE,2037,462
KM,Comores,KM2,NGAZIDJA,KM28,OICHILI DIMANI,KM283,OICHILI YABOINI,KM283_0001,ITSINKOUDI,2037,3865
KM,Comores,KM2,NGAZIDJA,KM28,OICHILI DIMANI,KM283,OICHILI YABOINI,KM283_0004,KOUHANI,2037,756
KM,Comores,KM2,NGAZIDJA,KM28,OICHILI DIMANI,KM283,OICHILI YABOINI,KM283_0005,MTSAMDU,2037,1827
KM,Comores,KM2,NGAZIDJA,KM28,OICHILI DIMANI,KM282,OICHILI YADJOU,KM282_0003,BOENI YAWACHILI,2037,1366
KM,Comores,KM2,NGAZIDJA,KM28,OICHILI DIMANI,KM282,OICHILI YADJOU,KM282_0009,CHAMRO,2037,250
KM,Comores,KM2,NGAZIDJA,KM28,OICHILI DIMANI,KM282,OICHILI YADJOU,KM282_0007,CHOMONI,2037,1290
KM,Comores,KM2,NGAZIDJA,KM28,OICHILI DIMANI,KM282,OICHILI YADJOU,KM282_0004,DZAHADJOU YA WACHILI,2037,1649
KM,Comores,KM2,NGAZIDJA,KM28,OICHILI DIMANI,KM282,OICHILI YADJOU,KM282_0002,IROHE,2037,1501
KM,Comores,KM2,NGAZIDJA,KM28,OICHILI DIMANI,KM282,OICHILI YADJOU,KM282_0001,KOIMBANI YA WACHILI,2037,4629
KM,Comores,KM2,NGAZIDJA,KM28,OICHILI DIMANI,KM282,OICHILI YADJOU,KM282_0005,SADA,2037,563
KM,Comores,KM2,NGAZIDJA,KM28,OICHILI DIMANI,KM282,OICHILI YADJOU,KM282_0006,SADANI,2037,973
KM,Comores,KM2,NGAZIDJA,KM28,OICHILI DIMANI,KM282,OICHILI YADJOU,KM282_0008,SAMBA MADI,2037,169
KM,Comores,KM2,NGAZIDJA,KM28,OICHILI DIMANI,KM282,OICHILI YADJOU,KM282_0010,SIMA YA WACHILI,2037,1623
KM,Comores,KM3,MWALI,KM31,DJANDO,KM311,DJANDO,KM311_0006,HAGNAMOIDA,2038,1412
KM,Comores,KM3,MWALI,KM31,DJANDO,KM311,DJANDO,KM311_0008,HAMAVOUNA,2038,2291
KM,Comores,KM3,MWALI,KM31,DJANDO,KM311,DJANDO,KM311_0007,ITSAMIA,2038,700
KM,Comores,KM3,MWALI,KM31,DJANDO,KM311,DJANDO,KM121_0005,KANGANI,2038,2345
KM,Comores,KM3,MWALI,KM31,DJANDO,KM311,DJANDO,KM311_0003,MLANBANDA,2038,703
KM,Comores,KM3,MWALI,KM31,DJANDO,KM311,DJANDO,KM311_0002,WANANI,2038,5686
KM,Comores,KM3,MWALI,KM31,DJANDO,KM311,DJANDO,KM311_0001,ZIROUDANI,2038,3017
KM,Comores,KM3,MWALI,KM32,FOMBONI,KM321,FOMBONI,KM321_0001,FOMBONI,2038,29876
KM,Comores,KM3,MWALI,KM32,FOMBONI,KM322,MOILI MDJINI,KM322_0002,BANDAR SALAMA,2038,4169
KM,Comores,KM3,MWALI,KM32,FOMBONI,KM322,MOILI MDJINI,KM322_0003,DJOIEZI,2038,5083
KM,Comores,KM3,MWALI,KM32,FOMBONI,KM322,MOILI MDJINI,KM322_0001,MBOIGOMA,2038,3551
KM,Comores,KM3,MWALI,KM32,FOMBONI,KM323,MOINBASSA,KM252_0007,DOMONI,2038,446
KM,Comores,KM3,MWALI,KM32,FOMBONI,KM323,MOINBASSA,KM323_0002,HOANI,2038,3800
KM,Comores,KM3,MWALI,KM32,FOMBONI,KM323,MOINBASSA,KM323_0001,M'BATSE,2038,6352
KM,Comores,KM3,MWALI,KM33,NIOUMACHOUA,KM331,MLEDJELE,KM331_0001,MIREMANI,2038,498
KM,Comores,KM3,MWALI,KM33,NIOUMACHOUA,KM331,MLEDJELE,KM331_0004,NDREMEANI,2038,98
KM,Comores,KM3,MWALI,KM33,NIOUMACHOUA,KM331,MLEDJELE,KM331_0002,NDRONDRONI,2038,7326
KM,Comores,KM3,MWALI,KM33,NIOUMACHOUA,KM331,MLEDJELE,KM331_0003,NIOUMACHOUA,2038,5752
KM,Comores,KM3,MWALI,KM33,NIOUMACHOUA,KM332,MOIMBAO,KM143_0003,BARAKANI,2038,1624
KM,Comores,KM3,MWALI,KM33,NIOUMACHOUA,KM332,MOIMBAO,KM332_0001,HAMBA,2038,420
KM,Comores,KM3,MWALI,KM33,NIOUMACHOUA,KM332,MOIMBAO,KM332_0004,MIRINGONI,2038,1740
KM,Comores,KM3,MWALI,KM33,NIOUMACHOUA,KM332,MOIMBAO,KM332_0005,WALLAH 1,2038,771
KM,Comores,KM3,MWALI,KM33,NIOUMACHOUA,KM332,MOIMBAO,KM332_0006,WALLAH 2,2038,1443
KM,Comores,KM1,NDZUWANI,KM11,DOMONI,KM111,BAMBAO MSTANGA,KM111_0001,BAMBAO MTSANGA,2038,8414
KM,Comores,KM1,NDZUWANI,KM11,DOMONI,KM111,BAMBAO MSTANGA,KM111_0004,MAHALE,2038,5978
KM,Comores,KM1,NDZUWANI,KM11,DOMONI,KM111,BAMBAO MSTANGA,KM111_0002,MROMAJI,2038,4642
KM,Comores,KM1,NDZUWANI,KM11,DOMONI,KM111,BAMBAO MSTANGA,KM111_0003,ONGONI,2038,3938
KM,Comores,KM1,NDZUWANI,KM11,DOMONI,KM112,DOMONI,KM112_0004,BWELADUGU,2038,1236
KM,Comores,KM1,NDZUWANI,KM11,DOMONI,KM112,DOMONI,KM252_0007,DOMONI,2038,20656
KM,Comores,KM1,NDZUWANI,KM11,DOMONI,KM112,DOMONI,KM112_0003,LIMBI,2038,4365
KM,Comores,KM1,NDZUWANI,KM11,DOMONI,KM113,JIMLIME,KM113_0003,HAJOHO,2038,6296
KM,Comores,KM1,NDZUWANI,KM11,DOMONI,KM113,JIMLIME,KM113_0001,HAREMBO I,2038,961
KM,Comores,KM1,NDZUWANI,KM11,DOMONI,KM113,JIMLIME,KM113_0002,HAREMBO II,2038,1614
KM,Comores,KM1,NDZUWANI,KM11,DOMONI,KM113,JIMLIME,KM113_0004,JIMLIME,2038,10318
KM,Comores,KM1,NDZUWANI,KM11,DOMONI,KM114,KONI,KM114_0004,GEGE,2038,1843
KM,Comores,KM1,NDZUWANI,KM11,DOMONI,KM114,KONI,KM114_0003,HACHIPENDA,2038,3114
KM,Comores,KM1,NDZUWANI,KM11,DOMONI,KM114,KONI,KM114_0001,KONI DJODJO,2038,18008
KM,Comores,KM1,NDZUWANI,KM11,DOMONI,KM114,KONI,KM114_0002,KONI NGANI,2038,8654
KM,Comores,KM1,NDZUWANI,KM11,DOMONI,KM115,NGADZALE,KM115_0001,NGADZALE,2038,9243
KM,Comores,KM1,NDZUWANI,KM11,DOMONI,KM115,NGADZALE,KM115_0002,OUTSA,2038,1199
KM,Comores,KM1,NDZUWANI,KM11,DOMONI,KM115,NGADZALE,KM115_0005,OUZINI,2038,2907
KM,Comores,KM1,NDZUWANI,KM11,DOMONI,KM115,NGADZALE,KM153_0014,SALAMANI,2038,3518
KM,Comores,KM1,NDZUWANI,KM16,MOYA,KM151,MOYA,KM151_0002,KOWET,2038,3498
KM,Comores,KM1,NDZUWANI,KM16,MOYA,KM151,MOYA,KM151_0005,LINGONI,2038,8172
KM,Comores,KM1,NDZUWANI,KM16,MOYA,KM151,MOYA,KM151_0007,MAWENI,2038,1312
KM,Comores,KM1,NDZUWANI,KM16,MOYA,KM151,MOYA,KM151_0001,MOYA,2038,14954
KM,Comores,KM1,NDZUWANI,KM16,MOYA,KM151,MOYA,KM151_0004,NINDRI,2038,5078
KM,Comores,KM1,NDZUWANI,KM16,MOYA,KM151,MOYA,KM151_0003,POMONI,2038,7000
KM,Comores,KM1,NDZUWANI,KM12,MREMANI,KM121,ADDA,KM121_0001,ADDA DAWENI,2038,19153
KM,Comores,KM1,NDZUWANI,KM12,MREMANI,KM121,ADDA,KM121_0002,DJANZA,2038,1369
KM,Comores,KM1,NDZUWANI,KM12,MREMANI,KM121,ADDA,KM121_0005,KANGANI,2038,8127
KM,Comores,KM1,NDZUWANI,KM12,MREMANI,KM121,ADDA,KM121_0003,MAGNASSINI,2038,7176
KM,Comores,KM1,NDZUWANI,KM12,MREMANI,KM123,MRAMANI,KM123_0004,DZIANII,2038,3234
KM,Comores,KM1,NDZUWANI,KM12,MREMANI,KM123,MRAMANI,KM123_0002,HANTSAHII,2038,2443
KM,Comores,KM1,NDZUWANI,KM12,MREMANI,KM123,MRAMANI,KM123_0001,MRAMANI,2038,6733
KM,Comores,KM1,NDZUWANI,KM12,MREMANI,KM123,MRAMANI,KM123_0003,NYAMBOIMRO,2038,3434
KM,Comores,KM1,NDZUWANI,KM12,MREMANI,KM124,MREMANI,KM124_0002,BANDA KOUNI,2038,6172
KM,Comores,KM1,NDZUWANI,KM12,MREMANI,KM124,MREMANI,KM124_0004,DAJI,2038,5210
KM,Comores,KM1,NDZUWANI,KM12,MREMANI,KM124,MREMANI,KM124_0001,MREMANI,2038,9153
KM,Comores,KM1,NDZUWANI,KM12,MREMANI,KM124,MREMANI,KM124_0003,MRIDJOU,2038,5841
KM,Comores,KM1,NDZUWANI,KM12,MREMANI,KM125,ONGOJOU,KM125_0002,KIYO,2038,2732
KM,Comores,KM1,NDZUWANI,KM12,MREMANI,KM125,ONGOJOU,KM125_0003,KOMONI,2038,4425
KM,Comores,KM1,NDZUWANI,KM12,MREMANI,KM125,ONGOJOU,KM125_0004,MIRONDRONI,2038,672
KM,Comores,KM1,NDZUWANI,KM12,MREMANI,KM125,ONGOJOU,KM125_0001,ONGODJOU,2038,10494
KM,Comores,KM1,NDZUWANI,KM12,MREMANI,KM125,ONGOJOU,KM125_0005,TRINDRINI,2038,264
KM,Comores,KM1,NDZUWANI,KM12,MREMANI,KM122,SHAWENI,KM122_0002,HAMCHACO,2038,3214
KM,Comores,KM1,NDZUWANI,KM12,MREMANI,KM122,SHAWENI,KM122_0005,MNADZICHOUMWE,2038,1667
KM,Comores,KM1,NDZUWANI,KM12,MREMANI,KM122,SHAWENI,KM122_0004,NOUNGA,2038,720
KM,Comores,KM1,NDZUWANI,KM12,MREMANI,KM122,SHAWENI,KM122_0003,SADAPOINI,2038,4823
KM,Comores,KM1,NDZUWANI,KM12,MREMANI,KM122,SHAWENI,KM122_0001,SHAWENI,2038,1787
KM,Comores,KM1,NDZUWANI,KM13,MUTSAMUDU,KM131,BANDRANI YA CHIRONKAMBA,KM131_0002,ANKIBANI,2038,3639
KM,Comores,KM1,NDZUWANI,KM13,MUTSAMUDU,KM131,BANDRANI YA CHIRONKAMBA,KM131_0008,BANDRADJOU,2038,3051
KM,Comores,KM1,NDZUWANI,KM13,MUTSAMUDU,KM131,BANDRANI YA CHIRONKAMBA,KM131_0006,CHICONI 2,2038,226
KM,Comores,KM1,NDZUWANI,KM13,MUTSAMUDU,KM131,BANDRANI YA CHIRONKAMBA,KM131_0003,CHIRONKAMBA,2038,3320
KM,Comores,KM1,NDZUWANI,KM13,MUTSAMUDU,KM131,BANDRANI YA CHIRONKAMBA,KM151_0007,MAWENI,2038,1328
KM,Comores,KM1,NDZUWANI,KM13,MUTSAMUDU,KM131,BANDRANI YA CHIRONKAMBA,KM131_0001,MDJIMANDRA,2038,4491
KM,Comores,KM1,NDZUWANI,KM13,MUTSAMUDU,KM131,BANDRANI YA CHIRONKAMBA,KM131_0007,MPOUZINI,2038,104
KM,Comores,KM1,NDZUWANI,KM13,MUTSAMUDU,KM132,Commune BANDRANI YA MITSANGANI,KM132_0001,BANDRANI MTSANGANI,2038,3198
KM,Comores,KM1,NDZUWANI,KM13,MUTSAMUDU,KM132,Commune BANDRANI YA MITSANGANI,KM132_0002,CHITROUNI,2038,2075
KM,Comores,KM1,NDZUWANI,KM13,MUTSAMUDU,KM132,Commune BANDRANI YA MITSANGANI,KM132_0004,MDJAMAOUE,2038,2858
KM,Comores,KM1,NDZUWANI,KM13,MUTSAMUDU,KM132,Commune BANDRANI YA MITSANGANI,KM132_0003,SAANDANI,2038,3791
KM,Comores,KM1,NDZUWANI,KM13,MUTSAMUDU,KM133,MIRONTSI,KM133_0001,MIRONTSI,2038,20142
KM,Comores,KM1,NDZUWANI,KM13,MUTSAMUDU,KM134,MUTSAMUDU,KM134_0005,CHICONI1,2038,7
KM,Comores,KM1,NDZUWANI,KM13,MUTSAMUDU,KM134,MUTSAMUDU,KM134_0001,MUTSAMUDU,2038,44262
KM,Comores,KM1,NDZUWANI,KM13,MUTSAMUDU,KM134,MUTSAMUDU,KM134_0003,MWAMWA I,2038,3147
KM,Comores,KM1,NDZUWANI,KM13,MUTSAMUDU,KM134,MUTSAMUDU,KM134_0004,MWAMWA II,2038,1325
KM,Comores,KM1,NDZUWANI,KM13,MUTSAMUDU,KM134,MUTSAMUDU,KM134_0002,PAJE,2038,9897
KM,Comores,KM1,NDZUWANI,KM14,OUANI,KM141,BAMBAO MTROUNI,KM141_0003,CHANDRA,2038,8309
KM,Comores,KM1,NDZUWANI,KM14,OUANI,KM141,BAMBAO MTROUNI,KM141_0002,DINDRI,2038,17297
KM,Comores,KM1,NDZUWANI,KM14,OUANI,KM141,BAMBAO MTROUNI,KM141_0001,TSEMBEHOU,2038,21206
KM,Comores,KM1,NDZUWANI,KM14,OUANI,KM142,BAZIMINI,KM142_0001,BAZIMINI,2038,13877
KM,Comores,KM1,NDZUWANI,KM14,OUANI,KM142,BAZIMINI,KM142_0002,KOKI,2038,10616
KM,Comores,KM1,NDZUWANI,KM14,OUANI,KM142,BAZIMINI,KM142_0003,PATSY,2038,6466
KM,Comores,KM1,NDZUWANI,KM14,OUANI,KM143,OUANI,KM143_0003,BARAKANI,2038,11755
KM,Comores,KM1,NDZUWANI,KM14,OUANI,KM143,OUANI,KM143_0004,GNATRANGA,2038,5523
KM,Comores,KM1,NDZUWANI,KM14,OUANI,KM143,OUANI,KM143_0001,OUANI,2038,16937
KM,Comores,KM1,NDZUWANI,KM14,OUANI,KM143,OUANI,KM143_0005,TANAMBAO,2038,3503
KM,Comores,KM1,NDZUWANI,KM15,SIMA,KM152,SIMA,KM152_0003,BIMBINI,2038,2950
KM,Comores,KM1,NDZUWANI,KM15,SIMA,KM152,SIMA,KM152_0004,BOUNGOUENI,2038,5838
KM,Comores,KM1,NDZUWANI,KM15,SIMA,KM152,SIMA,KM152_0002,KAVANI,2038,3588
KM,Comores,KM1,NDZUWANI,KM15,SIMA,KM152,SIMA,KM234_0004,MILEMBENI,2038,1201
KM,Comores,KM1,NDZUWANI,KM15,SIMA,KM152,SIMA,KM152_0005,MIRONGANI,2038,2410
KM,Comores,KM1,NDZUWANI,KM15,SIMA,KM152,SIMA,KM232_0003,SIMA,2038,9002
KM,Comores,KM1,NDZUWANI,KM15,SIMA,KM153,VOUANI,KM153_0010,BANDRANI YA VOUANI,2038,2783
KM,Comores,KM1,NDZUWANI,KM15,SIMA,KM153,VOUANI,KM153_0011,CHIROVE,2038,436
KM,Comores,KM1,NDZUWANI,KM15,SIMA,KM153,VOUANI,KM153_0009,DAR SALAMA,2038,2220
KM,Comores,KM1,NDZUWANI,KM15,SIMA,KM153,VOUANI,KM153_0007,DZINDRI I,2038,4191
KM,Comores,KM1,NDZUWANI,KM15,SIMA,KM153,VOUANI,KM153_0003,HASSIMPAO,2038,2532
KM,Comores,KM1,NDZUWANI,KM15,SIMA,KM153,VOUANI,KM153_0006,IMERE,2038,740
KM,Comores,KM1,NDZUWANI,KM15,SIMA,KM153,VOUANI,KM153_0015,IMERE YA GAWANI,2038,1226
KM,Comores,KM1,NDZUWANI,KM15,SIMA,KM153,VOUANI,KM153_0002,MARAHARE,2038,3252
KM,Comores,KM1,NDZUWANI,KM15,SIMA,KM153,VOUANI,KM153_0012,MARONTRONI,2038,672
KM,Comores,KM1,NDZUWANI,KM15,SIMA,KM153,VOUANI,KM153_0001,MROMOUHOULI,2038,1003
KM,Comores,KM1,NDZUWANI,KM15,SIMA,KM153,VOUANI,KM153_0014,SALAMANI,2038,672
KM,Comores,KM1,NDZUWANI,KM15,SIMA,KM153,VOUANI,KM153_0004,SHITSANGASHELI,2038,256
KM,Comores,KM1,NDZUWANI,KM15,SIMA,KM153,VOUANI,KM153_0005,VASSI,2038,2086
KM,Comores,KM1,NDZUWANI,KM15,SIMA,KM153,VOUANI,KM153_0008,VOUANI,2038,5611
KM,Comores,KM2,NGAZIDJA,KM21,HAMAHAMET MBOINKOU,KM211,MBOINKOU,KM211_0008,BANDAMADJI LA MBOIKOU,2038,1117
KM,Comores,KM2,NGAZIDJA,KM21,HAMAHAMET MBOINKOU,KM211,MBOINKOU,KM211_0004,CHEZANI,2038,4296
KM,Comores,KM2,NGAZIDJA,KM21,HAMAHAMET MBOINKOU,KM211,MBOINKOU,KM211_0007,HANTSINDZI,2038,3319
KM,Comores,KM2,NGAZIDJA,KM21,HAMAHAMET MBOINKOU,KM211,MBOINKOU,KM211_0001,MADJEOUENI,2038,2779
KM,Comores,KM2,NGAZIDJA,KM21,HAMAHAMET MBOINKOU,KM211,MBOINKOU,KM211_0005,NDROUDE,2038,3255
KM,Comores,KM2,NGAZIDJA,KM21,HAMAHAMET MBOINKOU,KM211,MBOINKOU,KM211_0006,NIOUMAMILIMA,2038,2108
KM,Comores,KM2,NGAZIDJA,KM21,HAMAHAMET MBOINKOU,KM211,MBOINKOU,KM211_0002,SADANI YA MBOIKOU,2038,975
KM,Comores,KM2,NGAZIDJA,KM21,HAMAHAMET MBOINKOU,KM211,MBOINKOU,KM211_0003,TRELEZINI,2038,863
KM,Comores,KM2,NGAZIDJA,KM21,HAMAHAMET MBOINKOU,KM212,NYUMA MRO,KM212_0005,BAMBADJANI,2038,1940
KM,Comores,KM2,NGAZIDJA,KM21,HAMAHAMET MBOINKOU,KM212,NYUMA MRO,KM212_0001,DIMADJOU YA HAMAHAMET,2038,3779
KM,Comores,KM2,NGAZIDJA,KM21,HAMAHAMET MBOINKOU,KM212,NYUMA MRO,KM212_0009,HADJAMBOU,2038,2000
KM,Comores,KM2,NGAZIDJA,KM21,HAMAHAMET MBOINKOU,KM212,NYUMA MRO,KM212_0007,ITSANDZENI,2038,2906
KM,Comores,KM2,NGAZIDJA,KM21,HAMAHAMET MBOINKOU,KM212,NYUMA MRO,KM212_0010,MBATSE YA HAMAHAMET,2038,364
KM,Comores,KM2,NGAZIDJA,KM21,HAMAHAMET MBOINKOU,KM212,NYUMA MRO,KM212_0003,MDJIHARI,2038,1030
KM,Comores,KM2,NGAZIDJA,KM21,HAMAHAMET MBOINKOU,KM212,NYUMA MRO,KM212_0004,MOIDJA,2038,3208
KM,Comores,KM2,NGAZIDJA,KM21,HAMAHAMET MBOINKOU,KM212,NYUMA MRO,KM212_0006,NGOLE,2038,593
KM,Comores,KM2,NGAZIDJA,KM21,HAMAHAMET MBOINKOU,KM212,NYUMA MRO,KM212_0002,NYADOMBWENI,2038,1583
KM,Comores,KM2,NGAZIDJA,KM21,HAMAHAMET MBOINKOU,KM212,NYUMA MRO,KM212_0008,OUELLAH YA HAMAHAMET,2038,1103
KM,Comores,KM2,NGAZIDJA,KM21,HAMAHAMET MBOINKOU,KM213,NYUMA MSIRU,KM213_0008,BATOU,2038,1075
KM,Comores,KM2,NGAZIDJA,KM21,HAMAHAMET MBOINKOU,KM213,NYUMA MSIRU,KM213_0006,BOUNI,2038,2246
KM,Comores,KM2,NGAZIDJA,KM21,HAMAHAMET MBOINKOU,KM213,NYUMA MSIRU,KM213_0007,HEROUMBILI,2038,2320
KM,Comores,KM2,NGAZIDJA,KM21,HAMAHAMET MBOINKOU,KM213,NYUMA MSIRU,KM213_0010,IFOUNDIHE YA HAMAHAMET,2038,1096
KM,Comores,KM2,NGAZIDJA,KM21,HAMAHAMET MBOINKOU,KM213,NYUMA MSIRU,KM213_0009,KOURANI YA HAMAHAMET,2038,209
KM,Comores,KM2,NGAZIDJA,KM21,HAMAHAMET MBOINKOU,KM213,NYUMA MSIRU,KM213_0001,MBENI,2038,8291
KM,Comores,KM2,NGAZIDJA,KM21,HAMAHAMET MBOINKOU,KM213,NYUMA MSIRU,KM213_0011,MNOUNGOU,2038,1974
KM,Comores,KM2,NGAZIDJA,KM21,HAMAHAMET MBOINKOU,KM213,NYUMA MSIRU,KM213_0004,SADA CHIHOUWE,2038,1263
KM,Comores,KM2,NGAZIDJA,KM21,HAMAHAMET MBOINKOU,KM213,NYUMA MSIRU,KM213_0005,SADA MHUWAMBOI,2038,320
KM,Comores,KM2,NGAZIDJA,KM21,HAMAHAMET MBOINKOU,KM213,NYUMA MSIRU,KM213_0003,SALIMANI YA HAMAHAMET,2038,996
KM,Comores,KM2,NGAZIDJA,KM21,HAMAHAMET MBOINKOU,KM213,NYUMA MSIRU,KM213_0002,SELEANI,2038,2246
KM,Comores,KM2,NGAZIDJA,KM22,HAMBOU,KM221,DJOUMOIPANGUA,KM221_0004,BAMBANI,2038,2013
KM,Comores,KM2,NGAZIDJA,KM22,HAMBOU,KM221,DJOUMOIPANGUA,KM221_0005,DZAHADJOU,2038,3429
KM,Comores,KM2,NGAZIDJA,KM22,HAMBOU,KM221,DJOUMOIPANGUA,KM221_0003,HETSA,2038,1350
KM,Comores,KM2,NGAZIDJA,KM22,HAMBOU,KM221,DJOUMOIPANGUA,KM221_0002,MDJOIEZI,2038,4875
KM,Comores,KM2,NGAZIDJA,KM22,HAMBOU,KM221,DJOUMOIPANGUA,KM221_0001,SINGANI,2038,3423
KM,Comores,KM2,NGAZIDJA,KM22,HAMBOU,KM222,TSINIMOIPANGUA,KM222_0005,BANGOI,2038,4576
KM,Comores,KM2,NGAZIDJA,KM22,HAMBOU,KM222,TSINIMOIPANGUA,KM222_0003,CHOUANI,2038,4189
KM,Comores,KM2,NGAZIDJA,KM22,HAMBOU,KM222,TSINIMOIPANGUA,KM222_0004,DJOUMOICHONGO,2038,2482
KM,Comores,KM2,NGAZIDJA,KM22,HAMBOU,KM222,TSINIMOIPANGUA,KM222_0001,MITSOUDJE,2038,6049
KM,Comores,KM2,NGAZIDJA,KM22,HAMBOU,KM222,TSINIMOIPANGUA,KM222_0006,NKOMIONI,2038,901
KM,Comores,KM2,NGAZIDJA,KM22,HAMBOU,KM222,TSINIMOIPANGUA,KM222_0007,SALIMANI,2038,3164
KM,Comores,KM2,NGAZIDJA,KM22,HAMBOU,KM222,TSINIMOIPANGUA,KM222_0002,TROUMBENI,2038,375
KM,Comores,KM2,NGAZIDJA,KM23,ITSANDRA HAMANVOU,KM231,BANGAANI,KM231_0007,BANDAMADJI LA ITSANDRA,2038,1481
KM,Comores,KM2,NGAZIDJA,KM23,ITSANDRA HAMANVOU,KM231,BANGAANI,KM231_0008,DIMADJOU YA ITSANDRA,2038,2296
KM,Comores,KM2,NGAZIDJA,KM23,ITSANDRA HAMANVOU,KM231,BANGAANI,KM231_0004,DZAHANI LA TSIDJE,2038,12772
KM,Comores,KM2,NGAZIDJA,KM23,ITSANDRA HAMANVOU,KM231,BANGAANI,KM231_0001,ITSANDRA MDJINI,2038,5292
KM,Comores,KM2,NGAZIDJA,KM23,ITSANDRA HAMANVOU,KM231,BANGAANI,KM231_0005,MAOUENI YA ITSANDRA,2038,1332
KM,Comores,KM2,NGAZIDJA,KM23,ITSANDRA HAMANVOU,KM231,BANGAANI,KM231_0006,MIRONTSI YA ITSANDRA,2038,708
KM,Comores,KM2,NGAZIDJA,KM23,ITSANDRA HAMANVOU,KM231,BANGAANI,KM231_0002,SALIMANI YA ITSANDRA,2038,5171
KM,Comores,KM2,NGAZIDJA,KM23,ITSANDRA HAMANVOU,KM231,BANGAANI,KM231_0003,SAMBA MBODONI,2038,2244
KM,Comores,KM2,NGAZIDJA,KM23,ITSANDRA HAMANVOU,KM232,DJOUMOICHONGO,KM232_0002,BAHANI,2038,2940
KM,Comores,KM2,NGAZIDJA,KM23,ITSANDRA HAMANVOU,KM232,DJOUMOICHONGO,KM232_0001,DZAHANI II,2038,2367
KM,Comores,KM2,NGAZIDJA,KM23,ITSANDRA HAMANVOU,KM232,DJOUMOICHONGO,KM232_0004,OUELLAH YA ITSANDRA,2038,2055
KM,Comores,KM2,NGAZIDJA,KM23,ITSANDRA HAMANVOU,KM232,DJOUMOICHONGO,KM232_0005,SAMBA KOUNI,2038,3310
KM,Comores,KM2,NGAZIDJA,KM23,ITSANDRA HAMANVOU,KM232,DJOUMOICHONGO,KM232_0003,SIMA,2038,1361
KM,Comores,KM2,NGAZIDJA,KM23,ITSANDRA HAMANVOU,KM233,HAMANVOU,KM233_0008,BIBAVOU,2038,1798
KM,Comores,KM2,NGAZIDJA,KM23,ITSANDRA HAMANVOU,KM233,HAMANVOU,KM233_0002,BOENINDI,2038,1248
KM,Comores,KM2,NGAZIDJA,KM23,ITSANDRA HAMANVOU,KM233,HAMANVOU,KM233_0007,DIBOINI,2038,2332
KM,Comores,KM2,NGAZIDJA,KM23,ITSANDRA HAMANVOU,KM233,HAMANVOU,KM233_0001,HAHAYA,2038,7420
KM,Comores,KM2,NGAZIDJA,KM23,ITSANDRA HAMANVOU,KM233,HAMANVOU,KM233_0004,MBALENI,2038,299
KM,Comores,KM2,NGAZIDJA,KM23,ITSANDRA HAMANVOU,KM233,HAMANVOU,KM233_0003,MBAMBANI YA HAMANVOU,2038,1127
KM,Comores,KM2,NGAZIDJA,KM23,ITSANDRA HAMANVOU,KM233,HAMANVOU,KM233_0006,MBANGANI,2038,2388
KM,Comores,KM2,NGAZIDJA,KM23,ITSANDRA HAMANVOU,KM233,HAMANVOU,KM233_0009,MILEVANI,2038,1989
KM,Comores,KM2,NGAZIDJA,KM23,ITSANDRA HAMANVOU,KM233,HAMANVOU,KM233_0005,OUSSIVO,2038,3695
KM,Comores,KM2,NGAZIDJA,KM23,ITSANDRA HAMANVOU,KM234,ISAHARI,KM234_0002,HANTSAMBOU,2038,2626
KM,Comores,KM2,NGAZIDJA,KM23,ITSANDRA HAMANVOU,KM234,ISAHARI,KM234_0004,MILEMBENI,2038,1601
KM,Comores,KM2,NGAZIDJA,KM23,ITSANDRA HAMANVOU,KM234,ISAHARI,KM234_0001,NTSOUDJINI,2038,7001
KM,Comores,KM2,NGAZIDJA,KM23,ITSANDRA HAMANVOU,KM234,ISAHARI,KM234_0005,ZIVANDANI,2038,2159
KM,Comores,KM2,NGAZIDJA,KM23,ITSANDRA HAMANVOU,KM235,MBADANI,KM235_0001,BATSA ITSANDRA,2038,4317
KM,Comores,KM2,NGAZIDJA,KM23,ITSANDRA HAMANVOU,KM235,MBADANI,KM235_0005,DZAHADJOU LA ITSANDRA,2038,2290
KM,Comores,KM2,NGAZIDJA,KM23,ITSANDRA HAMANVOU,KM235,MBADANI,KM235_0004,MHANDANI,2038,888
KM,Comores,KM2,NGAZIDJA,KM23,ITSANDRA HAMANVOU,KM235,MBADANI,KM235_0003,VANADJOU,2038,1555
KM,Comores,KM2,NGAZIDJA,KM23,ITSANDRA HAMANVOU,KM235,MBADANI,KM235_0002,VANAMBOINI,2038,3376
KM,Comores,KM2,NGAZIDJA,KM23,ITSANDRA HAMANVOU,KM235,MBADANI,KM235_0006,VOUNA MBADANI,2038,1268
KM,Comores,KM2,NGAZIDJA,KM24,MBADJINI EST,KM241,DOMBA,KM241_0002,BANDADAOUENI,2038,2433
KM,Comores,KM2,NGAZIDJA,KM24,MBADJINI EST,KM241,DOMBA,KM241_0001,BANDAMADJI LADOMBA,2038,1716
KM,Comores,KM2,NGAZIDJA,KM24,MBADJINI EST,KM241,DOMBA,KM241_0004,OUNGONI,2038,1619
KM,Comores,KM2,NGAZIDJA,KM24,MBADJINI EST,KM241,DOMBA,KM264_0004,PIDJANI,2038,3496
KM,Comores,KM2,NGAZIDJA,KM24,MBADJINI EST,KM241,DOMBA,KM241_0003,TSINIMOIPANGA,2038,3936
KM,Comores,KM2,NGAZIDJA,KM24,MBADJINI EST,KM242,ITSAHIDI,KM242_0007,CHINDINI,2038,2771
KM,Comores,KM2,NGAZIDJA,KM24,MBADJINI EST,KM242,ITSAHIDI,KM242_0009,DZAHADJOU LA MBADJINI,2038,1801
KM,Comores,KM2,NGAZIDJA,KM24,MBADJINI EST,KM242,ITSAHIDI,KM242_0001,FOUMBOUNI,2038,4125
KM,Comores,KM2,NGAZIDJA,KM24,MBADJINI EST,KM242,ITSAHIDI,KM242_0002,KOIMBANI LA MBADJINI,2038,715
KM,Comores,KM2,NGAZIDJA,KM24,MBADJINI EST,KM242,ITSAHIDI,KM242_0003,MALE,2038,3667
KM,Comores,KM2,NGAZIDJA,KM24,MBADJINI EST,KM242,ITSAHIDI,KM242_0004,MIDJENDJENI,2038,666
KM,Comores,KM2,NGAZIDJA,KM24,MBADJINI EST,KM242,ITSAHIDI,KM242_0010,MOHORO,2038,3465
KM,Comores,KM2,NGAZIDJA,KM24,MBADJINI EST,KM242,ITSAHIDI,KM242_0006,NDZOUANI,2038,328
KM,Comores,KM2,NGAZIDJA,KM24,MBADJINI EST,KM242,ITSAHIDI,KM242_0011,NGNOUMADZHA MVOUBARI,2038,3290
KM,Comores,KM2,NGAZIDJA,KM24,MBADJINI EST,KM242,ITSAHIDI,KM242_0005,OUROVENI,2038,2285
KM,Comores,KM2,NGAZIDJA,KM24,MBADJINI EST,KM242,ITSAHIDI,KM242_0008,SIMAMBOINI,2038,1505
KM,Comores,KM2,NGAZIDJA,KM24,MBADJINI EST,KM243,PIMBA,KM243_0004,BANDAMADJI LA KOUBOINI,2038,1227
KM,Comores,KM2,NGAZIDJA,KM24,MBADJINI EST,KM243,PIMBA,KM243_0005,DARISSALAMA,2038,839
KM,Comores,KM2,NGAZIDJA,KM24,MBADJINI EST,KM243,PIMBA,KM243_0009,DIDJONI,2038,951
KM,Comores,KM2,NGAZIDJA,KM24,MBADJINI EST,KM243,PIMBA,KM243_0002,INANI,2038,1416
KM,Comores,KM2,NGAZIDJA,KM24,MBADJINI EST,KM243,PIMBA,KM243_0010,KOVE,2038,1374
KM,Comores,KM2,NGAZIDJA,KM24,MBADJINI EST,KM243,PIMBA,KM243_0006,MLALOI NKOUDJOU,2038,1714
KM,Comores,KM2,NGAZIDJA,KM24,MBADJINI EST,KM243,PIMBA,KM243_0003,NGNAMBENI,2038,2804
KM,Comores,KM2,NGAZIDJA,KM24,MBADJINI EST,KM243,PIMBA,KM243_0007,NGNOUMA MILIMA,2038,4809
KM,Comores,KM2,NGAZIDJA,KM24,MBADJINI EST,KM243,PIMBA,KM243_0008,NKOURANI MKANGA,2038,1014
KM,Comores,KM2,NGAZIDJA,KM24,MBADJINI EST,KM243,PIMBA,KM243_0001,SIMBOUSSA YA MBADJINI,2038,3130
KM,Comores,KM2,NGAZIDJA,KM25,MBADJINI OUEST,KM251,NGOUENGOE,KM251_0001,DEMBENI,2038,3463
KM,Comores,KM2,NGAZIDJA,KM25,MBADJINI OUEST,KM251,NGOUENGOE,KM251_0011,ITSOUDZOU,2038,364
KM,Comores,KM2,NGAZIDJA,KM25,MBADJINI OUEST,KM251,NGOUENGOE,KM251_0009,KANDZILE,2038,1965
KM,Comores,KM2,NGAZIDJA,KM25,MBADJINI OUEST,KM251,NGOUENGOE,KM251_0010,MAKORANI,2038,71
KM,Comores,KM2,NGAZIDJA,KM25,MBADJINI OUEST,KM251,NGOUENGOE,KM251_0007,MANDZISSANI,2038,805
KM,Comores,KM2,NGAZIDJA,KM25,MBADJINI OUEST,KM251,NGOUENGOE,KM251_0003,MBOUDE YA MBOINI,2038,904
KM,Comores,KM2,NGAZIDJA,KM25,MBADJINI OUEST,KM251,NGOUENGOE,KM251_0002,MDJAMKAGNOI,2038,1460
KM,Comores,KM2,NGAZIDJA,KM25,MBADJINI OUEST,KM251,NGOUENGOE,KM251_0006,MINDRADOU,2038,710
KM,Comores,KM2,NGAZIDJA,KM25,MBADJINI OUEST,KM251,NGOUENGOE,KM251_0004,MLIMANI,2038,302
KM,Comores,KM2,NGAZIDJA,KM25,MBADJINI OUEST,KM251,NGOUENGOE,KM251_0005,PANDA,2038,1332
KM,Comores,KM2,NGAZIDJA,KM25,MBADJINI OUEST,KM251,NGOUENGOE,KM251_0008,TSINI MOICHONGO,2038,3570
KM,Comores,KM2,NGAZIDJA,KM25,MBADJINI OUEST,KM252,NIOUMAGAMA,KM252_0004,DIMA,2038,868
KM,Comores,KM2,NGAZIDJA,KM25,MBADJINI OUEST,KM252,NIOUMAGAMA,KM252_0007,DOMONI,2038,1243
KM,Comores,KM2,NGAZIDJA,KM25,MBADJINI OUEST,KM252,NIOUMAGAMA,KM252_0008,DZOIDJOU,2038,1111
KM,Comores,KM2,NGAZIDJA,KM25,MBADJINI OUEST,KM252,NIOUMAGAMA,KM252_0009,FAMARE,2038,815
KM,Comores,KM2,NGAZIDJA,KM25,MBADJINI OUEST,KM252,NIOUMAGAMA,KM252_0002,IFOUNDIHE CHADJOU,2038,356
KM,Comores,KM2,NGAZIDJA,KM25,MBADJINI OUEST,KM252,NIOUMAGAMA,KM252_0003,IFOUNDIHE CHAMBOINI,2038,1667
KM,Comores,KM2,NGAZIDJA,KM25,MBADJINI OUEST,KM252,NIOUMAGAMA,KM252_0005,NKOURANI YA SIMA,2038,13677
KM,Comores,KM2,NGAZIDJA,KM25,MBADJINI OUEST,KM252,NIOUMAGAMA,KM252_0001,OUZIOINI,2038,3475
KM,Comores,KM2,NGAZIDJA,KM26,MBOUDE,KM265,NYUMAMRO KIBLANI,KM265_0002,CHAMLE,2038,2269
KM,Comores,KM2,NGAZIDJA,KM26,MBOUDE,KM265,NYUMAMRO KIBLANI,KM265_0001,DJOMANI,2038,5475
KM,Comores,KM2,NGAZIDJA,KM26,MBOUDE,KM265,NYUMAMRO KIBLANI,KM265_0007,DOUNIANI,2038,3017
KM,Comores,KM2,NGAZIDJA,KM26,MBOUDE,KM265,NYUMAMRO KIBLANI,KM265_0006,HELINDJE,2038,2948
KM,Comores,KM2,NGAZIDJA,KM26,MBOUDE,KM265,NYUMAMRO KIBLANI,KM265_0009,KOUA,2038,1103
KM,Comores,KM2,NGAZIDJA,KM26,MBOUDE,KM265,NYUMAMRO KIBLANI,KM265_0004,MANDZA YA MBOUDE,2038,2632
KM,Comores,KM2,NGAZIDJA,KM26,MBOUDE,KM265,NYUMAMRO KIBLANI,KM265_0005,MDJOIEZI YA MBOUNDE,2038,1337
KM,Comores,KM2,NGAZIDJA,KM26,MBOUDE,KM265,NYUMAMRO KIBLANI,KM265_0003,VOUVOUNI YA MBOUNDE,2038,766
KM,Comores,KM2,NGAZIDJA,KM26,MBOUDE,KM266,NYUMAMRO SOUHEILI,KM266_0003,DJONGOE,2038,1433
KM,Comores,KM2,NGAZIDJA,KM26,MBOUDE,KM266,NYUMAMRO SOUHEILI,KM266_0007,DOMOIDJOU,2038,1483
KM,Comores,KM2,NGAZIDJA,KM26,MBOUDE,KM266,NYUMAMRO SOUHEILI,KM266_0008,DOMOIMBOINI,2038,715
KM,Comores,KM2,NGAZIDJA,KM26,MBOUDE,KM266,NYUMAMRO SOUHEILI,KM266_0002,IVEMBENI,2038,6375
KM,Comores,KM2,NGAZIDJA,KM26,MBOUDE,KM266,NYUMAMRO SOUHEILI,KM266_0004,MAOUENI YA MBOUDE,2038,2013
KM,Comores,KM2,NGAZIDJA,KM26,MBOUDE,KM266,NYUMAMRO SOUHEILI,KM266_0009,MOIDJA YA MBOUDE,2038,930
KM,Comores,KM2,NGAZIDJA,KM26,MBOUDE,KM266,NYUMAMRO SOUHEILI,KM266_0001,NTSAOUENI,2038,5239
KM,Comores,KM2,NGAZIDJA,KM26,MBOUDE,KM266,NYUMAMRO SOUHEILI,KM266_0006,NTSORALE YA MBOUDE,2038,1090
KM,Comores,KM2,NGAZIDJA,KM26,MBOUDE,KM266,NYUMAMRO SOUHEILI,KM266_0005,SIMBOUSSA YA MBOUDE,2038,530
KM,Comores,KM2,NGAZIDJA,KM26,MITSAMIOULI,KM261,CEMBENOI LAC SALE,KM261_0001,BANGOIKOUNI,2038,4049
KM,Comores,KM2,NGAZIDJA,KM26,MITSAMIOULI,KM261,CEMBENOI LAC SALE,KM261_0002,BATSA YA MITSAMIHOULI,2038,1924
KM,Comores,KM2,NGAZIDJA,KM26,MITSAMIOULI,KM261,CEMBENOI LAC SALE,KM261_0004,IVOINI,2038,2587
KM,Comores,KM2,NGAZIDJA,KM26,MITSAMIOULI,KM261,CEMBENOI LAC SALE,KM261_0003,OUZIO,2038,4256
KM,Comores,KM2,NGAZIDJA,KM26,MITSAMIOULI,KM262,CEMBENOI SADA DJOULAMLIMA,KM265_0009,KOUA,2038,2433
KM,Comores,KM2,NGAZIDJA,KM26,MITSAMIOULI,KM262,CEMBENOI SADA DJOULAMLIMA,KM262_0004,OUELLAH YA MITSAMIHOULI,2038,6827
KM,Comores,KM2,NGAZIDJA,KM26,MITSAMIOULI,KM262,CEMBENOI SADA DJOULAMLIMA,KM262_0001,OUEMANI,2038,1046
KM,Comores,KM2,NGAZIDJA,KM26,MITSAMIOULI,KM263,MITSAMIOULI,KM263_0003,FASSI,2038,640
KM,Comores,KM2,NGAZIDJA,KM26,MITSAMIOULI,KM263,MITSAMIOULI,KM263_0002,HADAWA,2038,924
KM,Comores,KM2,NGAZIDJA,KM26,MITSAMIOULI,KM263,MITSAMIOULI,KM263_0001,MEMBOI - BOINI,2038,1399
KM,Comores,KM2,NGAZIDJA,KM26,MITSAMIOULI,KM263,MITSAMIOULI,KM263_0004,MITSAMIHOULI,2038,8132
KM,Comores,KM2,NGAZIDJA,KM26,MITSAMIOULI,KM263,MITSAMIOULI,KM263_0006,NDZAOUZE,2038,4246
KM,Comores,KM2,NGAZIDJA,KM26,MITSAMIOULI,KM263,MITSAMIOULI,KM263_0005,NKOURANI YA MITSAMIHOULI,2038,524
KM,Comores,KM2,NGAZIDJA,KM26,MITSAMIOULI,KM264,NYUMA KOMO,KM264_0001,BANGOI MAFUSA NKOA,2038,1070
KM,Comores,KM2,NGAZIDJA,KM26,MITSAMIOULI,KM264,NYUMA KOMO,KM264_0008,FOUNGA,2038,1489
KM,Comores,KM2,NGAZIDJA,KM26,MITSAMIOULI,KM264,NYUMA KOMO,KM264_0002,MEMBOI - DJOU,2038,2606
KM,Comores,KM2,NGAZIDJA,KM26,MITSAMIOULI,KM264,NYUMA KOMO,KM264_0007,NTSADJENI,2038,2728
KM,Comores,KM2,NGAZIDJA,KM26,MITSAMIOULI,KM264,NYUMA KOMO,KM264_0009,OUHOZI,2038,1947
KM,Comores,KM2,NGAZIDJA,KM26,MITSAMIOULI,KM264,NYUMA KOMO,KM264_0004,PIDJANI,2038,948
KM,Comores,KM2,NGAZIDJA,KM26,MITSAMIOULI,KM264,NYUMA KOMO,KM264_0005,SONGOMANI,2038,760
KM,Comores,KM2,NGAZIDJA,KM26,MITSAMIOULI,KM264,NYUMA KOMO,KM264_0006,TOIYFA,2038,763
KM,Comores,KM2,NGAZIDJA,KM27,MORONI BAMBAO,KM273,BAMBAO YA DJOU,KM273_0002,M'VOUNI,2038,8694
KM,Comores,KM2,NGAZIDJA,KM27,MORONI BAMBAO,KM273,BAMBAO YA DJOU,KM273_0003,MAVINGOUNI,2038,2855
KM,Comores,KM2,NGAZIDJA,KM27,MORONI BAMBAO,KM273,BAMBAO YA DJOU,KM273_0001,MKAZI,2038,10321
KM,Comores,KM2,NGAZIDJA,KM27,MORONI BAMBAO,KM271,BAMBAO YA HARI,KM271_0010,BOENI YA BAMBAO,2038,3373
KM,Comores,KM2,NGAZIDJA,KM27,MORONI BAMBAO,KM271,BAMBAO YA HARI,KM271_0007,DAOUENI,2038,614
KM,Comores,KM2,NGAZIDJA,KM27,MORONI BAMBAO,KM271,BAMBAO YA HARI,KM283_0003,DZAHANI,2038,1096
KM,Comores,KM2,NGAZIDJA,KM27,MORONI BAMBAO,KM271,BAMBAO YA HARI,KM271_0002,M'DE,2038,10542
KM,Comores,KM2,NGAZIDJA,KM27,MORONI BAMBAO,KM271,BAMBAO YA HARI,KM271_0006,MBOUDADJOU,2038,1669
KM,Comores,KM2,NGAZIDJA,KM27,MORONI BAMBAO,KM271,BAMBAO YA HARI,KM271_0005,MOIDZAZA DJOUMBE,2038,749
KM,Comores,KM2,NGAZIDJA,KM27,MORONI BAMBAO,KM271,BAMBAO YA HARI,KM271_0004,NIOUMADZAHA,2038,5210
KM,Comores,KM2,NGAZIDJA,KM27,MORONI BAMBAO,KM271,BAMBAO YA HARI,KM271_0003,SELEA,2038,3457
KM,Comores,KM2,NGAZIDJA,KM27,MORONI BAMBAO,KM271,BAMBAO YA HARI,KM271_0001,VOUVOUNI,2038,7009
KM,Comores,KM2,NGAZIDJA,KM27,MORONI BAMBAO,KM272,BAMBAO YA MBOINI,KM272_0001,ICONI,2038,8851
KM,Comores,KM2,NGAZIDJA,KM27,MORONI BAMBAO,KM272,BAMBAO YA MBOINI,KM272_0002,MBACHILE,2038,2713
KM,Comores,KM2,NGAZIDJA,KM27,MORONI BAMBAO,KM272,BAMBAO YA MBOINI,KM272_0003,MOIDZAZA - MBOINI,2038,4587
KM,Comores,KM2,NGAZIDJA,KM27,MORONI BAMBAO,KM272,BAMBAO YA MBOINI,KM272_0004,NDROUANI,2038,2225
KM,Comores,KM2,NGAZIDJA,KM27,MORONI BAMBAO,KM272,BAMBAO YA MBOINI,KM272_0005,SEREHINI,2038,1201
KM,Comores,KM2,NGAZIDJA,KM27,MORONI BAMBAO,KM274,MORONI,KM274_0001,MORONI,2038,121015
KM,Comores,KM2,NGAZIDJA,KM28,OICHILI DIMANI,KM281,DIMANI,KM281_0002,FOUMBOU DZIVOUNI,2038,720
KM,Comores,KM2,NGAZIDJA,KM28,OICHILI DIMANI,KM281,DIMANI,KM281_0007,IDJINKOUNDZI,2038,3910
KM,Comores,KM2,NGAZIDJA,KM28,OICHILI DIMANI,KM281,DIMANI,KM281_0006,IDJOINDRADJA,2038,306
KM,Comores,KM2,NGAZIDJA,KM28,OICHILI DIMANI,KM281,DIMANI,KM281_0005,MADJOMA,2038,883
KM,Comores,KM2,NGAZIDJA,KM28,OICHILI DIMANI,KM281,DIMANI,KM281_0008,MAOUENI DIMANI,2038,2424
KM,Comores,KM2,NGAZIDJA,KM28,OICHILI DIMANI,KM281,DIMANI,KM281_0003,MBOUDE,2038,1043
KM,Comores,KM2,NGAZIDJA,KM28,OICHILI DIMANI,KM281,DIMANI,KM281_0004,MIDJINDZE,2038,251
KM,Comores,KM2,NGAZIDJA,KM28,OICHILI DIMANI,KM281,DIMANI,KM281_0009,MIRERENI,2038,841
KM,Comores,KM2,NGAZIDJA,KM28,OICHILI DIMANI,KM281,DIMANI,KM281_0001,MTSANGADJOU,2038,2073
KM,Comores,KM2,NGAZIDJA,KM28,OICHILI DIMANI,KM281,DIMANI,KM281_0010,NTSORALE,2038,3960
KM,Comores,KM2,NGAZIDJA,KM28,OICHILI DIMANI,KM281,DIMANI,KM281_0012,REHEMANI,2038,648
KM,Comores,KM2,NGAZIDJA,KM28,OICHILI DIMANI,KM281,DIMANI,KM281_0011,SIDJOU,2038,1394
KM,Comores,KM2,NGAZIDJA,KM28,OICHILI DIMANI,KM283,OICHILI YABOINI,KM283_0003,DZAHANI,2038,1070
KM,Comores,KM2,NGAZIDJA,KM28,OICHILI DIMANI,KM283,OICHILI YABOINI,KM283_0006,HAMBOU,2038,1607
KM,Comores,KM2,NGAZIDJA,KM28,OICHILI DIMANI,KM283,OICHILI YABOINI,KM283_0007,HASSENDJE,2038,472
KM,Comores,KM2,NGAZIDJA,KM28,OICHILI DIMANI,KM283,OICHILI YABOINI,KM283_0001,ITSINKOUDI,2038,3952
KM,Comores,KM2,NGAZIDJA,KM28,OICHILI DIMANI,KM283,OICHILI YABOINI,KM283_0004,KOUHANI,2038,773
KM,Comores,KM2,NGAZIDJA,KM28,OICHILI DIMANI,KM283,OICHILI YABOINI,KM283_0005,MTSAMDU,2038,1868
KM,Comores,KM2,NGAZIDJA,KM28,OICHILI DIMANI,KM282,OICHILI YADJOU,KM282_0003,BOENI YAWACHILI,2038,1397
KM,Comores,KM2,NGAZIDJA,KM28,OICHILI DIMANI,KM282,OICHILI YADJOU,KM282_0009,CHAMRO,2038,255
KM,Comores,KM2,NGAZIDJA,KM28,OICHILI DIMANI,KM282,OICHILI YADJOU,KM282_0007,CHOMONI,2038,1319
KM,Comores,KM2,NGAZIDJA,KM28,OICHILI DIMANI,KM282,OICHILI YADJOU,KM282_0004,DZAHADJOU YA WACHILI,2038,1686
KM,Comores,KM2,NGAZIDJA,KM28,OICHILI DIMANI,KM282,OICHILI YADJOU,KM282_0002,IROHE,2038,1534
KM,Comores,KM2,NGAZIDJA,KM28,OICHILI DIMANI,KM282,OICHILI YADJOU,KM282_0001,KOIMBANI YA WACHILI,2038,4733
KM,Comores,KM2,NGAZIDJA,KM28,OICHILI DIMANI,KM282,OICHILI YADJOU,KM282_0005,SADA,2038,576
KM,Comores,KM2,NGAZIDJA,KM28,OICHILI DIMANI,KM282,OICHILI YADJOU,KM282_0006,SADANI,2038,994
KM,Comores,KM2,NGAZIDJA,KM28,OICHILI DIMANI,KM282,OICHILI YADJOU,KM282_0008,SAMBA MADI,2038,173
KM,Comores,KM2,NGAZIDJA,KM28,OICHILI DIMANI,KM282,OICHILI YADJOU,KM282_0010,SIMA YA WACHILI,2038,1659
KM,Comores,KM3,MWALI,KM31,DJANDO,KM311,DJANDO,KM311_0006,HAGNAMOIDA,2039,1437
KM,Comores,KM3,MWALI,KM31,DJANDO,KM311,DJANDO,KM311_0008,HAMAVOUNA,2039,2332
KM,Comores,KM3,MWALI,KM31,DJANDO,KM311,DJANDO,KM311_0007,ITSAMIA,2039,712
KM,Comores,KM3,MWALI,KM31,DJANDO,KM311,DJANDO,KM121_0005,KANGANI,2039,2386
KM,Comores,KM3,MWALI,KM31,DJANDO,KM311,DJANDO,KM311_0003,MLANBANDA,2039,716
KM,Comores,KM3,MWALI,KM31,DJANDO,KM311,DJANDO,KM311_0002,WANANI,2039,5787
KM,Comores,KM3,MWALI,KM31,DJANDO,KM311,DJANDO,KM311_0001,ZIROUDANI,2039,3070
KM,Comores,KM3,MWALI,KM32,FOMBONI,KM321,FOMBONI,KM321_0001,FOMBONI,2039,30406
KM,Comores,KM3,MWALI,KM32,FOMBONI,KM322,MOILI MDJINI,KM322_0002,BANDAR SALAMA,2039,4243
KM,Comores,KM3,MWALI,KM32,FOMBONI,KM322,MOILI MDJINI,KM322_0003,DJOIEZI,2039,5173
KM,Comores,KM3,MWALI,KM32,FOMBONI,KM322,MOILI MDJINI,KM322_0001,MBOIGOMA,2039,3614
KM,Comores,KM3,MWALI,KM32,FOMBONI,KM323,MOINBASSA,KM252_0007,DOMONI,2039,454
KM,Comores,KM3,MWALI,KM32,FOMBONI,KM323,MOINBASSA,KM323_0002,HOANI,2039,3867
KM,Comores,KM3,MWALI,KM32,FOMBONI,KM323,MOINBASSA,KM323_0001,M'BATSE,2039,6464
KM,Comores,KM3,MWALI,KM33,NIOUMACHOUA,KM331,MLEDJELE,KM331_0001,MIREMANI,2039,506
KM,Comores,KM3,MWALI,KM33,NIOUMACHOUA,KM331,MLEDJELE,KM331_0004,NDREMEANI,2039,100
KM,Comores,KM3,MWALI,KM33,NIOUMACHOUA,KM331,MLEDJELE,KM331_0002,NDRONDRONI,2039,7456
KM,Comores,KM3,MWALI,KM33,NIOUMACHOUA,KM331,MLEDJELE,KM331_0003,NIOUMACHOUA,2039,5854
KM,Comores,KM3,MWALI,KM33,NIOUMACHOUA,KM332,MOIMBAO,KM143_0003,BARAKANI,2039,1653
KM,Comores,KM3,MWALI,KM33,NIOUMACHOUA,KM332,MOIMBAO,KM332_0001,HAMBA,2039,427
KM,Comores,KM3,MWALI,KM33,NIOUMACHOUA,KM332,MOIMBAO,KM332_0004,MIRINGONI,2039,1771
KM,Comores,KM3,MWALI,KM33,NIOUMACHOUA,KM332,MOIMBAO,KM332_0005,WALLAH 1,2039,784
KM,Comores,KM3,MWALI,KM33,NIOUMACHOUA,KM332,MOIMBAO,KM332_0006,WALLAH 2,2039,1468
KM,Comores,KM1,NDZUWANI,KM11,DOMONI,KM111,BAMBAO MSTANGA,KM111_0001,BAMBAO MTSANGA,2039,8584
KM,Comores,KM1,NDZUWANI,KM11,DOMONI,KM111,BAMBAO MSTANGA,KM111_0004,MAHALE,2039,6102
KM,Comores,KM1,NDZUWANI,KM11,DOMONI,KM111,BAMBAO MSTANGA,KM111_0002,MROMAJI,2039,4738
KM,Comores,KM1,NDZUWANI,KM11,DOMONI,KM111,BAMBAO MSTANGA,KM111_0003,ONGONI,2039,4070
KM,Comores,KM1,NDZUWANI,KM11,DOMONI,KM112,DOMONI,KM112_0004,BWELADUGU,2039,1261
KM,Comores,KM1,NDZUWANI,KM11,DOMONI,KM112,DOMONI,KM252_0007,DOMONI,2039,21065
KM,Comores,KM1,NDZUWANI,KM11,DOMONI,KM112,DOMONI,KM112_0003,LIMBI,2039,4455
KM,Comores,KM1,NDZUWANI,KM11,DOMONI,KM113,JIMLIME,KM113_0003,HAJOHO,2039,6426
KM,Comores,KM1,NDZUWANI,KM11,DOMONI,KM113,JIMLIME,KM113_0001,HAREMBO I,2039,981
KM,Comores,KM1,NDZUWANI,KM11,DOMONI,KM113,JIMLIME,KM113_0002,HAREMBO II,2039,1648
KM,Comores,KM1,NDZUWANI,KM11,DOMONI,KM113,JIMLIME,KM113_0004,JIMLIME,2039,10526
KM,Comores,KM1,NDZUWANI,KM11,DOMONI,KM114,KONI,KM114_0004,GEGE,2039,1882
KM,Comores,KM1,NDZUWANI,KM11,DOMONI,KM114,KONI,KM114_0003,HACHIPENDA,2039,3179
KM,Comores,KM1,NDZUWANI,KM11,DOMONI,KM114,KONI,KM114_0001,KONI DJODJO,2039,18415
KM,Comores,KM1,NDZUWANI,KM11,DOMONI,KM114,KONI,KM114_0002,KONI NGANI,2039,8829
KM,Comores,KM1,NDZUWANI,KM11,DOMONI,KM115,NGADZALE,KM115_0001,NGADZALE,2039,9430
KM,Comores,KM1,NDZUWANI,KM11,DOMONI,KM115,NGADZALE,KM115_0002,OUTSA,2039,1224
KM,Comores,KM1,NDZUWANI,KM11,DOMONI,KM115,NGADZALE,KM115_0005,OUZINI,2039,2968
KM,Comores,KM1,NDZUWANI,KM11,DOMONI,KM115,NGADZALE,KM153_0014,SALAMANI,2039,3592
KM,Comores,KM1,NDZUWANI,KM16,MOYA,KM151,MOYA,KM151_0002,KOWET,2039,3543
KM,Comores,KM1,NDZUWANI,KM16,MOYA,KM151,MOYA,KM151_0005,LINGONI,2039,8342
KM,Comores,KM1,NDZUWANI,KM16,MOYA,KM151,MOYA,KM151_0007,MAWENI,2039,1339
KM,Comores,KM1,NDZUWANI,KM16,MOYA,KM151,MOYA,KM151_0001,MOYA,2039,15258
KM,Comores,KM1,NDZUWANI,KM16,MOYA,KM151,MOYA,KM151_0004,NINDRI,2039,5184
KM,Comores,KM1,NDZUWANI,KM16,MOYA,KM151,MOYA,KM151_0003,POMONI,2039,7197
KM,Comores,KM1,NDZUWANI,KM12,MREMANI,KM121,ADDA,KM121_0001,ADDA DAWENI,2039,19541
KM,Comores,KM1,NDZUWANI,KM12,MREMANI,KM121,ADDA,KM121_0002,DJANZA,2039,1398
KM,Comores,KM1,NDZUWANI,KM12,MREMANI,KM121,ADDA,KM121_0005,KANGANI,2039,8296
KM,Comores,KM1,NDZUWANI,KM12,MREMANI,KM121,ADDA,KM121_0003,MAGNASSINI,2039,7325
KM,Comores,KM1,NDZUWANI,KM12,MREMANI,KM123,MRAMANI,KM123_0004,DZIANII,2039,3302
KM,Comores,KM1,NDZUWANI,KM12,MREMANI,KM123,MRAMANI,KM123_0002,HANTSAHII,2039,2494
KM,Comores,KM1,NDZUWANI,KM12,MREMANI,KM123,MRAMANI,KM123_0001,MRAMANI,2039,6920
KM,Comores,KM1,NDZUWANI,KM12,MREMANI,KM123,MRAMANI,KM123_0003,NYAMBOIMRO,2039,3506
KM,Comores,KM1,NDZUWANI,KM12,MREMANI,KM124,MREMANI,KM124_0002,BANDA KOUNI,2039,6299
KM,Comores,KM1,NDZUWANI,KM12,MREMANI,KM124,MREMANI,KM124_0004,DAJI,2039,5318
KM,Comores,KM1,NDZUWANI,KM12,MREMANI,KM124,MREMANI,KM124_0001,MREMANI,2039,9338
KM,Comores,KM1,NDZUWANI,KM12,MREMANI,KM124,MREMANI,KM124_0003,MRIDJOU,2039,5962
KM,Comores,KM1,NDZUWANI,KM12,MREMANI,KM125,ONGOJOU,KM125_0002,KIYO,2039,2789
KM,Comores,KM1,NDZUWANI,KM12,MREMANI,KM125,ONGOJOU,KM125_0003,KOMONI,2039,4518
KM,Comores,KM1,NDZUWANI,KM12,MREMANI,KM125,ONGOJOU,KM125_0004,MIRONDRONI,2039,686
KM,Comores,KM1,NDZUWANI,KM12,MREMANI,KM125,ONGOJOU,KM125_0001,ONGODJOU,2039,10808
KM,Comores,KM1,NDZUWANI,KM12,MREMANI,KM125,ONGOJOU,KM125_0005,TRINDRINI,2039,270
KM,Comores,KM1,NDZUWANI,KM12,MREMANI,KM122,SHAWENI,KM122_0002,HAMCHACO,2039,3282
KM,Comores,KM1,NDZUWANI,KM12,MREMANI,KM122,SHAWENI,KM122_0005,MNADZICHOUMWE,2039,1701
KM,Comores,KM1,NDZUWANI,KM12,MREMANI,KM122,SHAWENI,KM122_0004,NOUNGA,2039,735
KM,Comores,KM1,NDZUWANI,KM12,MREMANI,KM122,SHAWENI,KM122_0003,SADAPOINI,2039,4924
KM,Comores,KM1,NDZUWANI,KM12,MREMANI,KM122,SHAWENI,KM122_0001,SHAWENI,2039,1825
KM,Comores,KM1,NDZUWANI,KM13,MUTSAMUDU,KM131,BANDRANI YA CHIRONKAMBA,KM131_0002,ANKIBANI,2039,3664
KM,Comores,KM1,NDZUWANI,KM13,MUTSAMUDU,KM131,BANDRANI YA CHIRONKAMBA,KM131_0008,BANDRADJOU,2039,3115
KM,Comores,KM1,NDZUWANI,KM13,MUTSAMUDU,KM131,BANDRANI YA CHIRONKAMBA,KM131_0006,CHICONI 2,2039,231
KM,Comores,KM1,NDZUWANI,KM13,MUTSAMUDU,KM131,BANDRANI YA CHIRONKAMBA,KM131_0003,CHIRONKAMBA,2039,3389
KM,Comores,KM1,NDZUWANI,KM13,MUTSAMUDU,KM131,BANDRANI YA CHIRONKAMBA,KM151_0007,MAWENI,2039,1356
KM,Comores,KM1,NDZUWANI,KM13,MUTSAMUDU,KM131,BANDRANI YA CHIRONKAMBA,KM131_0001,MDJIMANDRA,2039,4633
KM,Comores,KM1,NDZUWANI,KM13,MUTSAMUDU,KM131,BANDRANI YA CHIRONKAMBA,KM131_0007,MPOUZINI,2039,106
KM,Comores,KM1,NDZUWANI,KM13,MUTSAMUDU,KM132,Commune BANDRANI YA MITSANGANI,KM132_0001,BANDRANI MTSANGANI,2039,3264
KM,Comores,KM1,NDZUWANI,KM13,MUTSAMUDU,KM132,Commune BANDRANI YA MITSANGANI,KM132_0002,CHITROUNI,2039,2118
KM,Comores,KM1,NDZUWANI,KM13,MUTSAMUDU,KM132,Commune BANDRANI YA MITSANGANI,KM132_0004,MDJAMAOUE,2039,2917
KM,Comores,KM1,NDZUWANI,KM13,MUTSAMUDU,KM132,Commune BANDRANI YA MITSANGANI,KM132_0003,SAANDANI,2039,3870
KM,Comores,KM1,NDZUWANI,KM13,MUTSAMUDU,KM133,MIRONTSI,KM133_0001,MIRONTSI,2039,20540
KM,Comores,KM1,NDZUWANI,KM13,MUTSAMUDU,KM134,MUTSAMUDU,KM134_0005,CHICONI1,2039,7
KM,Comores,KM1,NDZUWANI,KM13,MUTSAMUDU,KM134,MUTSAMUDU,KM134_0001,MUTSAMUDU,2039,45092
KM,Comores,KM1,NDZUWANI,KM13,MUTSAMUDU,KM134,MUTSAMUDU,KM134_0003,MWAMWA I,2039,3212
KM,Comores,KM1,NDZUWANI,KM13,MUTSAMUDU,KM134,MUTSAMUDU,KM134_0004,MWAMWA II,2039,1352
KM,Comores,KM1,NDZUWANI,KM13,MUTSAMUDU,KM134,MUTSAMUDU,KM134_0002,PAJE,2039,10097
KM,Comores,KM1,NDZUWANI,KM14,OUANI,KM141,BAMBAO MTROUNI,KM141_0003,CHANDRA,2039,8477
KM,Comores,KM1,NDZUWANI,KM14,OUANI,KM141,BAMBAO MTROUNI,KM141_0002,DINDRI,2039,17698
KM,Comores,KM1,NDZUWANI,KM14,OUANI,KM141,BAMBAO MTROUNI,KM141_0001,TSEMBEHOU,2039,21626
KM,Comores,KM1,NDZUWANI,KM14,OUANI,KM142,BAZIMINI,KM142_0001,BAZIMINI,2039,14151
KM,Comores,KM1,NDZUWANI,KM14,OUANI,KM142,BAZIMINI,KM142_0002,KOKI,2039,10835
KM,Comores,KM1,NDZUWANI,KM14,OUANI,KM142,BAZIMINI,KM142_0003,PATSY,2039,6600
KM,Comores,KM1,NDZUWANI,KM14,OUANI,KM143,OUANI,KM143_0003,BARAKANI,2039,12044
KM,Comores,KM1,NDZUWANI,KM14,OUANI,KM143,OUANI,KM143_0004,GNATRANGA,2039,5635
KM,Comores,KM1,NDZUWANI,KM14,OUANI,KM143,OUANI,KM143_0001,OUANI,2039,17322
KM,Comores,KM1,NDZUWANI,KM14,OUANI,KM143,OUANI,KM143_0005,TANAMBAO,2039,3574
KM,Comores,KM1,NDZUWANI,KM15,SIMA,KM152,SIMA,KM152_0003,BIMBINI,2039,3012
KM,Comores,KM1,NDZUWANI,KM15,SIMA,KM152,SIMA,KM152_0004,BOUNGOUENI,2039,6009
KM,Comores,KM1,NDZUWANI,KM15,SIMA,KM152,SIMA,KM152_0002,KAVANI,2039,3663
KM,Comores,KM1,NDZUWANI,KM15,SIMA,KM152,SIMA,KM234_0004,MILEMBENI,2039,1226
KM,Comores,KM1,NDZUWANI,KM15,SIMA,KM152,SIMA,KM152_0005,MIRONGANI,2039,2460
KM,Comores,KM1,NDZUWANI,KM15,SIMA,KM152,SIMA,KM232_0003,SIMA,2039,8992
KM,Comores,KM1,NDZUWANI,KM15,SIMA,KM153,VOUANI,KM153_0010,BANDRANI YA VOUANI,2039,2841
KM,Comores,KM1,NDZUWANI,KM15,SIMA,KM153,VOUANI,KM153_0011,CHIROVE,2039,445
KM,Comores,KM1,NDZUWANI,KM15,SIMA,KM153,VOUANI,KM153_0009,DAR SALAMA,2039,2266
KM,Comores,KM1,NDZUWANI,KM15,SIMA,KM153,VOUANI,KM153_0007,DZINDRI I,2039,4278
KM,Comores,KM1,NDZUWANI,KM15,SIMA,KM153,VOUANI,KM153_0003,HASSIMPAO,2039,2585
KM,Comores,KM1,NDZUWANI,KM15,SIMA,KM153,VOUANI,KM153_0006,IMERE,2039,755
KM,Comores,KM1,NDZUWANI,KM15,SIMA,KM153,VOUANI,KM153_0015,IMERE YA GAWANI,2039,1251
KM,Comores,KM1,NDZUWANI,KM15,SIMA,KM153,VOUANI,KM153_0002,MARAHARE,2039,3320
KM,Comores,KM1,NDZUWANI,KM15,SIMA,KM153,VOUANI,KM153_0012,MARONTRONI,2039,686
KM,Comores,KM1,NDZUWANI,KM15,SIMA,KM153,VOUANI,KM153_0001,MROMOUHOULI,2039,1024
KM,Comores,KM1,NDZUWANI,KM15,SIMA,KM153,VOUANI,KM153_0014,SALAMANI,2039,686
KM,Comores,KM1,NDZUWANI,KM15,SIMA,KM153,VOUANI,KM153_0004,SHITSANGASHELI,2039,261
KM,Comores,KM1,NDZUWANI,KM15,SIMA,KM153,VOUANI,KM153_0005,VASSI,2039,2130
KM,Comores,KM1,NDZUWANI,KM15,SIMA,KM153,VOUANI,KM153_0008,VOUANI,2039,5778
KM,Comores,KM2,NGAZIDJA,KM21,HAMAHAMET MBOINKOU,KM211,MBOINKOU,KM211_0008,BANDAMADJI LA MBOIKOU,2039,1142
KM,Comores,KM2,NGAZIDJA,KM21,HAMAHAMET MBOINKOU,KM211,MBOINKOU,KM211_0004,CHEZANI,2039,4392
KM,Comores,KM2,NGAZIDJA,KM21,HAMAHAMET MBOINKOU,KM211,MBOINKOU,KM211_0007,HANTSINDZI,2039,3394
KM,Comores,KM2,NGAZIDJA,KM21,HAMAHAMET MBOINKOU,KM211,MBOINKOU,KM211_0001,MADJEOUENI,2039,2842
KM,Comores,KM2,NGAZIDJA,KM21,HAMAHAMET MBOINKOU,KM211,MBOINKOU,KM211_0005,NDROUDE,2039,3328
KM,Comores,KM2,NGAZIDJA,KM21,HAMAHAMET MBOINKOU,KM211,MBOINKOU,KM211_0006,NIOUMAMILIMA,2039,2156
KM,Comores,KM2,NGAZIDJA,KM21,HAMAHAMET MBOINKOU,KM211,MBOINKOU,KM211_0002,SADANI YA MBOIKOU,2039,997
KM,Comores,KM2,NGAZIDJA,KM21,HAMAHAMET MBOINKOU,KM211,MBOINKOU,KM211_0003,TRELEZINI,2039,883
KM,Comores,KM2,NGAZIDJA,KM21,HAMAHAMET MBOINKOU,KM212,NYUMA MRO,KM212_0005,BAMBADJANI,2039,1984
KM,Comores,KM2,NGAZIDJA,KM21,HAMAHAMET MBOINKOU,KM212,NYUMA MRO,KM212_0001,DIMADJOU YA HAMAHAMET,2039,3863
KM,Comores,KM2,NGAZIDJA,KM21,HAMAHAMET MBOINKOU,KM212,NYUMA MRO,KM212_0009,HADJAMBOU,2039,2045
KM,Comores,KM2,NGAZIDJA,KM21,HAMAHAMET MBOINKOU,KM212,NYUMA MRO,KM212_0007,ITSANDZENI,2039,2971
KM,Comores,KM2,NGAZIDJA,KM21,HAMAHAMET MBOINKOU,KM212,NYUMA MRO,KM212_0010,MBATSE YA HAMAHAMET,2039,372
KM,Comores,KM2,NGAZIDJA,KM21,HAMAHAMET MBOINKOU,KM212,NYUMA MRO,KM212_0003,MDJIHARI,2039,1053
KM,Comores,KM2,NGAZIDJA,KM21,HAMAHAMET MBOINKOU,KM212,NYUMA MRO,KM212_0004,MOIDJA,2039,3280
KM,Comores,KM2,NGAZIDJA,KM21,HAMAHAMET MBOINKOU,KM212,NYUMA MRO,KM212_0006,NGOLE,2039,607
KM,Comores,KM2,NGAZIDJA,KM21,HAMAHAMET MBOINKOU,KM212,NYUMA MRO,KM212_0002,NYADOMBWENI,2039,1618
KM,Comores,KM2,NGAZIDJA,KM21,HAMAHAMET MBOINKOU,KM212,NYUMA MRO,KM212_0008,OUELLAH YA HAMAHAMET,2039,1127
KM,Comores,KM2,NGAZIDJA,KM21,HAMAHAMET MBOINKOU,KM213,NYUMA MSIRU,KM213_0008,BATOU,2039,1099
KM,Comores,KM2,NGAZIDJA,KM21,HAMAHAMET MBOINKOU,KM213,NYUMA MSIRU,KM213_0006,BOUNI,2039,2296
KM,Comores,KM2,NGAZIDJA,KM21,HAMAHAMET MBOINKOU,KM213,NYUMA MSIRU,KM213_0007,HEROUMBILI,2039,2372
KM,Comores,KM2,NGAZIDJA,KM21,HAMAHAMET MBOINKOU,KM213,NYUMA MSIRU,KM213_0010,IFOUNDIHE YA HAMAHAMET,2039,1121
KM,Comores,KM2,NGAZIDJA,KM21,HAMAHAMET MBOINKOU,KM213,NYUMA MSIRU,KM213_0009,KOURANI YA HAMAHAMET,2039,213
KM,Comores,KM2,NGAZIDJA,KM21,HAMAHAMET MBOINKOU,KM213,NYUMA MSIRU,KM213_0001,MBENI,2039,8477
KM,Comores,KM2,NGAZIDJA,KM21,HAMAHAMET MBOINKOU,KM213,NYUMA MSIRU,KM213_0011,MNOUNGOU,2039,2018
KM,Comores,KM2,NGAZIDJA,KM21,HAMAHAMET MBOINKOU,KM213,NYUMA MSIRU,KM213_0004,SADA CHIHOUWE,2039,1291
KM,Comores,KM2,NGAZIDJA,KM21,HAMAHAMET MBOINKOU,KM213,NYUMA MSIRU,KM213_0005,SADA MHUWAMBOI,2039,327
KM,Comores,KM2,NGAZIDJA,KM21,HAMAHAMET MBOINKOU,KM213,NYUMA MSIRU,KM213_0003,SALIMANI YA HAMAHAMET,2039,1018
KM,Comores,KM2,NGAZIDJA,KM21,HAMAHAMET MBOINKOU,KM213,NYUMA MSIRU,KM213_0002,SELEANI,2039,2296
KM,Comores,KM2,NGAZIDJA,KM22,HAMBOU,KM221,DJOUMOIPANGUA,KM221_0004,BAMBANI,2039,2058
KM,Comores,KM2,NGAZIDJA,KM22,HAMBOU,KM221,DJOUMOIPANGUA,KM221_0005,DZAHADJOU,2039,3506
KM,Comores,KM2,NGAZIDJA,KM22,HAMBOU,KM221,DJOUMOIPANGUA,KM221_0003,HETSA,2039,1380
KM,Comores,KM2,NGAZIDJA,KM22,HAMBOU,KM221,DJOUMOIPANGUA,KM221_0002,MDJOIEZI,2039,4984
KM,Comores,KM2,NGAZIDJA,KM22,HAMBOU,KM221,DJOUMOIPANGUA,KM221_0001,SINGANI,2039,3500
KM,Comores,KM2,NGAZIDJA,KM22,HAMBOU,KM222,TSINIMOIPANGUA,KM222_0005,BANGOI,2039,4678
KM,Comores,KM2,NGAZIDJA,KM22,HAMBOU,KM222,TSINIMOIPANGUA,KM222_0003,CHOUANI,2039,4283
KM,Comores,KM2,NGAZIDJA,KM22,HAMBOU,KM222,TSINIMOIPANGUA,KM222_0004,DJOUMOICHONGO,2039,2537
KM,Comores,KM2,NGAZIDJA,KM22,HAMBOU,KM222,TSINIMOIPANGUA,KM222_0001,MITSOUDJE,2039,6184
KM,Comores,KM2,NGAZIDJA,KM22,HAMBOU,KM222,TSINIMOIPANGUA,KM222_0006,NKOMIONI,2039,921
KM,Comores,KM2,NGAZIDJA,KM22,HAMBOU,KM222,TSINIMOIPANGUA,KM222_0007,SALIMANI,2039,3235
KM,Comores,KM2,NGAZIDJA,KM22,HAMBOU,KM222,TSINIMOIPANGUA,KM222_0002,TROUMBENI,2039,384
KM,Comores,KM2,NGAZIDJA,KM23,ITSANDRA HAMANVOU,KM231,BANGAANI,KM231_0007,BANDAMADJI LA ITSANDRA,2039,1514
KM,Comores,KM2,NGAZIDJA,KM23,ITSANDRA HAMANVOU,KM231,BANGAANI,KM231_0008,DIMADJOU YA ITSANDRA,2039,2347
KM,Comores,KM2,NGAZIDJA,KM23,ITSANDRA HAMANVOU,KM231,BANGAANI,KM231_0004,DZAHANI LA TSIDJE,2039,13058
KM,Comores,KM2,NGAZIDJA,KM23,ITSANDRA HAMANVOU,KM231,BANGAANI,KM231_0001,ITSANDRA MDJINI,2039,5411
KM,Comores,KM2,NGAZIDJA,KM23,ITSANDRA HAMANVOU,KM231,BANGAANI,KM231_0005,MAOUENI YA ITSANDRA,2039,1362
KM,Comores,KM2,NGAZIDJA,KM23,ITSANDRA HAMANVOU,KM231,BANGAANI,KM231_0006,MIRONTSI YA ITSANDRA,2039,724
KM,Comores,KM2,NGAZIDJA,KM23,ITSANDRA HAMANVOU,KM231,BANGAANI,KM231_0002,SALIMANI YA ITSANDRA,2039,5287
KM,Comores,KM2,NGAZIDJA,KM23,ITSANDRA HAMANVOU,KM231,BANGAANI,KM231_0003,SAMBA MBODONI,2039,2294
KM,Comores,KM2,NGAZIDJA,KM23,ITSANDRA HAMANVOU,KM232,DJOUMOICHONGO,KM232_0002,BAHANI,2039,3005
KM,Comores,KM2,NGAZIDJA,KM23,ITSANDRA HAMANVOU,KM232,DJOUMOICHONGO,KM232_0001,DZAHANI II,2039,2420
KM,Comores,KM2,NGAZIDJA,KM23,ITSANDRA HAMANVOU,KM232,DJOUMOICHONGO,KM232_0004,OUELLAH YA ITSANDRA,2039,2101
KM,Comores,KM2,NGAZIDJA,KM23,ITSANDRA HAMANVOU,KM232,DJOUMOICHONGO,KM232_0005,SAMBA KOUNI,2039,3384
KM,Comores,KM2,NGAZIDJA,KM23,ITSANDRA HAMANVOU,KM232,DJOUMOICHONGO,KM232_0003,SIMA,2039,1392
KM,Comores,KM2,NGAZIDJA,KM23,ITSANDRA HAMANVOU,KM233,HAMANVOU,KM233_0008,BIBAVOU,2039,1838
KM,Comores,KM2,NGAZIDJA,KM23,ITSANDRA HAMANVOU,KM233,HAMANVOU,KM233_0002,BOENINDI,2039,1276
KM,Comores,KM2,NGAZIDJA,KM23,ITSANDRA HAMANVOU,KM233,HAMANVOU,KM233_0007,DIBOINI,2039,2384
KM,Comores,KM2,NGAZIDJA,KM23,ITSANDRA HAMANVOU,KM233,HAMANVOU,KM233_0001,HAHAYA,2039,7586
KM,Comores,KM2,NGAZIDJA,KM23,ITSANDRA HAMANVOU,KM233,HAMANVOU,KM233_0004,MBALENI,2039,306
KM,Comores,KM2,NGAZIDJA,KM23,ITSANDRA HAMANVOU,KM233,HAMANVOU,KM233_0003,MBAMBANI YA HAMANVOU,2039,1152
KM,Comores,KM2,NGAZIDJA,KM23,ITSANDRA HAMANVOU,KM233,HAMANVOU,KM233_0006,MBANGANI,2039,2442
KM,Comores,KM2,NGAZIDJA,KM23,ITSANDRA HAMANVOU,KM233,HAMANVOU,KM233_0009,MILEVANI,2039,2033
KM,Comores,KM2,NGAZIDJA,KM23,ITSANDRA HAMANVOU,KM233,HAMANVOU,KM233_0005,OUSSIVO,2039,3777
KM,Comores,KM2,NGAZIDJA,KM23,ITSANDRA HAMANVOU,KM234,ISAHARI,KM234_0002,HANTSAMBOU,2039,2685
KM,Comores,KM2,NGAZIDJA,KM23,ITSANDRA HAMANVOU,KM234,ISAHARI,KM234_0004,MILEMBENI,2039,1637
KM,Comores,KM2,NGAZIDJA,KM23,ITSANDRA HAMANVOU,KM234,ISAHARI,KM234_0001,NTSOUDJINI,2039,7158
KM,Comores,KM2,NGAZIDJA,KM23,ITSANDRA HAMANVOU,KM234,ISAHARI,KM234_0005,ZIVANDANI,2039,2207
KM,Comores,KM2,NGAZIDJA,KM23,ITSANDRA HAMANVOU,KM235,MBADANI,KM235_0001,BATSA ITSANDRA,2039,4414
KM,Comores,KM2,NGAZIDJA,KM23,ITSANDRA HAMANVOU,KM235,MBADANI,KM235_0005,DZAHADJOU LA ITSANDRA,2039,2341
KM,Comores,KM2,NGAZIDJA,KM23,ITSANDRA HAMANVOU,KM235,MBADANI,KM235_0004,MHANDANI,2039,908
KM,Comores,KM2,NGAZIDJA,KM23,ITSANDRA HAMANVOU,KM235,MBADANI,KM235_0003,VANADJOU,2039,1590
KM,Comores,KM2,NGAZIDJA,KM23,ITSANDRA HAMANVOU,KM235,MBADANI,KM235_0002,VANAMBOINI,2039,3452
KM,Comores,KM2,NGAZIDJA,KM23,ITSANDRA HAMANVOU,KM235,MBADANI,KM235_0006,VOUNA MBADANI,2039,1296
KM,Comores,KM2,NGAZIDJA,KM24,MBADJINI EST,KM241,DOMBA,KM241_0002,BANDADAOUENI,2039,2488
KM,Comores,KM2,NGAZIDJA,KM24,MBADJINI EST,KM241,DOMBA,KM241_0001,BANDAMADJI LADOMBA,2039,1754
KM,Comores,KM2,NGAZIDJA,KM24,MBADJINI EST,KM241,DOMBA,KM241_0004,OUNGONI,2039,1655
KM,Comores,KM2,NGAZIDJA,KM24,MBADJINI EST,KM241,DOMBA,KM264_0004,PIDJANI,2039,3574
KM,Comores,KM2,NGAZIDJA,KM24,MBADJINI EST,KM241,DOMBA,KM241_0003,TSINIMOIPANGA,2039,4024
KM,Comores,KM2,NGAZIDJA,KM24,MBADJINI EST,KM242,ITSAHIDI,KM242_0007,CHINDINI,2039,2833
KM,Comores,KM2,NGAZIDJA,KM24,MBADJINI EST,KM242,ITSAHIDI,KM242_0009,DZAHADJOU LA MBADJINI,2039,1842
KM,Comores,KM2,NGAZIDJA,KM24,MBADJINI EST,KM242,ITSAHIDI,KM242_0001,FOUMBOUNI,2039,4217
KM,Comores,KM2,NGAZIDJA,KM24,MBADJINI EST,KM242,ITSAHIDI,KM242_0002,KOIMBANI LA MBADJINI,2039,731
KM,Comores,KM2,NGAZIDJA,KM24,MBADJINI EST,KM242,ITSAHIDI,KM242_0003,MALE,2039,3749
KM,Comores,KM2,NGAZIDJA,KM24,MBADJINI EST,KM242,ITSAHIDI,KM242_0004,MIDJENDJENI,2039,681
KM,Comores,KM2,NGAZIDJA,KM24,MBADJINI EST,KM242,ITSAHIDI,KM242_0010,MOHORO,2039,3543
KM,Comores,KM2,NGAZIDJA,KM24,MBADJINI EST,KM242,ITSAHIDI,KM242_0006,NDZOUANI,2039,336
KM,Comores,KM2,NGAZIDJA,KM24,MBADJINI EST,KM242,ITSAHIDI,KM242_0011,NGNOUMADZHA MVOUBARI,2039,3364
KM,Comores,KM2,NGAZIDJA,KM24,MBADJINI EST,KM242,ITSAHIDI,KM242_0005,OUROVENI,2039,2336
KM,Comores,KM2,NGAZIDJA,KM24,MBADJINI EST,KM242,ITSAHIDI,KM242_0008,SIMAMBOINI,2039,1539
KM,Comores,KM2,NGAZIDJA,KM24,MBADJINI EST,KM243,PIMBA,KM243_0004,BANDAMADJI LA KOUBOINI,2039,1255
KM,Comores,KM2,NGAZIDJA,KM24,MBADJINI EST,KM243,PIMBA,KM243_0005,DARISSALAMA,2039,858
KM,Comores,KM2,NGAZIDJA,KM24,MBADJINI EST,KM243,PIMBA,KM243_0009,DIDJONI,2039,972
KM,Comores,KM2,NGAZIDJA,KM24,MBADJINI EST,KM243,PIMBA,KM243_0002,INANI,2039,1448
KM,Comores,KM2,NGAZIDJA,KM24,MBADJINI EST,KM243,PIMBA,KM243_0010,KOVE,2039,1405
KM,Comores,KM2,NGAZIDJA,KM24,MBADJINI EST,KM243,PIMBA,KM243_0006,MLALOI NKOUDJOU,2039,1752
KM,Comores,KM2,NGAZIDJA,KM24,MBADJINI EST,KM243,PIMBA,KM243_0003,NGNAMBENI,2039,2866
KM,Comores,KM2,NGAZIDJA,KM24,MBADJINI EST,KM243,PIMBA,KM243_0007,NGNOUMA MILIMA,2039,4916
KM,Comores,KM2,NGAZIDJA,KM24,MBADJINI EST,KM243,PIMBA,KM243_0008,NKOURANI MKANGA,2039,1036
KM,Comores,KM2,NGAZIDJA,KM24,MBADJINI EST,KM243,PIMBA,KM243_0001,SIMBOUSSA YA MBADJINI,2039,3200
KM,Comores,KM2,NGAZIDJA,KM25,MBADJINI OUEST,KM251,NGOUENGOE,KM251_0001,DEMBENI,2039,3541
KM,Comores,KM2,NGAZIDJA,KM25,MBADJINI OUEST,KM251,NGOUENGOE,KM251_0011,ITSOUDZOU,2039,372
KM,Comores,KM2,NGAZIDJA,KM25,MBADJINI OUEST,KM251,NGOUENGOE,KM251_0009,KANDZILE,2039,2008
KM,Comores,KM2,NGAZIDJA,KM25,MBADJINI OUEST,KM251,NGOUENGOE,KM251_0010,MAKORANI,2039,73
KM,Comores,KM2,NGAZIDJA,KM25,MBADJINI OUEST,KM251,NGOUENGOE,KM251_0007,MANDZISSANI,2039,823
KM,Comores,KM2,NGAZIDJA,KM25,MBADJINI OUEST,KM251,NGOUENGOE,KM251_0003,MBOUDE YA MBOINI,2039,924
KM,Comores,KM2,NGAZIDJA,KM25,MBADJINI OUEST,KM251,NGOUENGOE,KM251_0002,MDJAMKAGNOI,2039,1493
KM,Comores,KM2,NGAZIDJA,KM25,MBADJINI OUEST,KM251,NGOUENGOE,KM251_0006,MINDRADOU,2039,726
KM,Comores,KM2,NGAZIDJA,KM25,MBADJINI OUEST,KM251,NGOUENGOE,KM251_0004,MLIMANI,2039,309
KM,Comores,KM2,NGAZIDJA,KM25,MBADJINI OUEST,KM251,NGOUENGOE,KM251_0005,PANDA,2039,1362
KM,Comores,KM2,NGAZIDJA,KM25,MBADJINI OUEST,KM251,NGOUENGOE,KM251_0008,TSINI MOICHONGO,2039,3650
KM,Comores,KM2,NGAZIDJA,KM25,MBADJINI OUEST,KM252,NIOUMAGAMA,KM252_0004,DIMA,2039,888
KM,Comores,KM2,NGAZIDJA,KM25,MBADJINI OUEST,KM252,NIOUMAGAMA,KM252_0007,DOMONI,2039,1271
KM,Comores,KM2,NGAZIDJA,KM25,MBADJINI OUEST,KM252,NIOUMAGAMA,KM252_0008,DZOIDJOU,2039,1136
KM,Comores,KM2,NGAZIDJA,KM25,MBADJINI OUEST,KM252,NIOUMAGAMA,KM252_0009,FAMARE,2039,833
KM,Comores,KM2,NGAZIDJA,KM25,MBADJINI OUEST,KM252,NIOUMAGAMA,KM252_0002,IFOUNDIHE CHADJOU,2039,364
KM,Comores,KM2,NGAZIDJA,KM25,MBADJINI OUEST,KM252,NIOUMAGAMA,KM252_0003,IFOUNDIHE CHAMBOINI,2039,1704
KM,Comores,KM2,NGAZIDJA,KM25,MBADJINI OUEST,KM252,NIOUMAGAMA,KM252_0005,NKOURANI YA SIMA,2039,13983
KM,Comores,KM2,NGAZIDJA,KM25,MBADJINI OUEST,KM252,NIOUMAGAMA,KM252_0001,OUZIOINI,2039,3552
KM,Comores,KM2,NGAZIDJA,KM26,MBOUDE,KM265,NYUMAMRO KIBLANI,KM265_0002,CHAMLE,2039,2319
KM,Comores,KM2,NGAZIDJA,KM26,MBOUDE,KM265,NYUMAMRO KIBLANI,KM265_0001,DJOMANI,2039,5597
KM,Comores,KM2,NGAZIDJA,KM26,MBOUDE,KM265,NYUMAMRO KIBLANI,KM265_0007,DOUNIANI,2039,3085
KM,Comores,KM2,NGAZIDJA,KM26,MBOUDE,KM265,NYUMAMRO KIBLANI,KM265_0006,HELINDJE,2039,3014
KM,Comores,KM2,NGAZIDJA,KM26,MBOUDE,KM265,NYUMAMRO KIBLANI,KM265_0009,KOUA,2039,1127
KM,Comores,KM2,NGAZIDJA,KM26,MBOUDE,KM265,NYUMAMRO KIBLANI,KM265_0004,MANDZA YA MBOUDE,2039,2691
KM,Comores,KM2,NGAZIDJA,KM26,MBOUDE,KM265,NYUMAMRO KIBLANI,KM265_0005,MDJOIEZI YA MBOUNDE,2039,1367
KM,Comores,KM2,NGAZIDJA,KM26,MBOUDE,KM265,NYUMAMRO KIBLANI,KM265_0003,VOUVOUNI YA MBOUNDE,2039,784
KM,Comores,KM2,NGAZIDJA,KM26,MBOUDE,KM266,NYUMAMRO SOUHEILI,KM266_0003,DJONGOE,2039,1465
KM,Comores,KM2,NGAZIDJA,KM26,MBOUDE,KM266,NYUMAMRO SOUHEILI,KM266_0007,DOMOIDJOU,2039,1516
KM,Comores,KM2,NGAZIDJA,KM26,MBOUDE,KM266,NYUMAMRO SOUHEILI,KM266_0008,DOMOIMBOINI,2039,731
KM,Comores,KM2,NGAZIDJA,KM26,MBOUDE,KM266,NYUMAMRO SOUHEILI,KM266_0002,IVEMBENI,2039,6518
KM,Comores,KM2,NGAZIDJA,KM26,MBOUDE,KM266,NYUMAMRO SOUHEILI,KM266_0004,MAOUENI YA MBOUDE,2039,2058
KM,Comores,KM2,NGAZIDJA,KM26,MBOUDE,KM266,NYUMAMRO SOUHEILI,KM266_0009,MOIDJA YA MBOUDE,2039,951
KM,Comores,KM2,NGAZIDJA,KM26,MBOUDE,KM266,NYUMAMRO SOUHEILI,KM266_0001,NTSAOUENI,2039,5356
KM,Comores,KM2,NGAZIDJA,KM26,MBOUDE,KM266,NYUMAMRO SOUHEILI,KM266_0006,NTSORALE YA MBOUDE,2039,1114
KM,Comores,KM2,NGAZIDJA,KM26,MBOUDE,KM266,NYUMAMRO SOUHEILI,KM266_0005,SIMBOUSSA YA MBOUDE,2039,542
KM,Comores,KM2,NGAZIDJA,KM26,MITSAMIOULI,KM261,CEMBENOI LAC SALE,KM261_0001,BANGOIKOUNI,2039,4139
KM,Comores,KM2,NGAZIDJA,KM26,MITSAMIOULI,KM261,CEMBENOI LAC SALE,KM261_0002,BATSA YA MITSAMIHOULI,2039,1967
KM,Comores,KM2,NGAZIDJA,KM26,MITSAMIOULI,KM261,CEMBENOI LAC SALE,KM261_0004,IVOINI,2039,2645
KM,Comores,KM2,NGAZIDJA,KM26,MITSAMIOULI,KM261,CEMBENOI LAC SALE,KM261_0003,OUZIO,2039,4351
KM,Comores,KM2,NGAZIDJA,KM26,MITSAMIOULI,KM262,CEMBENOI SADA DJOULAMLIMA,KM265_0009,KOUA,2039,2488
KM,Comores,KM2,NGAZIDJA,KM26,MITSAMIOULI,KM262,CEMBENOI SADA DJOULAMLIMA,KM262_0004,OUELLAH YA MITSAMIHOULI,2039,6979
KM,Comores,KM2,NGAZIDJA,KM26,MITSAMIOULI,KM262,CEMBENOI SADA DJOULAMLIMA,KM262_0001,OUEMANI,2039,1070
KM,Comores,KM2,NGAZIDJA,KM26,MITSAMIOULI,KM263,MITSAMIOULI,KM263_0003,FASSI,2039,662
KM,Comores,KM2,NGAZIDJA,KM26,MITSAMIOULI,KM263,MITSAMIOULI,KM263_0002,HADAWA,2039,945
KM,Comores,KM2,NGAZIDJA,KM26,MITSAMIOULI,KM263,MITSAMIOULI,KM263_0001,MEMBOI - BOINI,2039,1430
KM,Comores,KM2,NGAZIDJA,KM26,MITSAMIOULI,KM263,MITSAMIOULI,KM263_0004,MITSAMIHOULI,2039,8307
KM,Comores,KM2,NGAZIDJA,KM26,MITSAMIOULI,KM263,MITSAMIOULI,KM263_0006,NDZAOUZE,2039,4349
KM,Comores,KM2,NGAZIDJA,KM26,MITSAMIOULI,KM263,MITSAMIOULI,KM263_0005,NKOURANI YA MITSAMIHOULI,2039,540
KM,Comores,KM2,NGAZIDJA,KM26,MITSAMIOULI,KM264,NYUMA KOMO,KM264_0001,BANGOI MAFUSA NKOA,2039,1094
KM,Comores,KM2,NGAZIDJA,KM26,MITSAMIOULI,KM264,NYUMA KOMO,KM264_0008,FOUNGA,2039,1522
KM,Comores,KM2,NGAZIDJA,KM26,MITSAMIOULI,KM264,NYUMA KOMO,KM264_0002,MEMBOI - DJOU,2039,2665
KM,Comores,KM2,NGAZIDJA,KM26,MITSAMIOULI,KM264,NYUMA KOMO,KM264_0007,NTSADJENI,2039,2789
KM,Comores,KM2,NGAZIDJA,KM26,MITSAMIOULI,KM264,NYUMA KOMO,KM264_0009,OUHOZI,2039,1990
KM,Comores,KM2,NGAZIDJA,KM26,MITSAMIOULI,KM264,NYUMA KOMO,KM264_0004,PIDJANI,2039,969
KM,Comores,KM2,NGAZIDJA,KM26,MITSAMIOULI,KM264,NYUMA KOMO,KM264_0005,SONGOMANI,2039,777
KM,Comores,KM2,NGAZIDJA,KM26,MITSAMIOULI,KM264,NYUMA KOMO,KM264_0006,TOIYFA,2039,780
KM,Comores,KM2,NGAZIDJA,KM27,MORONI BAMBAO,KM273,BAMBAO YA DJOU,KM273_0002,M'VOUNI,2039,8889
KM,Comores,KM2,NGAZIDJA,KM27,MORONI BAMBAO,KM273,BAMBAO YA DJOU,KM273_0003,MAVINGOUNI,2039,2919
KM,Comores,KM2,NGAZIDJA,KM27,MORONI BAMBAO,KM273,BAMBAO YA DJOU,KM273_0001,MKAZI,2039,10552
KM,Comores,KM2,NGAZIDJA,KM27,MORONI BAMBAO,KM271,BAMBAO YA HARI,KM271_0010,BOENI YA BAMBAO,2039,3448
KM,Comores,KM2,NGAZIDJA,KM27,MORONI BAMBAO,KM271,BAMBAO YA HARI,KM271_0007,DAOUENI,2039,628
KM,Comores,KM2,NGAZIDJA,KM27,MORONI BAMBAO,KM271,BAMBAO YA HARI,KM283_0003,DZAHANI,2039,1121
KM,Comores,KM2,NGAZIDJA,KM27,MORONI BAMBAO,KM271,BAMBAO YA HARI,KM271_0002,M'DE,2039,10778
KM,Comores,KM2,NGAZIDJA,KM27,MORONI BAMBAO,KM271,BAMBAO YA HARI,KM271_0006,MBOUDADJOU,2039,1706
KM,Comores,KM2,NGAZIDJA,KM27,MORONI BAMBAO,KM271,BAMBAO YA HARI,KM271_0005,MOIDZAZA DJOUMBE,2039,765
KM,Comores,KM2,NGAZIDJA,KM27,MORONI BAMBAO,KM271,BAMBAO YA HARI,KM271_0004,NIOUMADZAHA,2039,5326
KM,Comores,KM2,NGAZIDJA,KM27,MORONI BAMBAO,KM271,BAMBAO YA HARI,KM271_0003,SELEA,2039,3534
KM,Comores,KM2,NGAZIDJA,KM27,MORONI BAMBAO,KM271,BAMBAO YA HARI,KM271_0001,VOUVOUNI,2039,7166
KM,Comores,KM2,NGAZIDJA,KM27,MORONI BAMBAO,KM272,BAMBAO YA MBOINI,KM272_0001,ICONI,2039,9049
KM,Comores,KM2,NGAZIDJA,KM27,MORONI BAMBAO,KM272,BAMBAO YA MBOINI,KM272_0002,MBACHILE,2039,2774
KM,Comores,KM2,NGAZIDJA,KM27,MORONI BAMBAO,KM272,BAMBAO YA MBOINI,KM272_0003,MOIDZAZA - MBOINI,2039,4690
KM,Comores,KM2,NGAZIDJA,KM27,MORONI BAMBAO,KM272,BAMBAO YA MBOINI,KM272_0004,NDROUANI,2039,2275
KM,Comores,KM2,NGAZIDJA,KM27,MORONI BAMBAO,KM272,BAMBAO YA MBOINI,KM272_0005,SEREHINI,2039,1228
KM,Comores,KM2,NGAZIDJA,KM27,MORONI BAMBAO,KM274,MORONI,KM274_0001,MORONI,2039,123711
KM,Comores,KM2,NGAZIDJA,KM28,OICHILI DIMANI,KM281,DIMANI,KM281_0002,FOUMBOU DZIVOUNI,2039,736
KM,Comores,KM2,NGAZIDJA,KM28,OICHILI DIMANI,KM281,DIMANI,KM281_0007,IDJINKOUNDZI,2039,3997
KM,Comores,KM2,NGAZIDJA,KM28,OICHILI DIMANI,KM281,DIMANI,KM281_0006,IDJOINDRADJA,2039,312
KM,Comores,KM2,NGAZIDJA,KM28,OICHILI DIMANI,KM281,DIMANI,KM281_0005,MADJOMA,2039,903
KM,Comores,KM2,NGAZIDJA,KM28,OICHILI DIMANI,KM281,DIMANI,KM281_0008,MAOUENI DIMANI,2039,2478
KM,Comores,KM2,NGAZIDJA,KM28,OICHILI DIMANI,KM281,DIMANI,KM281_0003,MBOUDE,2039,1066
KM,Comores,KM2,NGAZIDJA,KM28,OICHILI DIMANI,KM281,DIMANI,KM281_0004,MIDJINDZE,2039,256
KM,Comores,KM2,NGAZIDJA,KM28,OICHILI DIMANI,KM281,DIMANI,KM281_0009,MIRERENI,2039,860
KM,Comores,KM2,NGAZIDJA,KM28,OICHILI DIMANI,KM281,DIMANI,KM281_0001,MTSANGADJOU,2039,2119
KM,Comores,KM2,NGAZIDJA,KM28,OICHILI DIMANI,KM281,DIMANI,KM281_0010,NTSORALE,2039,4048
KM,Comores,KM2,NGAZIDJA,KM28,OICHILI DIMANI,KM281,DIMANI,KM281_0012,REHEMANI,2039,663
KM,Comores,KM2,NGAZIDJA,KM28,OICHILI DIMANI,KM281,DIMANI,KM281_0011,SIDJOU,2039,1425
KM,Comores,KM2,NGAZIDJA,KM28,OICHILI DIMANI,KM283,OICHILI YABOINI,KM283_0003,DZAHANI,2039,1094
KM,Comores,KM2,NGAZIDJA,KM28,OICHILI DIMANI,KM283,OICHILI YABOINI,KM283_0006,HAMBOU,2039,1643
KM,Comores,KM2,NGAZIDJA,KM28,OICHILI DIMANI,KM283,OICHILI YABOINI,KM283_0007,HASSENDJE,2039,483
KM,Comores,KM2,NGAZIDJA,KM28,OICHILI DIMANI,KM283,OICHILI YABOINI,KM283_0001,ITSINKOUDI,2039,4040
KM,Comores,KM2,NGAZIDJA,KM28,OICHILI DIMANI,KM283,OICHILI YABOINI,KM283_0004,KOUHANI,2039,790
KM,Comores,KM2,NGAZIDJA,KM28,OICHILI DIMANI,KM283,OICHILI YABOINI,KM283_0005,MTSAMDU,2039,1909
KM,Comores,KM2,NGAZIDJA,KM28,OICHILI DIMANI,KM282,OICHILI YADJOU,KM282_0003,BOENI YAWACHILI,2039,1428
KM,Comores,KM2,NGAZIDJA,KM28,OICHILI DIMANI,KM282,OICHILI YADJOU,KM282_0009,CHAMRO,2039,261
KM,Comores,KM2,NGAZIDJA,KM28,OICHILI DIMANI,KM282,OICHILI YADJOU,KM282_0007,CHOMONI,2039,1349
KM,Comores,KM2,NGAZIDJA,KM28,OICHILI DIMANI,KM282,OICHILI YADJOU,KM282_0004,DZAHADJOU YA WACHILI,2039,1724
KM,Comores,KM2,NGAZIDJA,KM28,OICHILI DIMANI,KM282,OICHILI YADJOU,KM282_0002,IROHE,2039,1569
KM,Comores,KM2,NGAZIDJA,KM28,OICHILI DIMANI,KM282,OICHILI YADJOU,KM282_0001,KOIMBANI YA WACHILI,2039,4839
KM,Comores,KM2,NGAZIDJA,KM28,OICHILI DIMANI,KM282,OICHILI YADJOU,KM282_0005,SADA,2039,588
KM,Comores,KM2,NGAZIDJA,KM28,OICHILI DIMANI,KM282,OICHILI YADJOU,KM282_0006,SADANI,2039,1017
KM,Comores,KM2,NGAZIDJA,KM28,OICHILI DIMANI,KM282,OICHILI YADJOU,KM282_0008,SAMBA MADI,2039,177
KM,Comores,KM2,NGAZIDJA,KM28,OICHILI DIMANI,KM282,OICHILI YADJOU,KM282_0010,SIMA YA WACHILI,2039,1696
KM,Comores,KM3,MWALI,KM31,DJANDO,KM311,DJANDO,KM311_0006,HAGNAMOIDA,2040,1461
KM,Comores,KM3,MWALI,KM31,DJANDO,KM311,DJANDO,KM311_0008,HAMAVOUNA,2040,2371
KM,Comores,KM3,MWALI,KM31,DJANDO,KM311,DJANDO,KM311_0007,ITSAMIA,2040,724
KM,Comores,KM3,MWALI,KM31,DJANDO,KM311,DJANDO,KM121_0005,KANGANI,2040,2427
KM,Comores,KM3,MWALI,KM31,DJANDO,KM311,DJANDO,KM311_0003,MLANBANDA,2040,728
KM,Comores,KM3,MWALI,KM31,DJANDO,KM311,DJANDO,KM311_0002,WANANI,2040,5885
KM,Comores,KM3,MWALI,KM31,DJANDO,KM311,DJANDO,KM311_0001,ZIROUDANI,2040,3122
KM,Comores,KM3,MWALI,KM32,FOMBONI,KM321,FOMBONI,KM321_0001,FOMBONI,2040,30922
KM,Comores,KM3,MWALI,KM32,FOMBONI,KM322,MOILI MDJINI,KM322_0002,BANDAR SALAMA,2040,4315
KM,Comores,KM3,MWALI,KM32,FOMBONI,KM322,MOILI MDJINI,KM322_0003,DJOIEZI,2040,5261
KM,Comores,KM3,MWALI,KM32,FOMBONI,KM322,MOILI MDJINI,KM322_0001,MBOIGOMA,2040,3675
KM,Comores,KM3,MWALI,KM32,FOMBONI,KM323,MOINBASSA,KM252_0007,DOMONI,2040,461
KM,Comores,KM3,MWALI,KM32,FOMBONI,KM323,MOINBASSA,KM323_0002,HOANI,2040,3933
KM,Comores,KM3,MWALI,KM32,FOMBONI,KM323,MOINBASSA,KM323_0001,M'BATSE,2040,6574
KM,Comores,KM3,MWALI,KM33,NIOUMACHOUA,KM331,MLEDJELE,KM331_0001,MIREMANI,2040,515
KM,Comores,KM3,MWALI,KM33,NIOUMACHOUA,KM331,MLEDJELE,KM331_0004,NDREMEANI,2040,102
KM,Comores,KM3,MWALI,KM33,NIOUMACHOUA,KM331,MLEDJELE,KM331_0002,NDRONDRONI,2040,7583
KM,Comores,KM3,MWALI,KM33,NIOUMACHOUA,KM331,MLEDJELE,KM331_0003,NIOUMACHOUA,2040,5953
KM,Comores,KM3,MWALI,KM33,NIOUMACHOUA,KM332,MOIMBAO,KM143_0003,BARAKANI,2040,1681
KM,Comores,KM3,MWALI,KM33,NIOUMACHOUA,KM332,MOIMBAO,KM332_0001,HAMBA,2040,435
KM,Comores,KM3,MWALI,KM33,NIOUMACHOUA,KM332,MOIMBAO,KM332_0004,MIRINGONI,2040,1801
KM,Comores,KM3,MWALI,KM33,NIOUMACHOUA,KM332,MOIMBAO,KM332_0005,WALLAH 1,2040,798
KM,Comores,KM3,MWALI,KM33,NIOUMACHOUA,KM332,MOIMBAO,KM332_0006,WALLAH 2,2040,1493
KM,Comores,KM1,NDZUWANI,KM11,DOMONI,KM111,BAMBAO MSTANGA,KM111_0001,BAMBAO MTSANGA,2040,8755
KM,Comores,KM1,NDZUWANI,KM11,DOMONI,KM111,BAMBAO MSTANGA,KM111_0004,MAHALE,2040,6227
KM,Comores,KM1,NDZUWANI,KM11,DOMONI,KM111,BAMBAO MSTANGA,KM111_0002,MROMAJI,2040,4835
KM,Comores,KM1,NDZUWANI,KM11,DOMONI,KM111,BAMBAO MSTANGA,KM111_0003,ONGONI,2040,4153
KM,Comores,KM1,NDZUWANI,KM11,DOMONI,KM112,DOMONI,KM112_0004,BWELADUGU,2040,1287
KM,Comores,KM1,NDZUWANI,KM11,DOMONI,KM112,DOMONI,KM252_0007,DOMONI,2040,21522
KM,Comores,KM1,NDZUWANI,KM11,DOMONI,KM112,DOMONI,KM112_0003,LIMBI,2040,4545
KM,Comores,KM1,NDZUWANI,KM11,DOMONI,KM113,JIMLIME,KM113_0003,HAJOHO,2040,6557
KM,Comores,KM1,NDZUWANI,KM11,DOMONI,KM113,JIMLIME,KM113_0001,HAREMBO I,2040,1002
KM,Comores,KM1,NDZUWANI,KM11,DOMONI,KM113,JIMLIME,KM113_0002,HAREMBO II,2040,1681
KM,Comores,KM1,NDZUWANI,KM11,DOMONI,KM113,JIMLIME,KM113_0004,JIMLIME,2040,10735
KM,Comores,KM1,NDZUWANI,KM11,DOMONI,KM114,KONI,KM114_0004,GEGE,2040,1921
KM,Comores,KM1,NDZUWANI,KM11,DOMONI,KM114,KONI,KM114_0003,HACHIPENDA,2040,3244
KM,Comores,KM1,NDZUWANI,KM11,DOMONI,KM114,KONI,KM114_0001,KONI DJODJO,2040,18671
KM,Comores,KM1,NDZUWANI,KM11,DOMONI,KM114,KONI,KM114_0002,KONI NGANI,2040,9005
KM,Comores,KM1,NDZUWANI,KM11,DOMONI,KM115,NGADZALE,KM115_0001,NGADZALE,2040,9618
KM,Comores,KM1,NDZUWANI,KM11,DOMONI,KM115,NGADZALE,KM115_0002,OUTSA,2040,1249
KM,Comores,KM1,NDZUWANI,KM11,DOMONI,KM115,NGADZALE,KM115_0005,OUZINI,2040,3029
KM,Comores,KM1,NDZUWANI,KM11,DOMONI,KM115,NGADZALE,KM153_0014,SALAMANI,2040,3666
KM,Comores,KM1,NDZUWANI,KM16,MOYA,KM151,MOYA,KM151_0002,KOWET,2040,3616
KM,Comores,KM1,NDZUWANI,KM16,MOYA,KM151,MOYA,KM151_0005,LINGONI,2040,8564
KM,Comores,KM1,NDZUWANI,KM16,MOYA,KM151,MOYA,KM151_0007,MAWENI,2040,1367
KM,Comores,KM1,NDZUWANI,KM16,MOYA,KM151,MOYA,KM151_0001,MOYA,2040,15664
KM,Comores,KM1,NDZUWANI,KM16,MOYA,KM151,MOYA,KM151_0004,NINDRI,2040,5341
KM,Comores,KM1,NDZUWANI,KM16,MOYA,KM151,MOYA,KM151_0003,POMONI,2040,7344
KM,Comores,KM1,NDZUWANI,KM12,MREMANI,KM121,ADDA,KM121_0001,ADDA DAWENI,2040,19930
KM,Comores,KM1,NDZUWANI,KM12,MREMANI,KM121,ADDA,KM121_0002,DJANZA,2040,1427
KM,Comores,KM1,NDZUWANI,KM12,MREMANI,KM121,ADDA,KM121_0005,KANGANI,2040,8466
KM,Comores,KM1,NDZUWANI,KM12,MREMANI,KM121,ADDA,KM121_0003,MAGNASSINI,2040,7475
KM,Comores,KM1,NDZUWANI,KM12,MREMANI,KM123,MRAMANI,KM123_0004,DZIANII,2040,3370
KM,Comores,KM1,NDZUWANI,KM12,MREMANI,KM123,MRAMANI,KM123_0002,HANTSAHII,2040,2545
KM,Comores,KM1,NDZUWANI,KM12,MREMANI,KM123,MRAMANI,KM123_0001,MRAMANI,2040,7058
KM,Comores,KM1,NDZUWANI,KM12,MREMANI,KM123,MRAMANI,KM123_0003,NYAMBOIMRO,2040,3578
KM,Comores,KM1,NDZUWANI,KM12,MREMANI,KM124,MREMANI,KM124_0002,BANDA KOUNI,2040,6428
KM,Comores,KM1,NDZUWANI,KM12,MREMANI,KM124,MREMANI,KM124_0004,DAJI,2040,5427
KM,Comores,KM1,NDZUWANI,KM12,MREMANI,KM124,MREMANI,KM124_0001,MREMANI,2040,9524
KM,Comores,KM1,NDZUWANI,KM12,MREMANI,KM124,MREMANI,KM124_0003,MRIDJOU,2040,6084
KM,Comores,KM1,NDZUWANI,KM12,MREMANI,KM125,ONGOJOU,KM125_0002,KIYO,2040,2847
KM,Comores,KM1,NDZUWANI,KM12,MREMANI,KM125,ONGOJOU,KM125_0003,KOMONI,2040,4611
KM,Comores,KM1,NDZUWANI,KM12,MREMANI,KM125,ONGOJOU,KM125_0004,MIRONDRONI,2040,700
KM,Comores,KM1,NDZUWANI,KM12,MREMANI,KM125,ONGOJOU,KM125_0001,ONGODJOU,2040,11022
KM,Comores,KM1,NDZUWANI,KM12,MREMANI,KM125,ONGOJOU,KM125_0005,TRINDRINI,2040,275
KM,Comores,KM1,NDZUWANI,KM12,MREMANI,KM122,SHAWENI,KM122_0002,HAMCHACO,2040,3349
KM,Comores,KM1,NDZUWANI,KM12,MREMANI,KM122,SHAWENI,KM122_0005,MNADZICHOUMWE,2040,1737
KM,Comores,KM1,NDZUWANI,KM12,MREMANI,KM122,SHAWENI,KM122_0004,NOUNGA,2040,750
KM,Comores,KM1,NDZUWANI,KM12,MREMANI,KM122,SHAWENI,KM122_0003,SADAPOINI,2040,5076
KM,Comores,KM1,NDZUWANI,KM12,MREMANI,KM122,SHAWENI,KM122_0001,SHAWENI,2040,1862
KM,Comores,KM1,NDZUWANI,KM13,MUTSAMUDU,KM131,BANDRANI YA CHIRONKAMBA,KM131_0002,ANKIBANI,2040,3740
KM,Comores,KM1,NDZUWANI,KM13,MUTSAMUDU,KM131,BANDRANI YA CHIRONKAMBA,KM131_0008,BANDRADJOU,2040,3179
KM,Comores,KM1,NDZUWANI,KM13,MUTSAMUDU,KM131,BANDRANI YA CHIRONKAMBA,KM131_0006,CHICONI 2,2040,236
KM,Comores,KM1,NDZUWANI,KM13,MUTSAMUDU,KM131,BANDRANI YA CHIRONKAMBA,KM131_0003,CHIRONKAMBA,2040,3459
KM,Comores,KM1,NDZUWANI,KM13,MUTSAMUDU,KM131,BANDRANI YA CHIRONKAMBA,KM151_0007,MAWENI,2040,1384
KM,Comores,KM1,NDZUWANI,KM13,MUTSAMUDU,KM131,BANDRANI YA CHIRONKAMBA,KM131_0001,MDJIMANDRA,2040,4729
KM,Comores,KM1,NDZUWANI,KM13,MUTSAMUDU,KM131,BANDRANI YA CHIRONKAMBA,KM131_0007,MPOUZINI,2040,108
KM,Comores,KM1,NDZUWANI,KM13,MUTSAMUDU,KM132,Commune BANDRANI YA MITSANGANI,KM132_0001,BANDRANI MTSANGANI,2040,3329
KM,Comores,KM1,NDZUWANI,KM13,MUTSAMUDU,KM132,Commune BANDRANI YA MITSANGANI,KM132_0002,CHITROUNI,2040,2162
KM,Comores,KM1,NDZUWANI,KM13,MUTSAMUDU,KM132,Commune BANDRANI YA MITSANGANI,KM132_0004,MDJAMAOUE,2040,2977
KM,Comores,KM1,NDZUWANI,KM13,MUTSAMUDU,KM132,Commune BANDRANI YA MITSANGANI,KM132_0003,SAANDANI,2040,3950
KM,Comores,KM1,NDZUWANI,KM13,MUTSAMUDU,KM133,MIRONTSI,KM133_0001,MIRONTSI,2040,20987
KM,Comores,KM1,NDZUWANI,KM13,MUTSAMUDU,KM134,MUTSAMUDU,KM134_0005,CHICONI1,2040,7
KM,Comores,KM1,NDZUWANI,KM13,MUTSAMUDU,KM134,MUTSAMUDU,KM134_0001,MUTSAMUDU,2040,45993
KM,Comores,KM1,NDZUWANI,KM13,MUTSAMUDU,KM134,MUTSAMUDU,KM134_0003,MWAMWA I,2040,3279
KM,Comores,KM1,NDZUWANI,KM13,MUTSAMUDU,KM134,MUTSAMUDU,KM134_0004,MWAMWA II,2040,1380
KM,Comores,KM1,NDZUWANI,KM13,MUTSAMUDU,KM134,MUTSAMUDU,KM134_0002,PAJE,2040,10298
KM,Comores,KM1,NDZUWANI,KM14,OUANI,KM141,BAMBAO MTROUNI,KM141_0003,CHANDRA,2040,8646
KM,Comores,KM1,NDZUWANI,KM14,OUANI,KM141,BAMBAO MTROUNI,KM141_0002,DINDRI,2040,18051
KM,Comores,KM1,NDZUWANI,KM14,OUANI,KM141,BAMBAO MTROUNI,KM141_0001,TSEMBEHOU,2040,22094
KM,Comores,KM1,NDZUWANI,KM14,OUANI,KM142,BAZIMINI,KM142_0001,BAZIMINI,2040,14424
KM,Comores,KM1,NDZUWANI,KM14,OUANI,KM142,BAZIMINI,KM142_0002,KOKI,2040,11056
KM,Comores,KM1,NDZUWANI,KM14,OUANI,KM142,BAZIMINI,KM142_0003,PATSY,2040,6735
KM,Comores,KM1,NDZUWANI,KM14,OUANI,KM143,OUANI,KM143_0003,BARAKANI,2040,12333
KM,Comores,KM1,NDZUWANI,KM14,OUANI,KM143,OUANI,KM143_0004,GNATRANGA,2040,5797
KM,Comores,KM1,NDZUWANI,KM14,OUANI,KM143,OUANI,KM143_0001,OUANI,2040,17657
KM,Comores,KM1,NDZUWANI,KM14,OUANI,KM143,OUANI,KM143_0005,TANAMBAO,2040,3646
KM,Comores,KM1,NDZUWANI,KM15,SIMA,KM152,SIMA,KM152_0003,BIMBINI,2040,3074
KM,Comores,KM1,NDZUWANI,KM15,SIMA,KM152,SIMA,KM152_0004,BOUNGOUENI,2040,6132
KM,Comores,KM1,NDZUWANI,KM15,SIMA,KM152,SIMA,KM152_0002,KAVANI,2040,3738
KM,Comores,KM1,NDZUWANI,KM15,SIMA,KM152,SIMA,KM234_0004,MILEMBENI,2040,1251
KM,Comores,KM1,NDZUWANI,KM15,SIMA,KM152,SIMA,KM152_0005,MIRONGANI,2040,2511
KM,Comores,KM1,NDZUWANI,KM15,SIMA,KM152,SIMA,KM232_0003,SIMA,2040,8978
KM,Comores,KM1,NDZUWANI,KM15,SIMA,KM153,VOUANI,KM153_0010,BANDRANI YA VOUANI,2040,2900
KM,Comores,KM1,NDZUWANI,KM15,SIMA,KM153,VOUANI,KM153_0011,CHIROVE,2040,454
KM,Comores,KM1,NDZUWANI,KM15,SIMA,KM153,VOUANI,KM153_0009,DAR SALAMA,2040,2313
KM,Comores,KM1,NDZUWANI,KM15,SIMA,KM153,VOUANI,KM153_0007,DZINDRI I,2040,4366
KM,Comores,KM1,NDZUWANI,KM15,SIMA,KM153,VOUANI,KM153_0003,HASSIMPAO,2040,2638
KM,Comores,KM1,NDZUWANI,KM15,SIMA,KM153,VOUANI,KM153_0006,IMERE,2040,771
KM,Comores,KM1,NDZUWANI,KM15,SIMA,KM153,VOUANI,KM153_0015,IMERE YA GAWANI,2040,1277
KM,Comores,KM1,NDZUWANI,KM15,SIMA,KM153,VOUANI,KM153_0002,MARAHARE,2040,3389
KM,Comores,KM1,NDZUWANI,KM15,SIMA,KM153,VOUANI,KM153_0012,MARONTRONI,2040,700
KM,Comores,KM1,NDZUWANI,KM15,SIMA,KM153,VOUANI,KM153_0001,MROMOUHOULI,2040,1045
KM,Comores,KM1,NDZUWANI,KM15,SIMA,KM153,VOUANI,KM153_0014,SALAMANI,2040,700
KM,Comores,KM1,NDZUWANI,KM15,SIMA,KM153,VOUANI,KM153_0004,SHITSANGASHELI,2040,267
KM,Comores,KM1,NDZUWANI,KM15,SIMA,KM153,VOUANI,KM153_0005,VASSI,2040,2174
KM,Comores,KM1,NDZUWANI,KM15,SIMA,KM153,VOUANI,KM153_0008,VOUANI,2040,5896
KM,Comores,KM2,NGAZIDJA,KM21,HAMAHAMET MBOINKOU,KM211,MBOINKOU,KM211_0008,BANDAMADJI LA MBOIKOU,2040,1168
KM,Comores,KM2,NGAZIDJA,KM21,HAMAHAMET MBOINKOU,KM211,MBOINKOU,KM211_0004,CHEZANI,2040,4490
KM,Comores,KM2,NGAZIDJA,KM21,HAMAHAMET MBOINKOU,KM211,MBOINKOU,KM211_0007,HANTSINDZI,2040,3470
KM,Comores,KM2,NGAZIDJA,KM21,HAMAHAMET MBOINKOU,KM211,MBOINKOU,KM211_0001,MADJEOUENI,2040,2905
KM,Comores,KM2,NGAZIDJA,KM21,HAMAHAMET MBOINKOU,KM211,MBOINKOU,KM211_0005,NDROUDE,2040,3402
KM,Comores,KM2,NGAZIDJA,KM21,HAMAHAMET MBOINKOU,KM211,MBOINKOU,KM211_0006,NIOUMAMILIMA,2040,2204
KM,Comores,KM2,NGAZIDJA,KM21,HAMAHAMET MBOINKOU,KM211,MBOINKOU,KM211_0002,SADANI YA MBOIKOU,2040,1019
KM,Comores,KM2,NGAZIDJA,KM21,HAMAHAMET MBOINKOU,KM211,MBOINKOU,KM211_0003,TRELEZINI,2040,902
KM,Comores,KM2,NGAZIDJA,KM21,HAMAHAMET MBOINKOU,KM212,NYUMA MRO,KM212_0005,BAMBADJANI,2040,2028
KM,Comores,KM2,NGAZIDJA,KM21,HAMAHAMET MBOINKOU,KM212,NYUMA MRO,KM212_0001,DIMADJOU YA HAMAHAMET,2040,3950
KM,Comores,KM2,NGAZIDJA,KM21,HAMAHAMET MBOINKOU,KM212,NYUMA MRO,KM212_0009,HADJAMBOU,2040,2091
KM,Comores,KM2,NGAZIDJA,KM21,HAMAHAMET MBOINKOU,KM212,NYUMA MRO,KM212_0007,ITSANDZENI,2040,3037
KM,Comores,KM2,NGAZIDJA,KM21,HAMAHAMET MBOINKOU,KM212,NYUMA MRO,KM212_0010,MBATSE YA HAMAHAMET,2040,380
KM,Comores,KM2,NGAZIDJA,KM21,HAMAHAMET MBOINKOU,KM212,NYUMA MRO,KM212_0003,MDJIHARI,2040,1077
KM,Comores,KM2,NGAZIDJA,KM21,HAMAHAMET MBOINKOU,KM212,NYUMA MRO,KM212_0004,MOIDJA,2040,3353
KM,Comores,KM2,NGAZIDJA,KM21,HAMAHAMET MBOINKOU,KM212,NYUMA MRO,KM212_0006,NGOLE,2040,620
KM,Comores,KM2,NGAZIDJA,KM21,HAMAHAMET MBOINKOU,KM212,NYUMA MRO,KM212_0002,NYADOMBWENI,2040,1655
KM,Comores,KM2,NGAZIDJA,KM21,HAMAHAMET MBOINKOU,KM212,NYUMA MRO,KM212_0008,OUELLAH YA HAMAHAMET,2040,1153
KM,Comores,KM2,NGAZIDJA,KM21,HAMAHAMET MBOINKOU,KM213,NYUMA MSIRU,KM213_0008,BATOU,2040,1124
KM,Comores,KM2,NGAZIDJA,KM21,HAMAHAMET MBOINKOU,KM213,NYUMA MSIRU,KM213_0006,BOUNI,2040,2347
KM,Comores,KM2,NGAZIDJA,KM21,HAMAHAMET MBOINKOU,KM213,NYUMA MSIRU,KM213_0007,HEROUMBILI,2040,2425
KM,Comores,KM2,NGAZIDJA,KM21,HAMAHAMET MBOINKOU,KM213,NYUMA MSIRU,KM213_0010,IFOUNDIHE YA HAMAHAMET,2040,1146
KM,Comores,KM2,NGAZIDJA,KM21,HAMAHAMET MBOINKOU,KM213,NYUMA MSIRU,KM213_0009,KOURANI YA HAMAHAMET,2040,218
KM,Comores,KM2,NGAZIDJA,KM21,HAMAHAMET MBOINKOU,KM213,NYUMA MSIRU,KM213_0001,MBENI,2040,8666
KM,Comores,KM2,NGAZIDJA,KM21,HAMAHAMET MBOINKOU,KM213,NYUMA MSIRU,KM213_0011,MNOUNGOU,2040,2064
KM,Comores,KM2,NGAZIDJA,KM21,HAMAHAMET MBOINKOU,KM213,NYUMA MSIRU,KM213_0004,SADA CHIHOUWE,2040,1320
KM,Comores,KM2,NGAZIDJA,KM21,HAMAHAMET MBOINKOU,KM213,NYUMA MSIRU,KM213_0005,SADA MHUWAMBOI,2040,335
KM,Comores,KM2,NGAZIDJA,KM21,HAMAHAMET MBOINKOU,KM213,NYUMA MSIRU,KM213_0003,SALIMANI YA HAMAHAMET,2040,1041
KM,Comores,KM2,NGAZIDJA,KM21,HAMAHAMET MBOINKOU,KM213,NYUMA MSIRU,KM213_0002,SELEANI,2040,2347
KM,Comores,KM2,NGAZIDJA,KM22,HAMBOU,KM221,DJOUMOIPANGUA,KM221_0004,BAMBANI,2040,2104
KM,Comores,KM2,NGAZIDJA,KM22,HAMBOU,KM221,DJOUMOIPANGUA,KM221_0005,DZAHADJOU,2040,3585
KM,Comores,KM2,NGAZIDJA,KM22,HAMBOU,KM221,DJOUMOIPANGUA,KM221_0003,HETSA,2040,1411
KM,Comores,KM2,NGAZIDJA,KM22,HAMBOU,KM221,DJOUMOIPANGUA,KM221_0002,MDJOIEZI,2040,5095
KM,Comores,KM2,NGAZIDJA,KM22,HAMBOU,KM221,DJOUMOIPANGUA,KM221_0001,SINGANI,2040,3578
KM,Comores,KM2,NGAZIDJA,KM22,HAMBOU,KM222,TSINIMOIPANGUA,KM222_0005,BANGOI,2040,4783
KM,Comores,KM2,NGAZIDJA,KM22,HAMBOU,KM222,TSINIMOIPANGUA,KM222_0003,CHOUANI,2040,4379
KM,Comores,KM2,NGAZIDJA,KM22,HAMBOU,KM222,TSINIMOIPANGUA,KM222_0004,DJOUMOICHONGO,2040,2594
KM,Comores,KM2,NGAZIDJA,KM22,HAMBOU,KM222,TSINIMOIPANGUA,KM222_0001,MITSOUDJE,2040,6322
KM,Comores,KM2,NGAZIDJA,KM22,HAMBOU,KM222,TSINIMOIPANGUA,KM222_0006,NKOMIONI,2040,941
KM,Comores,KM2,NGAZIDJA,KM22,HAMBOU,KM222,TSINIMOIPANGUA,KM222_0007,SALIMANI,2040,3307
KM,Comores,KM2,NGAZIDJA,KM22,HAMBOU,KM222,TSINIMOIPANGUA,KM222_0002,TROUMBENI,2040,392
KM,Comores,KM2,NGAZIDJA,KM23,ITSANDRA HAMANVOU,KM231,BANGAANI,KM231_0007,BANDAMADJI LA ITSANDRA,2040,1548
KM,Comores,KM2,NGAZIDJA,KM23,ITSANDRA HAMANVOU,KM231,BANGAANI,KM231_0008,DIMADJOU YA ITSANDRA,2040,2400
KM,Comores,KM2,NGAZIDJA,KM23,ITSANDRA HAMANVOU,KM231,BANGAANI,KM231_0004,DZAHANI LA TSIDJE,2040,13350
KM,Comores,KM2,NGAZIDJA,KM23,ITSANDRA HAMANVOU,KM231,BANGAANI,KM231_0001,ITSANDRA MDJINI,2040,5531
KM,Comores,KM2,NGAZIDJA,KM23,ITSANDRA HAMANVOU,KM231,BANGAANI,KM231_0005,MAOUENI YA ITSANDRA,2040,1393
KM,Comores,KM2,NGAZIDJA,KM23,ITSANDRA HAMANVOU,KM231,BANGAANI,KM231_0006,MIRONTSI YA ITSANDRA,2040,740
KM,Comores,KM2,NGAZIDJA,KM23,ITSANDRA HAMANVOU,KM231,BANGAANI,KM231_0002,SALIMANI YA ITSANDRA,2040,5405
KM,Comores,KM2,NGAZIDJA,KM23,ITSANDRA HAMANVOU,KM231,BANGAANI,KM231_0003,SAMBA MBODONI,2040,2346
KM,Comores,KM2,NGAZIDJA,KM23,ITSANDRA HAMANVOU,KM232,DJOUMOICHONGO,KM232_0002,BAHANI,2040,3072
KM,Comores,KM2,NGAZIDJA,KM23,ITSANDRA HAMANVOU,KM232,DJOUMOICHONGO,KM232_0001,DZAHANI II,2040,2474
KM,Comores,KM2,NGAZIDJA,KM23,ITSANDRA HAMANVOU,KM232,DJOUMOICHONGO,KM232_0004,OUELLAH YA ITSANDRA,2040,2148
KM,Comores,KM2,NGAZIDJA,KM23,ITSANDRA HAMANVOU,KM232,DJOUMOICHONGO,KM232_0005,SAMBA KOUNI,2040,3459
KM,Comores,KM2,NGAZIDJA,KM23,ITSANDRA HAMANVOU,KM232,DJOUMOICHONGO,KM232_0003,SIMA,2040,1423
KM,Comores,KM2,NGAZIDJA,KM23,ITSANDRA HAMANVOU,KM233,HAMANVOU,KM233_0008,BIBAVOU,2040,1879
KM,Comores,KM2,NGAZIDJA,KM23,ITSANDRA HAMANVOU,KM233,HAMANVOU,KM233_0002,BOENINDI,2040,1305
KM,Comores,KM2,NGAZIDJA,KM23,ITSANDRA HAMANVOU,KM233,HAMANVOU,KM233_0007,DIBOINI,2040,2437
KM,Comores,KM2,NGAZIDJA,KM23,ITSANDRA HAMANVOU,KM233,HAMANVOU,KM233_0001,HAHAYA,2040,7756
KM,Comores,KM2,NGAZIDJA,KM23,ITSANDRA HAMANVOU,KM233,HAMANVOU,KM233_0004,MBALENI,2040,313
KM,Comores,KM2,NGAZIDJA,KM23,ITSANDRA HAMANVOU,KM233,HAMANVOU,KM233_0003,MBAMBANI YA HAMANVOU,2040,1178
KM,Comores,KM2,NGAZIDJA,KM23,ITSANDRA HAMANVOU,KM233,HAMANVOU,KM233_0006,MBANGANI,2040,2496
KM,Comores,KM2,NGAZIDJA,KM23,ITSANDRA HAMANVOU,KM233,HAMANVOU,KM233_0009,MILEVANI,2040,2079
KM,Comores,KM2,NGAZIDJA,KM23,ITSANDRA HAMANVOU,KM233,HAMANVOU,KM233_0005,OUSSIVO,2040,3862
KM,Comores,KM2,NGAZIDJA,KM23,ITSANDRA HAMANVOU,KM234,ISAHARI,KM234_0002,HANTSAMBOU,2040,2745
KM,Comores,KM2,NGAZIDJA,KM23,ITSANDRA HAMANVOU,KM234,ISAHARI,KM234_0004,MILEMBENI,2040,1673
KM,Comores,KM2,NGAZIDJA,KM23,ITSANDRA HAMANVOU,KM234,ISAHARI,KM234_0001,NTSOUDJINI,2040,7318
KM,Comores,KM2,NGAZIDJA,KM23,ITSANDRA HAMANVOU,KM234,ISAHARI,KM234_0005,ZIVANDANI,2040,2256
KM,Comores,KM2,NGAZIDJA,KM23,ITSANDRA HAMANVOU,KM235,MBADANI,KM235_0001,BATSA ITSANDRA,2040,4512
KM,Comores,KM2,NGAZIDJA,KM23,ITSANDRA HAMANVOU,KM235,MBADANI,KM235_0005,DZAHADJOU LA ITSANDRA,2040,2393
KM,Comores,KM2,NGAZIDJA,KM23,ITSANDRA HAMANVOU,KM235,MBADANI,KM235_0004,MHANDANI,2040,928
KM,Comores,KM2,NGAZIDJA,KM23,ITSANDRA HAMANVOU,KM235,MBADANI,KM235_0003,VANADJOU,2040,1626
KM,Comores,KM2,NGAZIDJA,KM23,ITSANDRA HAMANVOU,KM235,MBADANI,KM235_0002,VANAMBOINI,2040,3529
KM,Comores,KM2,NGAZIDJA,KM23,ITSANDRA HAMANVOU,KM235,MBADANI,KM235_0006,VOUNA MBADANI,2040,1325
KM,Comores,KM2,NGAZIDJA,KM24,MBADJINI EST,KM241,DOMBA,KM241_0002,BANDADAOUENI,2040,2543
KM,Comores,KM2,NGAZIDJA,KM24,MBADJINI EST,KM241,DOMBA,KM241_0001,BANDAMADJI LADOMBA,2040,1793
KM,Comores,KM2,NGAZIDJA,KM24,MBADJINI EST,KM241,DOMBA,KM241_0004,OUNGONI,2040,1692
KM,Comores,KM2,NGAZIDJA,KM24,MBADJINI EST,KM241,DOMBA,KM264_0004,PIDJANI,2040,3654
KM,Comores,KM2,NGAZIDJA,KM24,MBADJINI EST,KM241,DOMBA,KM241_0003,TSINIMOIPANGA,2040,4114
KM,Comores,KM2,NGAZIDJA,KM24,MBADJINI EST,KM242,ITSAHIDI,KM242_0007,CHINDINI,2040,2897
KM,Comores,KM2,NGAZIDJA,KM24,MBADJINI EST,KM242,ITSAHIDI,KM242_0009,DZAHADJOU LA MBADJINI,2040,1883
KM,Comores,KM2,NGAZIDJA,KM24,MBADJINI EST,KM242,ITSAHIDI,KM242_0001,FOUMBOUNI,2040,4311
KM,Comores,KM2,NGAZIDJA,KM24,MBADJINI EST,KM242,ITSAHIDI,KM242_0002,KOIMBANI LA MBADJINI,2040,747
KM,Comores,KM2,NGAZIDJA,KM24,MBADJINI EST,KM242,ITSAHIDI,KM242_0003,MALE,2040,3833
KM,Comores,KM2,NGAZIDJA,KM24,MBADJINI EST,KM242,ITSAHIDI,KM242_0004,MIDJENDJENI,2040,696
KM,Comores,KM2,NGAZIDJA,KM24,MBADJINI EST,KM242,ITSAHIDI,KM242_0010,MOHORO,2040,3622
KM,Comores,KM2,NGAZIDJA,KM24,MBADJINI EST,KM242,ITSAHIDI,KM242_0006,NDZOUANI,2040,343
KM,Comores,KM2,NGAZIDJA,KM24,MBADJINI EST,KM242,ITSAHIDI,KM242_0011,NGNOUMADZHA MVOUBARI,2040,3439
KM,Comores,KM2,NGAZIDJA,KM24,MBADJINI EST,KM242,ITSAHIDI,KM242_0005,OUROVENI,2040,2388
KM,Comores,KM2,NGAZIDJA,KM24,MBADJINI EST,KM242,ITSAHIDI,KM242_0008,SIMAMBOINI,2040,1573
KM,Comores,KM2,NGAZIDJA,KM24,MBADJINI EST,KM243,PIMBA,KM243_0004,BANDAMADJI LA KOUBOINI,2040,1283
KM,Comores,KM2,NGAZIDJA,KM24,MBADJINI EST,KM243,PIMBA,KM243_0005,DARISSALAMA,2040,877
KM,Comores,KM2,NGAZIDJA,KM24,MBADJINI EST,KM243,PIMBA,KM243_0009,DIDJONI,2040,994
KM,Comores,KM2,NGAZIDJA,KM24,MBADJINI EST,KM243,PIMBA,KM243_0002,INANI,2040,1480
KM,Comores,KM2,NGAZIDJA,KM24,MBADJINI EST,KM243,PIMBA,KM243_0010,KOVE,2040,1437
KM,Comores,KM2,NGAZIDJA,KM24,MBADJINI EST,KM243,PIMBA,KM243_0006,MLALOI NKOUDJOU,2040,1791
KM,Comores,KM2,NGAZIDJA,KM24,MBADJINI EST,KM243,PIMBA,KM243_0003,NGNAMBENI,2040,2931
KM,Comores,KM2,NGAZIDJA,KM24,MBADJINI EST,KM243,PIMBA,KM243_0007,NGNOUMA MILIMA,2040,5026
KM,Comores,KM2,NGAZIDJA,KM24,MBADJINI EST,KM243,PIMBA,KM243_0008,NKOURANI MKANGA,2040,1060
KM,Comores,KM2,NGAZIDJA,KM24,MBADJINI EST,KM243,PIMBA,KM243_0001,SIMBOUSSA YA MBADJINI,2040,3272
KM,Comores,KM2,NGAZIDJA,KM25,MBADJINI OUEST,KM251,NGOUENGOE,KM251_0001,DEMBENI,2040,3620
KM,Comores,KM2,NGAZIDJA,KM25,MBADJINI OUEST,KM251,NGOUENGOE,KM251_0011,ITSOUDZOU,2040,380
KM,Comores,KM2,NGAZIDJA,KM25,MBADJINI OUEST,KM251,NGOUENGOE,KM251_0009,KANDZILE,2040,2053
KM,Comores,KM2,NGAZIDJA,KM25,MBADJINI OUEST,KM251,NGOUENGOE,KM251_0010,MAKORANI,2040,74
KM,Comores,KM2,NGAZIDJA,KM25,MBADJINI OUEST,KM251,NGOUENGOE,KM251_0007,MANDZISSANI,2040,842
KM,Comores,KM2,NGAZIDJA,KM25,MBADJINI OUEST,KM251,NGOUENGOE,KM251_0003,MBOUDE YA MBOINI,2040,945
KM,Comores,KM2,NGAZIDJA,KM25,MBADJINI OUEST,KM251,NGOUENGOE,KM251_0002,MDJAMKAGNOI,2040,1526
KM,Comores,KM2,NGAZIDJA,KM25,MBADJINI OUEST,KM251,NGOUENGOE,KM251_0006,MINDRADOU,2040,742
KM,Comores,KM2,NGAZIDJA,KM25,MBADJINI OUEST,KM251,NGOUENGOE,KM251_0004,MLIMANI,2040,316
KM,Comores,KM2,NGAZIDJA,KM25,MBADJINI OUEST,KM251,NGOUENGOE,KM251_0005,PANDA,2040,1393
KM,Comores,KM2,NGAZIDJA,KM25,MBADJINI OUEST,KM251,NGOUENGOE,KM251_0008,TSINI MOICHONGO,2040,3732
KM,Comores,KM2,NGAZIDJA,KM25,MBADJINI OUEST,KM252,NIOUMAGAMA,KM252_0004,DIMA,2040,908
KM,Comores,KM2,NGAZIDJA,KM25,MBADJINI OUEST,KM252,NIOUMAGAMA,KM252_0007,DOMONI,2040,1300
KM,Comores,KM2,NGAZIDJA,KM25,MBADJINI OUEST,KM252,NIOUMAGAMA,KM252_0008,DZOIDJOU,2040,1161
KM,Comores,KM2,NGAZIDJA,KM25,MBADJINI OUEST,KM252,NIOUMAGAMA,KM252_0009,FAMARE,2040,852
KM,Comores,KM2,NGAZIDJA,KM25,MBADJINI OUEST,KM252,NIOUMAGAMA,KM252_0002,IFOUNDIHE CHADJOU,2040,372
KM,Comores,KM2,NGAZIDJA,KM25,MBADJINI OUEST,KM252,NIOUMAGAMA,KM252_0003,IFOUNDIHE CHAMBOINI,2040,1742
KM,Comores,KM2,NGAZIDJA,KM25,MBADJINI OUEST,KM252,NIOUMAGAMA,KM252_0005,NKOURANI YA SIMA,2040,14296
KM,Comores,KM2,NGAZIDJA,KM25,MBADJINI OUEST,KM252,NIOUMAGAMA,KM252_0001,OUZIOINI,2040,3632
KM,Comores,KM2,NGAZIDJA,KM26,MBOUDE,KM265,NYUMAMRO KIBLANI,KM265_0002,CHAMLE,2040,2371
KM,Comores,KM2,NGAZIDJA,KM26,MBOUDE,KM265,NYUMAMRO KIBLANI,KM265_0001,DJOMANI,2040,5722
KM,Comores,KM2,NGAZIDJA,KM26,MBOUDE,KM265,NYUMAMRO KIBLANI,KM265_0007,DOUNIANI,2040,3154
KM,Comores,KM2,NGAZIDJA,KM26,MBOUDE,KM265,NYUMAMRO KIBLANI,KM265_0006,HELINDJE,2040,3081
KM,Comores,KM2,NGAZIDJA,KM26,MBOUDE,KM265,NYUMAMRO KIBLANI,KM265_0009,KOUA,2040,1153
KM,Comores,KM2,NGAZIDJA,KM26,MBOUDE,KM265,NYUMAMRO KIBLANI,KM265_0004,MANDZA YA MBOUDE,2040,2751
KM,Comores,KM2,NGAZIDJA,KM26,MBOUDE,KM265,NYUMAMRO KIBLANI,KM265_0005,MDJOIEZI YA MBOUNDE,2040,1398
KM,Comores,KM2,NGAZIDJA,KM26,MBOUDE,KM265,NYUMAMRO KIBLANI,KM265_0003,VOUVOUNI YA MBOUNDE,2040,801
KM,Comores,KM2,NGAZIDJA,KM26,MBOUDE,KM266,NYUMAMRO SOUHEILI,KM266_0003,DJONGOE,2040,1497
KM,Comores,KM2,NGAZIDJA,KM26,MBOUDE,KM266,NYUMAMRO SOUHEILI,KM266_0007,DOMOIDJOU,2040,1550
KM,Comores,KM2,NGAZIDJA,KM26,MBOUDE,KM266,NYUMAMRO SOUHEILI,KM266_0008,DOMOIMBOINI,2040,747
KM,Comores,KM2,NGAZIDJA,KM26,MBOUDE,KM266,NYUMAMRO SOUHEILI,KM266_0002,IVEMBENI,2040,6664
KM,Comores,KM2,NGAZIDJA,KM26,MBOUDE,KM266,NYUMAMRO SOUHEILI,KM266_0004,MAOUENI YA MBOUDE,2040,2104
KM,Comores,KM2,NGAZIDJA,KM26,MBOUDE,KM266,NYUMAMRO SOUHEILI,KM266_0009,MOIDJA YA MBOUDE,2040,972
KM,Comores,KM2,NGAZIDJA,KM26,MBOUDE,KM266,NYUMAMRO SOUHEILI,KM266_0001,NTSAOUENI,2040,5476
KM,Comores,KM2,NGAZIDJA,KM26,MBOUDE,KM266,NYUMAMRO SOUHEILI,KM266_0006,NTSORALE YA MBOUDE,2040,1139
KM,Comores,KM2,NGAZIDJA,KM26,MBOUDE,KM266,NYUMAMRO SOUHEILI,KM266_0005,SIMBOUSSA YA MBOUDE,2040,554
KM,Comores,KM2,NGAZIDJA,KM26,MITSAMIOULI,KM261,CEMBENOI LAC SALE,KM261_0001,BANGOIKOUNI,2040,4232
KM,Comores,KM2,NGAZIDJA,KM26,MITSAMIOULI,KM261,CEMBENOI LAC SALE,KM261_0002,BATSA YA MITSAMIHOULI,2040,2011
KM,Comores,KM2,NGAZIDJA,KM26,MITSAMIOULI,KM261,CEMBENOI LAC SALE,KM261_0004,IVOINI,2040,2704
KM,Comores,KM2,NGAZIDJA,KM26,MITSAMIOULI,KM261,CEMBENOI LAC SALE,KM261_0003,OUZIO,2040,4448
KM,Comores,KM2,NGAZIDJA,KM26,MITSAMIOULI,KM262,CEMBENOI SADA DJOULAMLIMA,KM265_0009,KOUA,2040,2543
KM,Comores,KM2,NGAZIDJA,KM26,MITSAMIOULI,KM262,CEMBENOI SADA DJOULAMLIMA,KM262_0004,OUELLAH YA MITSAMIHOULI,2040,7135
KM,Comores,KM2,NGAZIDJA,KM26,MITSAMIOULI,KM262,CEMBENOI SADA DJOULAMLIMA,KM262_0001,OUEMANI,2040,1093
KM,Comores,KM2,NGAZIDJA,KM26,MITSAMIOULI,KM263,MITSAMIOULI,KM263_0003,FASSI,2040,685
KM,Comores,KM2,NGAZIDJA,KM26,MITSAMIOULI,KM263,MITSAMIOULI,KM263_0002,HADAWA,2040,966
KM,Comores,KM2,NGAZIDJA,KM26,MITSAMIOULI,KM263,MITSAMIOULI,KM263_0001,MEMBOI - BOINI,2040,1461
KM,Comores,KM2,NGAZIDJA,KM26,MITSAMIOULI,KM263,MITSAMIOULI,KM263_0004,MITSAMIHOULI,2040,8484
KM,Comores,KM2,NGAZIDJA,KM26,MITSAMIOULI,KM263,MITSAMIOULI,KM263_0006,NDZAOUZE,2040,4456
KM,Comores,KM2,NGAZIDJA,KM26,MITSAMIOULI,KM263,MITSAMIOULI,KM263_0005,NKOURANI YA MITSAMIHOULI,2040,556
KM,Comores,KM2,NGAZIDJA,KM26,MITSAMIOULI,KM264,NYUMA KOMO,KM264_0001,BANGOI MAFUSA NKOA,2040,1119
KM,Comores,KM2,NGAZIDJA,KM26,MITSAMIOULI,KM264,NYUMA KOMO,KM264_0008,FOUNGA,2040,1557
KM,Comores,KM2,NGAZIDJA,KM26,MITSAMIOULI,KM264,NYUMA KOMO,KM264_0002,MEMBOI - DJOU,2040,2724
KM,Comores,KM2,NGAZIDJA,KM26,MITSAMIOULI,KM264,NYUMA KOMO,KM264_0007,NTSADJENI,2040,2851
KM,Comores,KM2,NGAZIDJA,KM26,MITSAMIOULI,KM264,NYUMA KOMO,KM264_0009,OUHOZI,2040,2035
KM,Comores,KM2,NGAZIDJA,KM26,MITSAMIOULI,KM264,NYUMA KOMO,KM264_0004,PIDJANI,2040,990
KM,Comores,KM2,NGAZIDJA,KM26,MITSAMIOULI,KM264,NYUMA KOMO,KM264_0005,SONGOMANI,2040,794
KM,Comores,KM2,NGAZIDJA,KM26,MITSAMIOULI,KM264,NYUMA KOMO,KM264_0006,TOIYFA,2040,798
KM,Comores,KM2,NGAZIDJA,KM27,MORONI BAMBAO,KM273,BAMBAO YA DJOU,KM273_0002,M'VOUNI,2040,9087
KM,Comores,KM2,NGAZIDJA,KM27,MORONI BAMBAO,KM273,BAMBAO YA DJOU,KM273_0003,MAVINGOUNI,2040,2985
KM,Comores,KM2,NGAZIDJA,KM27,MORONI BAMBAO,KM273,BAMBAO YA DJOU,KM273_0001,MKAZI,2040,10787
KM,Comores,KM2,NGAZIDJA,KM27,MORONI BAMBAO,KM271,BAMBAO YA HARI,KM271_0010,BOENI YA BAMBAO,2040,3525
KM,Comores,KM2,NGAZIDJA,KM27,MORONI BAMBAO,KM271,BAMBAO YA HARI,KM271_0007,DAOUENI,2040,642
KM,Comores,KM2,NGAZIDJA,KM27,MORONI BAMBAO,KM271,BAMBAO YA HARI,KM283_0003,DZAHANI,2040,1146
KM,Comores,KM2,NGAZIDJA,KM27,MORONI BAMBAO,KM271,BAMBAO YA HARI,KM271_0002,M'DE,2040,11019
KM,Comores,KM2,NGAZIDJA,KM27,MORONI BAMBAO,KM271,BAMBAO YA HARI,KM271_0006,MBOUDADJOU,2040,1744
KM,Comores,KM2,NGAZIDJA,KM27,MORONI BAMBAO,KM271,BAMBAO YA HARI,KM271_0005,MOIDZAZA DJOUMBE,2040,782
KM,Comores,KM2,NGAZIDJA,KM27,MORONI BAMBAO,KM271,BAMBAO YA HARI,KM271_0004,NIOUMADZAHA,2040,5445
KM,Comores,KM2,NGAZIDJA,KM27,MORONI BAMBAO,KM271,BAMBAO YA HARI,KM271_0003,SELEA,2040,3613
KM,Comores,KM2,NGAZIDJA,KM27,MORONI BAMBAO,KM271,BAMBAO YA HARI,KM271_0001,VOUVOUNI,2040,7326
KM,Comores,KM2,NGAZIDJA,KM27,MORONI BAMBAO,KM272,BAMBAO YA MBOINI,KM272_0001,ICONI,2040,9251
KM,Comores,KM2,NGAZIDJA,KM27,MORONI BAMBAO,KM272,BAMBAO YA MBOINI,KM272_0002,MBACHILE,2040,2836
KM,Comores,KM2,NGAZIDJA,KM27,MORONI BAMBAO,KM272,BAMBAO YA MBOINI,KM272_0003,MOIDZAZA - MBOINI,2040,4795
KM,Comores,KM2,NGAZIDJA,KM27,MORONI BAMBAO,KM272,BAMBAO YA MBOINI,KM272_0004,NDROUANI,2040,2325
KM,Comores,KM2,NGAZIDJA,KM27,MORONI BAMBAO,KM272,BAMBAO YA MBOINI,KM272_0005,SEREHINI,2040,1256
KM,Comores,KM2,NGAZIDJA,KM27,MORONI BAMBAO,KM274,MORONI,KM274_0001,MORONI,2040,126464
KM,Comores,KM2,NGAZIDJA,KM28,OICHILI DIMANI,KM281,DIMANI,KM281_0002,FOUMBOU DZIVOUNI,2040,752
KM,Comores,KM2,NGAZIDJA,KM28,OICHILI DIMANI,KM281,DIMANI,KM281_0007,IDJINKOUNDZI,2040,4086
KM,Comores,KM2,NGAZIDJA,KM28,OICHILI DIMANI,KM281,DIMANI,KM281_0006,IDJOINDRADJA,2040,319
KM,Comores,KM2,NGAZIDJA,KM28,OICHILI DIMANI,KM281,DIMANI,KM281_0005,MADJOMA,2040,923
KM,Comores,KM2,NGAZIDJA,KM28,OICHILI DIMANI,KM281,DIMANI,KM281_0008,MAOUENI DIMANI,2040,2533
KM,Comores,KM2,NGAZIDJA,KM28,OICHILI DIMANI,KM281,DIMANI,KM281_0003,MBOUDE,2040,1090
KM,Comores,KM2,NGAZIDJA,KM28,OICHILI DIMANI,KM281,DIMANI,KM281_0004,MIDJINDZE,2040,262
KM,Comores,KM2,NGAZIDJA,KM28,OICHILI DIMANI,KM281,DIMANI,KM281_0009,MIRERENI,2040,879
KM,Comores,KM2,NGAZIDJA,KM28,OICHILI DIMANI,KM281,DIMANI,KM281_0001,MTSANGADJOU,2040,2167
KM,Comores,KM2,NGAZIDJA,KM28,OICHILI DIMANI,KM281,DIMANI,KM281_0010,NTSORALE,2040,4139
KM,Comores,KM2,NGAZIDJA,KM28,OICHILI DIMANI,KM281,DIMANI,KM281_0012,REHEMANI,2040,678
KM,Comores,KM2,NGAZIDJA,KM28,OICHILI DIMANI,KM281,DIMANI,KM281_0011,SIDJOU,2040,1457
KM,Comores,KM2,NGAZIDJA,KM28,OICHILI DIMANI,KM283,OICHILI YABOINI,KM283_0003,DZAHANI,2040,1119
KM,Comores,KM2,NGAZIDJA,KM28,OICHILI DIMANI,KM283,OICHILI YABOINI,KM283_0006,HAMBOU,2040,1680
KM,Comores,KM2,NGAZIDJA,KM28,OICHILI DIMANI,KM283,OICHILI YABOINI,KM283_0007,HASSENDJE,2040,493
KM,Comores,KM2,NGAZIDJA,KM28,OICHILI DIMANI,KM283,OICHILI YABOINI,KM283_0001,ITSINKOUDI,2040,4130
KM,Comores,KM2,NGAZIDJA,KM28,OICHILI DIMANI,KM283,OICHILI YABOINI,KM283_0004,KOUHANI,2040,808
KM,Comores,KM2,NGAZIDJA,KM28,OICHILI DIMANI,KM283,OICHILI YABOINI,KM283_0005,MTSAMDU,2040,1952
KM,Comores,KM2,NGAZIDJA,KM28,OICHILI DIMANI,KM282,OICHILI YADJOU,KM282_0003,BOENI YAWACHILI,2040,1460
KM,Comores,KM2,NGAZIDJA,KM28,OICHILI DIMANI,KM282,OICHILI YADJOU,KM282_0009,CHAMRO,2040,267
KM,Comores,KM2,NGAZIDJA,KM28,OICHILI DIMANI,KM282,OICHILI YADJOU,KM282_0007,CHOMONI,2040,1379
KM,Comores,KM2,NGAZIDJA,KM28,OICHILI DIMANI,KM282,OICHILI YADJOU,KM282_0004,DZAHADJOU YA WACHILI,2040,1763
KM,Comores,KM2,NGAZIDJA,KM28,OICHILI DIMANI,KM282,OICHILI YADJOU,KM282_0002,IROHE,2040,1604
KM,Comores,KM2,NGAZIDJA,KM28,OICHILI DIMANI,KM282,OICHILI YADJOU,KM282_0001,KOIMBANI YA WACHILI,2040,4947
KM,Comores,KM2,NGAZIDJA,KM28,OICHILI DIMANI,KM282,OICHILI YADJOU,KM282_0005,SADA,2040,602
KM,Comores,KM2,NGAZIDJA,KM28,OICHILI DIMANI,KM282,OICHILI YADJOU,KM282_0006,SADANI,2040,1039
KM,Comores,KM2,NGAZIDJA,KM28,OICHILI DIMANI,KM282,OICHILI YADJOU,KM282_0008,SAMBA MADI,2040,181
KM,Comores,KM2,NGAZIDJA,KM28,OICHILI DIMANI,KM282,OICHILI YADJOU,KM282_0010,SIMA YA WACHILI,2040,1734
KM,Comores,KM3,MWALI,KM31,DJANDO,KM311,DJANDO,KM311_0006,HAGNAMOIDA,2041,1485
KM,Comores,KM3,MWALI,KM31,DJANDO,KM311,DJANDO,KM311_0008,HAMAVOUNA,2041,2410
KM,Comores,KM3,MWALI,KM31,DJANDO,KM311,DJANDO,KM311_0007,ITSAMIA,2041,736
KM,Comores,KM3,MWALI,KM31,DJANDO,KM311,DJANDO,KM121_0005,KANGANI,2041,2466
KM,Comores,KM3,MWALI,KM31,DJANDO,KM311,DJANDO,KM311_0003,MLANBANDA,2041,740
KM,Comores,KM3,MWALI,KM31,DJANDO,KM311,DJANDO,KM311_0002,WANANI,2041,5981
KM,Comores,KM3,MWALI,KM31,DJANDO,KM311,DJANDO,KM311_0001,ZIROUDANI,2041,3173
KM,Comores,KM3,MWALI,KM32,FOMBONI,KM321,FOMBONI,KM321_0001,FOMBONI,2041,31423
KM,Comores,KM3,MWALI,KM32,FOMBONI,KM322,MOILI MDJINI,KM322_0002,BANDAR SALAMA,2041,4385
KM,Comores,KM3,MWALI,KM32,FOMBONI,KM322,MOILI MDJINI,KM322_0003,DJOIEZI,2041,5346
KM,Comores,KM3,MWALI,KM32,FOMBONI,KM322,MOILI MDJINI,KM322_0001,MBOIGOMA,2041,3735
KM,Comores,KM3,MWALI,KM32,FOMBONI,KM323,MOINBASSA,KM252_0007,DOMONI,2041,469
KM,Comores,KM3,MWALI,KM32,FOMBONI,KM323,MOINBASSA,KM323_0002,HOANI,2041,3996
KM,Comores,KM3,MWALI,KM32,FOMBONI,KM323,MOINBASSA,KM323_0001,M'BATSE,2041,6680
KM,Comores,KM3,MWALI,KM33,NIOUMACHOUA,KM331,MLEDJELE,KM331_0001,MIREMANI,2041,523
KM,Comores,KM3,MWALI,KM33,NIOUMACHOUA,KM331,MLEDJELE,KM331_0004,NDREMEANI,2041,104
KM,Comores,KM3,MWALI,KM33,NIOUMACHOUA,KM331,MLEDJELE,KM331_0002,NDRONDRONI,2041,7705
KM,Comores,KM3,MWALI,KM33,NIOUMACHOUA,KM331,MLEDJELE,KM331_0003,NIOUMACHOUA,2041,6050
KM,Comores,KM3,MWALI,KM33,NIOUMACHOUA,KM332,MOIMBAO,KM143_0003,BARAKANI,2041,1708
KM,Comores,KM3,MWALI,KM33,NIOUMACHOUA,KM332,MOIMBAO,KM332_0001,HAMBA,2041,442
KM,Comores,KM3,MWALI,KM33,NIOUMACHOUA,KM332,MOIMBAO,KM332_0004,MIRINGONI,2041,1830
KM,Comores,KM3,MWALI,KM33,NIOUMACHOUA,KM332,MOIMBAO,KM332_0005,WALLAH 1,2041,811
KM,Comores,KM3,MWALI,KM33,NIOUMACHOUA,KM332,MOIMBAO,KM332_0006,WALLAH 2,2041,1517
KM,Comores,KM1,NDZUWANI,KM11,DOMONI,KM111,BAMBAO MSTANGA,KM111_0001,BAMBAO MTSANGA,2041,8936
KM,Comores,KM1,NDZUWANI,KM11,DOMONI,KM111,BAMBAO MSTANGA,KM111_0004,MAHALE,2041,6356
KM,Comores,KM1,NDZUWANI,KM11,DOMONI,KM111,BAMBAO MSTANGA,KM111_0002,MROMAJI,2041,4934
KM,Comores,KM1,NDZUWANI,KM11,DOMONI,KM111,BAMBAO MSTANGA,KM111_0003,ONGONI,2041,4239
KM,Comores,KM1,NDZUWANI,KM11,DOMONI,KM112,DOMONI,KM112_0004,BWELADUGU,2041,1314
KM,Comores,KM1,NDZUWANI,KM11,DOMONI,KM112,DOMONI,KM252_0007,DOMONI,2041,21963
KM,Comores,KM1,NDZUWANI,KM11,DOMONI,KM112,DOMONI,KM112_0003,LIMBI,2041,4639
KM,Comores,KM1,NDZUWANI,KM11,DOMONI,KM113,JIMLIME,KM113_0003,HAJOHO,2041,6693
KM,Comores,KM1,NDZUWANI,KM11,DOMONI,KM113,JIMLIME,KM113_0001,HAREMBO I,2041,1023
KM,Comores,KM1,NDZUWANI,KM11,DOMONI,KM113,JIMLIME,KM113_0002,HAREMBO II,2041,1717
KM,Comores,KM1,NDZUWANI,KM11,DOMONI,KM113,JIMLIME,KM113_0004,JIMLIME,2041,10955
KM,Comores,KM1,NDZUWANI,KM11,DOMONI,KM114,KONI,KM114_0004,GEGE,2041,1961
KM,Comores,KM1,NDZUWANI,KM11,DOMONI,KM114,KONI,KM114_0003,HACHIPENDA,2041,3312
KM,Comores,KM1,NDZUWANI,KM11,DOMONI,KM114,KONI,KM114_0001,KONI DJODJO,2041,19055
KM,Comores,KM1,NDZUWANI,KM11,DOMONI,KM114,KONI,KM114_0002,KONI NGANI,2041,9190
KM,Comores,KM1,NDZUWANI,KM11,DOMONI,KM115,NGADZALE,KM115_0001,NGADZALE,2041,9816
KM,Comores,KM1,NDZUWANI,KM11,DOMONI,KM115,NGADZALE,KM115_0002,OUTSA,2041,1276
KM,Comores,KM1,NDZUWANI,KM11,DOMONI,KM115,NGADZALE,KM115_0005,OUZINI,2041,3092
KM,Comores,KM1,NDZUWANI,KM11,DOMONI,KM115,NGADZALE,KM153_0014,SALAMANI,2041,3742
KM,Comores,KM1,NDZUWANI,KM16,MOYA,KM151,MOYA,KM151_0002,KOWET,2041,3691
KM,Comores,KM1,NDZUWANI,KM16,MOYA,KM151,MOYA,KM151_0005,LINGONI,2041,8742
KM,Comores,KM1,NDZUWANI,KM16,MOYA,KM151,MOYA,KM151_0007,MAWENI,2041,1395
KM,Comores,KM1,NDZUWANI,KM16,MOYA,KM151,MOYA,KM151_0001,MOYA,2041,15987
KM,Comores,KM1,NDZUWANI,KM16,MOYA,KM151,MOYA,KM151_0004,NINDRI,2041,5451
KM,Comores,KM1,NDZUWANI,KM16,MOYA,KM151,MOYA,KM151_0003,POMONI,2041,7496
KM,Comores,KM1,NDZUWANI,KM12,MREMANI,KM121,ADDA,KM121_0001,ADDA DAWENI,2041,20341
KM,Comores,KM1,NDZUWANI,KM12,MREMANI,KM121,ADDA,KM121_0002,DJANZA,2041,1457
KM,Comores,KM1,NDZUWANI,KM12,MREMANI,KM121,ADDA,KM121_0005,KANGANI,2041,8642
KM,Comores,KM1,NDZUWANI,KM12,MREMANI,KM121,ADDA,KM121_0003,MAGNASSINI,2041,7630
KM,Comores,KM1,NDZUWANI,KM12,MREMANI,KM123,MRAMANI,KM123_0004,DZIANII,2041,3440
KM,Comores,KM1,NDZUWANI,KM12,MREMANI,KM123,MRAMANI,KM123_0002,HANTSAHII,2041,2599
KM,Comores,KM1,NDZUWANI,KM12,MREMANI,KM123,MRAMANI,KM123_0001,MRAMANI,2041,7203
KM,Comores,KM1,NDZUWANI,KM12,MREMANI,KM123,MRAMANI,KM123_0003,NYAMBOIMRO,2041,3653
KM,Comores,KM1,NDZUWANI,KM12,MREMANI,KM124,MREMANI,KM124_0002,BANDA KOUNI,2041,6561
KM,Comores,KM1,NDZUWANI,KM12,MREMANI,KM124,MREMANI,KM124_0004,DAJI,2041,5539
KM,Comores,KM1,NDZUWANI,KM12,MREMANI,KM124,MREMANI,KM124_0001,MREMANI,2041,9721
KM,Comores,KM1,NDZUWANI,KM12,MREMANI,KM124,MREMANI,KM124_0003,MRIDJOU,2041,6210
KM,Comores,KM1,NDZUWANI,KM12,MREMANI,KM125,ONGOJOU,KM125_0002,KIYO,2041,2906
KM,Comores,KM1,NDZUWANI,KM12,MREMANI,KM125,ONGOJOU,KM125_0003,KOMONI,2041,4707
KM,Comores,KM1,NDZUWANI,KM12,MREMANI,KM125,ONGOJOU,KM125_0004,MIRONDRONI,2041,715
KM,Comores,KM1,NDZUWANI,KM12,MREMANI,KM125,ONGOJOU,KM125_0001,ONGODJOU,2041,11248
KM,Comores,KM1,NDZUWANI,KM12,MREMANI,KM125,ONGOJOU,KM125_0005,TRINDRINI,2041,281
KM,Comores,KM1,NDZUWANI,KM12,MREMANI,KM122,SHAWENI,KM122_0002,HAMCHACO,2041,3419
KM,Comores,KM1,NDZUWANI,KM12,MREMANI,KM122,SHAWENI,KM122_0005,MNADZICHOUMWE,2041,1773
KM,Comores,KM1,NDZUWANI,KM12,MREMANI,KM122,SHAWENI,KM122_0004,NOUNGA,2041,766
KM,Comores,KM1,NDZUWANI,KM12,MREMANI,KM122,SHAWENI,KM122_0003,SADAPOINI,2041,5180
KM,Comores,KM1,NDZUWANI,KM12,MREMANI,KM122,SHAWENI,KM122_0001,SHAWENI,2041,1901
KM,Comores,KM1,NDZUWANI,KM13,MUTSAMUDU,KM131,BANDRANI YA CHIRONKAMBA,KM131_0002,ANKIBANI,2041,3818
KM,Comores,KM1,NDZUWANI,KM13,MUTSAMUDU,KM131,BANDRANI YA CHIRONKAMBA,KM131_0008,BANDRADJOU,2041,3245
KM,Comores,KM1,NDZUWANI,KM13,MUTSAMUDU,KM131,BANDRANI YA CHIRONKAMBA,KM131_0006,CHICONI 2,2041,241
KM,Comores,KM1,NDZUWANI,KM13,MUTSAMUDU,KM131,BANDRANI YA CHIRONKAMBA,KM131_0003,CHIRONKAMBA,2041,3531
KM,Comores,KM1,NDZUWANI,KM13,MUTSAMUDU,KM131,BANDRANI YA CHIRONKAMBA,KM151_0007,MAWENI,2041,1413
KM,Comores,KM1,NDZUWANI,KM13,MUTSAMUDU,KM131,BANDRANI YA CHIRONKAMBA,KM131_0001,MDJIMANDRA,2041,4826
KM,Comores,KM1,NDZUWANI,KM13,MUTSAMUDU,KM131,BANDRANI YA CHIRONKAMBA,KM131_0007,MPOUZINI,2041,111
KM,Comores,KM1,NDZUWANI,KM13,MUTSAMUDU,KM132,Commune BANDRANI YA MITSANGANI,KM132_0001,BANDRANI MTSANGANI,2041,3398
KM,Comores,KM1,NDZUWANI,KM13,MUTSAMUDU,KM132,Commune BANDRANI YA MITSANGANI,KM132_0002,CHITROUNI,2041,2207
KM,Comores,KM1,NDZUWANI,KM13,MUTSAMUDU,KM132,Commune BANDRANI YA MITSANGANI,KM132_0004,MDJAMAOUE,2041,3040
KM,Comores,KM1,NDZUWANI,KM13,MUTSAMUDU,KM132,Commune BANDRANI YA MITSANGANI,KM132_0003,SAANDANI,2041,4032
KM,Comores,KM1,NDZUWANI,KM13,MUTSAMUDU,KM133,MIRONTSI,KM133_0001,MIRONTSI,2041,21416
KM,Comores,KM1,NDZUWANI,KM13,MUTSAMUDU,KM134,MUTSAMUDU,KM134_0005,CHICONI1,2041,7
KM,Comores,KM1,NDZUWANI,KM13,MUTSAMUDU,KM134,MUTSAMUDU,KM134_0001,MUTSAMUDU,2041,46945
KM,Comores,KM1,NDZUWANI,KM13,MUTSAMUDU,KM134,MUTSAMUDU,KM134_0003,MWAMWA I,2041,3347
KM,Comores,KM1,NDZUWANI,KM13,MUTSAMUDU,KM134,MUTSAMUDU,KM134_0004,MWAMWA II,2041,1409
KM,Comores,KM1,NDZUWANI,KM13,MUTSAMUDU,KM134,MUTSAMUDU,KM134_0002,PAJE,2041,10511
KM,Comores,KM1,NDZUWANI,KM14,OUANI,KM141,BAMBAO MTROUNI,KM141_0003,CHANDRA,2041,8824
KM,Comores,KM1,NDZUWANI,KM14,OUANI,KM141,BAMBAO MTROUNI,KM141_0002,DINDRI,2041,18423
KM,Comores,KM1,NDZUWANI,KM14,OUANI,KM141,BAMBAO MTROUNI,KM141_0001,TSEMBEHOU,2041,22546
KM,Comores,KM1,NDZUWANI,KM14,OUANI,KM142,BAZIMINI,KM142_0001,BAZIMINI,2041,14719
KM,Comores,KM1,NDZUWANI,KM14,OUANI,KM142,BAZIMINI,KM142_0002,KOKI,2041,11285
KM,Comores,KM1,NDZUWANI,KM14,OUANI,KM142,BAZIMINI,KM142_0003,PATSY,2041,6874
KM,Comores,KM1,NDZUWANI,KM14,OUANI,KM143,OUANI,KM143_0003,BARAKANI,2041,12586
KM,Comores,KM1,NDZUWANI,KM14,OUANI,KM143,OUANI,KM143_0004,GNATRANGA,2041,5915
KM,Comores,KM1,NDZUWANI,KM14,OUANI,KM143,OUANI,KM143_0001,OUANI,2041,18019
KM,Comores,KM1,NDZUWANI,KM14,OUANI,KM143,OUANI,KM143_0005,TANAMBAO,2041,3721
KM,Comores,KM1,NDZUWANI,KM15,SIMA,KM152,SIMA,KM152_0003,BIMBINI,2041,3138
KM,Comores,KM1,NDZUWANI,KM15,SIMA,KM152,SIMA,KM152_0004,BOUNGOUENI,2041,6259
KM,Comores,KM1,NDZUWANI,KM15,SIMA,KM152,SIMA,KM152_0002,KAVANI,2041,3816
KM,Comores,KM1,NDZUWANI,KM15,SIMA,KM152,SIMA,KM234_0004,MILEMBENI,2041,1277
KM,Comores,KM1,NDZUWANI,KM15,SIMA,KM152,SIMA,KM152_0005,MIRONGANI,2041,2563
KM,Comores,KM1,NDZUWANI,KM15,SIMA,KM152,SIMA,KM232_0003,SIMA,2041,8978
KM,Comores,KM1,NDZUWANI,KM15,SIMA,KM153,VOUANI,KM153_0010,BANDRANI YA VOUANI,2041,2960
KM,Comores,KM1,NDZUWANI,KM15,SIMA,KM153,VOUANI,KM153_0011,CHIROVE,2041,464
KM,Comores,KM1,NDZUWANI,KM15,SIMA,KM153,VOUANI,KM153_0009,DAR SALAMA,2041,2361
KM,Comores,KM1,NDZUWANI,KM15,SIMA,KM153,VOUANI,KM153_0007,DZINDRI I,2041,4457
KM,Comores,KM1,NDZUWANI,KM15,SIMA,KM153,VOUANI,KM153_0003,HASSIMPAO,2041,2693
KM,Comores,KM1,NDZUWANI,KM15,SIMA,KM153,VOUANI,KM153_0006,IMERE,2041,787
KM,Comores,KM1,NDZUWANI,KM15,SIMA,KM153,VOUANI,KM153_0015,IMERE YA GAWANI,2041,1304
KM,Comores,KM1,NDZUWANI,KM15,SIMA,KM153,VOUANI,KM153_0002,MARAHARE,2041,3459
KM,Comores,KM1,NDZUWANI,KM15,SIMA,KM153,VOUANI,KM153_0012,MARONTRONI,2041,715
KM,Comores,KM1,NDZUWANI,KM15,SIMA,KM153,VOUANI,KM153_0001,MROMOUHOULI,2041,1066
KM,Comores,KM1,NDZUWANI,KM15,SIMA,KM153,VOUANI,KM153_0014,SALAMANI,2041,715
KM,Comores,KM1,NDZUWANI,KM15,SIMA,KM153,VOUANI,KM153_0004,SHITSANGASHELI,2041,272
KM,Comores,KM1,NDZUWANI,KM15,SIMA,KM153,VOUANI,KM153_0005,VASSI,2041,2219
KM,Comores,KM1,NDZUWANI,KM15,SIMA,KM153,VOUANI,KM153_0008,VOUANI,2041,6018
KM,Comores,KM2,NGAZIDJA,KM21,HAMAHAMET MBOINKOU,KM211,MBOINKOU,KM211_0008,BANDAMADJI LA MBOIKOU,2041,1194
KM,Comores,KM2,NGAZIDJA,KM21,HAMAHAMET MBOINKOU,KM211,MBOINKOU,KM211_0004,CHEZANI,2041,4590
KM,Comores,KM2,NGAZIDJA,KM21,HAMAHAMET MBOINKOU,KM211,MBOINKOU,KM211_0007,HANTSINDZI,2041,3547
KM,Comores,KM2,NGAZIDJA,KM21,HAMAHAMET MBOINKOU,KM211,MBOINKOU,KM211_0001,MADJEOUENI,2041,2970
KM,Comores,KM2,NGAZIDJA,KM21,HAMAHAMET MBOINKOU,KM211,MBOINKOU,KM211_0005,NDROUDE,2041,3478
KM,Comores,KM2,NGAZIDJA,KM21,HAMAHAMET MBOINKOU,KM211,MBOINKOU,KM211_0006,NIOUMAMILIMA,2041,2253
KM,Comores,KM2,NGAZIDJA,KM21,HAMAHAMET MBOINKOU,KM211,MBOINKOU,KM211_0002,SADANI YA MBOIKOU,2041,1042
KM,Comores,KM2,NGAZIDJA,KM21,HAMAHAMET MBOINKOU,KM211,MBOINKOU,KM211_0003,TRELEZINI,2041,923
KM,Comores,KM2,NGAZIDJA,KM21,HAMAHAMET MBOINKOU,KM212,NYUMA MRO,KM212_0005,BAMBADJANI,2041,2073
KM,Comores,KM2,NGAZIDJA,KM21,HAMAHAMET MBOINKOU,KM212,NYUMA MRO,KM212_0001,DIMADJOU YA HAMAHAMET,2041,4038
KM,Comores,KM2,NGAZIDJA,KM21,HAMAHAMET MBOINKOU,KM212,NYUMA MRO,KM212_0009,HADJAMBOU,2041,2137
KM,Comores,KM2,NGAZIDJA,KM21,HAMAHAMET MBOINKOU,KM212,NYUMA MRO,KM212_0007,ITSANDZENI,2041,3105
KM,Comores,KM2,NGAZIDJA,KM21,HAMAHAMET MBOINKOU,KM212,NYUMA MRO,KM212_0010,MBATSE YA HAMAHAMET,2041,389
KM,Comores,KM2,NGAZIDJA,KM21,HAMAHAMET MBOINKOU,KM212,NYUMA MRO,KM212_0003,MDJIHARI,2041,1101
KM,Comores,KM2,NGAZIDJA,KM21,HAMAHAMET MBOINKOU,KM212,NYUMA MRO,KM212_0004,MOIDJA,2041,3428
KM,Comores,KM2,NGAZIDJA,KM21,HAMAHAMET MBOINKOU,KM212,NYUMA MRO,KM212_0006,NGOLE,2041,634
KM,Comores,KM2,NGAZIDJA,KM21,HAMAHAMET MBOINKOU,KM212,NYUMA MRO,KM212_0002,NYADOMBWENI,2041,1691
KM,Comores,KM2,NGAZIDJA,KM21,HAMAHAMET MBOINKOU,KM212,NYUMA MRO,KM212_0008,OUELLAH YA HAMAHAMET,2041,1178
KM,Comores,KM2,NGAZIDJA,KM21,HAMAHAMET MBOINKOU,KM213,NYUMA MSIRU,KM213_0008,BATOU,2041,1149
KM,Comores,KM2,NGAZIDJA,KM21,HAMAHAMET MBOINKOU,KM213,NYUMA MSIRU,KM213_0006,BOUNI,2041,2400
KM,Comores,KM2,NGAZIDJA,KM21,HAMAHAMET MBOINKOU,KM213,NYUMA MSIRU,KM213_0007,HEROUMBILI,2041,2479
KM,Comores,KM2,NGAZIDJA,KM21,HAMAHAMET MBOINKOU,KM213,NYUMA MSIRU,KM213_0010,IFOUNDIHE YA HAMAHAMET,2041,1171
KM,Comores,KM2,NGAZIDJA,KM21,HAMAHAMET MBOINKOU,KM213,NYUMA MSIRU,KM213_0009,KOURANI YA HAMAHAMET,2041,223
KM,Comores,KM2,NGAZIDJA,KM21,HAMAHAMET MBOINKOU,KM213,NYUMA MSIRU,KM213_0001,MBENI,2041,8860
KM,Comores,KM2,NGAZIDJA,KM21,HAMAHAMET MBOINKOU,KM213,NYUMA MSIRU,KM213_0011,MNOUNGOU,2041,2109
KM,Comores,KM2,NGAZIDJA,KM21,HAMAHAMET MBOINKOU,KM213,NYUMA MSIRU,KM213_0004,SADA CHIHOUWE,2041,1349
KM,Comores,KM2,NGAZIDJA,KM21,HAMAHAMET MBOINKOU,KM213,NYUMA MSIRU,KM213_0005,SADA MHUWAMBOI,2041,342
KM,Comores,KM2,NGAZIDJA,KM21,HAMAHAMET MBOINKOU,KM213,NYUMA MSIRU,KM213_0003,SALIMANI YA HAMAHAMET,2041,1064
KM,Comores,KM2,NGAZIDJA,KM21,HAMAHAMET MBOINKOU,KM213,NYUMA MSIRU,KM213_0002,SELEANI,2041,2400
KM,Comores,KM2,NGAZIDJA,KM22,HAMBOU,KM221,DJOUMOIPANGUA,KM221_0004,BAMBANI,2041,2151
KM,Comores,KM2,NGAZIDJA,KM22,HAMBOU,KM221,DJOUMOIPANGUA,KM221_0005,DZAHADJOU,2041,3664
KM,Comores,KM2,NGAZIDJA,KM22,HAMBOU,KM221,DJOUMOIPANGUA,KM221_0003,HETSA,2041,1443
KM,Comores,KM2,NGAZIDJA,KM22,HAMBOU,KM221,DJOUMOIPANGUA,KM221_0002,MDJOIEZI,2041,5209
KM,Comores,KM2,NGAZIDJA,KM22,HAMBOU,KM221,DJOUMOIPANGUA,KM221_0001,SINGANI,2041,3657
KM,Comores,KM2,NGAZIDJA,KM22,HAMBOU,KM222,TSINIMOIPANGUA,KM222_0005,BANGOI,2041,4889
KM,Comores,KM2,NGAZIDJA,KM22,HAMBOU,KM222,TSINIMOIPANGUA,KM222_0003,CHOUANI,2041,4476
KM,Comores,KM2,NGAZIDJA,KM22,HAMBOU,KM222,TSINIMOIPANGUA,KM222_0004,DJOUMOICHONGO,2041,2652
KM,Comores,KM2,NGAZIDJA,KM22,HAMBOU,KM222,TSINIMOIPANGUA,KM222_0001,MITSOUDJE,2041,6463
KM,Comores,KM2,NGAZIDJA,KM22,HAMBOU,KM222,TSINIMOIPANGUA,KM222_0006,NKOMIONI,2041,962
KM,Comores,KM2,NGAZIDJA,KM22,HAMBOU,KM222,TSINIMOIPANGUA,KM222_0007,SALIMANI,2041,3381
KM,Comores,KM2,NGAZIDJA,KM22,HAMBOU,KM222,TSINIMOIPANGUA,KM222_0002,TROUMBENI,2041,401
KM,Comores,KM2,NGAZIDJA,KM23,ITSANDRA HAMANVOU,KM231,BANGAANI,KM231_0007,BANDAMADJI LA ITSANDRA,2041,1583
KM,Comores,KM2,NGAZIDJA,KM23,ITSANDRA HAMANVOU,KM231,BANGAANI,KM231_0008,DIMADJOU YA ITSANDRA,2041,2453
KM,Comores,KM2,NGAZIDJA,KM23,ITSANDRA HAMANVOU,KM231,BANGAANI,KM231_0004,DZAHANI LA TSIDJE,2041,13647
KM,Comores,KM2,NGAZIDJA,KM23,ITSANDRA HAMANVOU,KM231,BANGAANI,KM231_0001,ITSANDRA MDJINI,2041,5655
KM,Comores,KM2,NGAZIDJA,KM23,ITSANDRA HAMANVOU,KM231,BANGAANI,KM231_0005,MAOUENI YA ITSANDRA,2041,1424
KM,Comores,KM2,NGAZIDJA,KM23,ITSANDRA HAMANVOU,KM231,BANGAANI,KM231_0006,MIRONTSI YA ITSANDRA,2041,757
KM,Comores,KM2,NGAZIDJA,KM23,ITSANDRA HAMANVOU,KM231,BANGAANI,KM231_0002,SALIMANI YA ITSANDRA,2041,5525
KM,Comores,KM2,NGAZIDJA,KM23,ITSANDRA HAMANVOU,KM231,BANGAANI,KM231_0003,SAMBA MBODONI,2041,2398
KM,Comores,KM2,NGAZIDJA,KM23,ITSANDRA HAMANVOU,KM232,DJOUMOICHONGO,KM232_0002,BAHANI,2041,3141
KM,Comores,KM2,NGAZIDJA,KM23,ITSANDRA HAMANVOU,KM232,DJOUMOICHONGO,KM232_0001,DZAHANI II,2041,2529
KM,Comores,KM2,NGAZIDJA,KM23,ITSANDRA HAMANVOU,KM232,DJOUMOICHONGO,KM232_0004,OUELLAH YA ITSANDRA,2041,2196
KM,Comores,KM2,NGAZIDJA,KM23,ITSANDRA HAMANVOU,KM232,DJOUMOICHONGO,KM232_0005,SAMBA KOUNI,2041,3537
KM,Comores,KM2,NGAZIDJA,KM23,ITSANDRA HAMANVOU,KM232,DJOUMOICHONGO,KM232_0003,SIMA,2041,1455
KM,Comores,KM2,NGAZIDJA,KM23,ITSANDRA HAMANVOU,KM233,HAMANVOU,KM233_0008,BIBAVOU,2041,1921
KM,Comores,KM2,NGAZIDJA,KM23,ITSANDRA HAMANVOU,KM233,HAMANVOU,KM233_0002,BOENINDI,2041,1334
KM,Comores,KM2,NGAZIDJA,KM23,ITSANDRA HAMANVOU,KM233,HAMANVOU,KM233_0007,DIBOINI,2041,2491
KM,Comores,KM2,NGAZIDJA,KM23,ITSANDRA HAMANVOU,KM233,HAMANVOU,KM233_0001,HAHAYA,2041,7928
KM,Comores,KM2,NGAZIDJA,KM23,ITSANDRA HAMANVOU,KM233,HAMANVOU,KM233_0004,MBALENI,2041,320
KM,Comores,KM2,NGAZIDJA,KM23,ITSANDRA HAMANVOU,KM233,HAMANVOU,KM233_0003,MBAMBANI YA HAMANVOU,2041,1204
KM,Comores,KM2,NGAZIDJA,KM23,ITSANDRA HAMANVOU,KM233,HAMANVOU,KM233_0006,MBANGANI,2041,2552
KM,Comores,KM2,NGAZIDJA,KM23,ITSANDRA HAMANVOU,KM233,HAMANVOU,KM233_0009,MILEVANI,2041,2125
KM,Comores,KM2,NGAZIDJA,KM23,ITSANDRA HAMANVOU,KM233,HAMANVOU,KM233_0005,OUSSIVO,2041,3948
KM,Comores,KM2,NGAZIDJA,KM23,ITSANDRA HAMANVOU,KM234,ISAHARI,KM234_0002,HANTSAMBOU,2041,2806
KM,Comores,KM2,NGAZIDJA,KM23,ITSANDRA HAMANVOU,KM234,ISAHARI,KM234_0004,MILEMBENI,2041,1710
KM,Comores,KM2,NGAZIDJA,KM23,ITSANDRA HAMANVOU,KM234,ISAHARI,KM234_0001,NTSOUDJINI,2041,7481
KM,Comores,KM2,NGAZIDJA,KM23,ITSANDRA HAMANVOU,KM234,ISAHARI,KM234_0005,ZIVANDANI,2041,2306
KM,Comores,KM2,NGAZIDJA,KM23,ITSANDRA HAMANVOU,KM235,MBADANI,KM235_0001,BATSA ITSANDRA,2041,4613
KM,Comores,KM2,NGAZIDJA,KM23,ITSANDRA HAMANVOU,KM235,MBADANI,KM235_0005,DZAHADJOU LA ITSANDRA,2041,2446
KM,Comores,KM2,NGAZIDJA,KM23,ITSANDRA HAMANVOU,KM235,MBADANI,KM235_0004,MHANDANI,2041,948
KM,Comores,KM2,NGAZIDJA,KM23,ITSANDRA HAMANVOU,KM235,MBADANI,KM235_0003,VANADJOU,2041,1662
KM,Comores,KM2,NGAZIDJA,KM23,ITSANDRA HAMANVOU,KM235,MBADANI,KM235_0002,VANAMBOINI,2041,3607
KM,Comores,KM2,NGAZIDJA,KM23,ITSANDRA HAMANVOU,KM235,MBADANI,KM235_0006,VOUNA MBADANI,2041,1354
KM,Comores,KM2,NGAZIDJA,KM24,MBADJINI EST,KM241,DOMBA,KM241_0002,BANDADAOUENI,2041,2600
KM,Comores,KM2,NGAZIDJA,KM24,MBADJINI EST,KM241,DOMBA,KM241_0001,BANDAMADJI LADOMBA,2041,1833
KM,Comores,KM2,NGAZIDJA,KM24,MBADJINI EST,KM241,DOMBA,KM241_0004,OUNGONI,2041,1729
KM,Comores,KM2,NGAZIDJA,KM24,MBADJINI EST,KM241,DOMBA,KM264_0004,PIDJANI,2041,3735
KM,Comores,KM2,NGAZIDJA,KM24,MBADJINI EST,KM241,DOMBA,KM241_0003,TSINIMOIPANGA,2041,4205
KM,Comores,KM2,NGAZIDJA,KM24,MBADJINI EST,KM242,ITSAHIDI,KM242_0007,CHINDINI,2041,2961
KM,Comores,KM2,NGAZIDJA,KM24,MBADJINI EST,KM242,ITSAHIDI,KM242_0009,DZAHADJOU LA MBADJINI,2041,1925
KM,Comores,KM2,NGAZIDJA,KM24,MBADJINI EST,KM242,ITSAHIDI,KM242_0001,FOUMBOUNI,2041,4407
KM,Comores,KM2,NGAZIDJA,KM24,MBADJINI EST,KM242,ITSAHIDI,KM242_0002,KOIMBANI LA MBADJINI,2041,764
KM,Comores,KM2,NGAZIDJA,KM24,MBADJINI EST,KM242,ITSAHIDI,KM242_0003,MALE,2041,3918
KM,Comores,KM2,NGAZIDJA,KM24,MBADJINI EST,KM242,ITSAHIDI,KM242_0004,MIDJENDJENI,2041,712
KM,Comores,KM2,NGAZIDJA,KM24,MBADJINI EST,KM242,ITSAHIDI,KM242_0010,MOHORO,2041,3702
KM,Comores,KM2,NGAZIDJA,KM24,MBADJINI EST,KM242,ITSAHIDI,KM242_0006,NDZOUANI,2041,351
KM,Comores,KM2,NGAZIDJA,KM24,MBADJINI EST,KM242,ITSAHIDI,KM242_0011,NGNOUMADZHA MVOUBARI,2041,3516
KM,Comores,KM2,NGAZIDJA,KM24,MBADJINI EST,KM242,ITSAHIDI,KM242_0005,OUROVENI,2041,2441
KM,Comores,KM2,NGAZIDJA,KM24,MBADJINI EST,KM242,ITSAHIDI,KM242_0008,SIMAMBOINI,2041,1608
KM,Comores,KM2,NGAZIDJA,KM24,MBADJINI EST,KM243,PIMBA,KM243_0004,BANDAMADJI LA KOUBOINI,2041,1311
KM,Comores,KM2,NGAZIDJA,KM24,MBADJINI EST,KM243,PIMBA,KM243_0005,DARISSALAMA,2041,897
KM,Comores,KM2,NGAZIDJA,KM24,MBADJINI EST,KM243,PIMBA,KM243_0009,DIDJONI,2041,1016
KM,Comores,KM2,NGAZIDJA,KM24,MBADJINI EST,KM243,PIMBA,KM243_0002,INANI,2041,1513
KM,Comores,KM2,NGAZIDJA,KM24,MBADJINI EST,KM243,PIMBA,KM243_0010,KOVE,2041,1469
KM,Comores,KM2,NGAZIDJA,KM24,MBADJINI EST,KM243,PIMBA,KM243_0006,MLALOI NKOUDJOU,2041,1831
KM,Comores,KM2,NGAZIDJA,KM24,MBADJINI EST,KM243,PIMBA,KM243_0003,NGNAMBENI,2041,2996
KM,Comores,KM2,NGAZIDJA,KM24,MBADJINI EST,KM243,PIMBA,KM243_0007,NGNOUMA MILIMA,2041,5138
KM,Comores,KM2,NGAZIDJA,KM24,MBADJINI EST,KM243,PIMBA,KM243_0008,NKOURANI MKANGA,2041,1083
KM,Comores,KM2,NGAZIDJA,KM24,MBADJINI EST,KM243,PIMBA,KM243_0001,SIMBOUSSA YA MBADJINI,2041,3345
KM,Comores,KM2,NGAZIDJA,KM25,MBADJINI OUEST,KM251,NGOUENGOE,KM251_0001,DEMBENI,2041,3701
KM,Comores,KM2,NGAZIDJA,KM25,MBADJINI OUEST,KM251,NGOUENGOE,KM251_0011,ITSOUDZOU,2041,389
KM,Comores,KM2,NGAZIDJA,KM25,MBADJINI OUEST,KM251,NGOUENGOE,KM251_0009,KANDZILE,2041,2099
KM,Comores,KM2,NGAZIDJA,KM25,MBADJINI OUEST,KM251,NGOUENGOE,KM251_0010,MAKORANI,2041,76
KM,Comores,KM2,NGAZIDJA,KM25,MBADJINI OUEST,KM251,NGOUENGOE,KM251_0007,MANDZISSANI,2041,860
KM,Comores,KM2,NGAZIDJA,KM25,MBADJINI OUEST,KM251,NGOUENGOE,KM251_0003,MBOUDE YA MBOINI,2041,966
KM,Comores,KM2,NGAZIDJA,KM25,MBADJINI OUEST,KM251,NGOUENGOE,KM251_0002,MDJAMKAGNOI,2041,1560
KM,Comores,KM2,NGAZIDJA,KM25,MBADJINI OUEST,KM251,NGOUENGOE,KM251_0006,MINDRADOU,2041,758
KM,Comores,KM2,NGAZIDJA,KM25,MBADJINI OUEST,KM251,NGOUENGOE,KM251_0004,MLIMANI,2041,323
KM,Comores,KM2,NGAZIDJA,KM25,MBADJINI OUEST,KM251,NGOUENGOE,KM251_0005,PANDA,2041,1424
KM,Comores,KM2,NGAZIDJA,KM25,MBADJINI OUEST,KM251,NGOUENGOE,KM251_0008,TSINI MOICHONGO,2041,3815
KM,Comores,KM2,NGAZIDJA,KM25,MBADJINI OUEST,KM252,NIOUMAGAMA,KM252_0004,DIMA,2041,928
KM,Comores,KM2,NGAZIDJA,KM25,MBADJINI OUEST,KM252,NIOUMAGAMA,KM252_0007,DOMONI,2041,1329
KM,Comores,KM2,NGAZIDJA,KM25,MBADJINI OUEST,KM252,NIOUMAGAMA,KM252_0008,DZOIDJOU,2041,1187
KM,Comores,KM2,NGAZIDJA,KM25,MBADJINI OUEST,KM252,NIOUMAGAMA,KM252_0009,FAMARE,2041,871
KM,Comores,KM2,NGAZIDJA,KM25,MBADJINI OUEST,KM252,NIOUMAGAMA,KM252_0002,IFOUNDIHE CHADJOU,2041,380
KM,Comores,KM2,NGAZIDJA,KM25,MBADJINI OUEST,KM252,NIOUMAGAMA,KM252_0003,IFOUNDIHE CHAMBOINI,2041,1781
KM,Comores,KM2,NGAZIDJA,KM25,MBADJINI OUEST,KM252,NIOUMAGAMA,KM252_0005,NKOURANI YA SIMA,2041,14614
KM,Comores,KM2,NGAZIDJA,KM25,MBADJINI OUEST,KM252,NIOUMAGAMA,KM252_0001,OUZIOINI,2041,3713
KM,Comores,KM2,NGAZIDJA,KM26,MBOUDE,KM265,NYUMAMRO KIBLANI,KM265_0002,CHAMLE,2041,2424
KM,Comores,KM2,NGAZIDJA,KM26,MBOUDE,KM265,NYUMAMRO KIBLANI,KM265_0001,DJOMANI,2041,5850
KM,Comores,KM2,NGAZIDJA,KM26,MBOUDE,KM265,NYUMAMRO KIBLANI,KM265_0007,DOUNIANI,2041,3224
KM,Comores,KM2,NGAZIDJA,KM26,MBOUDE,KM265,NYUMAMRO KIBLANI,KM265_0006,HELINDJE,2041,3150
KM,Comores,KM2,NGAZIDJA,KM26,MBOUDE,KM265,NYUMAMRO KIBLANI,KM265_0009,KOUA,2041,1178
KM,Comores,KM2,NGAZIDJA,KM26,MBOUDE,KM265,NYUMAMRO KIBLANI,KM265_0004,MANDZA YA MBOUDE,2041,2813
KM,Comores,KM2,NGAZIDJA,KM26,MBOUDE,KM265,NYUMAMRO KIBLANI,KM265_0005,MDJOIEZI YA MBOUNDE,2041,1429
KM,Comores,KM2,NGAZIDJA,KM26,MBOUDE,KM265,NYUMAMRO KIBLANI,KM265_0003,VOUVOUNI YA MBOUNDE,2041,819
KM,Comores,KM2,NGAZIDJA,KM26,MBOUDE,KM266,NYUMAMRO SOUHEILI,KM266_0003,DJONGOE,2041,1531
KM,Comores,KM2,NGAZIDJA,KM26,MBOUDE,KM266,NYUMAMRO SOUHEILI,KM266_0007,DOMOIDJOU,2041,1584
KM,Comores,KM2,NGAZIDJA,KM26,MBOUDE,KM266,NYUMAMRO SOUHEILI,KM266_0008,DOMOIMBOINI,2041,764
KM,Comores,KM2,NGAZIDJA,KM26,MBOUDE,KM266,NYUMAMRO SOUHEILI,KM266_0002,IVEMBENI,2041,6812
KM,Comores,KM2,NGAZIDJA,KM26,MBOUDE,KM266,NYUMAMRO SOUHEILI,KM266_0004,MAOUENI YA MBOUDE,2041,2151
KM,Comores,KM2,NGAZIDJA,KM26,MBOUDE,KM266,NYUMAMRO SOUHEILI,KM266_0009,MOIDJA YA MBOUDE,2041,993
KM,Comores,KM2,NGAZIDJA,KM26,MBOUDE,KM266,NYUMAMRO SOUHEILI,KM266_0001,NTSAOUENI,2041,5598
KM,Comores,KM2,NGAZIDJA,KM26,MBOUDE,KM266,NYUMAMRO SOUHEILI,KM266_0006,NTSORALE YA MBOUDE,2041,1164
KM,Comores,KM2,NGAZIDJA,KM26,MBOUDE,KM266,NYUMAMRO SOUHEILI,KM266_0005,SIMBOUSSA YA MBOUDE,2041,567
KM,Comores,KM2,NGAZIDJA,KM26,MITSAMIOULI,KM261,CEMBENOI LAC SALE,KM261_0001,BANGOIKOUNI,2041,4326
KM,Comores,KM2,NGAZIDJA,KM26,MITSAMIOULI,KM261,CEMBENOI LAC SALE,KM261_0002,BATSA YA MITSAMIHOULI,2041,2056
KM,Comores,KM2,NGAZIDJA,KM26,MITSAMIOULI,KM261,CEMBENOI LAC SALE,KM261_0004,IVOINI,2041,2764
KM,Comores,KM2,NGAZIDJA,KM26,MITSAMIOULI,KM261,CEMBENOI LAC SALE,KM261_0003,OUZIO,2041,4547
KM,Comores,KM2,NGAZIDJA,KM26,MITSAMIOULI,KM262,CEMBENOI SADA DJOULAMLIMA,KM265_0009,KOUA,2041,2600
KM,Comores,KM2,NGAZIDJA,KM26,MITSAMIOULI,KM262,CEMBENOI SADA DJOULAMLIMA,KM262_0004,OUELLAH YA MITSAMIHOULI,2041,7294
KM,Comores,KM2,NGAZIDJA,KM26,MITSAMIOULI,KM262,CEMBENOI SADA DJOULAMLIMA,KM262_0001,OUEMANI,2041,1118
KM,Comores,KM2,NGAZIDJA,KM26,MITSAMIOULI,KM263,MITSAMIOULI,KM263_0003,FASSI,2041,710
KM,Comores,KM2,NGAZIDJA,KM26,MITSAMIOULI,KM263,MITSAMIOULI,KM263_0002,HADAWA,2041,987
KM,Comores,KM2,NGAZIDJA,KM26,MITSAMIOULI,KM263,MITSAMIOULI,KM263_0001,MEMBOI - BOINI,2041,1493
KM,Comores,KM2,NGAZIDJA,KM26,MITSAMIOULI,KM263,MITSAMIOULI,KM263_0004,MITSAMIHOULI,2041,8662
KM,Comores,KM2,NGAZIDJA,KM26,MITSAMIOULI,KM263,MITSAMIOULI,KM263_0006,NDZAOUZE,2041,4566
KM,Comores,KM2,NGAZIDJA,KM26,MITSAMIOULI,KM263,MITSAMIOULI,KM263_0005,NKOURANI YA MITSAMIHOULI,2041,574
KM,Comores,KM2,NGAZIDJA,KM26,MITSAMIOULI,KM264,NYUMA KOMO,KM264_0001,BANGOI MAFUSA NKOA,2041,1144
KM,Comores,KM2,NGAZIDJA,KM26,MITSAMIOULI,KM264,NYUMA KOMO,KM264_0008,FOUNGA,2041,1591
KM,Comores,KM2,NGAZIDJA,KM26,MITSAMIOULI,KM264,NYUMA KOMO,KM264_0002,MEMBOI - DJOU,2041,2785
KM,Comores,KM2,NGAZIDJA,KM26,MITSAMIOULI,KM264,NYUMA KOMO,KM264_0007,NTSADJENI,2041,2915
KM,Comores,KM2,NGAZIDJA,KM26,MITSAMIOULI,KM264,NYUMA KOMO,KM264_0009,OUHOZI,2041,2080
KM,Comores,KM2,NGAZIDJA,KM26,MITSAMIOULI,KM264,NYUMA KOMO,KM264_0004,PIDJANI,2041,1012
KM,Comores,KM2,NGAZIDJA,KM26,MITSAMIOULI,KM264,NYUMA KOMO,KM264_0005,SONGOMANI,2041,812
KM,Comores,KM2,NGAZIDJA,KM26,MITSAMIOULI,KM264,NYUMA KOMO,KM264_0006,TOIYFA,2041,815
KM,Comores,KM2,NGAZIDJA,KM27,MORONI BAMBAO,KM273,BAMBAO YA DJOU,KM273_0002,M'VOUNI,2041,9290
KM,Comores,KM2,NGAZIDJA,KM27,MORONI BAMBAO,KM273,BAMBAO YA DJOU,KM273_0003,MAVINGOUNI,2041,3051
KM,Comores,KM2,NGAZIDJA,KM27,MORONI BAMBAO,KM273,BAMBAO YA DJOU,KM273_0001,MKAZI,2041,11028
KM,Comores,KM2,NGAZIDJA,KM27,MORONI BAMBAO,KM271,BAMBAO YA HARI,KM271_0010,BOENI YA BAMBAO,2041,3604
KM,Comores,KM2,NGAZIDJA,KM27,MORONI BAMBAO,KM271,BAMBAO YA HARI,KM271_0007,DAOUENI,2041,657
KM,Comores,KM2,NGAZIDJA,KM27,MORONI BAMBAO,KM271,BAMBAO YA HARI,KM283_0003,DZAHANI,2041,1171
KM,Comores,KM2,NGAZIDJA,KM27,MORONI BAMBAO,KM271,BAMBAO YA HARI,KM271_0002,M'DE,2041,11264
KM,Comores,KM2,NGAZIDJA,KM27,MORONI BAMBAO,KM271,BAMBAO YA HARI,KM271_0006,MBOUDADJOU,2041,1783
KM,Comores,KM2,NGAZIDJA,KM27,MORONI BAMBAO,KM271,BAMBAO YA HARI,KM271_0005,MOIDZAZA DJOUMBE,2041,800
KM,Comores,KM2,NGAZIDJA,KM27,MORONI BAMBAO,KM271,BAMBAO YA HARI,KM271_0004,NIOUMADZAHA,2041,5567
KM,Comores,KM2,NGAZIDJA,KM27,MORONI BAMBAO,KM271,BAMBAO YA HARI,KM271_0003,SELEA,2041,3694
KM,Comores,KM2,NGAZIDJA,KM27,MORONI BAMBAO,KM271,BAMBAO YA HARI,KM271_0001,VOUVOUNI,2041,7489
KM,Comores,KM2,NGAZIDJA,KM27,MORONI BAMBAO,KM272,BAMBAO YA MBOINI,KM272_0001,ICONI,2041,9457
KM,Comores,KM2,NGAZIDJA,KM27,MORONI BAMBAO,KM272,BAMBAO YA MBOINI,KM272_0002,MBACHILE,2041,2899
KM,Comores,KM2,NGAZIDJA,KM27,MORONI BAMBAO,KM272,BAMBAO YA MBOINI,KM272_0003,MOIDZAZA - MBOINI,2041,4901
KM,Comores,KM2,NGAZIDJA,KM27,MORONI BAMBAO,KM272,BAMBAO YA MBOINI,KM272_0004,NDROUANI,2041,2377
KM,Comores,KM2,NGAZIDJA,KM27,MORONI BAMBAO,KM272,BAMBAO YA MBOINI,KM272_0005,SEREHINI,2041,1284
KM,Comores,KM2,NGAZIDJA,KM27,MORONI BAMBAO,KM274,MORONI,KM274_0001,MORONI,2041,129266
KM,Comores,KM2,NGAZIDJA,KM28,OICHILI DIMANI,KM281,DIMANI,KM281_0002,FOUMBOU DZIVOUNI,2041,769
KM,Comores,KM2,NGAZIDJA,KM28,OICHILI DIMANI,KM281,DIMANI,KM281_0007,IDJINKOUNDZI,2041,4178
KM,Comores,KM2,NGAZIDJA,KM28,OICHILI DIMANI,KM281,DIMANI,KM281_0006,IDJOINDRADJA,2041,327
KM,Comores,KM2,NGAZIDJA,KM28,OICHILI DIMANI,KM281,DIMANI,KM281_0005,MADJOMA,2041,943
KM,Comores,KM2,NGAZIDJA,KM28,OICHILI DIMANI,KM281,DIMANI,KM281_0008,MAOUENI DIMANI,2041,2590
KM,Comores,KM2,NGAZIDJA,KM28,OICHILI DIMANI,KM281,DIMANI,KM281_0003,MBOUDE,2041,1114
KM,Comores,KM2,NGAZIDJA,KM28,OICHILI DIMANI,KM281,DIMANI,KM281_0004,MIDJINDZE,2041,268
KM,Comores,KM2,NGAZIDJA,KM28,OICHILI DIMANI,KM281,DIMANI,KM281_0009,MIRERENI,2041,898
KM,Comores,KM2,NGAZIDJA,KM28,OICHILI DIMANI,KM281,DIMANI,KM281_0001,MTSANGADJOU,2041,2215
KM,Comores,KM2,NGAZIDJA,KM28,OICHILI DIMANI,KM281,DIMANI,KM281_0010,NTSORALE,2041,4231
KM,Comores,KM2,NGAZIDJA,KM28,OICHILI DIMANI,KM281,DIMANI,KM281_0012,REHEMANI,2041,693
KM,Comores,KM2,NGAZIDJA,KM28,OICHILI DIMANI,KM281,DIMANI,KM281_0011,SIDJOU,2041,1489
KM,Comores,KM2,NGAZIDJA,KM28,OICHILI DIMANI,KM283,OICHILI YABOINI,KM283_0003,DZAHANI,2041,1144
KM,Comores,KM2,NGAZIDJA,KM28,OICHILI DIMANI,KM283,OICHILI YABOINI,KM283_0006,HAMBOU,2041,1717
KM,Comores,KM2,NGAZIDJA,KM28,OICHILI DIMANI,KM283,OICHILI YABOINI,KM283_0007,HASSENDJE,2041,504
KM,Comores,KM2,NGAZIDJA,KM28,OICHILI DIMANI,KM283,OICHILI YABOINI,KM283_0001,ITSINKOUDI,2041,4222
KM,Comores,KM2,NGAZIDJA,KM28,OICHILI DIMANI,KM283,OICHILI YABOINI,KM283_0004,KOUHANI,2041,826
KM,Comores,KM2,NGAZIDJA,KM28,OICHILI DIMANI,KM283,OICHILI YABOINI,KM283_0005,MTSAMDU,2041,1995
KM,Comores,KM2,NGAZIDJA,KM28,OICHILI DIMANI,KM282,OICHILI YADJOU,KM282_0003,BOENI YAWACHILI,2041,1493
KM,Comores,KM2,NGAZIDJA,KM28,OICHILI DIMANI,KM282,OICHILI YADJOU,KM282_0009,CHAMRO,2041,273
KM,Comores,KM2,NGAZIDJA,KM28,OICHILI DIMANI,KM282,OICHILI YADJOU,KM282_0007,CHOMONI,2041,1410
KM,Comores,KM2,NGAZIDJA,KM28,OICHILI DIMANI,KM282,OICHILI YADJOU,KM282_0004,DZAHADJOU YA WACHILI,2041,1802
KM,Comores,KM2,NGAZIDJA,KM28,OICHILI DIMANI,KM282,OICHILI YADJOU,KM282_0002,IROHE,2041,1640
KM,Comores,KM2,NGAZIDJA,KM28,OICHILI DIMANI,KM282,OICHILI YADJOU,KM282_0001,KOIMBANI YA WACHILI,2041,5057
KM,Comores,KM2,NGAZIDJA,KM28,OICHILI DIMANI,KM282,OICHILI YADJOU,KM282_0005,SADA,2041,615
KM,Comores,KM2,NGAZIDJA,KM28,OICHILI DIMANI,KM282,OICHILI YADJOU,KM282_0006,SADANI,2041,1063
KM,Comores,KM2,NGAZIDJA,KM28,OICHILI DIMANI,KM282,OICHILI YADJOU,KM282_0008,SAMBA MADI,2041,185
KM,Comores,KM2,NGAZIDJA,KM28,OICHILI DIMANI,KM282,OICHILI YADJOU,KM282_0010,SIMA YA WACHILI,2041,1773
KM,Comores,KM3,MWALI,KM31,DJANDO,KM311,DJANDO,KM311_0006,HAGNAMOIDA,2042,1508
KM,Comores,KM3,MWALI,KM31,DJANDO,KM311,DJANDO,KM311_0008,HAMAVOUNA,2042,2447
KM,Comores,KM3,MWALI,KM31,DJANDO,KM311,DJANDO,KM311_0007,ITSAMIA,2042,747
KM,Comores,KM3,MWALI,KM31,DJANDO,KM311,DJANDO,KM121_0005,KANGANI,2042,2504
KM,Comores,KM3,MWALI,KM31,DJANDO,KM311,DJANDO,KM311_0003,MLANBANDA,2042,751
KM,Comores,KM3,MWALI,KM31,DJANDO,KM311,DJANDO,KM311_0002,WANANI,2042,6073
KM,Comores,KM3,MWALI,KM31,DJANDO,KM311,DJANDO,KM311_0001,ZIROUDANI,2042,3222
KM,Comores,KM3,MWALI,KM32,FOMBONI,KM321,FOMBONI,KM321_0001,FOMBONI,2042,31906
KM,Comores,KM3,MWALI,KM32,FOMBONI,KM322,MOILI MDJINI,KM322_0002,BANDAR SALAMA,2042,4453
KM,Comores,KM3,MWALI,KM32,FOMBONI,KM322,MOILI MDJINI,KM322_0003,DJOIEZI,2042,5429
KM,Comores,KM3,MWALI,KM32,FOMBONI,KM322,MOILI MDJINI,KM322_0001,MBOIGOMA,2042,3792
KM,Comores,KM3,MWALI,KM32,FOMBONI,KM323,MOINBASSA,KM252_0007,DOMONI,2042,476
KM,Comores,KM3,MWALI,KM32,FOMBONI,KM323,MOINBASSA,KM323_0002,HOANI,2042,4058
KM,Comores,KM3,MWALI,KM32,FOMBONI,KM323,MOINBASSA,KM323_0001,M'BATSE,2042,6783
KM,Comores,KM3,MWALI,KM33,NIOUMACHOUA,KM331,MLEDJELE,KM331_0001,MIREMANI,2042,531
KM,Comores,KM3,MWALI,KM33,NIOUMACHOUA,KM331,MLEDJELE,KM331_0004,NDREMEANI,2042,105
KM,Comores,KM3,MWALI,KM33,NIOUMACHOUA,KM331,MLEDJELE,KM331_0002,NDRONDRONI,2042,7824
KM,Comores,KM3,MWALI,KM33,NIOUMACHOUA,KM331,MLEDJELE,KM331_0003,NIOUMACHOUA,2042,6143
KM,Comores,KM3,MWALI,KM33,NIOUMACHOUA,KM332,MOIMBAO,KM143_0003,BARAKANI,2042,1735
KM,Comores,KM3,MWALI,KM33,NIOUMACHOUA,KM332,MOIMBAO,KM332_0001,HAMBA,2042,448
KM,Comores,KM3,MWALI,KM33,NIOUMACHOUA,KM332,MOIMBAO,KM332_0004,MIRINGONI,2042,1858
KM,Comores,KM3,MWALI,KM33,NIOUMACHOUA,KM332,MOIMBAO,KM332_0005,WALLAH 1,2042,823
KM,Comores,KM3,MWALI,KM33,NIOUMACHOUA,KM332,MOIMBAO,KM332_0006,WALLAH 2,2042,1541
KM,Comores,KM1,NDZUWANI,KM11,DOMONI,KM111,BAMBAO MSTANGA,KM111_0001,BAMBAO MTSANGA,2042,9118
KM,Comores,KM1,NDZUWANI,KM11,DOMONI,KM111,BAMBAO MSTANGA,KM111_0004,MAHALE,2042,6486
KM,Comores,KM1,NDZUWANI,KM11,DOMONI,KM111,BAMBAO MSTANGA,KM111_0002,MROMAJI,2042,5035
KM,Comores,KM1,NDZUWANI,KM11,DOMONI,KM111,BAMBAO MSTANGA,KM111_0003,ONGONI,2042,4325
KM,Comores,KM1,NDZUWANI,KM11,DOMONI,KM112,DOMONI,KM112_0004,BWELADUGU,2042,1341
KM,Comores,KM1,NDZUWANI,KM11,DOMONI,KM112,DOMONI,KM252_0007,DOMONI,2042,22407
KM,Comores,KM1,NDZUWANI,KM11,DOMONI,KM112,DOMONI,KM112_0003,LIMBI,2042,4734
KM,Comores,KM1,NDZUWANI,KM11,DOMONI,KM113,JIMLIME,KM113_0003,HAJOHO,2042,6830
KM,Comores,KM1,NDZUWANI,KM11,DOMONI,KM113,JIMLIME,KM113_0001,HAREMBO I,2042,1044
KM,Comores,KM1,NDZUWANI,KM11,DOMONI,KM113,JIMLIME,KM113_0002,HAREMBO II,2042,1752
KM,Comores,KM1,NDZUWANI,KM11,DOMONI,KM113,JIMLIME,KM113_0004,JIMLIME,2042,11177
KM,Comores,KM1,NDZUWANI,KM11,DOMONI,KM114,KONI,KM114_0004,GEGE,2042,2001
KM,Comores,KM1,NDZUWANI,KM11,DOMONI,KM114,KONI,KM114_0003,HACHIPENDA,2042,3380
KM,Comores,KM1,NDZUWANI,KM11,DOMONI,KM114,KONI,KM114_0001,KONI DJODJO,2042,19443
KM,Comores,KM1,NDZUWANI,KM11,DOMONI,KM114,KONI,KM114_0002,KONI NGANI,2042,9377
KM,Comores,KM1,NDZUWANI,KM11,DOMONI,KM115,NGADZALE,KM115_0001,NGADZALE,2042,10016
KM,Comores,KM1,NDZUWANI,KM11,DOMONI,KM115,NGADZALE,KM115_0002,OUTSA,2042,1302
KM,Comores,KM1,NDZUWANI,KM11,DOMONI,KM115,NGADZALE,KM115_0005,OUZINI,2042,3156
KM,Comores,KM1,NDZUWANI,KM11,DOMONI,KM115,NGADZALE,KM153_0014,SALAMANI,2042,3820
KM,Comores,KM1,NDZUWANI,KM16,MOYA,KM151,MOYA,KM151_0002,KOWET,2042,3768
KM,Comores,KM1,NDZUWANI,KM16,MOYA,KM151,MOYA,KM151_0005,LINGONI,2042,8921
KM,Comores,KM1,NDZUWANI,KM16,MOYA,KM151,MOYA,KM151_0007,MAWENI,2042,1424
KM,Comores,KM1,NDZUWANI,KM16,MOYA,KM151,MOYA,KM151_0001,MOYA,2042,16312
KM,Comores,KM1,NDZUWANI,KM16,MOYA,KM151,MOYA,KM151_0004,NINDRI,2042,5562
KM,Comores,KM1,NDZUWANI,KM16,MOYA,KM151,MOYA,KM151_0003,POMONI,2042,7650
KM,Comores,KM1,NDZUWANI,KM12,MREMANI,KM121,ADDA,KM121_0001,ADDA DAWENI,2042,20756
KM,Comores,KM1,NDZUWANI,KM12,MREMANI,KM121,ADDA,KM121_0002,DJANZA,2042,1487
KM,Comores,KM1,NDZUWANI,KM12,MREMANI,KM121,ADDA,KM121_0005,KANGANI,2042,8819
KM,Comores,KM1,NDZUWANI,KM12,MREMANI,KM121,ADDA,KM121_0003,MAGNASSINI,2042,7786
KM,Comores,KM1,NDZUWANI,KM12,MREMANI,KM123,MRAMANI,KM123_0004,DZIANII,2042,3511
KM,Comores,KM1,NDZUWANI,KM12,MREMANI,KM123,MRAMANI,KM123_0002,HANTSAHII,2042,2652
KM,Comores,KM1,NDZUWANI,KM12,MREMANI,KM123,MRAMANI,KM123_0001,MRAMANI,2042,7350
KM,Comores,KM1,NDZUWANI,KM12,MREMANI,KM123,MRAMANI,KM123_0003,NYAMBOIMRO,2042,3728
KM,Comores,KM1,NDZUWANI,KM12,MREMANI,KM124,MREMANI,KM124_0002,BANDA KOUNI,2042,6696
KM,Comores,KM1,NDZUWANI,KM12,MREMANI,KM124,MREMANI,KM124_0004,DAJI,2042,5652
KM,Comores,KM1,NDZUWANI,KM12,MREMANI,KM124,MREMANI,KM124_0001,MREMANI,2042,9919
KM,Comores,KM1,NDZUWANI,KM12,MREMANI,KM124,MREMANI,KM124_0003,MRIDJOU,2042,6337
KM,Comores,KM1,NDZUWANI,KM12,MREMANI,KM125,ONGOJOU,KM125_0002,KIYO,2042,2966
KM,Comores,KM1,NDZUWANI,KM12,MREMANI,KM125,ONGOJOU,KM125_0003,KOMONI,2042,4804
KM,Comores,KM1,NDZUWANI,KM12,MREMANI,KM125,ONGOJOU,KM125_0004,MIRONDRONI,2042,730
KM,Comores,KM1,NDZUWANI,KM12,MREMANI,KM125,ONGOJOU,KM125_0001,ONGODJOU,2042,11477
KM,Comores,KM1,NDZUWANI,KM12,MREMANI,KM125,ONGOJOU,KM125_0005,TRINDRINI,2042,287
KM,Comores,KM1,NDZUWANI,KM12,MREMANI,KM122,SHAWENI,KM122_0002,HAMCHACO,2042,3490
KM,Comores,KM1,NDZUWANI,KM12,MREMANI,KM122,SHAWENI,KM122_0005,MNADZICHOUMWE,2042,1809
KM,Comores,KM1,NDZUWANI,KM12,MREMANI,KM122,SHAWENI,KM122_0004,NOUNGA,2042,782
KM,Comores,KM1,NDZUWANI,KM12,MREMANI,KM122,SHAWENI,KM122_0003,SADAPOINI,2042,5286
KM,Comores,KM1,NDZUWANI,KM12,MREMANI,KM122,SHAWENI,KM122_0001,SHAWENI,2042,1940
KM,Comores,KM1,NDZUWANI,KM13,MUTSAMUDU,KM131,BANDRANI YA CHIRONKAMBA,KM131_0002,ANKIBANI,2042,3897
KM,Comores,KM1,NDZUWANI,KM13,MUTSAMUDU,KM131,BANDRANI YA CHIRONKAMBA,KM131_0008,BANDRADJOU,2042,3312
KM,Comores,KM1,NDZUWANI,KM13,MUTSAMUDU,KM131,BANDRANI YA CHIRONKAMBA,KM131_0006,CHICONI 2,2042,246
KM,Comores,KM1,NDZUWANI,KM13,MUTSAMUDU,KM131,BANDRANI YA CHIRONKAMBA,KM131_0003,CHIRONKAMBA,2042,3604
KM,Comores,KM1,NDZUWANI,KM13,MUTSAMUDU,KM131,BANDRANI YA CHIRONKAMBA,KM151_0007,MAWENI,2042,1442
KM,Comores,KM1,NDZUWANI,KM13,MUTSAMUDU,KM131,BANDRANI YA CHIRONKAMBA,KM131_0001,MDJIMANDRA,2042,4923
KM,Comores,KM1,NDZUWANI,KM13,MUTSAMUDU,KM131,BANDRANI YA CHIRONKAMBA,KM131_0007,MPOUZINI,2042,113
KM,Comores,KM1,NDZUWANI,KM13,MUTSAMUDU,KM132,Commune BANDRANI YA MITSANGANI,KM132_0001,BANDRANI MTSANGANI,2042,3468
KM,Comores,KM1,NDZUWANI,KM13,MUTSAMUDU,KM132,Commune BANDRANI YA MITSANGANI,KM132_0002,CHITROUNI,2042,2252
KM,Comores,KM1,NDZUWANI,KM13,MUTSAMUDU,KM132,Commune BANDRANI YA MITSANGANI,KM132_0004,MDJAMAOUE,2042,3102
KM,Comores,KM1,NDZUWANI,KM13,MUTSAMUDU,KM132,Commune BANDRANI YA MITSANGANI,KM132_0003,SAANDANI,2042,4115
KM,Comores,KM1,NDZUWANI,KM13,MUTSAMUDU,KM133,MIRONTSI,KM133_0001,MIRONTSI,2042,21850
KM,Comores,KM1,NDZUWANI,KM13,MUTSAMUDU,KM134,MUTSAMUDU,KM134_0005,CHICONI1,2042,7
KM,Comores,KM1,NDZUWANI,KM13,MUTSAMUDU,KM134,MUTSAMUDU,KM134_0001,MUTSAMUDU,2042,47845
KM,Comores,KM1,NDZUWANI,KM13,MUTSAMUDU,KM134,MUTSAMUDU,KM134_0003,MWAMWA I,2042,3416
KM,Comores,KM1,NDZUWANI,KM13,MUTSAMUDU,KM134,MUTSAMUDU,KM134_0004,MWAMWA II,2042,1438
KM,Comores,KM1,NDZUWANI,KM13,MUTSAMUDU,KM134,MUTSAMUDU,KM134_0002,PAJE,2042,10725
KM,Comores,KM1,NDZUWANI,KM14,OUANI,KM141,BAMBAO MTROUNI,KM141_0003,CHANDRA,2042,9004
KM,Comores,KM1,NDZUWANI,KM14,OUANI,KM141,BAMBAO MTROUNI,KM141_0002,DINDRI,2042,18798
KM,Comores,KM1,NDZUWANI,KM14,OUANI,KM141,BAMBAO MTROUNI,KM141_0001,TSEMBEHOU,2042,23002
KM,Comores,KM1,NDZUWANI,KM14,OUANI,KM142,BAZIMINI,KM142_0001,BAZIMINI,2042,15017
KM,Comores,KM1,NDZUWANI,KM14,OUANI,KM142,BAZIMINI,KM142_0002,KOKI,2042,11515
KM,Comores,KM1,NDZUWANI,KM14,OUANI,KM142,BAZIMINI,KM142_0003,PATSY,2042,7015
KM,Comores,KM1,NDZUWANI,KM14,OUANI,KM143,OUANI,KM143_0003,BARAKANI,2042,12840
KM,Comores,KM1,NDZUWANI,KM14,OUANI,KM143,OUANI,KM143_0004,GNATRANGA,2042,6034
KM,Comores,KM1,NDZUWANI,KM14,OUANI,KM143,OUANI,KM143_0001,OUANI,2042,18384
KM,Comores,KM1,NDZUWANI,KM14,OUANI,KM143,OUANI,KM143_0005,TANAMBAO,2042,3798
KM,Comores,KM1,NDZUWANI,KM15,SIMA,KM152,SIMA,KM152_0003,BIMBINI,2042,3203
KM,Comores,KM1,NDZUWANI,KM15,SIMA,KM152,SIMA,KM152_0004,BOUNGOUENI,2042,6387
KM,Comores,KM1,NDZUWANI,KM15,SIMA,KM152,SIMA,KM152_0002,KAVANI,2042,3895
KM,Comores,KM1,NDZUWANI,KM15,SIMA,KM152,SIMA,KM234_0004,MILEMBENI,2042,1304
KM,Comores,KM1,NDZUWANI,KM15,SIMA,KM152,SIMA,KM152_0005,MIRONGANI,2042,2616
KM,Comores,KM1,NDZUWANI,KM15,SIMA,KM152,SIMA,KM232_0003,SIMA,2042,8978
KM,Comores,KM1,NDZUWANI,KM15,SIMA,KM153,VOUANI,KM153_0010,BANDRANI YA VOUANI,2042,3022
KM,Comores,KM1,NDZUWANI,KM15,SIMA,KM153,VOUANI,KM153_0011,CHIROVE,2042,473
KM,Comores,KM1,NDZUWANI,KM15,SIMA,KM153,VOUANI,KM153_0009,DAR SALAMA,2042,2410
KM,Comores,KM1,NDZUWANI,KM15,SIMA,KM153,VOUANI,KM153_0007,DZINDRI I,2042,4549
KM,Comores,KM1,NDZUWANI,KM15,SIMA,KM153,VOUANI,KM153_0003,HASSIMPAO,2042,2749
KM,Comores,KM1,NDZUWANI,KM15,SIMA,KM153,VOUANI,KM153_0006,IMERE,2042,803
KM,Comores,KM1,NDZUWANI,KM15,SIMA,KM153,VOUANI,KM153_0015,IMERE YA GAWANI,2042,1331
KM,Comores,KM1,NDZUWANI,KM15,SIMA,KM153,VOUANI,KM153_0002,MARAHARE,2042,3531
KM,Comores,KM1,NDZUWANI,KM15,SIMA,KM153,VOUANI,KM153_0012,MARONTRONI,2042,730
KM,Comores,KM1,NDZUWANI,KM15,SIMA,KM153,VOUANI,KM153_0001,MROMOUHOULI,2042,1088
KM,Comores,KM1,NDZUWANI,KM15,SIMA,KM153,VOUANI,KM153_0014,SALAMANI,2042,730
KM,Comores,KM1,NDZUWANI,KM15,SIMA,KM153,VOUANI,KM153_0004,SHITSANGASHELI,2042,278
KM,Comores,KM1,NDZUWANI,KM15,SIMA,KM153,VOUANI,KM153_0005,VASSI,2042,2265
KM,Comores,KM1,NDZUWANI,KM15,SIMA,KM153,VOUANI,KM153_0008,VOUANI,2042,6141
KM,Comores,KM2,NGAZIDJA,KM21,HAMAHAMET MBOINKOU,KM211,MBOINKOU,KM211_0008,BANDAMADJI LA MBOIKOU,2042,1220
KM,Comores,KM2,NGAZIDJA,KM21,HAMAHAMET MBOINKOU,KM211,MBOINKOU,KM211_0004,CHEZANI,2042,4692
KM,Comores,KM2,NGAZIDJA,KM21,HAMAHAMET MBOINKOU,KM211,MBOINKOU,KM211_0007,HANTSINDZI,2042,3626
KM,Comores,KM2,NGAZIDJA,KM21,HAMAHAMET MBOINKOU,KM211,MBOINKOU,KM211_0001,MADJEOUENI,2042,3036
KM,Comores,KM2,NGAZIDJA,KM21,HAMAHAMET MBOINKOU,KM211,MBOINKOU,KM211_0005,NDROUDE,2042,3555
KM,Comores,KM2,NGAZIDJA,KM21,HAMAHAMET MBOINKOU,KM211,MBOINKOU,KM211_0006,NIOUMAMILIMA,2042,2303
KM,Comores,KM2,NGAZIDJA,KM21,HAMAHAMET MBOINKOU,KM211,MBOINKOU,KM211_0002,SADANI YA MBOIKOU,2042,1065
KM,Comores,KM2,NGAZIDJA,KM21,HAMAHAMET MBOINKOU,KM211,MBOINKOU,KM211_0003,TRELEZINI,2042,943
KM,Comores,KM2,NGAZIDJA,KM21,HAMAHAMET MBOINKOU,KM212,NYUMA MRO,KM212_0005,BAMBADJANI,2042,2119
KM,Comores,KM2,NGAZIDJA,KM21,HAMAHAMET MBOINKOU,KM212,NYUMA MRO,KM212_0001,DIMADJOU YA HAMAHAMET,2042,4127
KM,Comores,KM2,NGAZIDJA,KM21,HAMAHAMET MBOINKOU,KM212,NYUMA MRO,KM212_0009,HADJAMBOU,2042,2185
KM,Comores,KM2,NGAZIDJA,KM21,HAMAHAMET MBOINKOU,KM212,NYUMA MRO,KM212_0007,ITSANDZENI,2042,3174
KM,Comores,KM2,NGAZIDJA,KM21,HAMAHAMET MBOINKOU,KM212,NYUMA MRO,KM212_0010,MBATSE YA HAMAHAMET,2042,397
KM,Comores,KM2,NGAZIDJA,KM21,HAMAHAMET MBOINKOU,KM212,NYUMA MRO,KM212_0003,MDJIHARI,2042,1125
KM,Comores,KM2,NGAZIDJA,KM21,HAMAHAMET MBOINKOU,KM212,NYUMA MRO,KM212_0004,MOIDJA,2042,3504
KM,Comores,KM2,NGAZIDJA,KM21,HAMAHAMET MBOINKOU,KM212,NYUMA MRO,KM212_0006,NGOLE,2042,648
KM,Comores,KM2,NGAZIDJA,KM21,HAMAHAMET MBOINKOU,KM212,NYUMA MRO,KM212_0002,NYADOMBWENI,2042,1729
KM,Comores,KM2,NGAZIDJA,KM21,HAMAHAMET MBOINKOU,KM212,NYUMA MRO,KM212_0008,OUELLAH YA HAMAHAMET,2042,1204
KM,Comores,KM2,NGAZIDJA,KM21,HAMAHAMET MBOINKOU,KM213,NYUMA MSIRU,KM213_0008,BATOU,2042,1174
KM,Comores,KM2,NGAZIDJA,KM21,HAMAHAMET MBOINKOU,KM213,NYUMA MSIRU,KM213_0006,BOUNI,2042,2453
KM,Comores,KM2,NGAZIDJA,KM21,HAMAHAMET MBOINKOU,KM213,NYUMA MSIRU,KM213_0007,HEROUMBILI,2042,2534
KM,Comores,KM2,NGAZIDJA,KM21,HAMAHAMET MBOINKOU,KM213,NYUMA MSIRU,KM213_0010,IFOUNDIHE YA HAMAHAMET,2042,1197
KM,Comores,KM2,NGAZIDJA,KM21,HAMAHAMET MBOINKOU,KM213,NYUMA MSIRU,KM213_0009,KOURANI YA HAMAHAMET,2042,228
KM,Comores,KM2,NGAZIDJA,KM21,HAMAHAMET MBOINKOU,KM213,NYUMA MSIRU,KM213_0001,MBENI,2042,9056
KM,Comores,KM2,NGAZIDJA,KM21,HAMAHAMET MBOINKOU,KM213,NYUMA MSIRU,KM213_0011,MNOUNGOU,2042,2156
KM,Comores,KM2,NGAZIDJA,KM21,HAMAHAMET MBOINKOU,KM213,NYUMA MSIRU,KM213_0004,SADA CHIHOUWE,2042,1379
KM,Comores,KM2,NGAZIDJA,KM21,HAMAHAMET MBOINKOU,KM213,NYUMA MSIRU,KM213_0005,SADA MHUWAMBOI,2042,350
KM,Comores,KM2,NGAZIDJA,KM21,HAMAHAMET MBOINKOU,KM213,NYUMA MSIRU,KM213_0003,SALIMANI YA HAMAHAMET,2042,1088
KM,Comores,KM2,NGAZIDJA,KM21,HAMAHAMET MBOINKOU,KM213,NYUMA MSIRU,KM213_0002,SELEANI,2042,2453
KM,Comores,KM2,NGAZIDJA,KM22,HAMBOU,KM221,DJOUMOIPANGUA,KM221_0004,BAMBANI,2042,2199
KM,Comores,KM2,NGAZIDJA,KM22,HAMBOU,KM221,DJOUMOIPANGUA,KM221_0005,DZAHADJOU,2042,3746
KM,Comores,KM2,NGAZIDJA,KM22,HAMBOU,KM221,DJOUMOIPANGUA,KM221_0003,HETSA,2042,1475
KM,Comores,KM2,NGAZIDJA,KM22,HAMBOU,KM221,DJOUMOIPANGUA,KM221_0002,MDJOIEZI,2042,5325
KM,Comores,KM2,NGAZIDJA,KM22,HAMBOU,KM221,DJOUMOIPANGUA,KM221_0001,SINGANI,2042,3739
KM,Comores,KM2,NGAZIDJA,KM22,HAMBOU,KM222,TSINIMOIPANGUA,KM222_0005,BANGOI,2042,4998
KM,Comores,KM2,NGAZIDJA,KM22,HAMBOU,KM222,TSINIMOIPANGUA,KM222_0003,CHOUANI,2042,4576
KM,Comores,KM2,NGAZIDJA,KM22,HAMBOU,KM222,TSINIMOIPANGUA,KM222_0004,DJOUMOICHONGO,2042,2711
KM,Comores,KM2,NGAZIDJA,KM22,HAMBOU,KM222,TSINIMOIPANGUA,KM222_0001,MITSOUDJE,2042,6607
KM,Comores,KM2,NGAZIDJA,KM22,HAMBOU,KM222,TSINIMOIPANGUA,KM222_0006,NKOMIONI,2042,984
KM,Comores,KM2,NGAZIDJA,KM22,HAMBOU,KM222,TSINIMOIPANGUA,KM222_0007,SALIMANI,2042,3456
KM,Comores,KM2,NGAZIDJA,KM22,HAMBOU,KM222,TSINIMOIPANGUA,KM222_0002,TROUMBENI,2042,410
KM,Comores,KM2,NGAZIDJA,KM23,ITSANDRA HAMANVOU,KM231,BANGAANI,KM231_0007,BANDAMADJI LA ITSANDRA,2042,1618
KM,Comores,KM2,NGAZIDJA,KM23,ITSANDRA HAMANVOU,KM231,BANGAANI,KM231_0008,DIMADJOU YA ITSANDRA,2042,2508
KM,Comores,KM2,NGAZIDJA,KM23,ITSANDRA HAMANVOU,KM231,BANGAANI,KM231_0004,DZAHANI LA TSIDJE,2042,13950
KM,Comores,KM2,NGAZIDJA,KM23,ITSANDRA HAMANVOU,KM231,BANGAANI,KM231_0001,ITSANDRA MDJINI,2042,5780
KM,Comores,KM2,NGAZIDJA,KM23,ITSANDRA HAMANVOU,KM231,BANGAANI,KM231_0005,MAOUENI YA ITSANDRA,2042,1455
KM,Comores,KM2,NGAZIDJA,KM23,ITSANDRA HAMANVOU,KM231,BANGAANI,KM231_0006,MIRONTSI YA ITSANDRA,2042,774
KM,Comores,KM2,NGAZIDJA,KM23,ITSANDRA HAMANVOU,KM231,BANGAANI,KM231_0002,SALIMANI YA ITSANDRA,2042,5648
KM,Comores,KM2,NGAZIDJA,KM23,ITSANDRA HAMANVOU,KM231,BANGAANI,KM231_0003,SAMBA MBODONI,2042,2451
KM,Comores,KM2,NGAZIDJA,KM23,ITSANDRA HAMANVOU,KM232,DJOUMOICHONGO,KM232_0002,BAHANI,2042,3211
KM,Comores,KM2,NGAZIDJA,KM23,ITSANDRA HAMANVOU,KM232,DJOUMOICHONGO,KM232_0001,DZAHANI II,2042,2585
KM,Comores,KM2,NGAZIDJA,KM23,ITSANDRA HAMANVOU,KM232,DJOUMOICHONGO,KM232_0004,OUELLAH YA ITSANDRA,2042,2245
KM,Comores,KM2,NGAZIDJA,KM23,ITSANDRA HAMANVOU,KM232,DJOUMOICHONGO,KM232_0005,SAMBA KOUNI,2042,3615
KM,Comores,KM2,NGAZIDJA,KM23,ITSANDRA HAMANVOU,KM232,DJOUMOICHONGO,KM232_0003,SIMA,2042,1487
KM,Comores,KM2,NGAZIDJA,KM23,ITSANDRA HAMANVOU,KM233,HAMANVOU,KM233_0008,BIBAVOU,2042,1964
KM,Comores,KM2,NGAZIDJA,KM23,ITSANDRA HAMANVOU,KM233,HAMANVOU,KM233_0002,BOENINDI,2042,1363
KM,Comores,KM2,NGAZIDJA,KM23,ITSANDRA HAMANVOU,KM233,HAMANVOU,KM233_0007,DIBOINI,2042,2547
KM,Comores,KM2,NGAZIDJA,KM23,ITSANDRA HAMANVOU,KM233,HAMANVOU,KM233_0001,HAHAYA,2042,8104
KM,Comores,KM2,NGAZIDJA,KM23,ITSANDRA HAMANVOU,KM233,HAMANVOU,KM233_0004,MBALENI,2042,327
KM,Comores,KM2,NGAZIDJA,KM23,ITSANDRA HAMANVOU,KM233,HAMANVOU,KM233_0003,MBAMBANI YA HAMANVOU,2042,1231
KM,Comores,KM2,NGAZIDJA,KM23,ITSANDRA HAMANVOU,KM233,HAMANVOU,KM233_0006,MBANGANI,2042,2608
KM,Comores,KM2,NGAZIDJA,KM23,ITSANDRA HAMANVOU,KM233,HAMANVOU,KM233_0009,MILEVANI,2042,2172
KM,Comores,KM2,NGAZIDJA,KM23,ITSANDRA HAMANVOU,KM233,HAMANVOU,KM233_0005,OUSSIVO,2042,4035
KM,Comores,KM2,NGAZIDJA,KM23,ITSANDRA HAMANVOU,KM234,ISAHARI,KM234_0002,HANTSAMBOU,2042,2868
KM,Comores,KM2,NGAZIDJA,KM23,ITSANDRA HAMANVOU,KM234,ISAHARI,KM234_0004,MILEMBENI,2042,1748
KM,Comores,KM2,NGAZIDJA,KM23,ITSANDRA HAMANVOU,KM234,ISAHARI,KM234_0001,NTSOUDJINI,2042,7647
KM,Comores,KM2,NGAZIDJA,KM23,ITSANDRA HAMANVOU,KM234,ISAHARI,KM234_0005,ZIVANDANI,2042,2358
KM,Comores,KM2,NGAZIDJA,KM23,ITSANDRA HAMANVOU,KM235,MBADANI,KM235_0001,BATSA ITSANDRA,2042,4715
KM,Comores,KM2,NGAZIDJA,KM23,ITSANDRA HAMANVOU,KM235,MBADANI,KM235_0005,DZAHADJOU LA ITSANDRA,2042,2501
KM,Comores,KM2,NGAZIDJA,KM23,ITSANDRA HAMANVOU,KM235,MBADANI,KM235_0004,MHANDANI,2042,970
KM,Comores,KM2,NGAZIDJA,KM23,ITSANDRA HAMANVOU,KM235,MBADANI,KM235_0003,VANADJOU,2042,1699
KM,Comores,KM2,NGAZIDJA,KM23,ITSANDRA HAMANVOU,KM235,MBADANI,KM235_0002,VANAMBOINI,2042,3687
KM,Comores,KM2,NGAZIDJA,KM23,ITSANDRA HAMANVOU,KM235,MBADANI,KM235_0006,VOUNA MBADANI,2042,1385
KM,Comores,KM2,NGAZIDJA,KM24,MBADJINI EST,KM241,DOMBA,KM241_0002,BANDADAOUENI,2042,2658
KM,Comores,KM2,NGAZIDJA,KM24,MBADJINI EST,KM241,DOMBA,KM241_0001,BANDAMADJI LADOMBA,2042,1874
KM,Comores,KM2,NGAZIDJA,KM24,MBADJINI EST,KM241,DOMBA,KM241_0004,OUNGONI,2042,1768
KM,Comores,KM2,NGAZIDJA,KM24,MBADJINI EST,KM241,DOMBA,KM264_0004,PIDJANI,2042,3818
KM,Comores,KM2,NGAZIDJA,KM24,MBADJINI EST,KM241,DOMBA,KM241_0003,TSINIMOIPANGA,2042,4298
KM,Comores,KM2,NGAZIDJA,KM24,MBADJINI EST,KM242,ITSAHIDI,KM242_0007,CHINDINI,2042,3027
KM,Comores,KM2,NGAZIDJA,KM24,MBADJINI EST,KM242,ITSAHIDI,KM242_0009,DZAHADJOU LA MBADJINI,2042,1967
KM,Comores,KM2,NGAZIDJA,KM24,MBADJINI EST,KM242,ITSAHIDI,KM242_0001,FOUMBOUNI,2042,4505
KM,Comores,KM2,NGAZIDJA,KM24,MBADJINI EST,KM242,ITSAHIDI,KM242_0002,KOIMBANI LA MBADJINI,2042,781
KM,Comores,KM2,NGAZIDJA,KM24,MBADJINI EST,KM242,ITSAHIDI,KM242_0003,MALE,2042,4005
KM,Comores,KM2,NGAZIDJA,KM24,MBADJINI EST,KM242,ITSAHIDI,KM242_0004,MIDJENDJENI,2042,728
KM,Comores,KM2,NGAZIDJA,KM24,MBADJINI EST,KM242,ITSAHIDI,KM242_0010,MOHORO,2042,3785
KM,Comores,KM2,NGAZIDJA,KM24,MBADJINI EST,KM242,ITSAHIDI,KM242_0006,NDZOUANI,2042,358
KM,Comores,KM2,NGAZIDJA,KM24,MBADJINI EST,KM242,ITSAHIDI,KM242_0011,NGNOUMADZHA MVOUBARI,2042,3594
KM,Comores,KM2,NGAZIDJA,KM24,MBADJINI EST,KM242,ITSAHIDI,KM242_0005,OUROVENI,2042,2495
KM,Comores,KM2,NGAZIDJA,KM24,MBADJINI EST,KM242,ITSAHIDI,KM242_0008,SIMAMBOINI,2042,1644
KM,Comores,KM2,NGAZIDJA,KM24,MBADJINI EST,KM243,PIMBA,KM243_0004,BANDAMADJI LA KOUBOINI,2042,1340
KM,Comores,KM2,NGAZIDJA,KM24,MBADJINI EST,KM243,PIMBA,KM243_0005,DARISSALAMA,2042,917
KM,Comores,KM2,NGAZIDJA,KM24,MBADJINI EST,KM243,PIMBA,KM243_0009,DIDJONI,2042,1038
KM,Comores,KM2,NGAZIDJA,KM24,MBADJINI EST,KM243,PIMBA,KM243_0002,INANI,2042,1547
KM,Comores,KM2,NGAZIDJA,KM24,MBADJINI EST,KM243,PIMBA,KM243_0010,KOVE,2042,1501
KM,Comores,KM2,NGAZIDJA,KM24,MBADJINI EST,KM243,PIMBA,KM243_0006,MLALOI NKOUDJOU,2042,1872
KM,Comores,KM2,NGAZIDJA,KM24,MBADJINI EST,KM243,PIMBA,KM243_0003,NGNAMBENI,2042,3062
KM,Comores,KM2,NGAZIDJA,KM24,MBADJINI EST,KM243,PIMBA,KM243_0007,NGNOUMA MILIMA,2042,5252
KM,Comores,KM2,NGAZIDJA,KM24,MBADJINI EST,KM243,PIMBA,KM243_0008,NKOURANI MKANGA,2042,1107
KM,Comores,KM2,NGAZIDJA,KM24,MBADJINI EST,KM243,PIMBA,KM243_0001,SIMBOUSSA YA MBADJINI,2042,3419
KM,Comores,KM2,NGAZIDJA,KM25,MBADJINI OUEST,KM251,NGOUENGOE,KM251_0001,DEMBENI,2042,3783
KM,Comores,KM2,NGAZIDJA,KM25,MBADJINI OUEST,KM251,NGOUENGOE,KM251_0011,ITSOUDZOU,2042,397
KM,Comores,KM2,NGAZIDJA,KM25,MBADJINI OUEST,KM251,NGOUENGOE,KM251_0009,KANDZILE,2042,2146
KM,Comores,KM2,NGAZIDJA,KM25,MBADJINI OUEST,KM251,NGOUENGOE,KM251_0010,MAKORANI,2042,78
KM,Comores,KM2,NGAZIDJA,KM25,MBADJINI OUEST,KM251,NGOUENGOE,KM251_0007,MANDZISSANI,2042,879
KM,Comores,KM2,NGAZIDJA,KM25,MBADJINI OUEST,KM251,NGOUENGOE,KM251_0003,MBOUDE YA MBOINI,2042,987
KM,Comores,KM2,NGAZIDJA,KM25,MBADJINI OUEST,KM251,NGOUENGOE,KM251_0002,MDJAMKAGNOI,2042,1595
KM,Comores,KM2,NGAZIDJA,KM25,MBADJINI OUEST,KM251,NGOUENGOE,KM251_0006,MINDRADOU,2042,775
KM,Comores,KM2,NGAZIDJA,KM25,MBADJINI OUEST,KM251,NGOUENGOE,KM251_0004,MLIMANI,2042,330
KM,Comores,KM2,NGAZIDJA,KM25,MBADJINI OUEST,KM251,NGOUENGOE,KM251_0005,PANDA,2042,1455
KM,Comores,KM2,NGAZIDJA,KM25,MBADJINI OUEST,KM251,NGOUENGOE,KM251_0008,TSINI MOICHONGO,2042,3899
KM,Comores,KM2,NGAZIDJA,KM25,MBADJINI OUEST,KM252,NIOUMAGAMA,KM252_0004,DIMA,2042,948
KM,Comores,KM2,NGAZIDJA,KM25,MBADJINI OUEST,KM252,NIOUMAGAMA,KM252_0007,DOMONI,2042,1358
KM,Comores,KM2,NGAZIDJA,KM25,MBADJINI OUEST,KM252,NIOUMAGAMA,KM252_0008,DZOIDJOU,2042,1213
KM,Comores,KM2,NGAZIDJA,KM25,MBADJINI OUEST,KM252,NIOUMAGAMA,KM252_0009,FAMARE,2042,890
KM,Comores,KM2,NGAZIDJA,KM25,MBADJINI OUEST,KM252,NIOUMAGAMA,KM252_0002,IFOUNDIHE CHADJOU,2042,389
KM,Comores,KM2,NGAZIDJA,KM25,MBADJINI OUEST,KM252,NIOUMAGAMA,KM252_0003,IFOUNDIHE CHAMBOINI,2042,1821
KM,Comores,KM2,NGAZIDJA,KM25,MBADJINI OUEST,KM252,NIOUMAGAMA,KM252_0005,NKOURANI YA SIMA,2042,14939
KM,Comores,KM2,NGAZIDJA,KM25,MBADJINI OUEST,KM252,NIOUMAGAMA,KM252_0001,OUZIOINI,2042,3795
KM,Comores,KM2,NGAZIDJA,KM26,MBOUDE,KM265,NYUMAMRO KIBLANI,KM265_0002,CHAMLE,2042,2478
KM,Comores,KM2,NGAZIDJA,KM26,MBOUDE,KM265,NYUMAMRO KIBLANI,KM265_0001,DJOMANI,2042,5980
KM,Comores,KM2,NGAZIDJA,KM26,MBOUDE,KM265,NYUMAMRO KIBLANI,KM265_0007,DOUNIANI,2042,3295
KM,Comores,KM2,NGAZIDJA,KM26,MBOUDE,KM265,NYUMAMRO KIBLANI,KM265_0006,HELINDJE,2042,3219
KM,Comores,KM2,NGAZIDJA,KM26,MBOUDE,KM265,NYUMAMRO KIBLANI,KM265_0009,KOUA,2042,1204
KM,Comores,KM2,NGAZIDJA,KM26,MBOUDE,KM265,NYUMAMRO KIBLANI,KM265_0004,MANDZA YA MBOUDE,2042,2875
KM,Comores,KM2,NGAZIDJA,KM26,MBOUDE,KM265,NYUMAMRO KIBLANI,KM265_0005,MDJOIEZI YA MBOUNDE,2042,1460
KM,Comores,KM2,NGAZIDJA,KM26,MBOUDE,KM265,NYUMAMRO KIBLANI,KM265_0003,VOUVOUNI YA MBOUNDE,2042,837
KM,Comores,KM2,NGAZIDJA,KM26,MBOUDE,KM266,NYUMAMRO SOUHEILI,KM266_0003,DJONGOE,2042,1565
KM,Comores,KM2,NGAZIDJA,KM26,MBOUDE,KM266,NYUMAMRO SOUHEILI,KM266_0007,DOMOIDJOU,2042,1619
KM,Comores,KM2,NGAZIDJA,KM26,MBOUDE,KM266,NYUMAMRO SOUHEILI,KM266_0008,DOMOIMBOINI,2042,781
KM,Comores,KM2,NGAZIDJA,KM26,MBOUDE,KM266,NYUMAMRO SOUHEILI,KM266_0002,IVEMBENI,2042,6963
KM,Comores,KM2,NGAZIDJA,KM26,MBOUDE,KM266,NYUMAMRO SOUHEILI,KM266_0004,MAOUENI YA MBOUDE,2042,2199
KM,Comores,KM2,NGAZIDJA,KM26,MBOUDE,KM266,NYUMAMRO SOUHEILI,KM266_0009,MOIDJA YA MBOUDE,2042,1015
KM,Comores,KM2,NGAZIDJA,KM26,MBOUDE,KM266,NYUMAMRO SOUHEILI,KM266_0001,NTSAOUENI,2042,5722
KM,Comores,KM2,NGAZIDJA,KM26,MBOUDE,KM266,NYUMAMRO SOUHEILI,KM266_0006,NTSORALE YA MBOUDE,2042,1190
KM,Comores,KM2,NGAZIDJA,KM26,MBOUDE,KM266,NYUMAMRO SOUHEILI,KM266_0005,SIMBOUSSA YA MBOUDE,2042,579
KM,Comores,KM2,NGAZIDJA,KM26,MITSAMIOULI,KM261,CEMBENOI LAC SALE,KM261_0001,BANGOIKOUNI,2042,4422
KM,Comores,KM2,NGAZIDJA,KM26,MITSAMIOULI,KM261,CEMBENOI LAC SALE,KM261_0002,BATSA YA MITSAMIHOULI,2042,2102
KM,Comores,KM2,NGAZIDJA,KM26,MITSAMIOULI,KM261,CEMBENOI LAC SALE,KM261_0004,IVOINI,2042,2826
KM,Comores,KM2,NGAZIDJA,KM26,MITSAMIOULI,KM261,CEMBENOI LAC SALE,KM261_0003,OUZIO,2042,4648
KM,Comores,KM2,NGAZIDJA,KM26,MITSAMIOULI,KM262,CEMBENOI SADA DJOULAMLIMA,KM265_0009,KOUA,2042,2658
KM,Comores,KM2,NGAZIDJA,KM26,MITSAMIOULI,KM262,CEMBENOI SADA DJOULAMLIMA,KM262_0004,OUELLAH YA MITSAMIHOULI,2042,7456
KM,Comores,KM2,NGAZIDJA,KM26,MITSAMIOULI,KM262,CEMBENOI SADA DJOULAMLIMA,KM262_0001,OUEMANI,2042,1143
KM,Comores,KM2,NGAZIDJA,KM26,MITSAMIOULI,KM263,MITSAMIOULI,KM263_0003,FASSI,2042,737
KM,Comores,KM2,NGAZIDJA,KM26,MITSAMIOULI,KM263,MITSAMIOULI,KM263_0002,HADAWA,2042,1008
KM,Comores,KM2,NGAZIDJA,KM26,MITSAMIOULI,KM263,MITSAMIOULI,KM263_0001,MEMBOI - BOINI,2042,1525
KM,Comores,KM2,NGAZIDJA,KM26,MITSAMIOULI,KM263,MITSAMIOULI,KM263_0004,MITSAMIHOULI,2042,8843
KM,Comores,KM2,NGAZIDJA,KM26,MITSAMIOULI,KM263,MITSAMIOULI,KM263_0006,NDZAOUZE,2042,4679
KM,Comores,KM2,NGAZIDJA,KM26,MITSAMIOULI,KM263,MITSAMIOULI,KM263_0005,NKOURANI YA MITSAMIHOULI,2042,592
KM,Comores,KM2,NGAZIDJA,KM26,MITSAMIOULI,KM264,NYUMA KOMO,KM264_0001,BANGOI MAFUSA NKOA,2042,1169
KM,Comores,KM2,NGAZIDJA,KM26,MITSAMIOULI,KM264,NYUMA KOMO,KM264_0008,FOUNGA,2042,1626
KM,Comores,KM2,NGAZIDJA,KM26,MITSAMIOULI,KM264,NYUMA KOMO,KM264_0002,MEMBOI - DJOU,2042,2847
KM,Comores,KM2,NGAZIDJA,KM26,MITSAMIOULI,KM264,NYUMA KOMO,KM264_0007,NTSADJENI,2042,2979
KM,Comores,KM2,NGAZIDJA,KM26,MITSAMIOULI,KM264,NYUMA KOMO,KM264_0009,OUHOZI,2042,2126
KM,Comores,KM2,NGAZIDJA,KM26,MITSAMIOULI,KM264,NYUMA KOMO,KM264_0004,PIDJANI,2042,1035
KM,Comores,KM2,NGAZIDJA,KM26,MITSAMIOULI,KM264,NYUMA KOMO,KM264_0005,SONGOMANI,2042,830
KM,Comores,KM2,NGAZIDJA,KM26,MITSAMIOULI,KM264,NYUMA KOMO,KM264_0006,TOIYFA,2042,834
KM,Comores,KM2,NGAZIDJA,KM27,MORONI BAMBAO,KM273,BAMBAO YA DJOU,KM273_0002,M'VOUNI,2042,9496
KM,Comores,KM2,NGAZIDJA,KM27,MORONI BAMBAO,KM273,BAMBAO YA DJOU,KM273_0003,MAVINGOUNI,2042,3119
KM,Comores,KM2,NGAZIDJA,KM27,MORONI BAMBAO,KM273,BAMBAO YA DJOU,KM273_0001,MKAZI,2042,11272
KM,Comores,KM2,NGAZIDJA,KM27,MORONI BAMBAO,KM271,BAMBAO YA HARI,KM271_0010,BOENI YA BAMBAO,2042,3684
KM,Comores,KM2,NGAZIDJA,KM27,MORONI BAMBAO,KM271,BAMBAO YA HARI,KM271_0007,DAOUENI,2042,671
KM,Comores,KM2,NGAZIDJA,KM27,MORONI BAMBAO,KM271,BAMBAO YA HARI,KM283_0003,DZAHANI,2042,1197
KM,Comores,KM2,NGAZIDJA,KM27,MORONI BAMBAO,KM271,BAMBAO YA HARI,KM271_0002,M'DE,2042,11514
KM,Comores,KM2,NGAZIDJA,KM27,MORONI BAMBAO,KM271,BAMBAO YA HARI,KM271_0006,MBOUDADJOU,2042,1823
KM,Comores,KM2,NGAZIDJA,KM27,MORONI BAMBAO,KM271,BAMBAO YA HARI,KM271_0005,MOIDZAZA DJOUMBE,2042,818
KM,Comores,KM2,NGAZIDJA,KM27,MORONI BAMBAO,KM271,BAMBAO YA HARI,KM271_0004,NIOUMADZAHA,2042,5690
KM,Comores,KM2,NGAZIDJA,KM27,MORONI BAMBAO,KM271,BAMBAO YA HARI,KM271_0003,SELEA,2042,3776
KM,Comores,KM2,NGAZIDJA,KM27,MORONI BAMBAO,KM271,BAMBAO YA HARI,KM271_0001,VOUVOUNI,2042,7656
KM,Comores,KM2,NGAZIDJA,KM27,MORONI BAMBAO,KM272,BAMBAO YA MBOINI,KM272_0001,ICONI,2042,9667
KM,Comores,KM2,NGAZIDJA,KM27,MORONI BAMBAO,KM272,BAMBAO YA MBOINI,KM272_0002,MBACHILE,2042,2963
KM,Comores,KM2,NGAZIDJA,KM27,MORONI BAMBAO,KM272,BAMBAO YA MBOINI,KM272_0003,MOIDZAZA - MBOINI,2042,5010
KM,Comores,KM2,NGAZIDJA,KM27,MORONI BAMBAO,KM272,BAMBAO YA MBOINI,KM272_0004,NDROUANI,2042,2430
KM,Comores,KM2,NGAZIDJA,KM27,MORONI BAMBAO,KM272,BAMBAO YA MBOINI,KM272_0005,SEREHINI,2042,1312
KM,Comores,KM2,NGAZIDJA,KM27,MORONI BAMBAO,KM274,MORONI,KM274_0001,MORONI,2042,132117
KM,Comores,KM2,NGAZIDJA,KM28,OICHILI DIMANI,KM281,DIMANI,KM281_0002,FOUMBOU DZIVOUNI,2042,786
KM,Comores,KM2,NGAZIDJA,KM28,OICHILI DIMANI,KM281,DIMANI,KM281_0007,IDJINKOUNDZI,2042,4270
KM,Comores,KM2,NGAZIDJA,KM28,OICHILI DIMANI,KM281,DIMANI,KM281_0006,IDJOINDRADJA,2042,334
KM,Comores,KM2,NGAZIDJA,KM28,OICHILI DIMANI,KM281,DIMANI,KM281_0005,MADJOMA,2042,964
KM,Comores,KM2,NGAZIDJA,KM28,OICHILI DIMANI,KM281,DIMANI,KM281_0008,MAOUENI DIMANI,2042,2647
KM,Comores,KM2,NGAZIDJA,KM28,OICHILI DIMANI,KM281,DIMANI,KM281_0003,MBOUDE,2042,1139
KM,Comores,KM2,NGAZIDJA,KM28,OICHILI DIMANI,KM281,DIMANI,KM281_0004,MIDJINDZE,2042,274
KM,Comores,KM2,NGAZIDJA,KM28,OICHILI DIMANI,KM281,DIMANI,KM281_0009,MIRERENI,2042,918
KM,Comores,KM2,NGAZIDJA,KM28,OICHILI DIMANI,KM281,DIMANI,KM281_0001,MTSANGADJOU,2042,2264
KM,Comores,KM2,NGAZIDJA,KM28,OICHILI DIMANI,KM281,DIMANI,KM281_0010,NTSORALE,2042,4325
KM,Comores,KM2,NGAZIDJA,KM28,OICHILI DIMANI,KM281,DIMANI,KM281_0012,REHEMANI,2042,708
KM,Comores,KM2,NGAZIDJA,KM28,OICHILI DIMANI,KM281,DIMANI,KM281_0011,SIDJOU,2042,1522
KM,Comores,KM2,NGAZIDJA,KM28,OICHILI DIMANI,KM283,OICHILI YABOINI,KM283_0003,DZAHANI,2042,1169
KM,Comores,KM2,NGAZIDJA,KM28,OICHILI DIMANI,KM283,OICHILI YABOINI,KM283_0006,HAMBOU,2042,1755
KM,Comores,KM2,NGAZIDJA,KM28,OICHILI DIMANI,KM283,OICHILI YABOINI,KM283_0007,HASSENDJE,2042,516
KM,Comores,KM2,NGAZIDJA,KM28,OICHILI DIMANI,KM283,OICHILI YABOINI,KM283_0001,ITSINKOUDI,2042,4316
KM,Comores,KM2,NGAZIDJA,KM28,OICHILI DIMANI,KM283,OICHILI YABOINI,KM283_0004,KOUHANI,2042,844
KM,Comores,KM2,NGAZIDJA,KM28,OICHILI DIMANI,KM283,OICHILI YABOINI,KM283_0005,MTSAMDU,2042,2040
KM,Comores,KM2,NGAZIDJA,KM28,OICHILI DIMANI,KM282,OICHILI YADJOU,KM282_0003,BOENI YAWACHILI,2042,1526
KM,Comores,KM2,NGAZIDJA,KM28,OICHILI DIMANI,KM282,OICHILI YADJOU,KM282_0009,CHAMRO,2042,279
KM,Comores,KM2,NGAZIDJA,KM28,OICHILI DIMANI,KM282,OICHILI YADJOU,KM282_0007,CHOMONI,2042,1441
KM,Comores,KM2,NGAZIDJA,KM28,OICHILI DIMANI,KM282,OICHILI YADJOU,KM282_0004,DZAHADJOU YA WACHILI,2042,1842
KM,Comores,KM2,NGAZIDJA,KM28,OICHILI DIMANI,KM282,OICHILI YADJOU,KM282_0002,IROHE,2042,1676
KM,Comores,KM2,NGAZIDJA,KM28,OICHILI DIMANI,KM282,OICHILI YADJOU,KM282_0001,KOIMBANI YA WACHILI,2042,5169
KM,Comores,KM2,NGAZIDJA,KM28,OICHILI DIMANI,KM282,OICHILI YADJOU,KM282_0005,SADA,2042,629
KM,Comores,KM2,NGAZIDJA,KM28,OICHILI DIMANI,KM282,OICHILI YADJOU,KM282_0006,SADANI,2042,1086
KM,Comores,KM2,NGAZIDJA,KM28,OICHILI DIMANI,KM282,OICHILI YADJOU,KM282_0008,SAMBA MADI,2042,189
KM,Comores,KM2,NGAZIDJA,KM28,OICHILI DIMANI,KM282,OICHILI YADJOU,KM282_0010,SIMA YA WACHILI,2042,1812
