country_id,island_id,prefecture_id,prefecture_name,commune_id,commune_name,town_village_id,town_village_name,year,population
KM,KM1,KM11,DOMONI,KM111,BAMBAO MSTANGA,KM111_0001,BAMBAO MTSANGA,2017,5026.0
KM,KM1,KM11,DOMONI,KM111,BAMBAO MSTANGA,KM111_0001,BAMBAO MTSANGA,2018,5152.193497488712
KM,KM1,KM11,DOMONI,KM111,BAMBAO MSTANGA,KM111_0001,BAMBAO MTSANGA,2019,5283.100058951903
KM,KM1,KM11,DOMONI,KM111,BAMBAO MSTANGA,KM111_0001,BAMBAO MTSANGA,2020,5418.765740152184
KM,KM1,KM11,DOMONI,KM111,BAMBAO MSTANGA,KM111_0001,BAMBAO MTSANGA,2021,5558.883501025538
KM,KM1,KM11,DOMONI,KM111,BAMBAO MSTANGA,KM111_0001,BAMBAO MTSANGA,2022,5702.83926128197
KM,KM1,KM11,DOMONI,KM111,BAMBAO MSTANGA,KM111_0001,BAMBAO MTSANGA,2023,5849.113172414285
KM,KM1,KM11,DOMONI,KM111,BAMBAO MSTANGA,KM111_0001,BAMBAO MTSANGA,2024,5998.534242562943
KM,KM1,KM11,DOMONI,KM111,BAMBAO MSTANGA,KM111_0001,BAMBAO MTSANGA,2025,6151.163879546395
KM,KM1,KM11,DOMONI,KM111,BAMBAO MSTANGA,KM111_0001,BAMBAO MTSANGA,2026,6306.26518711382
KM,KM1,KM11,DOMONI,KM111,BAMBAO MSTANGA,KM111_0001,BAMBAO MTSANGA,2027,6463.761405026519
KM,KM1,KM11,DOMONI,KM111,BAMBAO MSTANGA,KM111_0001,BAMBAO MTSANGA,2028,6622.593244873329
KM,KM1,KM11,DOMONI,KM111,BAMBAO MSTANGA,KM111_0002,MROMAJI,2017,2780.0
KM,KM1,KM11,DOMONI,KM111,BAMBAO MSTANGA,KM111_0002,MROMAJI,2018,2849.800621372586
KM,KM1,KM11,DOMONI,KM111,BAMBAO MSTANGA,KM111_0002,MROMAJI,2019,2922.208150395203
KM,KM1,KM11,DOMONI,KM111,BAMBAO MSTANGA,KM111_0002,MROMAJI,2020,2997.248061604272
KM,KM1,KM11,DOMONI,KM111,BAMBAO MSTANGA,KM111_0002,MROMAJI,2021,3074.7505238461986
KM,KM1,KM11,DOMONI,KM111,BAMBAO MSTANGA,KM111_0002,MROMAJI,2022,3154.3758747242086
KM,KM1,KM11,DOMONI,KM111,BAMBAO MSTANGA,KM111_0002,MROMAJI,2023,3235.2834499227442
KM,KM1,KM11,DOMONI,KM111,BAMBAO MSTANGA,KM111_0002,MROMAJI,2024,3317.9317935385957
KM,KM1,KM11,DOMONI,KM111,BAMBAO MSTANGA,KM111_0002,MROMAJI,2025,3402.3548716949817
KM,KM1,KM11,DOMONI,KM111,BAMBAO MSTANGA,KM111_0002,MROMAJI,2026,3488.145089569522
KM,KM1,KM11,DOMONI,KM111,BAMBAO MSTANGA,KM111_0002,MROMAJI,2027,3575.259989250641
KM,KM1,KM11,DOMONI,KM111,BAMBAO MSTANGA,KM111_0002,MROMAJI,2028,3663.113653153174
KM,KM1,KM11,DOMONI,KM111,BAMBAO MSTANGA,KM111_0003,ONGONI,2017,2384.0
KM,KM1,KM11,DOMONI,KM111,BAMBAO MSTANGA,KM111_0003,ONGONI,2018,2443.8577990475706
KM,KM1,KM11,DOMONI,KM111,BAMBAO MSTANGA,KM111_0003,ONGONI,2019,2505.9511620655267
KM,KM1,KM11,DOMONI,KM111,BAMBAO MSTANGA,KM111_0003,ONGONI,2020,2570.301934843376
KM,KM1,KM11,DOMONI,KM111,BAMBAO MSTANGA,KM111_0003,ONGONI,2021,2636.7644780033593
KM,KM1,KM11,DOMONI,KM111,BAMBAO MSTANGA,KM111_0003,ONGONI,2022,2705.047512713135
KM,KM1,KM11,DOMONI,KM111,BAMBAO MSTANGA,KM111_0003,ONGONI,2023,2774.4301239625265
KM,KM1,KM11,DOMONI,KM111,BAMBAO MSTANGA,KM111_0003,ONGONI,2024,2845.3055380561195
KM,KM1,KM11,DOMONI,KM111,BAMBAO MSTANGA,KM111_0003,ONGONI,2025,2917.7028827772797
KM,KM1,KM11,DOMONI,KM111,BAMBAO MSTANGA,KM111_0003,ONGONI,2026,2991.272623573288
KM,KM1,KM11,DOMONI,KM111,BAMBAO MSTANGA,KM111_0003,ONGONI,2027,3065.978350494075
KM,KM1,KM11,DOMONI,KM111,BAMBAO MSTANGA,KM111_0003,ONGONI,2028,3141.3176075961037
KM,KM1,KM11,DOMONI,KM111,BAMBAO MSTANGA,KM111_0004,MAHALE,2017,3589.0
KM,KM1,KM11,DOMONI,KM111,BAMBAO MSTANGA,KM111_0004,MAHALE,2018,3679.113104354753
KM,KM1,KM11,DOMONI,KM111,BAMBAO MSTANGA,KM111_0004,MAHALE,2019,3772.591745240426
KM,KM1,KM11,DOMONI,KM111,BAMBAO MSTANGA,KM111_0004,MAHALE,2020,3869.4688104668107
KM,KM1,KM11,DOMONI,KM111,BAMBAO MSTANGA,KM111_0004,MAHALE,2021,3969.5250467928086
KM,KM1,KM11,DOMONI,KM111,BAMBAO MSTANGA,KM111_0004,MAHALE,2022,4072.321947620571
KM,KM1,KM11,DOMONI,KM111,BAMBAO MSTANGA,KM111_0004,MAHALE,2023,4176.774209270767
KM,KM1,KM11,DOMONI,KM111,BAMBAO MSTANGA,KM111_0004,MAHALE,2024,4283.47381547123
KM,KM1,KM11,DOMONI,KM111,BAMBAO MSTANGA,KM111_0004,MAHALE,2025,4392.4646167313995
KM,KM1,KM11,DOMONI,KM111,BAMBAO MSTANGA,KM111_0004,MAHALE,2026,4503.220405203243
KM,KM1,KM11,DOMONI,KM111,BAMBAO MSTANGA,KM111_0004,MAHALE,2027,4615.686367417465
KM,KM1,KM11,DOMONI,KM111,BAMBAO MSTANGA,KM111_0004,MAHALE,2028,4729.106079556382
KM,KM1,KM11,DOMONI,KM112,DOMONI,KM112_0003,LIMBI,2017,2612.0
KM,KM1,KM11,DOMONI,KM112,DOMONI,KM112_0003,LIMBI,2018,2677.582454325611
KM,KM1,KM11,DOMONI,KM112,DOMONI,KM112_0003,LIMBI,2019,2745.6142765583704
KM,KM1,KM11,DOMONI,KM112,DOMONI,KM112_0003,LIMBI,2020,2816.1194017663165
KM,KM1,KM11,DOMONI,KM112,DOMONI,KM112_0003,LIMBI,2021,2888.9382619734793
KM,KM1,KM11,DOMONI,KM112,DOMONI,KM112_0003,LIMBI,2022,2963.7517211437535
KM,KM1,KM11,DOMONI,KM112,DOMONI,KM112_0003,LIMBI,2023,3039.769917697198
KM,KM1,KM11,DOMONI,KM112,DOMONI,KM112_0003,LIMBI,2024,3117.4236851520905
KM,KM1,KM11,DOMONI,KM112,DOMONI,KM112_0003,LIMBI,2025,3196.7449370026234
KM,KM1,KM11,DOMONI,KM112,DOMONI,KM112_0003,LIMBI,2026,3277.350710055968
KM,KM1,KM11,DOMONI,KM112,DOMONI,KM112_0003,LIMBI,2027,3359.201112202401
KM,KM1,KM11,DOMONI,KM112,DOMONI,KM112_0003,LIMBI,2028,3441.745633825932
KM,KM1,KM11,DOMONI,KM112,DOMONI,KM112_0004,BWELADUGU,2017,748.0
KM,KM1,KM11,DOMONI,KM112,DOMONI,KM112_0004,BWELADUGU,2018,766.780886613919
KM,KM1,KM11,DOMONI,KM112,DOMONI,KM112_0004,BWELADUGU,2019,786.2632001782777
KM,KM1,KM11,DOMONI,KM112,DOMONI,KM112_0004,BWELADUGU,2020,806.4537949928042
KM,KM1,KM11,DOMONI,KM112,DOMONI,KM112_0004,BWELADUGU,2021,827.3069754809197
KM,KM1,KM11,DOMONI,KM112,DOMONI,KM112_0004,BWELADUGU,2022,848.7313504653627
KM,KM1,KM11,DOMONI,KM112,DOMONI,KM112_0004,BWELADUGU,2023,870.5007268137457
KM,KM1,KM11,DOMONI,KM112,DOMONI,KM112_0004,BWELADUGU,2024,892.7384825780107
KM,KM1,KM11,DOMONI,KM112,DOMONI,KM112_0004,BWELADUGU,2025,915.453756844549
KM,KM1,KM11,DOMONI,KM112,DOMONI,KM112_0004,BWELADUGU,2026,938.5368802151088
KM,KM1,KM11,DOMONI,KM112,DOMONI,KM112_0004,BWELADUGU,2027,961.9764287624027
KM,KM1,KM11,DOMONI,KM112,DOMONI,KM112_0004,BWELADUGU,2028,985.6147527189116
KM,KM1,KM11,DOMONI,KM112,DOMONI,KM252_0007,DOMONI,2017,12262.0
KM,KM1,KM11,DOMONI,KM112,DOMONI,KM252_0007,DOMONI,2018,12574.771584405446
KM,KM1,KM11,DOMONI,KM112,DOMONI,KM252_0007,DOMONI,2019,12898.933918049996
KM,KM1,KM11,DOMONI,KM112,DOMONI,KM252_0007,DOMONI,2020,13234.566590181403
KM,KM1,KM11,DOMONI,KM112,DOMONI,KM252_0007,DOMONI,2021,13580.918746538384
KM,KM1,KM11,DOMONI,KM112,DOMONI,KM252_0007,DOMONI,2022,13936.467013751524
KM,KM1,KM11,DOMONI,KM112,DOMONI,KM252_0007,DOMONI,2023,14297.469207032425
KM,KM1,KM11,DOMONI,KM112,DOMONI,KM252_0007,DOMONI,2024,14665.948299917183
KM,KM1,KM11,DOMONI,KM112,DOMONI,KM252_0007,DOMONI,2025,15042.028465441848
KM,KM1,KM11,DOMONI,KM112,DOMONI,KM252_0007,DOMONI,2026,15423.894654471222
KM,KM1,KM11,DOMONI,KM112,DOMONI,KM252_0007,DOMONI,2027,15811.329364275576
KM,KM1,KM11,DOMONI,KM112,DOMONI,KM252_0007,DOMONI,2028,16201.716691458441
KM,KM1,KM11,DOMONI,KM113,JIMLIME,KM113_0001,HAREMBO I,2017,582.0
KM,KM1,KM11,DOMONI,KM113,JIMLIME,KM113_0001,HAREMBO I,2018,596.6129358413112
KM,KM1,KM11,DOMONI,KM113,JIMLIME,KM113_0001,HAREMBO I,2019,611.7716343633123
KM,KM1,KM11,DOMONI,KM113,JIMLIME,KM113_0001,HAREMBO I,2020,627.4814287243477
KM,KM1,KM11,DOMONI,KM113,JIMLIME,KM113_0001,HAREMBO I,2021,643.7067643447798
KM,KM1,KM11,DOMONI,KM113,JIMLIME,KM113_0001,HAREMBO I,2022,660.376532046579
KM,KM1,KM11,DOMONI,KM113,JIMLIME,KM113_0001,HAREMBO I,2023,677.3147366385026
KM,KM1,KM11,DOMONI,KM113,JIMLIME,KM113_0001,HAREMBO I,2024,694.6173754818211
KM,KM1,KM11,DOMONI,KM113,JIMLIME,KM113_0001,HAREMBO I,2025,712.2915594699565
KM,KM1,KM11,DOMONI,KM113,JIMLIME,KM113_0001,HAREMBO I,2026,730.2519576005258
KM,KM1,KM11,DOMONI,KM113,JIMLIME,KM113_0001,HAREMBO I,2027,748.489681202832
KM,KM1,KM11,DOMONI,KM113,JIMLIME,KM113_0001,HAREMBO I,2028,766.8820669550889
KM,KM1,KM11,DOMONI,KM113,JIMLIME,KM113_0002,HAREMBO II,2017,977.0
KM,KM1,KM11,DOMONI,KM113,JIMLIME,KM113_0002,HAREMBO II,2018,1001.5306500291427
KM,KM1,KM11,DOMONI,KM113,JIMLIME,KM113_0002,HAREMBO II,2019,1026.9774686820551
KM,KM1,KM11,DOMONI,KM113,JIMLIME,KM113_0002,HAREMBO II,2020,1053.3494087004942
KM,KM1,KM11,DOMONI,KM113,JIMLIME,KM113_0002,HAREMBO II,2021,1080.5867848193298
KM,KM1,KM11,DOMONI,KM113,JIMLIME,KM113_0002,HAREMBO II,2022,1108.5702264768174
KM,KM1,KM11,DOMONI,KM113,JIMLIME,KM113_0002,HAREMBO II,2023,1137.0042915735687
KM,KM1,KM11,DOMONI,KM113,JIMLIME,KM113_0002,HAREMBO II,2024,1166.0501303191395
KM,KM1,KM11,DOMONI,KM113,JIMLIME,KM113_0002,HAREMBO II,2025,1195.7196797287759
KM,KM1,KM11,DOMONI,KM113,JIMLIME,KM113_0002,HAREMBO II,2026,1225.8696951472743
KM,KM1,KM11,DOMONI,KM113,JIMLIME,KM113_0002,HAREMBO II,2027,1256.4852552150633
KM,KM1,KM11,DOMONI,KM113,JIMLIME,KM113_0002,HAREMBO II,2028,1287.36044573045
KM,KM1,KM11,DOMONI,KM113,JIMLIME,KM113_0003,HAJOHO,2017,3781.0
KM,KM1,KM11,DOMONI,KM113,JIMLIME,KM113_0003,HAJOHO,2018,3875.933866694155
KM,KM1,KM11,DOMONI,KM113,JIMLIME,KM113_0003,HAJOHO,2019,3974.413315339663
KM,KM1,KM11,DOMONI,KM113,JIMLIME,KM113_0003,HAJOHO,2020,4076.47299313876
KM,KM1,KM11,DOMONI,KM113,JIMLIME,KM113_0003,HAJOHO,2021,4181.881917504489
KM,KM1,KM11,DOMONI,KM113,JIMLIME,KM113_0003,HAJOHO,2022,4290.178123141091
KM,KM1,KM11,DOMONI,KM113,JIMLIME,KM113_0003,HAJOHO,2023,4400.218246099963
KM,KM1,KM11,DOMONI,KM113,JIMLIME,KM113_0003,HAJOHO,2024,4512.625939341521
KM,KM1,KM11,DOMONI,KM113,JIMLIME,KM113_0003,HAJOHO,2025,4627.447399236951
KM,KM1,KM11,DOMONI,KM113,JIMLIME,KM113_0003,HAJOHO,2026,4744.128267504447
KM,KM1,KM11,DOMONI,KM113,JIMLIME,KM113_0003,HAJOHO,2027,4862.610798329739
KM,KM1,KM11,DOMONI,KM113,JIMLIME,KM113_0003,HAJOHO,2028,4982.0981016446585
KM,KM1,KM11,DOMONI,KM113,JIMLIME,KM113_0004,JIMLIME,2017,6140.0
KM,KM1,KM11,DOMONI,KM113,JIMLIME,KM113_0004,JIMLIME,2018,6294.1639623121155
KM,KM1,KM11,DOMONI,KM113,JIMLIME,KM113_0004,JIMLIME,2019,6454.08562713185
KM,KM1,KM11,DOMONI,KM113,JIMLIME,KM113_0004,JIMLIME,2020,6619.821258363392
KM,KM1,KM11,DOMONI,KM113,JIMLIME,KM113_0004,JIMLIME,2021,6790.995761300596
KM,KM1,KM11,DOMONI,KM113,JIMLIME,KM113_0004,JIMLIME,2022,6966.858946333325
KM,KM1,KM11,DOMONI,KM113,JIMLIME,KM113_0004,JIMLIME,2023,7145.554094433687
KM,KM1,KM11,DOMONI,KM113,JIMLIME,KM113_0004,JIMLIME,2024,7328.093961268696
KM,KM1,KM11,DOMONI,KM113,JIMLIME,KM113_0004,JIMLIME,2025,7514.553565542154
KM,KM1,KM11,DOMONI,KM113,JIMLIME,KM113_0004,JIMLIME,2026,7704.032679840599
KM,KM1,KM11,DOMONI,KM113,JIMLIME,KM113_0004,JIMLIME,2027,7896.437530215444
KM,KM1,KM11,DOMONI,KM113,JIMLIME,KM113_0004,JIMLIME,2028,8090.474039698017
KM,KM1,KM11,DOMONI,KM114,KONI,KM114_0001,KONI DJODJO,2017,10712.0
KM,KM1,KM11,DOMONI,KM114,KONI,KM114_0001,KONI DJODJO,2018,10984.189437036803
KM,KM1,KM11,DOMONI,KM114,KONI,KM114_0001,KONI DJODJO,2019,11266.352776283238
KM,KM1,KM11,DOMONI,KM114,KONI,KM114_0001,KONI DJODJO,2020,11558.566546779974
KM,KM1,KM11,DOMONI,KM114,KONI,KM114_0001,KONI DJODJO,2021,11860.175184229267
KM,KM1,KM11,DOMONI,KM114,KONI,KM114_0001,KONI DJODJO,2022,12169.85326127894
KM,KM1,KM11,DOMONI,KM114,KONI,KM114_0001,KONI DJODJO,2023,12484.338933616065
KM,KM1,KM11,DOMONI,KM114,KONI,KM114_0001,KONI DJODJO,2024,12805.399365093179
KM,KM1,KM11,DOMONI,KM114,KONI,KM114_0001,KONI DJODJO,2025,13133.14851006177
KM,KM1,KM11,DOMONI,KM114,KONI,KM114_0001,KONI DJODJO,2026,13466.004434953238
KM,KM1,KM11,DOMONI,KM114,KONI,KM114_0001,KONI DJODJO,2027,13803.783587902668
KM,KM1,KM11,DOMONI,KM114,KONI,KM114_0001,KONI DJODJO,2028,14144.207471043734
KM,KM1,KM11,DOMONI,KM114,KONI,KM114_0002,KONI NGANI,2017,5170.0
KM,KM1,KM11,DOMONI,KM114,KONI,KM114_0002,KONI NGANI,2018,5299.809069243264
KM,KM1,KM11,DOMONI,KM114,KONI,KM114_0002,KONI NGANI,2019,5434.466236526331
KM,KM1,KM11,DOMONI,KM114,KONI,KM114_0002,KONI NGANI,2020,5574.018877156147
KM,KM1,KM11,DOMONI,KM114,KONI,KM114_0002,KONI NGANI,2021,5718.151154059298
KM,KM1,KM11,DOMONI,KM114,KONI,KM114_0002,KONI NGANI,2022,5866.23139292236
KM,KM1,KM11,DOMONI,KM114,KONI,KM114_0002,KONI NGANI,2023,6016.696200036184
KM,KM1,KM11,DOMONI,KM114,KONI,KM114_0002,KONI NGANI,2024,6170.398335465661
KM,KM1,KM11,DOMONI,KM114,KONI,KM114_0002,KONI NGANI,2025,6327.40096642556
KM,KM1,KM11,DOMONI,KM114,KONI,KM114_0002,KONI NGANI,2026,6486.9460838397235
KM,KM1,KM11,DOMONI,KM114,KONI,KM114_0002,KONI NGANI,2027,6648.954728210725
KM,KM1,KM11,DOMONI,KM114,KONI,KM114_0002,KONI NGANI,2028,6812.337261439537
KM,KM1,KM11,DOMONI,KM114,KONI,KM114_0003,HACHIPENDA,2017,1885.0
KM,KM1,KM11,DOMONI,KM114,KONI,KM114_0003,HACHIPENDA,2018,1932.3288385925632
KM,KM1,KM11,DOMONI,KM114,KONI,KM114_0003,HACHIPENDA,2019,1981.425310609697
KM,KM1,KM11,DOMONI,KM114,KONI,KM114_0003,HACHIPENDA,2020,2032.3066892532563
KM,KM1,KM11,DOMONI,KM114,KONI,KM114_0003,HACHIPENDA,2021,2084.8578192266496
KM,KM1,KM11,DOMONI,KM114,KONI,KM114_0003,HACHIPENDA,2022,2138.8483898759478
KM,KM1,KM11,DOMONI,KM114,KONI,KM114_0003,HACHIPENDA,2023,2193.708382411645
KM,KM1,KM11,DOMONI,KM114,KONI,KM114_0003,HACHIPENDA,2024,2249.748716122393
KM,KM1,KM11,DOMONI,KM114,KONI,KM114_0003,HACHIPENDA,2025,2306.992421994619
KM,KM1,KM11,DOMONI,KM114,KONI,KM114_0003,HACHIPENDA,2026,2365.1631272800537
KM,KM1,KM11,DOMONI,KM114,KONI,KM114_0003,HACHIPENDA,2027,2424.2320430710283
KM,KM1,KM11,DOMONI,KM114,KONI,KM114_0003,HACHIPENDA,2028,2483.8018835229254
KM,KM1,KM11,DOMONI,KM114,KONI,KM114_0004,GEGE,2017,1116.0
KM,KM1,KM11,DOMONI,KM114,KONI,KM114_0004,GEGE,2018,1144.020681097772
KM,KM1,KM11,DOMONI,KM114,KONI,KM114_0004,GEGE,2019,1173.087876201815
KM,KM1,KM11,DOMONI,KM114,KONI,KM114_0004,GEGE,2020,1203.2118117807079
KM,KM1,KM11,DOMONI,KM114,KONI,KM114_0004,GEGE,2021,1234.3243110116396
KM,KM1,KM11,DOMONI,KM114,KONI,KM114_0004,GEGE,2022,1266.289020213028
KM,KM1,KM11,DOMONI,KM114,KONI,KM114_0004,GEGE,2023,1298.768464069706
KM,KM1,KM11,DOMONI,KM114,KONI,KM114_0004,GEGE,2024,1331.946719996069
KM,KM1,KM11,DOMONI,KM114,KONI,KM114_0004,GEGE,2025,1365.8374233135248
KM,KM1,KM11,DOMONI,KM114,KONI,KM114_0004,GEGE,2026,1400.2769496257506
KM,KM1,KM11,DOMONI,KM114,KONI,KM114_0004,GEGE,2027,1435.2482546775955
KM,KM1,KM11,DOMONI,KM114,KONI,KM114_0004,GEGE,2028,1470.5161283881087
KM,KM1,KM11,DOMONI,KM115,NGADZALE,KM115_0001,NGADZALE,2017,5524.0
KM,KM1,KM11,DOMONI,KM115,NGADZALE,KM115_0001,NGADZALE,2018,5662.697349806535
KM,KM1,KM11,DOMONI,KM115,NGADZALE,KM115_0001,NGADZALE,2019,5806.574756396799
KM,KM1,KM11,DOMONI,KM115,NGADZALE,KM115_0001,NGADZALE,2020,5955.682838957553
KM,KM1,KM11,DOMONI,KM115,NGADZALE,KM115_0001,NGADZALE,2021,6109.684134433957
KM,KM1,KM11,DOMONI,KM115,NGADZALE,KM115_0001,NGADZALE,2022,6267.90371653832
KM,KM1,KM11,DOMONI,KM115,NGADZALE,KM115_0001,NGADZALE,2023,6428.671142940015
KM,KM1,KM11,DOMONI,KM115,NGADZALE,KM115_0001,NGADZALE,2024,6592.897563851511
KM,KM1,KM11,DOMONI,KM115,NGADZALE,KM115_0001,NGADZALE,2025,6760.650471670172
KM,KM1,KM11,DOMONI,KM115,NGADZALE,KM115_0001,NGADZALE,2026,6931.119954957568
KM,KM1,KM11,DOMONI,KM115,NGADZALE,KM115_0001,NGADZALE,2027,7104.221647705231
KM,KM1,KM11,DOMONI,KM115,NGADZALE,KM115_0001,NGADZALE,2028,7278.791302164796
KM,KM1,KM11,DOMONI,KM115,NGADZALE,KM115_0002,OUTSA,2017,726.0
KM,KM1,KM11,DOMONI,KM115,NGADZALE,KM115_0002,OUTSA,2018,744.2285075958627
KM,KM1,KM11,DOMONI,KM115,NGADZALE,KM115_0002,OUTSA,2019,763.13781193774
KM,KM1,KM11,DOMONI,KM115,NGADZALE,KM115_0002,OUTSA,2020,782.73456572831
KM,KM1,KM11,DOMONI,KM115,NGADZALE,KM115_0002,OUTSA,2021,802.9744173785398
KM,KM1,KM11,DOMONI,KM115,NGADZALE,KM115_0002,OUTSA,2022,823.7686636869697
KM,KM1,KM11,DOMONI,KM115,NGADZALE,KM115_0002,OUTSA,2023,844.8977642604002
KM,KM1,KM11,DOMONI,KM115,NGADZALE,KM115_0002,OUTSA,2024,866.4814683845398
KM,KM1,KM11,DOMONI,KM115,NGADZALE,KM115_0002,OUTSA,2025,888.5286463491212
KM,KM1,KM11,DOMONI,KM115,NGADZALE,KM115_0002,OUTSA,2026,910.9328543264292
KM,KM1,KM11,DOMONI,KM115,NGADZALE,KM115_0002,OUTSA,2027,933.683004387038
KM,KM1,KM11,DOMONI,KM115,NGADZALE,KM115_0002,OUTSA,2028,956.6260835212967
KM,KM1,KM11,DOMONI,KM115,NGADZALE,KM115_0005,OUZINI,2017,1760.0
KM,KM1,KM11,DOMONI,KM115,NGADZALE,KM115_0005,OUZINI,2018,1804.1903214445153
KM,KM1,KM11,DOMONI,KM115,NGADZALE,KM115_0005,OUZINI,2019,1850.0310592430062
KM,KM1,KM11,DOMONI,KM115,NGADZALE,KM115_0005,OUZINI,2020,1897.5383411595392
KM,KM1,KM11,DOMONI,KM115,NGADZALE,KM115_0005,OUZINI,2021,1946.6046481903995
KM,KM1,KM11,DOMONI,KM115,NGADZALE,KM115_0005,OUZINI,2022,1997.014942271442
KM,KM1,KM11,DOMONI,KM115,NGADZALE,KM115_0005,OUZINI,2023,2048.2370042676366
KM,KM1,KM11,DOMONI,KM115,NGADZALE,KM115_0005,OUZINI,2024,2100.561135477672
KM,KM1,KM11,DOMONI,KM115,NGADZALE,KM115_0005,OUZINI,2025,2154.008839634233
KM,KM1,KM11,DOMONI,KM115,NGADZALE,KM115_0005,OUZINI,2026,2208.3220710943738
KM,KM1,KM11,DOMONI,KM115,NGADZALE,KM115_0005,OUZINI,2027,2263.473950029183
KM,KM1,KM11,DOMONI,KM115,NGADZALE,KM115_0005,OUZINI,2028,2319.093535809204
KM,KM1,KM11,DOMONI,KM115,NGADZALE,KM153_0014,SALAMANI,2017,2130.0
KM,KM1,KM11,DOMONI,KM115,NGADZALE,KM153_0014,SALAMANI,2018,2183.4803322027374
KM,KM1,KM11,DOMONI,KM115,NGADZALE,KM153_0014,SALAMANI,2019,2238.958043288411
KM,KM1,KM11,DOMONI,KM115,NGADZALE,KM153_0014,SALAMANI,2020,2296.4526515169423
KM,KM1,KM11,DOMONI,KM115,NGADZALE,KM153_0014,SALAMANI,2021,2355.834034457699
KM,KM1,KM11,DOMONI,KM115,NGADZALE,KM153_0014,SALAMANI,2022,2416.841947180779
KM,KM1,KM11,DOMONI,KM115,NGADZALE,KM153_0014,SALAMANI,2023,2478.8322835739013
KM,KM1,KM11,DOMONI,KM115,NGADZALE,KM153_0014,SALAMANI,2024,2542.1563741860464
KM,KM1,KM11,DOMONI,KM115,NGADZALE,KM153_0014,SALAMANI,2025,2606.840243420975
KM,KM1,KM11,DOMONI,KM115,NGADZALE,KM153_0014,SALAMANI,2026,2672.5715974039863
KM,KM1,KM11,DOMONI,KM115,NGADZALE,KM153_0014,SALAMANI,2027,2739.3179054330453
KM,KM1,KM11,DOMONI,KM115,NGADZALE,KM153_0014,SALAMANI,2028,2806.6302450418207
KM,KM1,KM12,MREMANI,KM121,ADDA,KM121_0001,ADDA DAWENI,2017,11449.0
KM,KM1,KM12,MREMANI,KM121,ADDA,KM121_0001,ADDA DAWENI,2018,11736.463062624009
KM,KM1,KM12,MREMANI,KM121,ADDA,KM121_0001,ADDA DAWENI,2019,12034.66227117794
KM,KM1,KM12,MREMANI,KM121,ADDA,KM121_0001,ADDA DAWENI,2020,12343.702538599753
KM,KM1,KM12,MREMANI,KM121,ADDA,KM121_0001,ADDA DAWENI,2021,12662.884441552205
KM,KM1,KM12,MREMANI,KM121,ADDA,KM121_0001,ADDA DAWENI,2022,12990.809132991895
KM,KM1,KM12,MREMANI,KM121,ADDA,KM121_0001,ADDA DAWENI,2023,13324.014466966008
KM,KM1,KM12,MREMANI,KM121,ADDA,KM121_0001,ADDA DAWENI,2024,13664.388886411289
KM,KM1,KM12,MREMANI,KM121,ADDA,KM121_0001,ADDA DAWENI,2025,14012.072275552462
KM,KM1,KM12,MREMANI,KM121,ADDA,KM121_0001,ADDA DAWENI,2026,14365.386018158799
KM,KM1,KM12,MREMANI,KM121,ADDA,KM121_0001,ADDA DAWENI,2027,14724.1552578887
KM,KM1,KM12,MREMANI,KM121,ADDA,KM121_0001,ADDA DAWENI,2028,15085.966983795211
KM,KM1,KM12,MREMANI,KM121,ADDA,KM121_0002,DJANZA,2017,829.0
KM,KM1,KM12,MREMANI,KM121,ADDA,KM121_0002,DJANZA,2018,849.814645725854
KM,KM1,KM12,MREMANI,KM121,ADDA,KM121_0002,DJANZA,2019,871.4066750638931
KM,KM1,KM12,MREMANI,KM121,ADDA,KM121_0002,DJANZA,2020,893.7836845575329
KM,KM1,KM12,MREMANI,KM121,ADDA,KM121_0002,DJANZA,2021,916.8950303124096
KM,KM1,KM12,MREMANI,KM121,ADDA,KM121_0002,DJANZA,2022,940.6394245130824
KM,KM1,KM12,MREMANI,KM121,ADDA,KM121_0002,DJANZA,2023,964.7661798510629
KM,KM1,KM12,MREMANI,KM121,ADDA,KM121_0002,DJANZA,2024,989.4120348357898
KM,KM1,KM12,MREMANI,KM121,ADDA,KM121_0002,DJANZA,2025,1014.5871182140789
KM,KM1,KM12,MREMANI,KM121,ADDA,KM121_0002,DJANZA,2026,1040.1698846234292
KM,KM1,KM12,MREMANI,KM121,ADDA,KM121_0002,DJANZA,2027,1066.1476730535185
KM,KM1,KM12,MREMANI,KM121,ADDA,KM121_0002,DJANZA,2028,1092.3457620374031
KM,KM1,KM12,MREMANI,KM121,ADDA,KM121_0003,MAGNASSINI,2017,4314.0
KM,KM1,KM12,MREMANI,KM121,ADDA,KM121_0003,MAGNASSINI,2018,4422.316503813431
KM,KM1,KM12,MREMANI,KM121,ADDA,KM121_0003,MAGNASSINI,2019,4534.678403167231
KM,KM1,KM12,MREMANI,KM121,ADDA,KM121_0003,MAGNASSINI,2020,4651.125229410371
KM,KM1,KM12,MREMANI,KM121,ADDA,KM121_0003,MAGNASSINI,2021,4771.393438803058
KM,KM1,KM12,MREMANI,KM121,ADDA,KM121_0003,MAGNASSINI,2022,4894.955943726704
KM,KM1,KM12,MREMANI,KM121,ADDA,KM121_0003,MAGNASSINI,2023,5020.508202506015
KM,KM1,KM12,MREMANI,KM121,ADDA,KM121_0003,MAGNASSINI,2024,5148.7617832106125
KM,KM1,KM12,MREMANI,KM121,ADDA,KM121_0003,MAGNASSINI,2025,5279.769394421637
KM,KM1,KM12,MREMANI,KM121,ADDA,KM121_0003,MAGNASSINI,2026,5412.898531080186
KM,KM1,KM12,MREMANI,KM121,ADDA,KM121_0003,MAGNASSINI,2027,5548.083307060168
KM,KM1,KM12,MREMANI,KM121,ADDA,KM121_0003,MAGNASSINI,2028,5684.414496295969
KM,KM1,KM12,MREMANI,KM121,ADDA,KM121_0005,KANGANI,2017,4890.0
KM,KM1,KM12,MREMANI,KM121,ADDA,KM121_0005,KANGANI,2018,5012.778790831636
KM,KM1,KM12,MREMANI,KM121,ADDA,KM121_0005,KANGANI,2019,5140.143113464944
KM,KM1,KM12,MREMANI,KM121,ADDA,KM121_0005,KANGANI,2020,5272.13777742622
KM,KM1,KM12,MREMANI,KM121,ADDA,KM121_0005,KANGANI,2021,5408.464050938098
KM,KM1,KM12,MREMANI,KM121,ADDA,KM121_0005,KANGANI,2022,5548.524470288267
KM,KM1,KM12,MREMANI,KM121,ADDA,KM121_0005,KANGANI,2023,5690.840312993604
KM,KM1,KM12,MREMANI,KM121,ADDA,KM121_0005,KANGANI,2024,5836.218154821486
KM,KM1,KM12,MREMANI,KM121,ADDA,KM121_0005,KANGANI,2025,5984.717741938295
KM,KM1,KM12,MREMANI,KM121,ADDA,KM121_0005,KANGANI,2026,6135.622117983799
KM,KM1,KM12,MREMANI,KM121,ADDA,KM121_0005,KANGANI,2027,6288.856599796991
KM,KM1,KM12,MREMANI,KM121,ADDA,KM121_0005,KANGANI,2028,6443.390562560799
KM,KM1,KM12,MREMANI,KM122,SHAWENI,KM122_0001,SHAWENI,2017,1082.0
KM,KM1,KM12,MREMANI,KM122,SHAWENI,KM122_0001,SHAWENI,2018,1109.167004433503
KM,KM1,KM12,MREMANI,KM122,SHAWENI,KM122_0001,SHAWENI,2019,1137.3486398300754
KM,KM1,KM12,MREMANI,KM122,SHAWENI,KM122_0001,SHAWENI,2020,1166.5548210992165
KM,KM1,KM12,MREMANI,KM122,SHAWENI,KM122_0001,SHAWENI,2021,1196.7194484897796
KM,KM1,KM12,MREMANI,KM122,SHAWENI,KM122_0001,SHAWENI,2022,1227.7103224646023
KM,KM1,KM12,MREMANI,KM122,SHAWENI,KM122_0001,SHAWENI,2023,1259.2002492145357
KM,KM1,KM12,MREMANI,KM122,SHAWENI,KM122_0001,SHAWENI,2024,1291.367698060705
KM,KM1,KM12,MREMANI,KM122,SHAWENI,KM122_0001,SHAWENI,2025,1324.2258889115
KM,KM1,KM12,MREMANI,KM122,SHAWENI,KM122_0001,SHAWENI,2026,1357.6161823432456
KM,KM1,KM12,MREMANI,KM122,SHAWENI,KM122_0001,SHAWENI,2027,1391.5220533702134
KM,KM1,KM12,MREMANI,KM122,SHAWENI,KM122_0001,SHAWENI,2028,1425.7154578099764
KM,KM1,KM12,MREMANI,KM122,SHAWENI,KM122_0002,HAMCHACO,2017,1946.0
KM,KM1,KM12,MREMANI,KM122,SHAWENI,KM122_0002,HAMCHACO,2018,1994.8604349608108
KM,KM1,KM12,MREMANI,KM122,SHAWENI,KM122_0002,HAMCHACO,2019,2045.5457052766421
KM,KM1,KM12,MREMANI,KM122,SHAWENI,KM122_0002,HAMCHACO,2020,2098.0736431229907
KM,KM1,KM12,MREMANI,KM122,SHAWENI,KM122_0002,HAMCHACO,2021,2152.3253666923397
KM,KM1,KM12,MREMANI,KM122,SHAWENI,KM122_0002,HAMCHACO,2022,2208.0631123069466
KM,KM1,KM12,MREMANI,KM122,SHAWENI,KM122_0002,HAMCHACO,2023,2264.6984149459213
KM,KM1,KM12,MREMANI,KM122,SHAWENI,KM122_0002,HAMCHACO,2024,2322.552255477017
KM,KM1,KM12,MREMANI,KM122,SHAWENI,KM122_0002,HAMCHACO,2025,2381.648410186487
KM,KM1,KM12,MREMANI,KM122,SHAWENI,KM122_0002,HAMCHACO,2026,2441.701562698666
KM,KM1,KM12,MREMANI,KM122,SHAWENI,KM122_0002,HAMCHACO,2027,2502.681992475449
KM,KM1,KM12,MREMANI,KM122,SHAWENI,KM122_0002,HAMCHACO,2028,2564.1795572072224
KM,KM1,KM12,MREMANI,KM122,SHAWENI,KM122_0003,SADAPOINI,2017,2920.0
KM,KM1,KM12,MREMANI,KM122,SHAWENI,KM122_0003,SADAPOINI,2018,2993.3157605784004
KM,KM1,KM12,MREMANI,KM122,SHAWENI,KM122_0003,SADAPOINI,2019,3069.3697119258964
KM,KM1,KM12,MREMANI,KM122,SHAWENI,KM122_0003,SADAPOINI,2020,3148.1886114692356
KM,KM1,KM12,MREMANI,KM122,SHAWENI,KM122_0003,SADAPOINI,2021,3229.5940754067988
KM,KM1,KM12,MREMANI,KM122,SHAWENI,KM122_0003,SADAPOINI,2022,3313.2293360412555
KM,KM1,KM12,MREMANI,KM122,SHAWENI,KM122_0003,SADAPOINI,2023,3398.211393444034
KM,KM1,KM12,MREMANI,KM122,SHAWENI,KM122_0003,SADAPOINI,2024,3485.0218838606834
KM,KM1,KM12,MREMANI,KM122,SHAWENI,KM122_0003,SADAPOINI,2025,3573.6964839386137
KM,KM1,KM12,MREMANI,KM122,SHAWENI,KM122_0003,SADAPOINI,2026,3663.807072497483
KM,KM1,KM12,MREMANI,KM122,SHAWENI,KM122_0003,SADAPOINI,2027,3755.309053457508
KM,KM1,KM12,MREMANI,KM122,SHAWENI,KM122_0003,SADAPOINI,2028,3847.5870025925424
KM,KM1,KM12,MREMANI,KM122,SHAWENI,KM122_0004,NOUNGA,2017,436.0
KM,KM1,KM12,MREMANI,KM122,SHAWENI,KM122_0004,NOUNGA,2018,446.9471478123913
KM,KM1,KM12,MREMANI,KM122,SHAWENI,KM122_0004,NOUNGA,2019,458.30314876701743
KM,KM1,KM12,MREMANI,KM122,SHAWENI,KM122_0004,NOUNGA,2020,470.07199815088586
KM,KM1,KM12,MREMANI,KM122,SHAWENI,KM122_0004,NOUNGA,2021,482.2270605744398
KM,KM1,KM12,MREMANI,KM122,SHAWENI,KM122_0004,NOUNGA,2022,494.7150652445162
KM,KM1,KM12,MREMANI,KM122,SHAWENI,KM122_0004,NOUNGA,2023,507.4041669663009
KM,KM1,KM12,MREMANI,KM122,SHAWENI,KM122_0004,NOUNGA,2024,520.3662812887868
KM,KM1,KM12,MREMANI,KM122,SHAWENI,KM122_0004,NOUNGA,2025,533.6067352730258
KM,KM1,KM12,MREMANI,KM122,SHAWENI,KM122_0004,NOUNGA,2026,547.0616039756516
KM,KM1,KM12,MREMANI,KM122,SHAWENI,KM122_0004,NOUNGA,2027,560.7242285299567
KM,KM1,KM12,MREMANI,KM122,SHAWENI,KM122_0004,NOUNGA,2028,574.5027168254618
KM,KM1,KM12,MREMANI,KM122,SHAWENI,KM122_0005,MNADZICHOUMWE,2017,1009.0
KM,KM1,KM12,MREMANI,KM122,SHAWENI,KM122_0005,MNADZICHOUMWE,2018,1034.334110419043
KM,KM1,KM12,MREMANI,KM122,SHAWENI,KM122_0005,MNADZICHOUMWE,2019,1060.6143970319279
KM,KM1,KM12,MREMANI,KM122,SHAWENI,KM122_0005,MNADZICHOUMWE,2020,1087.8501058124857
KM,KM1,KM12,MREMANI,KM122,SHAWENI,KM122_0005,MNADZICHOUMWE,2021,1115.9795966046095
KM,KM1,KM12,MREMANI,KM122,SHAWENI,KM122_0005,MNADZICHOUMWE,2022,1144.8795890635708
KM,KM1,KM12,MREMANI,KM122,SHAWENI,KM122_0005,MNADZICHOUMWE,2023,1174.2449643784348
KM,KM1,KM12,MREMANI,KM122,SHAWENI,KM122_0005,MNADZICHOUMWE,2024,1204.242150964188
KM,KM1,KM12,MREMANI,KM122,SHAWENI,KM122_0005,MNADZICHOUMWE,2025,1234.8834768130348
KM,KM1,KM12,MREMANI,KM122,SHAWENI,KM122_0005,MNADZICHOUMWE,2026,1266.0210055308085
KM,KM1,KM12,MREMANI,KM122,SHAWENI,KM122_0005,MNADZICHOUMWE,2027,1297.6393270337758
KM,KM1,KM12,MREMANI,KM122,SHAWENI,KM122_0005,MNADZICHOUMWE,2028,1329.5257827451628
KM,KM1,KM12,MREMANI,KM123,MRAMANI,KM123_0001,MRAMANI,2017,4046.0
KM,KM1,KM12,MREMANI,KM123,MRAMANI,KM123_0001,MRAMANI,2018,4147.587523048016
KM,KM1,KM12,MREMANI,KM123,MRAMANI,KM123_0001,MRAMANI,2019,4252.969128237047
KM,KM1,KM12,MREMANI,KM123,MRAMANI,KM123_0001,MRAMANI,2020,4362.181891097441
KM,KM1,KM12,MREMANI,KM123,MRAMANI,KM123_0001,MRAMANI,2021,4474.978640101339
KM,KM1,KM12,MREMANI,KM123,MRAMANI,KM123_0001,MRAMANI,2022,4590.865032062644
KM,KM1,KM12,MREMANI,KM123,MRAMANI,KM123_0001,MRAMANI,2023,4708.61756776526
KM,KM1,KM12,MREMANI,KM123,MRAMANI,KM123_0001,MRAMANI,2024,4828.90361030833
KM,KM1,KM12,MREMANI,KM123,MRAMANI,KM123_0001,MRAMANI,2025,4951.772593840969
KM,KM1,KM12,MREMANI,KM123,MRAMANI,KM123_0001,MRAMANI,2026,5076.631306618088
KM,KM1,KM12,MREMANI,KM123,MRAMANI,KM123_0001,MRAMANI,2027,5203.417955578451
KM,KM1,KM12,MREMANI,KM123,MRAMANI,KM123_0001,MRAMANI,2028,5331.279798797748
KM,KM1,KM12,MREMANI,KM123,MRAMANI,KM123_0002,HANTSAHII,2017,1479.0
KM,KM1,KM12,MREMANI,KM123,MRAMANI,KM123_0002,HANTSAHII,2018,1516.1349348957035
KM,KM1,KM12,MREMANI,KM123,MRAMANI,KM123_0002,HANTSAHII,2019,1554.6567821706851
KM,KM1,KM12,MREMANI,KM123,MRAMANI,KM123_0002,HANTSAHII,2020,1594.5790946448626
KM,KM1,KM12,MREMANI,KM123,MRAMANI,KM123_0002,HANTSAHII,2021,1635.8115197009092
KM,KM1,KM12,MREMANI,KM123,MRAMANI,KM123_0002,HANTSAHII,2022,1678.1733520565126
KM,KM1,KM12,MREMANI,KM123,MRAMANI,KM123_0002,HANTSAHII,2023,1721.2173461999062
KM,KM1,KM12,MREMANI,KM123,MRAMANI,KM123_0002,HANTSAHII,2024,1765.187454188339
KM,KM1,KM12,MREMANI,KM123,MRAMANI,KM123_0002,HANTSAHII,2025,1810.1017464880854
KM,KM1,KM12,MREMANI,KM123,MRAMANI,KM123_0002,HANTSAHII,2026,1855.7433767889652
KM,KM1,KM12,MREMANI,KM123,MRAMANI,KM123_0002,HANTSAHII,2027,1902.0897568711143
KM,KM1,KM12,MREMANI,KM123,MRAMANI,KM123_0002,HANTSAHII,2028,1948.829170148757
KM,KM1,KM12,MREMANI,KM123,MRAMANI,KM123_0003,NYAMBOIMRO,2017,2079.0
KM,KM1,KM12,MREMANI,KM123,MRAMANI,KM123_0003,NYAMBOIMRO,2018,2131.1998172063336
KM,KM1,KM12,MREMANI,KM123,MRAMANI,KM123_0003,NYAMBOIMRO,2019,2185.349188730801
KM,KM1,KM12,MREMANI,KM123,MRAMANI,KM123_0003,NYAMBOIMRO,2020,2241.4671654947056
KM,KM1,KM12,MREMANI,KM123,MRAMANI,KM123_0003,NYAMBOIMRO,2021,2299.426740674909
KM,KM1,KM12,MREMANI,KM123,MRAMANI,KM123_0003,NYAMBOIMRO,2022,2358.9739005581405
KM,KM1,KM12,MREMANI,KM123,MRAMANI,KM123_0003,NYAMBOIMRO,2023,2419.479961291146
KM,KM1,KM12,MREMANI,KM123,MRAMANI,KM123_0003,NYAMBOIMRO,2024,2481.287841283
KM,KM1,KM12,MREMANI,KM123,MRAMANI,KM123_0003,NYAMBOIMRO,2025,2544.422941817938
KM,KM1,KM12,MREMANI,KM123,MRAMANI,KM123_0003,NYAMBOIMRO,2026,2608.580446480229
KM,KM1,KM12,MREMANI,KM123,MRAMANI,KM123_0003,NYAMBOIMRO,2027,2673.7286034719723
KM,KM1,KM12,MREMANI,KM123,MRAMANI,KM123_0003,NYAMBOIMRO,2028,2739.429239174622
KM,KM1,KM12,MREMANI,KM123,MRAMANI,KM123_0004,DZIANII,2017,1958.0
KM,KM1,KM12,MREMANI,KM123,MRAMANI,KM123_0004,DZIANII,2018,2007.1617326070232
KM,KM1,KM12,MREMANI,KM123,MRAMANI,KM123_0004,DZIANII,2019,2058.159553407844
KM,KM1,KM12,MREMANI,KM123,MRAMANI,KM123_0004,DZIANII,2020,2111.0114045399873
KM,KM1,KM12,MREMANI,KM123,MRAMANI,KM123_0004,DZIANII,2021,2165.597671111819
KM,KM1,KM12,MREMANI,KM123,MRAMANI,KM123_0004,DZIANII,2022,2221.6791232769788
KM,KM1,KM12,MREMANI,KM123,MRAMANI,KM123_0004,DZIANII,2023,2278.6636672477457
KM,KM1,KM12,MREMANI,KM123,MRAMANI,KM123_0004,DZIANII,2024,2336.87426321891
KM,KM1,KM12,MREMANI,KM123,MRAMANI,KM123_0004,DZIANII,2025,2396.334834093084
KM,KM1,KM12,MREMANI,KM123,MRAMANI,KM123_0004,DZIANII,2026,2456.758304092491
KM,KM1,KM12,MREMANI,KM123,MRAMANI,KM123_0004,DZIANII,2027,2518.114769407466
KM,KM1,KM12,MREMANI,KM123,MRAMANI,KM123_0004,DZIANII,2028,2579.991558587739
KM,KM1,KM12,MREMANI,KM124,MREMANI,KM124_0001,MREMANI,2017,5470.0
KM,KM1,KM12,MREMANI,KM124,MREMANI,KM124_0001,MREMANI,2018,5607.341510398579
KM,KM1,KM12,MREMANI,KM124,MREMANI,KM124_0001,MREMANI,2019,5749.812439806388
KM,KM1,KM12,MREMANI,KM124,MREMANI,KM124_0001,MREMANI,2020,5897.462912581068
KM,KM1,KM12,MREMANI,KM124,MREMANI,KM124_0001,MREMANI,2021,6049.958764546298
KM,KM1,KM12,MREMANI,KM124,MREMANI,KM124_0001,MREMANI,2022,6206.631667173174
KM,KM1,KM12,MREMANI,KM124,MREMANI,KM124_0001,MREMANI,2023,6365.827507581804
KM,KM1,KM12,MREMANI,KM124,MREMANI,KM124_0001,MREMANI,2024,6528.448529012992
KM,KM1,KM12,MREMANI,KM124,MREMANI,KM124_0001,MREMANI,2025,6694.561564090486
KM,KM1,KM12,MREMANI,KM124,MREMANI,KM124_0001,MREMANI,2026,6863.364618685356
KM,KM1,KM12,MREMANI,KM124,MREMANI,KM124_0001,MREMANI,2027,7034.774151511154
KM,KM1,KM12,MREMANI,KM124,MREMANI,KM124_0001,MREMANI,2028,7207.637295952469
KM,KM1,KM12,MREMANI,KM124,MREMANI,KM124_0002,BANDA KOUNI,2017,3706.0
KM,KM1,KM12,MREMANI,KM124,MREMANI,KM124_0002,BANDA KOUNI,2018,3799.0507564053255
KM,KM1,KM12,MREMANI,KM124,MREMANI,KM124_0002,BANDA KOUNI,2019,3895.576764519648
KM,KM1,KM12,MREMANI,KM124,MREMANI,KM124_0002,BANDA KOUNI,2020,3995.6119842825296
KM,KM1,KM12,MREMANI,KM124,MREMANI,KM124_0002,BANDA KOUNI,2021,4098.930014882739
KM,KM1,KM12,MREMANI,KM124,MREMANI,KM124_0002,BANDA KOUNI,2022,4205.078054578388
KM,KM1,KM12,MREMANI,KM124,MREMANI,KM124_0002,BANDA KOUNI,2023,4312.935419213557
KM,KM1,KM12,MREMANI,KM124,MREMANI,KM124_0002,BANDA KOUNI,2024,4423.113390954688
KM,KM1,KM12,MREMANI,KM124,MREMANI,KM124_0002,BANDA KOUNI,2025,4535.65724982072
KM,KM1,KM12,MREMANI,KM124,MREMANI,KM124_0002,BANDA KOUNI,2026,4650.023633793039
KM,KM1,KM12,MREMANI,KM124,MREMANI,KM124_0002,BANDA KOUNI,2027,4766.155942504632
KM,KM1,KM12,MREMANI,KM124,MREMANI,KM124_0002,BANDA KOUNI,2028,4883.273093016425
KM,KM1,KM12,MREMANI,KM124,MREMANI,KM124_0003,MRIDJOU,2017,3506.0
KM,KM1,KM12,MREMANI,KM124,MREMANI,KM124_0003,MRIDJOU,2018,3594.029128968449
KM,KM1,KM12,MREMANI,KM124,MREMANI,KM124_0003,MRIDJOU,2019,3685.3459623329427
KM,KM1,KM12,MREMANI,KM124,MREMANI,KM124_0003,MRIDJOU,2020,3779.982627332582
KM,KM1,KM12,MREMANI,KM124,MREMANI,KM124_0003,MRIDJOU,2021,3877.724941224739
KM,KM1,KM12,MREMANI,KM124,MREMANI,KM124_0003,MRIDJOU,2022,3978.1445384111785
KM,KM1,KM12,MREMANI,KM124,MREMANI,KM124_0003,MRIDJOU,2023,4080.181214183144
KM,KM1,KM12,MREMANI,KM124,MREMANI,KM124_0003,MRIDJOU,2024,4184.413261923135
KM,KM1,KM12,MREMANI,KM124,MREMANI,KM124_0003,MRIDJOU,2025,4290.883518044103
KM,KM1,KM12,MREMANI,KM124,MREMANI,KM124_0003,MRIDJOU,2026,4399.077943895951
KM,KM1,KM12,MREMANI,KM124,MREMANI,KM124_0003,MRIDJOU,2027,4508.942993637679
KM,KM1,KM12,MREMANI,KM124,MREMANI,KM124_0003,MRIDJOU,2028,4619.73973667447
KM,KM1,KM12,MREMANI,KM124,MREMANI,KM124_0004,DAJI,2017,3124.0
KM,KM1,KM12,MREMANI,KM124,MREMANI,KM124_0004,DAJI,2018,3202.437820564014
KM,KM1,KM12,MREMANI,KM124,MREMANI,KM124_0004,DAJI,2019,3283.8051301563355
KM,KM1,KM12,MREMANI,KM124,MREMANI,KM124_0004,DAJI,2020,3368.1305555581816
KM,KM1,KM12,MREMANI,KM124,MREMANI,KM124_0004,DAJI,2021,3455.2232505379584
KM,KM1,KM12,MREMANI,KM124,MREMANI,KM124_0004,DAJI,2022,3544.7015225318087
KM,KM1,KM12,MREMANI,KM124,MREMANI,KM124_0004,DAJI,2023,3635.6206825750546
KM,KM1,KM12,MREMANI,KM124,MREMANI,KM124_0004,DAJI,2024,3728.4960154728674
KM,KM1,KM12,MREMANI,KM124,MREMANI,KM124_0004,DAJI,2025,3823.3656903507635
KM,KM1,KM12,MREMANI,KM124,MREMANI,KM124_0004,DAJI,2026,3919.771676192513
KM,KM1,KM12,MREMANI,KM124,MREMANI,KM124_0004,DAJI,2027,4017.6662613017993
KM,KM1,KM12,MREMANI,KM124,MREMANI,KM124_0004,DAJI,2028,4116.391026061337
KM,KM1,KM12,MREMANI,KM125,ONGOJOU,KM125_0001,ONGODJOU,2017,6306.0
KM,KM1,KM12,MREMANI,KM125,ONGOJOU,KM125_0001,ONGODJOU,2018,6464.331913084724
KM,KM1,KM12,MREMANI,KM125,ONGOJOU,KM125_0001,ONGODJOU,2019,6628.5771929468165
KM,KM1,KM12,MREMANI,KM125,ONGOJOU,KM125_0001,ONGODJOU,2020,6798.7936246318495
KM,KM1,KM12,MREMANI,KM125,ONGOJOU,KM125_0001,ONGODJOU,2021,6974.595972436738
KM,KM1,KM12,MREMANI,KM125,ONGOJOU,KM125_0001,ONGODJOU,2022,7155.213764752109
KM,KM1,KM12,MREMANI,KM125,ONGOJOU,KM125_0001,ONGODJOU,2023,7338.74008460893
KM,KM1,KM12,MREMANI,KM125,ONGOJOU,KM125_0001,ONGODJOU,2024,7526.215068364886
KM,KM1,KM12,MREMANI,KM125,ONGOJOU,KM125_0001,ONGODJOU,2025,7717.715762916746
KM,KM1,KM12,MREMANI,KM125,ONGOJOU,KM125_0001,ONGODJOU,2026,7912.317602455182
KM,KM1,KM12,MREMANI,KM125,ONGOJOU,KM125_0001,ONGODJOU,2027,8109.924277775015
KM,KM1,KM12,MREMANI,KM125,ONGOJOU,KM125_0001,ONGODJOU,2028,8309.20672546184
KM,KM1,KM12,MREMANI,KM125,ONGOJOU,KM125_0002,KIYO,2017,1654.0
KM,KM1,KM12,MREMANI,KM125,ONGOJOU,KM125_0002,KIYO,2018,1695.5288589029708
KM,KM1,KM12,MREMANI,KM125,ONGOJOU,KM125_0002,KIYO,2019,1738.6087340840525
KM,KM1,KM12,MREMANI,KM125,ONGOJOU,KM125_0002,KIYO,2020,1783.254781976067
KM,KM1,KM12,MREMANI,KM125,ONGOJOU,KM125_0002,KIYO,2021,1829.3659591516596
KM,KM1,KM12,MREMANI,KM125,ONGOJOU,KM125_0002,KIYO,2022,1876.740178702821
KM,KM1,KM12,MREMANI,KM125,ONGOJOU,KM125_0002,KIYO,2023,1924.877275601518
KM,KM1,KM12,MREMANI,KM125,ONGOJOU,KM125_0002,KIYO,2024,1974.050067090949
KM,KM1,KM12,MREMANI,KM125,ONGOJOU,KM125_0002,KIYO,2025,2024.278761792626
KM,KM1,KM12,MREMANI,KM125,ONGOJOU,KM125_0002,KIYO,2026,2075.3208554489174
KM,KM1,KM12,MREMANI,KM125,ONGOJOU,KM125_0002,KIYO,2027,2127.1510871296987
KM,KM1,KM12,MREMANI,KM125,ONGOJOU,KM125_0002,KIYO,2028,2179.420856947968
KM,KM1,KM12,MREMANI,KM125,ONGOJOU,KM125_0003,KOMONI,2017,2679.0
KM,KM1,KM12,MREMANI,KM125,ONGOJOU,KM125_0003,KOMONI,2018,2746.264699516964
KM,KM1,KM12,MREMANI,KM125,ONGOJOU,KM125_0003,KOMONI,2019,2816.0415952909166
KM,KM1,KM12,MREMANI,KM125,ONGOJOU,KM125_0003,KOMONI,2020,2888.3552363445483
KM,KM1,KM12,MREMANI,KM125,ONGOJOU,KM125_0003,KOMONI,2021,2963.0419616489085
KM,KM1,KM12,MREMANI,KM125,ONGOJOU,KM125_0003,KOMONI,2022,3039.7744490597684
KM,KM1,KM12,MREMANI,KM125,ONGOJOU,KM125_0003,KOMONI,2023,3117.742576382386
KM,KM1,KM12,MREMANI,KM125,ONGOJOU,KM125_0003,KOMONI,2024,3197.3882283776607
KM,KM1,KM12,MREMANI,KM125,ONGOJOU,KM125_0003,KOMONI,2025,3278.74413714779
KM,KM1,KM12,MREMANI,KM125,ONGOJOU,KM125_0003,KOMONI,2026,3361.4175161714925
KM,KM1,KM12,MREMANI,KM125,ONGOJOU,KM125_0003,KOMONI,2027,3445.3674500728303
KM,KM1,KM12,MREMANI,KM125,ONGOJOU,KM125_0003,KOMONI,2028,3530.029308200487
KM,KM1,KM12,MREMANI,KM125,ONGOJOU,KM125_0004,MIRONDRONI,2017,407.0
KM,KM1,KM12,MREMANI,KM125,ONGOJOU,KM125_0004,MIRONDRONI,2018,417.2190118340441
KM,KM1,KM12,MREMANI,KM125,ONGOJOU,KM125_0004,MIRONDRONI,2019,427.81968244994516
KM,KM1,KM12,MREMANI,KM125,ONGOJOU,KM125_0004,MIRONDRONI,2020,438.8057413931435
KM,KM1,KM12,MREMANI,KM125,ONGOJOU,KM125_0004,MIRONDRONI,2021,450.15232489402985
KM,KM1,KM12,MREMANI,KM125,ONGOJOU,KM125_0004,MIRONDRONI,2022,461.8097054002709
KM,KM1,KM12,MREMANI,KM125,ONGOJOU,KM125_0004,MIRONDRONI,2023,473.65480723689103
KM,KM1,KM12,MREMANI,KM125,ONGOJOU,KM125_0004,MIRONDRONI,2024,485.7547625792117
KM,KM1,KM12,MREMANI,KM125,ONGOJOU,KM125_0004,MIRONDRONI,2025,498.1145441654164
KM,KM1,KM12,MREMANI,KM125,ONGOJOU,KM125_0004,MIRONDRONI,2026,510.6744789405739
KM,KM1,KM12,MREMANI,KM125,ONGOJOU,KM125_0004,MIRONDRONI,2027,523.4283509442486
KM,KM1,KM12,MREMANI,KM125,ONGOJOU,KM125_0004,MIRONDRONI,2028,536.2903801558784
KM,KM1,KM12,MREMANI,KM125,ONGOJOU,KM125_0005,TRINDRINI,2017,160.0
KM,KM1,KM12,MREMANI,KM125,ONGOJOU,KM125_0005,TRINDRINI,2018,164.0173019495014
KM,KM1,KM12,MREMANI,KM125,ONGOJOU,KM125_0005,TRINDRINI,2019,168.1846417493642
KM,KM1,KM12,MREMANI,KM125,ONGOJOU,KM125_0005,TRINDRINI,2020,172.5034855599581
KM,KM1,KM12,MREMANI,KM125,ONGOJOU,KM125_0005,TRINDRINI,2021,176.96405892639993
KM,KM1,KM12,MREMANI,KM125,ONGOJOU,KM125_0005,TRINDRINI,2022,181.54681293376743
KM,KM1,KM12,MREMANI,KM125,ONGOJOU,KM125_0005,TRINDRINI,2023,186.20336402433063
KM,KM1,KM12,MREMANI,KM125,ONGOJOU,KM125_0005,TRINDRINI,2024,190.9601032252429
KM,KM1,KM12,MREMANI,KM125,ONGOJOU,KM125_0005,TRINDRINI,2025,195.81898542129392
KM,KM1,KM12,MREMANI,KM125,ONGOJOU,KM125_0005,TRINDRINI,2026,200.75655191767035
KM,KM1,KM12,MREMANI,KM125,ONGOJOU,KM125_0005,TRINDRINI,2027,205.77035909356206
KM,KM1,KM12,MREMANI,KM125,ONGOJOU,KM125_0005,TRINDRINI,2028,210.82668507356397
KM,KM1,KM13,MUTSAMUDU,KM131,BANDRANI YA CHIRONKAMBA,KM131_0001,MDJIMANDRA,2017,2699.0
KM,KM1,KM13,MUTSAMUDU,KM131,BANDRANI YA CHIRONKAMBA,KM131_0001,MDJIMANDRA,2018,2766.766862260652
KM,KM1,KM13,MUTSAMUDU,KM131,BANDRANI YA CHIRONKAMBA,KM131_0001,MDJIMANDRA,2019,2837.0646755095872
KM,KM1,KM13,MUTSAMUDU,KM131,BANDRANI YA CHIRONKAMBA,KM131_0001,MDJIMANDRA,2020,2909.9181720395436
KM,KM1,KM13,MUTSAMUDU,KM131,BANDRANI YA CHIRONKAMBA,KM131_0001,MDJIMANDRA,2021,2985.162469014709
KM,KM1,KM13,MUTSAMUDU,KM131,BANDRANI YA CHIRONKAMBA,KM131_0001,MDJIMANDRA,2022,3062.4678006764893
KM,KM1,KM13,MUTSAMUDU,KM131,BANDRANI YA CHIRONKAMBA,KM131_0001,MDJIMANDRA,2023,3141.0179968854272
KM,KM1,KM13,MUTSAMUDU,KM131,BANDRANI YA CHIRONKAMBA,KM131_0001,MDJIMANDRA,2024,3221.2582412808165
KM,KM1,KM13,MUTSAMUDU,KM131,BANDRANI YA CHIRONKAMBA,KM131_0001,MDJIMANDRA,2025,3303.2215103254516
KM,KM1,KM13,MUTSAMUDU,KM131,BANDRANI YA CHIRONKAMBA,KM131_0001,MDJIMANDRA,2026,3386.5120851612014
KM,KM1,KM13,MUTSAMUDU,KM131,BANDRANI YA CHIRONKAMBA,KM131_0001,MDJIMANDRA,2027,3471.0887449595257
KM,KM1,KM13,MUTSAMUDU,KM131,BANDRANI YA CHIRONKAMBA,KM131_0001,MDJIMANDRA,2028,3556.3826438346828
KM,KM1,KM13,MUTSAMUDU,KM131,BANDRANI YA CHIRONKAMBA,KM131_0002,ANKIBANI,2017,2173.0
KM,KM1,KM13,MUTSAMUDU,KM131,BANDRANI YA CHIRONKAMBA,KM131_0002,ANKIBANI,2018,2227.559982101666
KM,KM1,KM13,MUTSAMUDU,KM131,BANDRANI YA CHIRONKAMBA,KM131_0002,ANKIBANI,2019,2284.1576657585524
KM,KM1,KM13,MUTSAMUDU,KM131,BANDRANI YA CHIRONKAMBA,KM131_0002,ANKIBANI,2020,2342.812963261181
KM,KM1,KM13,MUTSAMUDU,KM131,BANDRANI YA CHIRONKAMBA,KM131_0002,ANKIBANI,2021,2403.3931252941693
KM,KM1,KM13,MUTSAMUDU,KM131,BANDRANI YA CHIRONKAMBA,KM131_0002,ANKIBANI,2022,2465.632653156729
KM,KM1,KM13,MUTSAMUDU,KM131,BANDRANI YA CHIRONKAMBA,KM131_0002,ANKIBANI,2023,2528.87443765544
KM,KM1,KM13,MUTSAMUDU,KM131,BANDRANI YA CHIRONKAMBA,KM131_0002,ANKIBANI,2024,2593.47690192783
KM,KM1,KM13,MUTSAMUDU,KM131,BANDRANI YA CHIRONKAMBA,KM131_0002,ANKIBANI,2025,2659.466595752948
KM,KM1,KM13,MUTSAMUDU,KM131,BANDRANI YA CHIRONKAMBA,KM131_0002,ANKIBANI,2026,2726.5249207318598
KM,KM1,KM13,MUTSAMUDU,KM131,BANDRANI YA CHIRONKAMBA,KM131_0002,ANKIBANI,2027,2794.61868943944
KM,KM1,KM13,MUTSAMUDU,KM131,BANDRANI YA CHIRONKAMBA,KM131_0002,ANKIBANI,2028,2863.2899166553407
KM,KM1,KM13,MUTSAMUDU,KM131,BANDRANI YA CHIRONKAMBA,KM131_0003,CHIRONKAMBA,2017,2010.0
KM,KM1,KM13,MUTSAMUDU,KM131,BANDRANI YA CHIRONKAMBA,KM131_0003,CHIRONKAMBA,2018,2060.4673557406113
KM,KM1,KM13,MUTSAMUDU,KM131,BANDRANI YA CHIRONKAMBA,KM131_0003,CHIRONKAMBA,2019,2112.819561976388
KM,KM1,KM13,MUTSAMUDU,KM131,BANDRANI YA CHIRONKAMBA,KM131_0003,CHIRONKAMBA,2020,2167.075037346974
KM,KM1,KM13,MUTSAMUDU,KM131,BANDRANI YA CHIRONKAMBA,KM131_0003,CHIRONKAMBA,2021,2223.110990262899
KM,KM1,KM13,MUTSAMUDU,KM131,BANDRANI YA CHIRONKAMBA,KM131_0003,CHIRONKAMBA,2022,2280.6818374804534
KM,KM1,KM13,MUTSAMUDU,KM131,BANDRANI YA CHIRONKAMBA,KM131_0003,CHIRONKAMBA,2023,2339.1797605556535
KM,KM1,KM13,MUTSAMUDU,KM131,BANDRANI YA CHIRONKAMBA,KM131_0003,CHIRONKAMBA,2024,2398.936296767114
KM,KM1,KM13,MUTSAMUDU,KM131,BANDRANI YA CHIRONKAMBA,KM131_0003,CHIRONKAMBA,2025,2459.976004355005
KM,KM1,KM13,MUTSAMUDU,KM131,BANDRANI YA CHIRONKAMBA,KM131_0003,CHIRONKAMBA,2026,2522.0041834657336
KM,KM1,KM13,MUTSAMUDU,KM131,BANDRANI YA CHIRONKAMBA,KM131_0003,CHIRONKAMBA,2027,2584.990136112874
KM,KM1,KM13,MUTSAMUDU,KM131,BANDRANI YA CHIRONKAMBA,KM131_0003,CHIRONKAMBA,2028,2648.5102312366475
KM,KM1,KM13,MUTSAMUDU,KM131,BANDRANI YA CHIRONKAMBA,KM131_0006,CHICONI 2,2017,137.0
KM,KM1,KM13,MUTSAMUDU,KM131,BANDRANI YA CHIRONKAMBA,KM131_0006,CHICONI 2,2018,140.43981479426057
KM,KM1,KM13,MUTSAMUDU,KM131,BANDRANI YA CHIRONKAMBA,KM131_0006,CHICONI 2,2019,144.00809949789308
KM,KM1,KM13,MUTSAMUDU,KM131,BANDRANI YA CHIRONKAMBA,KM131_0006,CHICONI 2,2020,147.70610951071413
KM,KM1,KM13,MUTSAMUDU,KM131,BANDRANI YA CHIRONKAMBA,KM131_0006,CHICONI 2,2021,151.52547545572992
KM,KM1,KM13,MUTSAMUDU,KM131,BANDRANI YA CHIRONKAMBA,KM131_0006,CHICONI 2,2022,155.44945857453834
KM,KM1,KM13,MUTSAMUDU,KM131,BANDRANI YA CHIRONKAMBA,KM131_0006,CHICONI 2,2023,159.4366304458331
KM,KM1,KM13,MUTSAMUDU,KM131,BANDRANI YA CHIRONKAMBA,KM131_0006,CHICONI 2,2024,163.50958838661424
KM,KM1,KM13,MUTSAMUDU,KM131,BANDRANI YA CHIRONKAMBA,KM131_0006,CHICONI 2,2025,167.67000626698288
KM,KM1,KM13,MUTSAMUDU,KM131,BANDRANI YA CHIRONKAMBA,KM131_0006,CHICONI 2,2026,171.8977975795052
KM,KM1,KM13,MUTSAMUDU,KM131,BANDRANI YA CHIRONKAMBA,KM131_0006,CHICONI 2,2027,176.19086997386253
KM,KM1,KM13,MUTSAMUDU,KM131,BANDRANI YA CHIRONKAMBA,KM131_0006,CHICONI 2,2028,180.52034909423915
KM,KM1,KM13,MUTSAMUDU,KM131,BANDRANI YA CHIRONKAMBA,KM131_0007,MPOUZINI,2017,63.0
KM,KM1,KM13,MUTSAMUDU,KM131,BANDRANI YA CHIRONKAMBA,KM131_0007,MPOUZINI,2018,64.58181264261617
KM,KM1,KM13,MUTSAMUDU,KM131,BANDRANI YA CHIRONKAMBA,KM131_0007,MPOUZINI,2019,66.22270268881215
KM,KM1,KM13,MUTSAMUDU,KM131,BANDRANI YA CHIRONKAMBA,KM131_0007,MPOUZINI,2020,67.9232474392335
KM,KM1,KM13,MUTSAMUDU,KM131,BANDRANI YA CHIRONKAMBA,KM131_0007,MPOUZINI,2021,69.67959820226997
KM,KM1,KM13,MUTSAMUDU,KM131,BANDRANI YA CHIRONKAMBA,KM131_0007,MPOUZINI,2022,71.48405759267092
KM,KM1,KM13,MUTSAMUDU,KM131,BANDRANI YA CHIRONKAMBA,KM131_0007,MPOUZINI,2023,73.31757458458019
KM,KM1,KM13,MUTSAMUDU,KM131,BANDRANI YA CHIRONKAMBA,KM131_0007,MPOUZINI,2024,75.19054064493939
KM,KM1,KM13,MUTSAMUDU,KM131,BANDRANI YA CHIRONKAMBA,KM131_0007,MPOUZINI,2025,77.10372550963447
KM,KM1,KM13,MUTSAMUDU,KM131,BANDRANI YA CHIRONKAMBA,KM131_0007,MPOUZINI,2026,79.0478923175827
KM,KM1,KM13,MUTSAMUDU,KM131,BANDRANI YA CHIRONKAMBA,KM131_0007,MPOUZINI,2027,81.02207889309007
KM,KM1,KM13,MUTSAMUDU,KM131,BANDRANI YA CHIRONKAMBA,KM131_0007,MPOUZINI,2028,83.01300724771582
KM,KM1,KM13,MUTSAMUDU,KM131,BANDRANI YA CHIRONKAMBA,KM131_0008,BANDRADJOU,2017,1847.0
KM,KM1,KM13,MUTSAMUDU,KM131,BANDRANI YA CHIRONKAMBA,KM131_0008,BANDRADJOU,2018,1893.3747293795568
KM,KM1,KM13,MUTSAMUDU,KM131,BANDRANI YA CHIRONKAMBA,KM131_0008,BANDRADJOU,2019,1941.4814581942228
KM,KM1,KM13,MUTSAMUDU,KM131,BANDRANI YA CHIRONKAMBA,KM131_0008,BANDRADJOU,2020,1991.3371114327663
KM,KM1,KM13,MUTSAMUDU,KM131,BANDRANI YA CHIRONKAMBA,KM131_0008,BANDRADJOU,2021,2042.8288552316294
KM,KM1,KM13,MUTSAMUDU,KM131,BANDRANI YA CHIRONKAMBA,KM131_0008,BANDRADJOU,2022,2095.7310218041775
KM,KM1,KM13,MUTSAMUDU,KM131,BANDRANI YA CHIRONKAMBA,KM131_0008,BANDRADJOU,2023,2149.4850834558665
KM,KM1,KM13,MUTSAMUDU,KM131,BANDRANI YA CHIRONKAMBA,KM131_0008,BANDRADJOU,2024,2204.395691606398
KM,KM1,KM13,MUTSAMUDU,KM131,BANDRANI YA CHIRONKAMBA,KM131_0008,BANDRADJOU,2025,2260.4854129570617
KM,KM1,KM13,MUTSAMUDU,KM131,BANDRANI YA CHIRONKAMBA,KM131_0008,BANDRADJOU,2026,2317.483446199607
KM,KM1,KM13,MUTSAMUDU,KM131,BANDRANI YA CHIRONKAMBA,KM131_0008,BANDRADJOU,2027,2375.3615827863073
KM,KM1,KM13,MUTSAMUDU,KM131,BANDRANI YA CHIRONKAMBA,KM131_0008,BANDRADJOU,2028,2433.730545817954
KM,KM1,KM13,MUTSAMUDU,KM131,BANDRANI YA CHIRONKAMBA,KM151_0007,MAWENI,2017,804.0
KM,KM1,KM13,MUTSAMUDU,KM131,BANDRANI YA CHIRONKAMBA,KM151_0007,MAWENI,2018,824.1869422962444
KM,KM1,KM13,MUTSAMUDU,KM131,BANDRANI YA CHIRONKAMBA,KM151_0007,MAWENI,2019,845.127824790555
KM,KM1,KM13,MUTSAMUDU,KM131,BANDRANI YA CHIRONKAMBA,KM151_0007,MAWENI,2020,866.8300149387894
KM,KM1,KM13,MUTSAMUDU,KM131,BANDRANI YA CHIRONKAMBA,KM151_0007,MAWENI,2021,889.2443961051596
KM,KM1,KM13,MUTSAMUDU,KM131,BANDRANI YA CHIRONKAMBA,KM151_0007,MAWENI,2022,912.2727349921813
KM,KM1,KM13,MUTSAMUDU,KM131,BANDRANI YA CHIRONKAMBA,KM151_0007,MAWENI,2023,935.6719042222612
KM,KM1,KM13,MUTSAMUDU,KM131,BANDRANI YA CHIRONKAMBA,KM151_0007,MAWENI,2024,959.5745187068454
KM,KM1,KM13,MUTSAMUDU,KM131,BANDRANI YA CHIRONKAMBA,KM151_0007,MAWENI,2025,983.9904017420018
KM,KM1,KM13,MUTSAMUDU,KM131,BANDRANI YA CHIRONKAMBA,KM151_0007,MAWENI,2026,1008.8016733862933
KM,KM1,KM13,MUTSAMUDU,KM131,BANDRANI YA CHIRONKAMBA,KM151_0007,MAWENI,2027,1033.9960544451494
KM,KM1,KM13,MUTSAMUDU,KM131,BANDRANI YA CHIRONKAMBA,KM151_0007,MAWENI,2028,1059.404092494659
KM,KM1,KM13,MUTSAMUDU,KM132,Commune BANDRANI YA MITSANGANI,KM132_0001,BANDRANI MTSANGANI,2017,1922.0
KM,KM1,KM13,MUTSAMUDU,KM132,Commune BANDRANI YA MITSANGANI,KM132_0001,BANDRANI MTSANGANI,2018,1970.2578396683853
KM,KM1,KM13,MUTSAMUDU,KM132,Commune BANDRANI YA MITSANGANI,KM132_0001,BANDRANI MTSANGANI,2019,2020.318009014237
KM,KM1,KM13,MUTSAMUDU,KM132,Commune BANDRANI YA MITSANGANI,KM132_0001,BANDRANI MTSANGANI,2020,2072.1981202889965
KM,KM1,KM13,MUTSAMUDU,KM132,Commune BANDRANI YA MITSANGANI,KM132_0001,BANDRANI MTSANGANI,2021,2125.7807578533793
KM,KM1,KM13,MUTSAMUDU,KM132,Commune BANDRANI YA MITSANGANI,KM132_0001,BANDRANI MTSANGANI,2022,2180.831090366881
KM,KM1,KM13,MUTSAMUDU,KM132,Commune BANDRANI YA MITSANGANI,KM132_0001,BANDRANI MTSANGANI,2023,2236.7679103422715
KM,KM1,KM13,MUTSAMUDU,KM132,Commune BANDRANI YA MITSANGANI,KM132_0001,BANDRANI MTSANGANI,2024,2293.9082399932304
KM,KM1,KM13,MUTSAMUDU,KM132,Commune BANDRANI YA MITSANGANI,KM132_0001,BANDRANI MTSANGANI,2025,2352.2755623732933
KM,KM1,KM13,MUTSAMUDU,KM132,Commune BANDRANI YA MITSANGANI,KM132_0001,BANDRANI MTSANGANI,2026,2411.5880799110146
KM,KM1,KM13,MUTSAMUDU,KM132,Commune BANDRANI YA MITSANGANI,KM132_0001,BANDRANI MTSANGANI,2027,2471.8164386114145
KM,KM1,KM13,MUTSAMUDU,KM132,Commune BANDRANI YA MITSANGANI,KM132_0001,BANDRANI MTSANGANI,2028,2532.5555544461868
KM,KM1,KM13,MUTSAMUDU,KM132,Commune BANDRANI YA MITSANGANI,KM132_0002,CHITROUNI,2017,1256.0
KM,KM1,KM13,MUTSAMUDU,KM132,Commune BANDRANI YA MITSANGANI,KM132_0002,CHITROUNI,2018,1287.535820303586
KM,KM1,KM13,MUTSAMUDU,KM132,Commune BANDRANI YA MITSANGANI,KM132_0002,CHITROUNI,2019,1320.249437732509
KM,KM1,KM13,MUTSAMUDU,KM132,Commune BANDRANI YA MITSANGANI,KM132_0002,CHITROUNI,2020,1354.1523616456714
KM,KM1,KM13,MUTSAMUDU,KM132,Commune BANDRANI YA MITSANGANI,KM132_0002,CHITROUNI,2021,1389.1678625722395
KM,KM1,KM13,MUTSAMUDU,KM132,Commune BANDRANI YA MITSANGANI,KM132_0002,CHITROUNI,2022,1425.1424815300745
KM,KM1,KM13,MUTSAMUDU,KM132,Commune BANDRANI YA MITSANGANI,KM132_0002,CHITROUNI,2023,1461.6964075909955
KM,KM1,KM13,MUTSAMUDU,KM132,Commune BANDRANI YA MITSANGANI,KM132_0002,CHITROUNI,2024,1499.0368103181568
KM,KM1,KM13,MUTSAMUDU,KM132,Commune BANDRANI YA MITSANGANI,KM132_0002,CHITROUNI,2025,1537.1790355571572
KM,KM1,KM13,MUTSAMUDU,KM132,Commune BANDRANI YA MITSANGANI,KM132_0002,CHITROUNI,2026,1575.9389325537122
KM,KM1,KM13,MUTSAMUDU,KM132,Commune BANDRANI YA MITSANGANI,KM132_0002,CHITROUNI,2027,1615.2973188844626
KM,KM1,KM13,MUTSAMUDU,KM132,Commune BANDRANI YA MITSANGANI,KM132_0002,CHITROUNI,2028,1654.9894778274772
KM,KM1,KM13,MUTSAMUDU,KM132,Commune BANDRANI YA MITSANGANI,KM132_0003,SAANDANI,2017,2295.0
KM,KM1,KM13,MUTSAMUDU,KM132,Commune BANDRANI YA MITSANGANI,KM132_0003,SAANDANI,2018,2352.6231748381606
KM,KM1,KM13,MUTSAMUDU,KM132,Commune BANDRANI YA MITSANGANI,KM132_0003,SAANDANI,2019,2412.3984550924424
KM,KM1,KM13,MUTSAMUDU,KM132,Commune BANDRANI YA MITSANGANI,KM132_0003,SAANDANI,2020,2474.346871000649
KM,KM1,KM13,MUTSAMUDU,KM132,Commune BANDRANI YA MITSANGANI,KM132_0003,SAANDANI,2021,2538.328220225549
KM,KM1,KM13,MUTSAMUDU,KM132,Commune BANDRANI YA MITSANGANI,KM132_0003,SAANDANI,2022,2604.0620980187264
KM,KM1,KM13,MUTSAMUDU,KM132,Commune BANDRANI YA MITSANGANI,KM132_0003,SAANDANI,2023,2670.854502723992
KM,KM1,KM13,MUTSAMUDU,KM132,Commune BANDRANI YA MITSANGANI,KM132_0003,SAANDANI,2024,2739.0839806370777
KM,KM1,KM13,MUTSAMUDU,KM132,Commune BANDRANI YA MITSANGANI,KM132_0003,SAANDANI,2025,2808.7785721366845
KM,KM1,KM13,MUTSAMUDU,KM132,Commune BANDRANI YA MITSANGANI,KM132_0003,SAANDANI,2026,2879.6017915690836
KM,KM1,KM13,MUTSAMUDU,KM132,Commune BANDRANI YA MITSANGANI,KM132_0003,SAANDANI,2027,2951.518588248281
KM,KM1,KM13,MUTSAMUDU,KM132,Commune BANDRANI YA MITSANGANI,KM132_0003,SAANDANI,2028,3024.0452640239337
KM,KM1,KM13,MUTSAMUDU,KM132,Commune BANDRANI YA MITSANGANI,KM132_0004,MDJAMAOUE,2017,1730.0
KM,KM1,KM13,MUTSAMUDU,KM132,Commune BANDRANI YA MITSANGANI,KM132_0004,MDJAMAOUE,2018,1773.4370773289838
KM,KM1,KM13,MUTSAMUDU,KM132,Commune BANDRANI YA MITSANGANI,KM132_0004,MDJAMAOUE,2019,1818.4964389150002
KM,KM1,KM13,MUTSAMUDU,KM132,Commune BANDRANI YA MITSANGANI,KM132_0004,MDJAMAOUE,2020,1865.193937617047
KM,KM1,KM13,MUTSAMUDU,KM132,Commune BANDRANI YA MITSANGANI,KM132_0004,MDJAMAOUE,2021,1913.4238871416994
KM,KM1,KM13,MUTSAMUDU,KM132,Commune BANDRANI YA MITSANGANI,KM132_0004,MDJAMAOUE,2022,1962.9749148463602
KM,KM1,KM13,MUTSAMUDU,KM132,Commune BANDRANI YA MITSANGANI,KM132_0004,MDJAMAOUE,2023,2013.323873513075
KM,KM1,KM13,MUTSAMUDU,KM132,Commune BANDRANI YA MITSANGANI,KM132_0004,MDJAMAOUE,2024,2064.7561161229387
KM,KM1,KM13,MUTSAMUDU,KM132,Commune BANDRANI YA MITSANGANI,KM132_0004,MDJAMAOUE,2025,2117.29277986774
KM,KM1,KM13,MUTSAMUDU,KM132,Commune BANDRANI YA MITSANGANI,KM132_0004,MDJAMAOUE,2026,2170.6802176098104
KM,KM1,KM13,MUTSAMUDU,KM132,Commune BANDRANI YA MITSANGANI,KM132_0004,MDJAMAOUE,2027,2224.89200769914
KM,KM1,KM13,MUTSAMUDU,KM132,Commune BANDRANI YA MITSANGANI,KM132_0004,MDJAMAOUE,2028,2279.5635323579104
KM,KM1,KM13,MUTSAMUDU,KM133,MIRONTSI,KM133_0001,MIRONTSI,2017,11955.0
KM,KM1,KM13,MUTSAMUDU,KM133,MIRONTSI,KM133_0001,MIRONTSI,2018,12260.429326032947
KM,KM1,KM13,MUTSAMUDU,KM133,MIRONTSI,KM133_0001,MIRONTSI,2019,12576.953460035133
KM,KM1,KM13,MUTSAMUDU,KM133,MIRONTSI,KM133_0001,MIRONTSI,2020,12904.646728276868
KM,KM1,KM13,MUTSAMUDU,KM133,MIRONTSI,KM133_0001,MIRONTSI,2021,13242.776899340117
KM,KM1,KM13,MUTSAMUDU,KM133,MIRONTSI,KM133_0001,MIRONTSI,2022,13589.856226164291
KM,KM1,KM13,MUTSAMUDU,KM133,MIRONTSI,KM133_0001,MIRONTSI,2023,13942.232804266296
KM,KM1,KM13,MUTSAMUDU,KM133,MIRONTSI,KM133_0001,MIRONTSI,2024,14301.879001629926
KM,KM1,KM13,MUTSAMUDU,KM133,MIRONTSI,KM133_0001,MIRONTSI,2025,14668.913323469373
KM,KM1,KM13,MUTSAMUDU,KM133,MIRONTSI,KM133_0001,MIRONTSI,2026,15041.564443846628
KM,KM1,KM13,MUTSAMUDU,KM133,MIRONTSI,KM133_0001,MIRONTSI,2027,15419.617289098474
KM,KM1,KM13,MUTSAMUDU,KM133,MIRONTSI,KM133_0001,MIRONTSI,2028,15800.518301868877
KM,KM1,KM13,MUTSAMUDU,KM134,MUTSAMUDU,KM134_0001,MUTSAMUDU,2017,26313.0
KM,KM1,KM13,MUTSAMUDU,KM134,MUTSAMUDU,KM134_0001,MUTSAMUDU,2018,26978.0
KM,KM1,KM13,MUTSAMUDU,KM134,MUTSAMUDU,KM134_0001,MUTSAMUDU,2019,27668.0
KM,KM1,KM13,MUTSAMUDU,KM134,MUTSAMUDU,KM134_0001,MUTSAMUDU,2020,28382.0
KM,KM1,KM13,MUTSAMUDU,KM134,MUTSAMUDU,KM134_0001,MUTSAMUDU,2021,29120.0
KM,KM1,KM13,MUTSAMUDU,KM134,MUTSAMUDU,KM134_0001,MUTSAMUDU,2022,29877.0
KM,KM1,KM13,MUTSAMUDU,KM134,MUTSAMUDU,KM134_0001,MUTSAMUDU,2023,30647.0
KM,KM1,KM13,MUTSAMUDU,KM134,MUTSAMUDU,KM134_0001,MUTSAMUDU,2024,31430.0
KM,KM1,KM13,MUTSAMUDU,KM134,MUTSAMUDU,KM134_0001,MUTSAMUDU,2025,32232.0
KM,KM1,KM13,MUTSAMUDU,KM134,MUTSAMUDU,KM134_0001,MUTSAMUDU,2026,33048.0
KM,KM1,KM13,MUTSAMUDU,KM134,MUTSAMUDU,KM134_0001,MUTSAMUDU,2027,33875.0
KM,KM1,KM13,MUTSAMUDU,KM134,MUTSAMUDU,KM134_0001,MUTSAMUDU,2028,34709.0
KM,KM1,KM13,MUTSAMUDU,KM134,MUTSAMUDU,KM134_0002,PAJE,2017,5917.0
KM,KM1,KM13,MUTSAMUDU,KM134,MUTSAMUDU,KM134_0002,PAJE,2018,6065.564847719998
KM,KM1,KM13,MUTSAMUDU,KM134,MUTSAMUDU,KM134_0002,PAJE,2019,6219.678282693674
KM,KM1,KM13,MUTSAMUDU,KM134,MUTSAMUDU,KM134_0002,PAJE,2020,6379.3945253642005
KM,KM1,KM13,MUTSAMUDU,KM134,MUTSAMUDU,KM134_0002,PAJE,2021,6544.352104171927
KM,KM1,KM13,MUTSAMUDU,KM134,MUTSAMUDU,KM134_0002,PAJE,2022,6713.828075806887
KM,KM1,KM13,MUTSAMUDU,KM134,MUTSAMUDU,KM134_0002,PAJE,2023,6886.033155824777
KM,KM1,KM13,MUTSAMUDU,KM134,MUTSAMUDU,KM134_0002,PAJE,2024,7064.0
KM,KM1,KM13,MUTSAMUDU,KM134,MUTSAMUDU,KM134_0002,PAJE,2025,7244.0
KM,KM1,KM13,MUTSAMUDU,KM134,MUTSAMUDU,KM134_0002,PAJE,2026,7426.0
KM,KM1,KM13,MUTSAMUDU,KM134,MUTSAMUDU,KM134_0002,PAJE,2027,7612.0
KM,KM1,KM13,MUTSAMUDU,KM134,MUTSAMUDU,KM134_0002,PAJE,2028,7799.0
KM,KM1,KM13,MUTSAMUDU,KM134,MUTSAMUDU,KM134_0003,MWAMWA I,2017,1905.0
KM,KM1,KM13,MUTSAMUDU,KM134,MUTSAMUDU,KM134_0003,MWAMWA I,2018,1952.8310013362511
KM,KM1,KM13,MUTSAMUDU,KM134,MUTSAMUDU,KM134_0003,MWAMWA I,2019,2002.4483908283676
KM,KM1,KM13,MUTSAMUDU,KM134,MUTSAMUDU,KM134_0003,MWAMWA I,2020,2053.8696249482514
KM,KM1,KM13,MUTSAMUDU,KM134,MUTSAMUDU,KM134_0003,MWAMWA I,2021,2106.97832659245
KM,KM1,KM13,MUTSAMUDU,KM134,MUTSAMUDU,KM134_0003,MWAMWA I,2022,2161.5417414926687
KM,KM1,KM13,MUTSAMUDU,KM134,MUTSAMUDU,KM134_0003,MWAMWA I,2023,2216.9838029146863
KM,KM1,KM13,MUTSAMUDU,KM134,MUTSAMUDU,KM134_0003,MWAMWA I,2024,2273.6187290255484
KM,KM1,KM13,MUTSAMUDU,KM134,MUTSAMUDU,KM134_0003,MWAMWA I,2025,2331.4697951722806
KM,KM1,KM13,MUTSAMUDU,KM134,MUTSAMUDU,KM134_0003,MWAMWA I,2026,2390.2576962697626
KM,KM1,KM13,MUTSAMUDU,KM134,MUTSAMUDU,KM134_0003,MWAMWA I,2027,2449.9533379577238
KM,KM1,KM13,MUTSAMUDU,KM134,MUTSAMUDU,KM134_0003,MWAMWA I,2028,2510.1552191571213
KM,KM1,KM13,MUTSAMUDU,KM134,MUTSAMUDU,KM134_0004,MWAMWA II,2017,802.0
KM,KM1,KM13,MUTSAMUDU,KM134,MUTSAMUDU,KM134_0004,MWAMWA II,2018,822.1367260218758
KM,KM1,KM13,MUTSAMUDU,KM134,MUTSAMUDU,KM134_0004,MWAMWA II,2019,843.0255167686881
KM,KM1,KM13,MUTSAMUDU,KM134,MUTSAMUDU,KM134_0004,MWAMWA II,2020,864.6737213692901
KM,KM1,KM13,MUTSAMUDU,KM134,MUTSAMUDU,KM134_0004,MWAMWA II,2021,887.0323453685797
KM,KM1,KM13,MUTSAMUDU,KM134,MUTSAMUDU,KM134_0004,MWAMWA II,2022,910.0033998305092
KM,KM1,KM13,MUTSAMUDU,KM134,MUTSAMUDU,KM134_0004,MWAMWA II,2023,933.3443621719573
KM,KM1,KM13,MUTSAMUDU,KM134,MUTSAMUDU,KM134_0004,MWAMWA II,2024,957.1875174165301
KM,KM1,KM13,MUTSAMUDU,KM134,MUTSAMUDU,KM134_0004,MWAMWA II,2025,981.5426644242359
KM,KM1,KM13,MUTSAMUDU,KM134,MUTSAMUDU,KM134_0004,MWAMWA II,2026,1006.2922164873227
KM,KM1,KM13,MUTSAMUDU,KM134,MUTSAMUDU,KM134_0004,MWAMWA II,2027,1031.42392495648
KM,KM1,KM13,MUTSAMUDU,KM134,MUTSAMUDU,KM134_0004,MWAMWA II,2028,1056.7687589312395
KM,KM1,KM13,MUTSAMUDU,KM134,MUTSAMUDU,KM134_0005,CHICONI1,2017,4.0
KM,KM1,KM13,MUTSAMUDU,KM134,MUTSAMUDU,KM134_0005,CHICONI1,2018,4.100432548737535
KM,KM1,KM13,MUTSAMUDU,KM134,MUTSAMUDU,KM134_0005,CHICONI1,2019,4.204616043734105
KM,KM1,KM13,MUTSAMUDU,KM134,MUTSAMUDU,KM134_0005,CHICONI1,2020,4.3125871389989525
KM,KM1,KM13,MUTSAMUDU,KM134,MUTSAMUDU,KM134_0005,CHICONI1,2021,4.424101473159999
KM,KM1,KM13,MUTSAMUDU,KM134,MUTSAMUDU,KM134_0005,CHICONI1,2022,4.538670323344186
KM,KM1,KM13,MUTSAMUDU,KM134,MUTSAMUDU,KM134_0005,CHICONI1,2023,4.655084100608265
KM,KM1,KM13,MUTSAMUDU,KM134,MUTSAMUDU,KM134_0005,CHICONI1,2024,4.774002580631073
KM,KM1,KM13,MUTSAMUDU,KM134,MUTSAMUDU,KM134_0005,CHICONI1,2025,4.895474635532348
KM,KM1,KM13,MUTSAMUDU,KM134,MUTSAMUDU,KM134_0005,CHICONI1,2026,5.018913797941758
KM,KM1,KM13,MUTSAMUDU,KM134,MUTSAMUDU,KM134_0005,CHICONI1,2027,5.144258977339052
KM,KM1,KM13,MUTSAMUDU,KM134,MUTSAMUDU,KM134_0005,CHICONI1,2028,5.2706671268391
KM,KM1,KM14,OUANI,KM141,BAMBAO MTROUNI,KM141_0001,TSEMBEHOU,2017,12590.0
KM,KM1,KM14,OUANI,KM141,BAMBAO MTROUNI,KM141_0001,TSEMBEHOU,2018,12906.713733905128
KM,KM1,KM14,OUANI,KM141,BAMBAO MTROUNI,KM141_0001,TSEMBEHOU,2019,13235.220311848887
KM,KM1,KM14,OUANI,KM141,BAMBAO MTROUNI,KM141_0001,TSEMBEHOU,2020,13575.631070318972
KM,KM1,KM14,OUANI,KM141,BAMBAO MTROUNI,KM141_0001,TSEMBEHOU,2021,13927.17666482047
KM,KM1,KM14,OUANI,KM141,BAMBAO MTROUNI,KM141_0001,TSEMBEHOU,2022,14288.315740667478
KM,KM1,KM14,OUANI,KM141,BAMBAO MTROUNI,KM141_0001,TSEMBEHOU,2023,14655.236910417292
KM,KM1,KM14,OUANI,KM141,BAMBAO MTROUNI,KM141_0001,TSEMBEHOU,2024,15030.016871066942
KM,KM1,KM14,OUANI,KM141,BAMBAO MTROUNI,KM141_0001,TSEMBEHOU,2025,15412.806292680098
KM,KM1,KM14,OUANI,KM141,BAMBAO MTROUNI,KM141_0001,TSEMBEHOU,2026,15801.757149051318
KM,KM1,KM14,OUANI,KM141,BAMBAO MTROUNI,KM141_0001,TSEMBEHOU,2027,16196.67343872475
KM,KM1,KM14,OUANI,KM141,BAMBAO MTROUNI,KM141_0001,TSEMBEHOU,2028,16594.897791000058
KM,KM1,KM14,OUANI,KM141,BAMBAO MTROUNI,KM141_0002,DINDRI,2017,10364.0
KM,KM1,KM14,OUANI,KM141,BAMBAO MTROUNI,KM141_0002,DINDRI,2018,10624.220733778953
KM,KM1,KM14,OUANI,KM141,BAMBAO MTROUNI,KM141_0002,DINDRI,2019,10894.160169315066
KM,KM1,KM14,OUANI,KM141,BAMBAO MTROUNI,KM141_0002,DINDRI,2020,11173.913277146288
KM,KM1,KM14,OUANI,KM141,BAMBAO MTROUNI,KM141_0002,DINDRI,2021,11462.846916957556
KM,KM1,KM14,OUANI,KM141,BAMBAO MTROUNI,KM141_0002,DINDRI,2022,11759.694807784785
KM,KM1,KM14,OUANI,KM141,BAMBAO MTROUNI,KM141_0002,DINDRI,2023,12061.322904676015
KM,KM1,KM14,OUANI,KM141,BAMBAO MTROUNI,KM141_0002,DINDRI,2024,12369.44068641511
KM,KM1,KM14,OUANI,KM141,BAMBAO MTROUNI,KM141_0002,DINDRI,2025,12684.174780664314
KM,KM1,KM14,OUANI,KM141,BAMBAO MTROUNI,KM141_0002,DINDRI,2026,13004.005650467096
KM,KM1,KM14,OUANI,KM141,BAMBAO MTROUNI,KM141_0002,DINDRI,2027,13328.775010285484
KM,KM1,KM14,OUANI,KM141,BAMBAO MTROUNI,KM141_0002,DINDRI,2028,13656.298525640106
KM,KM1,KM14,OUANI,KM141,BAMBAO MTROUNI,KM141_0003,CHANDRA,2017,4963.0
KM,KM1,KM14,OUANI,KM141,BAMBAO MTROUNI,KM141_0003,CHANDRA,2018,5087.611684846096
KM,KM1,KM14,OUANI,KM141,BAMBAO MTROUNI,KM141_0003,CHANDRA,2019,5216.87735626309
KM,KM1,KM14,OUANI,KM141,BAMBAO MTROUNI,KM141_0003,CHANDRA,2020,5350.842492712951
KM,KM1,KM14,OUANI,KM141,BAMBAO MTROUNI,KM141_0003,CHANDRA,2021,5489.2039028232675
KM,KM1,KM14,OUANI,KM141,BAMBAO MTROUNI,KM141_0003,CHANDRA,2022,5631.355203689298
KM,KM1,KM14,OUANI,KM141,BAMBAO MTROUNI,KM141_0003,CHANDRA,2023,5775.795597829705
KM,KM1,KM14,OUANI,KM141,BAMBAO MTROUNI,KM141_0003,CHANDRA,2024,5923.343701918003
KM,KM1,KM14,OUANI,KM141,BAMBAO MTROUNI,KM141_0003,CHANDRA,2025,6074.06015403676
KM,KM1,KM14,OUANI,KM141,BAMBAO MTROUNI,KM141_0003,CHANDRA,2026,6227.217294796236
KM,KM1,KM14,OUANI,KM141,BAMBAO MTROUNI,KM141_0003,CHANDRA,2027,6382.739326133429
KM,KM1,KM14,OUANI,KM141,BAMBAO MTROUNI,KM141_0003,CHANDRA,2028,6539.580237625612
KM,KM1,KM14,OUANI,KM142,BAZIMINI,KM142_0001,BAZIMINI,2017,8218.0
KM,KM1,KM14,OUANI,KM142,BAZIMINI,KM142_0001,BAZIMINI,2018,8424.338671381265
KM,KM1,KM14,OUANI,KM142,BAZIMINI,KM142_0001,BAZIMINI,2019,8638.383661851718
KM,KM1,KM14,OUANI,KM142,BAZIMINI,KM142_0001,BAZIMINI,2020,8860.210277073349
KM,KM1,KM14,OUANI,KM142,BAZIMINI,KM142_0001,BAZIMINI,2021,9089.316476607219
KM,KM1,KM14,OUANI,KM142,BAZIMINI,KM142_0001,BAZIMINI,2022,9324.69817931063
KM,KM1,KM14,OUANI,KM142,BAZIMINI,KM142_0001,BAZIMINI,2023,9563.870284699682
KM,KM1,KM14,OUANI,KM142,BAZIMINI,KM142_0001,BAZIMINI,2024,9808.188301906539
KM,KM1,KM14,OUANI,KM142,BAZIMINI,KM142_0001,BAZIMINI,2025,10057.75263870121
KM,KM1,KM14,OUANI,KM142,BAZIMINI,KM142_0001,BAZIMINI,2026,10311.358397871341
KM,KM1,KM14,OUANI,KM142,BAZIMINI,KM142_0001,BAZIMINI,2027,10568.880068943083
KM,KM1,KM14,OUANI,KM142,BAZIMINI,KM142_0001,BAZIMINI,2028,10828.58561209093
KM,KM1,KM14,OUANI,KM142,BAZIMINI,KM142_0002,KOKI,2017,6366.0
KM,KM1,KM14,OUANI,KM142,BAZIMINI,KM142_0002,KOKI,2018,6525.8384013157865
KM,KM1,KM14,OUANI,KM142,BAZIMINI,KM142_0002,KOKI,2019,6691.6464336028275
KM,KM1,KM14,OUANI,KM142,BAZIMINI,KM142_0002,KOKI,2020,6863.482431716833
KM,KM1,KM14,OUANI,KM142,BAZIMINI,KM142_0002,KOKI,2021,7040.9574945341365
KM,KM1,KM14,OUANI,KM142,BAZIMINI,KM142_0002,KOKI,2022,7223.293819602271
KM,KM1,KM14,OUANI,KM142,BAZIMINI,KM142_0002,KOKI,2023,7408.566346118054
KM,KM1,KM14,OUANI,KM142,BAZIMINI,KM142_0002,KOKI,2024,7597.825107074352
KM,KM1,KM14,OUANI,KM142,BAZIMINI,KM142_0002,KOKI,2025,7791.147882449731
KM,KM1,KM14,OUANI,KM142,BAZIMINI,KM142_0002,KOKI,2026,7987.601309424307
KM,KM1,KM14,OUANI,KM142,BAZIMINI,KM142_0002,KOKI,2027,8187.0881624351005
KM,KM1,KM14,OUANI,KM142,BAZIMINI,KM142_0002,KOKI,2028,8388.266732364427
KM,KM1,KM14,OUANI,KM142,BAZIMINI,KM142_0003,PATSY,2017,3884.0
KM,KM1,KM14,OUANI,KM142,BAZIMINI,KM142_0003,PATSY,2018,3981.520004824147
KM,KM1,KM14,OUANI,KM142,BAZIMINI,KM142_0003,PATSY,2019,4082.682178465816
KM,KM1,KM14,OUANI,KM142,BAZIMINI,KM142_0003,PATSY,2020,4187.522111967983
KM,KM1,KM14,OUANI,KM142,BAZIMINI,KM142_0003,PATSY,2021,4295.802530438358
KM,KM1,KM14,OUANI,KM142,BAZIMINI,KM142_0003,PATSY,2022,4407.048883967204
KM,KM1,KM14,OUANI,KM142,BAZIMINI,KM142_0003,PATSY,2023,4520.086661690626
KM,KM1,KM14,OUANI,KM142,BAZIMINI,KM142_0003,PATSY,2024,4635.5565057927715
KM,KM1,KM14,OUANI,KM142,BAZIMINI,KM142_0003,PATSY,2025,4753.50587110191
KM,KM1,KM14,OUANI,KM142,BAZIMINI,KM142_0003,PATSY,2026,4873.365297801448
KM,KM1,KM14,OUANI,KM142,BAZIMINI,KM142_0003,PATSY,2027,4995.07546699622
KM,KM1,KM14,OUANI,KM142,BAZIMINI,KM142_0003,PATSY,2028,5117.817780160765
KM,KM1,KM14,OUANI,KM143,OUANI,KM143_0001,OUANI,2017,10073.0
KM,KM1,KM14,OUANI,KM143,OUANI,KM143_0001,OUANI,2018,10329.516781711056
KM,KM1,KM14,OUANI,KM143,OUANI,KM143_0001,OUANI,2019,10595.40007463907
KM,KM1,KM14,OUANI,KM143,OUANI,KM143_0001,OUANI,2020,10870.718065714032
KM,KM1,KM14,OUANI,KM143,OUANI,KM143_0001,OUANI,2021,11154.854093491369
KM,KM1,KM14,OUANI,KM143,OUANI,KM143_0001,OUANI,2022,11446.558892598865
KM,KM1,KM14,OUANI,KM143,OUANI,KM143_0001,OUANI,2023,11742.76125646828
KM,KM1,KM14,OUANI,KM143,OUANI,KM143_0001,OUANI,2024,12045.122982503335
KM,KM1,KM14,OUANI,KM143,OUANI,KM143_0001,OUANI,2025,12353.748272013252
KM,KM1,KM14,OUANI,KM143,OUANI,KM143_0001,OUANI,2026,12667.147572041207
KM,KM1,KM14,OUANI,KM143,OUANI,KM143_0001,OUANI,2027,12985.144796311826
KM,KM1,KM14,OUANI,KM143,OUANI,KM143_0001,OUANI,2028,13305.593730423729
KM,KM1,KM14,OUANI,KM143,OUANI,KM143_0003,BARAKANI,2017,7034.0
KM,KM1,KM14,OUANI,KM143,OUANI,KM143_0003,BARAKANI,2018,7210.610636954955
KM,KM1,KM14,OUANI,KM143,OUANI,KM143_0003,BARAKANI,2019,7393.8173129064235
KM,KM1,KM14,OUANI,KM143,OUANI,KM143_0003,BARAKANI,2020,7583.684483929658
KM,KM1,KM14,OUANI,KM143,OUANI,KM143_0003,BARAKANI,2021,7779.782440551857
KM,KM1,KM14,OUANI,KM143,OUANI,KM143_0003,BARAKANI,2022,7981.251763600751
KM,KM1,KM14,OUANI,KM143,OUANI,KM143_0003,BARAKANI,2023,8185.965390919634
KM,KM1,KM14,OUANI,KM143,OUANI,KM143_0003,BARAKANI,2024,8395.083538039742
KM,KM1,KM14,OUANI,KM143,OUANI,KM143_0003,BARAKANI,2025,8608.692146583633
KM,KM1,KM14,OUANI,KM143,OUANI,KM143_0003,BARAKANI,2026,8825.759913680582
KM,KM1,KM14,OUANI,KM143,OUANI,KM143_0003,BARAKANI,2027,9046.179411650724
KM,KM1,KM14,OUANI,KM143,OUANI,KM143_0003,BARAKANI,2028,9268.468142546555
KM,KM1,KM14,OUANI,KM143,OUANI,KM143_0004,GNATRANGA,2017,3289.0
KM,KM1,KM14,OUANI,KM143,OUANI,KM143_0004,GNATRANGA,2018,3371.5806631994383
KM,KM1,KM14,OUANI,KM143,OUANI,KM143_0004,GNATRANGA,2019,3457.245541960368
KM,KM1,KM14,OUANI,KM143,OUANI,KM143_0004,GNATRANGA,2020,3546.024775041889
KM,KM1,KM14,OUANI,KM143,OUANI,KM143_0004,GNATRANGA,2021,3637.7174363058084
KM,KM1,KM14,OUANI,KM143,OUANI,KM143_0004,GNATRANGA,2022,3731.9216733697567
KM,KM1,KM14,OUANI,KM143,OUANI,KM143_0004,GNATRANGA,2023,3827.642901725146
KM,KM1,KM14,OUANI,KM143,OUANI,KM143_0004,GNATRANGA,2024,3925.423621923899
KM,KM1,KM14,OUANI,KM143,OUANI,KM143_0004,GNATRANGA,2025,4025.304019066473
KM,KM1,KM14,OUANI,KM143,OUANI,KM143_0004,GNATRANGA,2026,4126.801870357611
KM,KM1,KM14,OUANI,KM143,OUANI,KM143_0004,GNATRANGA,2027,4229.866944117036
KM,KM1,KM14,OUANI,KM143,OUANI,KM143_0004,GNATRANGA,2028,4333.80604504345
KM,KM1,KM14,OUANI,KM143,OUANI,KM143_0005,TANAMBAO,2017,2105.0
KM,KM1,KM14,OUANI,KM143,OUANI,KM143_0005,TANAMBAO,2018,2157.852628773128
KM,KM1,KM14,OUANI,KM143,OUANI,KM143_0005,TANAMBAO,2019,2212.6791930150725
KM,KM1,KM14,OUANI,KM143,OUANI,KM143_0005,TANAMBAO,2020,2269.4989818981985
KM,KM1,KM14,OUANI,KM143,OUANI,KM143_0005,TANAMBAO,2021,2328.183400250449
KM,KM1,KM14,OUANI,KM143,OUANI,KM143_0005,TANAMBAO,2022,2388.4752576598776
KM,KM1,KM14,OUANI,KM143,OUANI,KM143_0005,TANAMBAO,2023,2449.7380079450995
KM,KM1,KM14,OUANI,KM143,OUANI,KM143_0005,TANAMBAO,2024,2512.318858057102
KM,KM1,KM14,OUANI,KM143,OUANI,KM143_0005,TANAMBAO,2025,2576.243526948898
KM,KM1,KM14,OUANI,KM143,OUANI,KM143_0005,TANAMBAO,2026,2641.20338616685
KM,KM1,KM14,OUANI,KM143,OUANI,KM143_0005,TANAMBAO,2027,2707.1662868246763
KM,KM1,KM14,OUANI,KM143,OUANI,KM143_0005,TANAMBAO,2028,2773.688575499076
KM,KM1,KM15,SIMA,KM152,SIMA,KM152_0002,KAVANI,2017,2172.0
KM,KM1,KM15,SIMA,KM152,SIMA,KM152_0002,KAVANI,2018,2226.5348739644814
KM,KM1,KM15,SIMA,KM152,SIMA,KM152_0002,KAVANI,2019,2283.1065117476187
KM,KM1,KM15,SIMA,KM152,SIMA,KM152_0002,KAVANI,2020,2341.7348164764317
KM,KM1,KM15,SIMA,KM152,SIMA,KM152_0002,KAVANI,2021,2402.287099925879
KM,KM1,KM15,SIMA,KM152,SIMA,KM152_0002,KAVANI,2022,2464.4979855758925
KM,KM1,KM15,SIMA,KM152,SIMA,KM152_0002,KAVANI,2023,2527.710666630288
KM,KM1,KM15,SIMA,KM152,SIMA,KM152_0002,KAVANI,2024,2592.2834012826725
KM,KM1,KM15,SIMA,KM152,SIMA,KM152_0002,KAVANI,2025,2658.242727094065
KM,KM1,KM15,SIMA,KM152,SIMA,KM152_0002,KAVANI,2026,2725.270192282375
KM,KM1,KM15,SIMA,KM152,SIMA,KM152_0002,KAVANI,2027,2793.332624695105
KM,KM1,KM15,SIMA,KM152,SIMA,KM152_0002,KAVANI,2028,2861.972249873631
KM,KM1,KM15,SIMA,KM152,SIMA,KM152_0003,BIMBINI,2017,1786.0
KM,KM1,KM15,SIMA,KM152,SIMA,KM152_0003,BIMBINI,2018,1830.8431330113092
KM,KM1,KM15,SIMA,KM152,SIMA,KM152_0003,BIMBINI,2019,1877.3610635272776
KM,KM1,KM15,SIMA,KM152,SIMA,KM152_0003,BIMBINI,2020,1925.5701575630321
KM,KM1,KM15,SIMA,KM152,SIMA,KM152_0003,BIMBINI,2021,1975.3613077659393
KM,KM1,KM15,SIMA,KM152,SIMA,KM152_0003,BIMBINI,2022,2026.5162993731788
KM,KM1,KM15,SIMA,KM152,SIMA,KM152_0003,BIMBINI,2023,2078.4950509215905
KM,KM1,KM15,SIMA,KM152,SIMA,KM152_0003,BIMBINI,2024,2131.5921522517738
KM,KM1,KM15,SIMA,KM152,SIMA,KM152_0003,BIMBINI,2025,2185.829424765193
KM,KM1,KM15,SIMA,KM152,SIMA,KM152_0003,BIMBINI,2026,2240.945010780995
KM,KM1,KM15,SIMA,KM152,SIMA,KM152_0003,BIMBINI,2027,2296.9116333818865
KM,KM1,KM15,SIMA,KM152,SIMA,KM152_0003,BIMBINI,2028,2353.352872133658
KM,KM1,KM15,SIMA,KM152,SIMA,KM152_0004,BOUNGOUENI,2017,3534.0
KM,KM1,KM15,SIMA,KM152,SIMA,KM152_0004,BOUNGOUENI,2018,3622.732156809612
KM,KM1,KM15,SIMA,KM152,SIMA,KM152_0004,BOUNGOUENI,2019,3714.7782746390817
KM,KM1,KM15,SIMA,KM152,SIMA,KM152_0004,BOUNGOUENI,2020,3810.170737305574
KM,KM1,KM15,SIMA,KM152,SIMA,KM152_0004,BOUNGOUENI,2021,3908.6936515368584
KM,KM1,KM15,SIMA,KM152,SIMA,KM152_0004,BOUNGOUENI,2022,4009.9152306745877
KM,KM1,KM15,SIMA,KM152,SIMA,KM152_0004,BOUNGOUENI,2023,4112.766802887402
KM,KM1,KM15,SIMA,KM152,SIMA,KM152_0004,BOUNGOUENI,2024,4217.831279987552
KM,KM1,KM15,SIMA,KM152,SIMA,KM152_0004,BOUNGOUENI,2025,4325.151840492829
KM,KM1,KM15,SIMA,KM152,SIMA,KM152_0004,BOUNGOUENI,2026,4434.210340481543
KM,KM1,KM15,SIMA,KM152,SIMA,KM152_0004,BOUNGOUENI,2027,4544.952806479052
KM,KM1,KM15,SIMA,KM152,SIMA,KM152_0004,BOUNGOUENI,2028,4656.634406562344
KM,KM1,KM15,SIMA,KM152,SIMA,KM152_0005,MIRONGANI,2017,1459.0
KM,KM1,KM15,SIMA,KM152,SIMA,KM152_0005,MIRONGANI,2018,1495.6327721520158
KM,KM1,KM15,SIMA,KM152,SIMA,KM152_0005,MIRONGANI,2019,1533.633701952015
KM,KM1,KM15,SIMA,KM152,SIMA,KM152_0005,MIRONGANI,2020,1573.016158949868
KM,KM1,KM15,SIMA,KM152,SIMA,KM152_0005,MIRONGANI,2021,1613.6910123351095
KM,KM1,KM15,SIMA,KM152,SIMA,KM152_0005,MIRONGANI,2022,1655.4800004397916
KM,KM1,KM15,SIMA,KM152,SIMA,KM152_0005,MIRONGANI,2023,1697.941925696865
KM,KM1,KM15,SIMA,KM152,SIMA,KM152_0005,MIRONGANI,2024,1741.3174412851838
KM,KM1,KM15,SIMA,KM152,SIMA,KM152_0005,MIRONGANI,2025,1785.6243733104238
KM,KM1,KM15,SIMA,KM152,SIMA,KM152_0005,MIRONGANI,2026,1830.6488077992565
KM,KM1,KM15,SIMA,KM152,SIMA,KM152_0005,MIRONGANI,2027,1876.3684619844194
KM,KM1,KM15,SIMA,KM152,SIMA,KM152_0005,MIRONGANI,2028,1922.4758345145615
KM,KM1,KM15,SIMA,KM152,SIMA,KM232_0003,SIMA,2017,8737.0
KM,KM1,KM15,SIMA,KM152,SIMA,KM232_0003,SIMA,2018,8747.414382851868
KM,KM1,KM15,SIMA,KM152,SIMA,KM232_0003,SIMA,2019,8757.599493604814
KM,KM1,KM15,SIMA,KM152,SIMA,KM232_0003,SIMA,2020,8767.485613212111
KM,KM1,KM15,SIMA,KM152,SIMA,KM232_0003,SIMA,2021,8777.068988120258
KM,KM1,KM15,SIMA,KM152,SIMA,KM232_0003,SIMA,2022,8786.296024612575
KM,KM1,KM15,SIMA,KM152,SIMA,KM232_0003,SIMA,2023,8795.093990832853
KM,KM1,KM15,SIMA,KM152,SIMA,KM232_0003,SIMA,2024,8803.46380405362
KM,KM1,KM15,SIMA,KM152,SIMA,KM232_0003,SIMA,2025,8811.350911053969
KM,KM1,KM15,SIMA,KM152,SIMA,KM232_0003,SIMA,2026,8818.718651339686
KM,KM1,KM15,SIMA,KM152,SIMA,KM232_0003,SIMA,2027,8825.5027174341
KM,KM1,KM15,SIMA,KM152,SIMA,KM232_0003,SIMA,2028,8831.636007811258
KM,KM1,KM15,SIMA,KM152,SIMA,KM234_0004,MILEMBENI,2017,727.0
KM,KM1,KM15,SIMA,KM152,SIMA,KM234_0004,MILEMBENI,2018,745.2536157330469
KM,KM1,KM15,SIMA,KM152,SIMA,KM234_0004,MILEMBENI,2019,764.1889659486735
KM,KM1,KM15,SIMA,KM152,SIMA,KM234_0004,MILEMBENI,2020,783.8127125130596
KM,KM1,KM15,SIMA,KM152,SIMA,KM234_0004,MILEMBENI,2021,804.0804427468297
KM,KM1,KM15,SIMA,KM152,SIMA,KM234_0004,MILEMBENI,2022,824.9033312678057
KM,KM1,KM15,SIMA,KM152,SIMA,KM234_0004,MILEMBENI,2023,846.0615352855522
KM,KM1,KM15,SIMA,KM152,SIMA,KM234_0004,MILEMBENI,2024,867.6749690296974
KM,KM1,KM15,SIMA,KM152,SIMA,KM234_0004,MILEMBENI,2025,889.7525150080043
KM,KM1,KM15,SIMA,KM152,SIMA,KM234_0004,MILEMBENI,2026,912.1875827759145
KM,KM1,KM15,SIMA,KM152,SIMA,KM234_0004,MILEMBENI,2027,934.9690691313727
KM,KM1,KM15,SIMA,KM152,SIMA,KM234_0004,MILEMBENI,2028,957.9437503030063
KM,KM1,KM15,SIMA,KM153,VOUANI,KM153_0001,MROMOUHOULI,2017,607.0
KM,KM1,KM15,SIMA,KM153,VOUANI,KM153_0001,MROMOUHOULI,2018,622.240639270921
KM,KM1,KM15,SIMA,KM153,VOUANI,KM153_0001,MROMOUHOULI,2019,638.0504846366504
KM,KM1,KM15,SIMA,KM153,VOUANI,KM153_0001,MROMOUHOULI,2020,654.4350983430911
KM,KM1,KM15,SIMA,KM153,VOUANI,KM153_0001,MROMOUHOULI,2021,671.3573985520297
KM,KM1,KM15,SIMA,KM153,VOUANI,KM153_0001,MROMOUHOULI,2022,688.7432215674801
KM,KM1,KM15,SIMA,KM153,VOUANI,KM153_0001,MROMOUHOULI,2023,706.4090122673042
KM,KM1,KM15,SIMA,KM153,VOUANI,KM153_0001,MROMOUHOULI,2024,724.4548916107652
KM,KM1,KM15,SIMA,KM153,VOUANI,KM153_0001,MROMOUHOULI,2025,742.8882759420338
KM,KM1,KM15,SIMA,KM153,VOUANI,KM153_0001,MROMOUHOULI,2026,761.6201688376618
KM,KM1,KM15,SIMA,KM153,VOUANI,KM153_0001,MROMOUHOULI,2027,780.6412998112012
KM,KM1,KM15,SIMA,KM153,VOUANI,KM153_0001,MROMOUHOULI,2028,799.8237364978334
KM,KM1,KM15,SIMA,KM153,VOUANI,KM153_0002,MARAHARE,2017,1969.0
KM,KM1,KM15,SIMA,KM153,VOUANI,KM153_0002,MARAHARE,2018,2018.4379221160518
KM,KM1,KM15,SIMA,KM153,VOUANI,KM153_0002,MARAHARE,2019,2069.7222475281133
KM,KM1,KM15,SIMA,KM153,VOUANI,KM153_0002,MARAHARE,2020,2122.8710191722344
KM,KM1,KM15,SIMA,KM153,VOUANI,KM153_0002,MARAHARE,2021,2177.7639501630097
KM,KM1,KM15,SIMA,KM153,VOUANI,KM153_0002,MARAHARE,2022,2234.1604666661756
KM,KM1,KM15,SIMA,KM153,VOUANI,KM153_0002,MARAHARE,2023,2291.465148524419
KM,KM1,KM15,SIMA,KM153,VOUANI,KM153_0002,MARAHARE,2024,2350.0027703156456
KM,KM1,KM15,SIMA,KM153,VOUANI,KM153_0002,MARAHARE,2025,2409.7973893407984
KM,KM1,KM15,SIMA,KM153,VOUANI,KM153_0002,MARAHARE,2026,2470.560317036831
KM,KM1,KM15,SIMA,KM153,VOUANI,KM153_0002,MARAHARE,2027,2532.261481595149
KM,KM1,KM15,SIMA,KM153,VOUANI,KM153_0002,MARAHARE,2028,2594.485893186547
KM,KM1,KM15,SIMA,KM153,VOUANI,KM153_0003,HASSIMPAO,2017,1533.0
KM,KM1,KM15,SIMA,KM153,VOUANI,KM153_0003,HASSIMPAO,2018,1571.4907743036601
KM,KM1,KM15,SIMA,KM153,VOUANI,KM153_0003,HASSIMPAO,2019,1611.4190987610955
KM,KM1,KM15,SIMA,KM153,VOUANI,KM153_0003,HASSIMPAO,2020,1652.7990210213488
KM,KM1,KM15,SIMA,KM153,VOUANI,KM153_0003,HASSIMPAO,2021,1695.5368895885695
KM,KM1,KM15,SIMA,KM153,VOUANI,KM153_0003,HASSIMPAO,2022,1739.4454014216592
KM,KM1,KM15,SIMA,KM153,VOUANI,KM153_0003,HASSIMPAO,2023,1784.0609815581176
KM,KM1,KM15,SIMA,KM153,VOUANI,KM153_0003,HASSIMPAO,2024,1829.6364890268585
KM,KM1,KM15,SIMA,KM153,VOUANI,KM153_0003,HASSIMPAO,2025,1876.1906540677724
KM,KM1,KM15,SIMA,KM153,VOUANI,KM153_0003,HASSIMPAO,2026,1923.498713061179
KM,KM1,KM15,SIMA,KM153,VOUANI,KM153_0003,HASSIMPAO,2027,1971.5372530651919
KM,KM1,KM15,SIMA,KM153,VOUANI,KM153_0003,HASSIMPAO,2028,2019.9831763610848
KM,KM1,KM15,SIMA,KM153,VOUANI,KM153_0004,SHITSANGASHELI,2017,155.0
KM,KM1,KM15,SIMA,KM153,VOUANI,KM153_0004,SHITSANGASHELI,2018,158.89176126357947
KM,KM1,KM15,SIMA,KM153,VOUANI,KM153_0004,SHITSANGASHELI,2019,162.92887169469657
KM,KM1,KM15,SIMA,KM153,VOUANI,KM153_0004,SHITSANGASHELI,2020,167.11275163620942
KM,KM1,KM15,SIMA,KM153,VOUANI,KM153_0004,SHITSANGASHELI,2021,171.43393208494993
KM,KM1,KM15,SIMA,KM153,VOUANI,KM153_0004,SHITSANGASHELI,2022,175.8734750295872
KM,KM1,KM15,SIMA,KM153,VOUANI,KM153_0004,SHITSANGASHELI,2023,180.3845088985703
KM,KM1,KM15,SIMA,KM153,VOUANI,KM153_0004,SHITSANGASHELI,2024,184.99259999945406
KM,KM1,KM15,SIMA,KM153,VOUANI,KM153_0004,SHITSANGASHELI,2025,189.6996421268785
KM,KM1,KM15,SIMA,KM153,VOUANI,KM153_0004,SHITSANGASHELI,2026,194.48290967024315
KM,KM1,KM15,SIMA,KM153,VOUANI,KM153_0004,SHITSANGASHELI,2027,199.3400353718883
KM,KM1,KM15,SIMA,KM153,VOUANI,KM153_0004,SHITSANGASHELI,2028,204.2383511650151
KM,KM1,KM15,SIMA,KM153,VOUANI,KM153_0005,VASSI,2017,1263.0
KM,KM1,KM15,SIMA,KM153,VOUANI,KM153_0005,VASSI,2018,1294.7115772638767
KM,KM1,KM15,SIMA,KM153,VOUANI,KM153_0005,VASSI,2019,1327.6075158090437
KM,KM1,KM15,SIMA,KM153,VOUANI,KM153_0005,VASSI,2020,1361.6993891389193
KM,KM1,KM15,SIMA,KM153,VOUANI,KM153_0005,VASSI,2021,1396.9100401502694
KM,KM1,KM15,SIMA,KM153,VOUANI,KM153_0005,VASSI,2022,1433.0851545959267
KM,KM1,KM15,SIMA,KM153,VOUANI,KM153_0005,VASSI,2023,1469.8428047670598
KM,KM1,KM15,SIMA,KM153,VOUANI,KM153_0005,VASSI,2024,1507.3913148342613
KM,KM1,KM15,SIMA,KM153,VOUANI,KM153_0005,VASSI,2025,1545.7461161693388
KM,KM1,KM15,SIMA,KM153,VOUANI,KM153_0005,VASSI,2026,1584.7220317001102
KM,KM1,KM15,SIMA,KM153,VOUANI,KM153_0005,VASSI,2027,1624.2997720948058
KM,KM1,KM15,SIMA,KM153,VOUANI,KM153_0005,VASSI,2028,1664.2131452994458
KM,KM1,KM15,SIMA,KM153,VOUANI,KM153_0006,IMERE,2017,448.0
KM,KM1,KM15,SIMA,KM153,VOUANI,KM153_0006,IMERE,2018,459.2484454586039
KM,KM1,KM15,SIMA,KM153,VOUANI,KM153_0006,IMERE,2019,470.91699689821974
KM,KM1,KM15,SIMA,KM153,VOUANI,KM153_0006,IMERE,2020,483.0097595678827
KM,KM1,KM15,SIMA,KM153,VOUANI,KM153_0006,IMERE,2021,495.49936499391987
KM,KM1,KM15,SIMA,KM153,VOUANI,KM153_0006,IMERE,2022,508.33107621454883
KM,KM1,KM15,SIMA,KM153,VOUANI,KM153_0006,IMERE,2023,521.3694192681257
KM,KM1,KM15,SIMA,KM153,VOUANI,KM153_0006,IMERE,2024,534.6882890306802
KM,KM1,KM15,SIMA,KM153,VOUANI,KM153_0006,IMERE,2025,548.293159179623
KM,KM1,KM15,SIMA,KM153,VOUANI,KM153_0006,IMERE,2026,562.1183453694769
KM,KM1,KM15,SIMA,KM153,VOUANI,KM153_0006,IMERE,2027,576.1570054619739
KM,KM1,KM15,SIMA,KM153,VOUANI,KM153_0006,IMERE,2028,590.3147182059791
KM,KM1,KM15,SIMA,KM153,VOUANI,KM153_0007,DZINDRI I,2017,2537.0
KM,KM1,KM15,SIMA,KM153,VOUANI,KM153_0007,DZINDRI I,2018,2600.6993440367814
KM,KM1,KM15,SIMA,KM153,VOUANI,KM153_0007,DZINDRI I,2019,2666.777725738356
KM,KM1,KM15,SIMA,KM153,VOUANI,KM153_0007,DZINDRI I,2020,2735.2583929100856
KM,KM1,KM15,SIMA,KM153,VOUANI,KM153_0007,DZINDRI I,2021,2805.986359351729
KM,KM1,KM15,SIMA,KM153,VOUANI,KM153_0007,DZINDRI I,2022,2878.65165258105
KM,KM1,KM15,SIMA,KM153,VOUANI,KM153_0007,DZINDRI I,2023,2952.4870908107923
KM,KM1,KM15,SIMA,KM153,VOUANI,KM153_0007,DZINDRI I,2024,3027.9111367652577
KM,KM1,KM15,SIMA,KM153,VOUANI,KM153_0007,DZINDRI I,2025,3104.9547875863914
KM,KM1,KM15,SIMA,KM153,VOUANI,KM153_0007,DZINDRI I,2026,3183.24607634456
KM,KM1,KM15,SIMA,KM153,VOUANI,KM153_0007,DZINDRI I,2027,3262.746256377294
KM,KM1,KM15,SIMA,KM153,VOUANI,KM153_0007,DZINDRI I,2028,3342.920625197699
KM,KM1,KM15,SIMA,KM153,VOUANI,KM153_0008,VOUANI,2017,3397.0
KM,KM1,KM15,SIMA,KM153,VOUANI,KM153_0008,VOUANI,2018,3482.2923420153516
KM,KM1,KM15,SIMA,KM153,VOUANI,KM153_0008,VOUANI,2019,3570.7701751411887
KM,KM1,KM15,SIMA,KM153,VOUANI,KM153_0008,VOUANI,2020,3662.464627794861
KM,KM1,KM15,SIMA,KM153,VOUANI,KM153_0008,VOUANI,2021,3757.168176081129
KM,KM1,KM15,SIMA,KM153,VOUANI,KM153_0008,VOUANI,2022,3854.46577210005
KM,KM1,KM15,SIMA,KM153,VOUANI,KM153_0008,VOUANI,2023,3953.330172441569
KM,KM1,KM15,SIMA,KM153,VOUANI,KM153_0008,VOUANI,2024,4054.3216916009383
KM,KM1,KM15,SIMA,KM153,VOUANI,KM153_0008,VOUANI,2025,4157.481834225847
KM,KM1,KM15,SIMA,KM153,VOUANI,KM153_0008,VOUANI,2026,4262.312542902038
KM,KM1,KM15,SIMA,KM153,VOUANI,KM153_0008,VOUANI,2027,4368.7619365051905
KM,KM1,KM15,SIMA,KM153,VOUANI,KM153_0008,VOUANI,2028,4476.114057468105
KM,KM1,KM15,SIMA,KM153,VOUANI,KM153_0009,DAR SALAMA,2017,1344.0
KM,KM1,KM15,SIMA,KM153,VOUANI,KM153_0009,DAR SALAMA,2018,1377.7453363758118
KM,KM1,KM15,SIMA,KM153,VOUANI,KM153_0009,DAR SALAMA,2019,1412.750990694659
KM,KM1,KM15,SIMA,KM153,VOUANI,KM153_0009,DAR SALAMA,2020,1449.029278703648
KM,KM1,KM15,SIMA,KM153,VOUANI,KM153_0009,DAR SALAMA,2021,1486.4980949817596
KM,KM1,KM15,SIMA,KM153,VOUANI,KM153_0009,DAR SALAMA,2022,1524.9932286436463
KM,KM1,KM15,SIMA,KM153,VOUANI,KM153_0009,DAR SALAMA,2023,1564.108257804377
KM,KM1,KM15,SIMA,KM153,VOUANI,KM153_0009,DAR SALAMA,2024,1604.0648670920402
KM,KM1,KM15,SIMA,KM153,VOUANI,KM153_0009,DAR SALAMA,2025,1644.879477538869
KM,KM1,KM15,SIMA,KM153,VOUANI,KM153_0009,DAR SALAMA,2026,1686.3550361084308
KM,KM1,KM15,SIMA,KM153,VOUANI,KM153_0009,DAR SALAMA,2027,1728.4710163859215
KM,KM1,KM15,SIMA,KM153,VOUANI,KM153_0009,DAR SALAMA,2028,1770.9441546179373
KM,KM1,KM15,SIMA,KM153,VOUANI,KM153_0010,BANDRANI YA VOUANI,2017,1685.0
KM,KM1,KM15,SIMA,KM153,VOUANI,KM153_0010,BANDRANI YA VOUANI,2018,1727.3072111556864
KM,KM1,KM15,SIMA,KM153,VOUANI,KM153_0010,BANDRANI YA VOUANI,2019,1771.1945084229915
KM,KM1,KM15,SIMA,KM153,VOUANI,KM153_0010,BANDRANI YA VOUANI,2020,1816.6773323033087
KM,KM1,KM15,SIMA,KM153,VOUANI,KM153_0010,BANDRANI YA VOUANI,2021,1863.6527455686492
KM,KM1,KM15,SIMA,KM153,VOUANI,KM153_0010,BANDRANI YA VOUANI,2022,1911.914873708738
KM,KM1,KM15,SIMA,KM153,VOUANI,KM153_0010,BANDRANI YA VOUANI,2023,1960.9541773812318
KM,KM1,KM15,SIMA,KM153,VOUANI,KM153_0010,BANDRANI YA VOUANI,2024,2011.0485870908392
KM,KM1,KM15,SIMA,KM153,VOUANI,KM153_0010,BANDRANI YA VOUANI,2025,2062.2186902180015
KM,KM1,KM15,SIMA,KM153,VOUANI,KM153_0010,BANDRANI YA VOUANI,2026,2114.2174373829657
KM,KM1,KM15,SIMA,KM153,VOUANI,KM153_0010,BANDRANI YA VOUANI,2027,2167.0190942040754
KM,KM1,KM15,SIMA,KM153,VOUANI,KM153_0010,BANDRANI YA VOUANI,2028,2220.2685271809705
KM,KM1,KM15,SIMA,KM153,VOUANI,KM153_0011,CHIROVE,2017,264.0
KM,KM1,KM15,SIMA,KM153,VOUANI,KM153_0011,CHIROVE,2018,270.6285482166773
KM,KM1,KM15,SIMA,KM153,VOUANI,KM153_0011,CHIROVE,2019,277.5046588864509
KM,KM1,KM15,SIMA,KM153,VOUANI,KM153_0011,CHIROVE,2020,284.63075117393083
KM,KM1,KM15,SIMA,KM153,VOUANI,KM153_0011,CHIROVE,2021,291.99069722855995
KM,KM1,KM15,SIMA,KM153,VOUANI,KM153_0011,CHIROVE,2022,299.55224134071625
KM,KM1,KM15,SIMA,KM153,VOUANI,KM153_0011,CHIROVE,2023,307.2355506401455
KM,KM1,KM15,SIMA,KM153,VOUANI,KM153_0011,CHIROVE,2024,315.0841703216508
KM,KM1,KM15,SIMA,KM153,VOUANI,KM153_0011,CHIROVE,2025,323.10132594513493
KM,KM1,KM15,SIMA,KM153,VOUANI,KM153_0011,CHIROVE,2026,331.24831066415607
KM,KM1,KM15,SIMA,KM153,VOUANI,KM153_0011,CHIROVE,2027,339.5210925043774
KM,KM1,KM15,SIMA,KM153,VOUANI,KM153_0011,CHIROVE,2028,347.8640303713806
KM,KM1,KM15,SIMA,KM153,VOUANI,KM153_0012,MARONTRONI,2017,407.0
KM,KM1,KM15,SIMA,KM153,VOUANI,KM153_0012,MARONTRONI,2018,417.2190118340441
KM,KM1,KM15,SIMA,KM153,VOUANI,KM153_0012,MARONTRONI,2019,427.81968244994516
KM,KM1,KM15,SIMA,KM153,VOUANI,KM153_0012,MARONTRONI,2020,438.8057413931435
KM,KM1,KM15,SIMA,KM153,VOUANI,KM153_0012,MARONTRONI,2021,450.15232489402985
KM,KM1,KM15,SIMA,KM153,VOUANI,KM153_0012,MARONTRONI,2022,461.8097054002709
KM,KM1,KM15,SIMA,KM153,VOUANI,KM153_0012,MARONTRONI,2023,473.65480723689103
KM,KM1,KM15,SIMA,KM153,VOUANI,KM153_0012,MARONTRONI,2024,485.7547625792117
KM,KM1,KM15,SIMA,KM153,VOUANI,KM153_0012,MARONTRONI,2025,498.1145441654164
KM,KM1,KM15,SIMA,KM153,VOUANI,KM153_0012,MARONTRONI,2026,510.6744789405739
KM,KM1,KM15,SIMA,KM153,VOUANI,KM153_0012,MARONTRONI,2027,523.4283509442486
KM,KM1,KM15,SIMA,KM153,VOUANI,KM153_0012,MARONTRONI,2028,536.2903801558784
KM,KM1,KM15,SIMA,KM153,VOUANI,KM153_0014,SALAMANI,2017,407.0
KM,KM1,KM15,SIMA,KM153,VOUANI,KM153_0014,SALAMANI,2018,417.2190118340441
KM,KM1,KM15,SIMA,KM153,VOUANI,KM153_0014,SALAMANI,2019,427.81968244994516
KM,KM1,KM15,SIMA,KM153,VOUANI,KM153_0014,SALAMANI,2020,438.8057413931435
KM,KM1,KM15,SIMA,KM153,VOUANI,KM153_0014,SALAMANI,2021,450.15232489402985
KM,KM1,KM15,SIMA,KM153,VOUANI,KM153_0014,SALAMANI,2022,461.8097054002709
KM,KM1,KM15,SIMA,KM153,VOUANI,KM153_0014,SALAMANI,2023,473.65480723689103
KM,KM1,KM15,SIMA,KM153,VOUANI,KM153_0014,SALAMANI,2024,485.7547625792117
KM,KM1,KM15,SIMA,KM153,VOUANI,KM153_0014,SALAMANI,2025,498.1145441654164
KM,KM1,KM15,SIMA,KM153,VOUANI,KM153_0014,SALAMANI,2026,510.6744789405739
KM,KM1,KM15,SIMA,KM153,VOUANI,KM153_0014,SALAMANI,2027,523.4283509442486
KM,KM1,KM15,SIMA,KM153,VOUANI,KM153_0014,SALAMANI,2028,536.2903801558784
KM,KM1,KM15,SIMA,KM153,VOUANI,KM153_0015,IMERE YA GAWANI,2017,742.0
KM,KM1,KM15,SIMA,KM153,VOUANI,KM153_0015,IMERE YA GAWANI,2018,760.6302377908127
KM,KM1,KM15,SIMA,KM153,VOUANI,KM153_0015,IMERE YA GAWANI,2019,779.9562761126764
KM,KM1,KM15,SIMA,KM153,VOUANI,KM153_0015,IMERE YA GAWANI,2020,799.9849142843057
KM,KM1,KM15,SIMA,KM153,VOUANI,KM153_0015,IMERE YA GAWANI,2021,820.6708232711796
KM,KM1,KM15,SIMA,KM153,VOUANI,KM153_0015,IMERE YA GAWANI,2022,841.9233449803463
KM,KM1,KM15,SIMA,KM153,VOUANI,KM153_0015,IMERE YA GAWANI,2023,863.5181006628331
KM,KM1,KM15,SIMA,KM153,VOUANI,KM153_0015,IMERE YA GAWANI,2024,885.5774787070638
KM,KM1,KM15,SIMA,KM153,VOUANI,KM153_0015,IMERE YA GAWANI,2025,908.1105448912505
KM,KM1,KM15,SIMA,KM153,VOUANI,KM153_0015,IMERE YA GAWANI,2026,931.0085095181961
KM,KM1,KM15,SIMA,KM153,VOUANI,KM153_0015,IMERE YA GAWANI,2027,954.2600402963941
KM,KM1,KM15,SIMA,KM153,VOUANI,KM153_0015,IMERE YA GAWANI,2028,977.7087520286528
KM,KM1,KM16,MOYA,KM151,MOYA,KM151_0001,MOYA,2017,8986.0
KM,KM1,KM16,MOYA,KM151,MOYA,KM151_0001,MOYA,2018,9211.621720738873
KM,KM1,KM16,MOYA,KM151,MOYA,KM151_0001,MOYA,2019,9445.669942248665
KM,KM1,KM16,MOYA,KM151,MOYA,KM151_0001,MOYA,2020,9688.227007761148
KM,KM1,KM16,MOYA,KM151,MOYA,KM151_0001,MOYA,2021,9938.743959453936
KM,KM1,KM16,MOYA,KM151,MOYA,KM151_0001,MOYA,2022,10196.122881392714
KM,KM1,KM16,MOYA,KM151,MOYA,KM151_0001,MOYA,2023,10457.646432016469
KM,KM1,KM16,MOYA,KM151,MOYA,KM151_0001,MOYA,2024,10724.796797387704
KM,KM1,KM16,MOYA,KM151,MOYA,KM151_0001,MOYA,2025,10997.683768723418
KM,KM1,KM16,MOYA,KM151,MOYA,KM151_0001,MOYA,2026,11274.98984707616
KM,KM1,KM16,MOYA,KM151,MOYA,KM151_0001,MOYA,2027,11556.57779259218
KM,KM1,KM16,MOYA,KM151,MOYA,KM151_0001,MOYA,2028,11840.553700444038
KM,KM1,KM16,MOYA,KM151,MOYA,KM151_0002,KOWET,2017,2101.0
KM,KM1,KM16,MOYA,KM151,MOYA,KM151_0002,KOWET,2018,2153.7521962243904
KM,KM1,KM16,MOYA,KM151,MOYA,KM151_0002,KOWET,2019,2208.4745769713386
KM,KM1,KM16,MOYA,KM151,MOYA,KM151_0002,KOWET,2020,2265.1863947592
KM,KM1,KM16,MOYA,KM151,MOYA,KM151_0002,KOWET,2021,2323.7592987772896
KM,KM1,KM16,MOYA,KM151,MOYA,KM151_0002,KOWET,2022,2383.9365873365336
KM,KM1,KM16,MOYA,KM151,MOYA,KM151_0002,KOWET,2023,2445.0829238444917
KM,KM1,KM16,MOYA,KM151,MOYA,KM151_0002,KOWET,2024,2507.544855476471
KM,KM1,KM16,MOYA,KM151,MOYA,KM151_0002,KOWET,2025,2571.3480523133658
KM,KM1,KM16,MOYA,KM151,MOYA,KM151_0002,KOWET,2026,2636.1844723689087
KM,KM1,KM16,MOYA,KM151,MOYA,KM151_0002,KOWET,2027,2702.022027847337
KM,KM1,KM16,MOYA,KM151,MOYA,KM151_0002,KOWET,2028,2768.4179083722374
KM,KM1,KM16,MOYA,KM151,MOYA,KM151_0003,POMONI,2017,4238.0
KM,KM1,KM16,MOYA,KM151,MOYA,KM151_0003,POMONI,2018,4344.408285387418
KM,KM1,KM16,MOYA,KM151,MOYA,KM151_0003,POMONI,2019,4454.790698336284
KM,KM1,KM16,MOYA,KM151,MOYA,KM151_0003,POMONI,2020,4569.1860737693905
KM,KM1,KM16,MOYA,KM151,MOYA,KM151_0003,POMONI,2021,4687.335510813018
KM,KM1,KM16,MOYA,KM151,MOYA,KM151_0003,POMONI,2022,4808.721207583165
KM,KM1,KM16,MOYA,KM151,MOYA,KM151_0003,POMONI,2023,4932.061604594457
KM,KM1,KM16,MOYA,KM151,MOYA,KM151_0003,POMONI,2024,5058.055734178621
KM,KM1,KM16,MOYA,KM151,MOYA,KM151_0003,POMONI,2025,5186.755376346522
KM,KM1,KM16,MOYA,KM151,MOYA,KM151_0003,POMONI,2026,5317.539168919292
KM,KM1,KM16,MOYA,KM151,MOYA,KM151_0003,POMONI,2027,5450.342386490725
KM,KM1,KM16,MOYA,KM151,MOYA,KM151_0003,POMONI,2028,5584.271820886026
KM,KM1,KM16,MOYA,KM151,MOYA,KM151_0004,NINDRI,2017,3074.0
KM,KM1,KM16,MOYA,KM151,MOYA,KM151_0004,NINDRI,2018,3151.1824137047956
KM,KM1,KM16,MOYA,KM151,MOYA,KM151_0004,NINDRI,2019,3231.24742960966
KM,KM1,KM16,MOYA,KM151,MOYA,KM151_0004,NINDRI,2020,3314.2232163206954
KM,KM1,KM16,MOYA,KM151,MOYA,KM151_0004,NINDRI,2021,3399.921982123459
KM,KM1,KM16,MOYA,KM151,MOYA,KM151_0004,NINDRI,2022,3487.9681434900067
KM,KM1,KM16,MOYA,KM151,MOYA,KM151_0004,NINDRI,2023,3577.432131317452
KM,KM1,KM16,MOYA,KM151,MOYA,KM151_0004,NINDRI,2024,3668.8209832149796
KM,KM1,KM16,MOYA,KM151,MOYA,KM151_0004,NINDRI,2025,3762.1722574066093
KM,KM1,KM16,MOYA,KM151,MOYA,KM151_0004,NINDRI,2026,3857.035253718241
KM,KM1,KM16,MOYA,KM151,MOYA,KM151_0004,NINDRI,2027,3953.3630240850616
KM,KM1,KM16,MOYA,KM151,MOYA,KM151_0004,NINDRI,2028,4050.5076869758477
KM,KM1,KM16,MOYA,KM151,MOYA,KM151_0005,LINGONI,2017,4947.0
KM,KM1,KM16,MOYA,KM151,MOYA,KM151_0005,LINGONI,2018,5071.209954651146
KM,KM1,KM16,MOYA,KM151,MOYA,KM151_0005,LINGONI,2019,5200.058892088154
KM,KM1,KM16,MOYA,KM151,MOYA,KM151_0005,LINGONI,2020,5333.592144156954
KM,KM1,KM16,MOYA,KM151,MOYA,KM151_0005,LINGONI,2021,5471.507496930628
KM,KM1,KM16,MOYA,KM151,MOYA,KM151_0005,LINGONI,2022,5613.200522395921
KM,KM1,KM16,MOYA,KM151,MOYA,KM151_0005,LINGONI,2023,5757.175261427273
KM,KM1,KM16,MOYA,KM151,MOYA,KM151_0005,LINGONI,2024,5904.247691595479
KM,KM1,KM16,MOYA,KM151,MOYA,KM151_0005,LINGONI,2025,6054.478255494631
KM,KM1,KM16,MOYA,KM151,MOYA,KM151_0005,LINGONI,2026,6207.141639604471
KM,KM1,KM16,MOYA,KM151,MOYA,KM151_0005,LINGONI,2027,6362.162290224073
KM,KM1,KM16,MOYA,KM151,MOYA,KM151_0005,LINGONI,2028,6518.497569118256
KM,KM1,KM16,MOYA,KM151,MOYA,KM151_0007,MAWENI,2017,794.0
KM,KM1,KM16,MOYA,KM151,MOYA,KM151_0007,MAWENI,2018,813.9358609244006
KM,KM1,KM16,MOYA,KM151,MOYA,KM151_0007,MAWENI,2019,834.6162846812198
KM,KM1,KM16,MOYA,KM151,MOYA,KM151_0007,MAWENI,2020,856.0485470912921
KM,KM1,KM16,MOYA,KM151,MOYA,KM151_0007,MAWENI,2021,878.1841424222597
KM,KM1,KM16,MOYA,KM151,MOYA,KM151_0007,MAWENI,2022,900.9260591838208
KM,KM1,KM16,MOYA,KM151,MOYA,KM151_0007,MAWENI,2023,924.0341939707406
KM,KM1,KM16,MOYA,KM151,MOYA,KM151_0007,MAWENI,2024,947.6395122552678
KM,KM1,KM16,MOYA,KM151,MOYA,KM151_0007,MAWENI,2025,971.7517151531711
KM,KM1,KM16,MOYA,KM151,MOYA,KM151_0007,MAWENI,2026,996.254388891439
KM,KM1,KM16,MOYA,KM151,MOYA,KM151_0007,MAWENI,2027,1021.1354070018018
KM,KM1,KM16,MOYA,KM151,MOYA,KM151_0007,MAWENI,2028,1046.2274246775612
KM,KM2,KM21,HAMAHAMET MBOINKOU,KM211,MBOINKOU,KM211_0001,MADJEOUENI,2017,1719.0
KM,KM2,KM21,HAMAHAMET MBOINKOU,KM211,MBOINKOU,KM211_0001,MADJEOUENI,2018,1756.4055392897308
KM,KM2,KM21,HAMAHAMET MBOINKOU,KM211,MBOINKOU,KM211_0001,MADJEOUENI,2019,1795.5420180500973
KM,KM2,KM21,HAMAHAMET MBOINKOU,KM211,MBOINKOU,KM211_0001,MADJEOUENI,2020,1836.4502175270654
KM,KM2,KM21,HAMAHAMET MBOINKOU,KM211,MBOINKOU,KM211_0001,MADJEOUENI,2021,1879.034981292819
KM,KM2,KM21,HAMAHAMET MBOINKOU,KM211,MBOINKOU,KM211_0001,MADJEOUENI,2022,1923.115059004107
KM,KM2,KM21,HAMAHAMET MBOINKOU,KM211,MBOINKOU,KM211_0001,MADJEOUENI,2023,1968.210137373209
KM,KM2,KM21,HAMAHAMET MBOINKOU,KM211,MBOINKOU,KM211_0001,MADJEOUENI,2024,2014.6147479927968
KM,KM2,KM21,HAMAHAMET MBOINKOU,KM211,MBOINKOU,KM211_0001,MADJEOUENI,2025,2062.3742033530766
KM,KM2,KM21,HAMAHAMET MBOINKOU,KM211,MBOINKOU,KM211_0001,MADJEOUENI,2026,2111.2710030134645
KM,KM2,KM21,HAMAHAMET MBOINKOU,KM211,MBOINKOU,KM211_0001,MADJEOUENI,2027,2161.3051469022557
KM,KM2,KM21,HAMAHAMET MBOINKOU,KM211,MBOINKOU,KM211_0001,MADJEOUENI,2028,2212.1639781510507
KM,KM2,KM21,HAMAHAMET MBOINKOU,KM211,MBOINKOU,KM211_0002,SADANI YA MBOIKOU,2017,603.0
KM,KM2,KM21,HAMAHAMET MBOINKOU,KM211,MBOINKOU,KM211_0002,SADANI YA MBOIKOU,2018,616.121314829382
KM,KM2,KM21,HAMAHAMET MBOINKOU,KM211,MBOINKOU,KM211_0002,SADANI YA MBOIKOU,2019,629.8498178500341
KM,KM2,KM21,HAMAHAMET MBOINKOU,KM211,MBOINKOU,KM211_0002,SADANI YA MBOIKOU,2020,644.1998145252011
KM,KM2,KM21,HAMAHAMET MBOINKOU,KM211,MBOINKOU,KM211_0002,SADANI YA MBOIKOU,2021,659.137925374968
KM,KM2,KM21,HAMAHAMET MBOINKOU,KM211,MBOINKOU,KM211_0002,SADANI YA MBOIKOU,2022,674.6005704359957
KM,KM2,KM21,HAMAHAMET MBOINKOU,KM211,MBOINKOU,KM211_0002,SADANI YA MBOIKOU,2023,690.4192628481937
KM,KM2,KM21,HAMAHAMET MBOINKOU,KM211,MBOINKOU,KM211_0002,SADANI YA MBOIKOU,2024,706.6973199765308
KM,KM2,KM21,HAMAHAMET MBOINKOU,KM211,MBOINKOU,KM211_0002,SADANI YA MBOIKOU,2025,723.4506367783044
KM,KM2,KM21,HAMAHAMET MBOINKOU,KM211,MBOINKOU,KM211_0002,SADANI YA MBOIKOU,2026,740.6029172874455
KM,KM2,KM21,HAMAHAMET MBOINKOU,KM211,MBOINKOU,KM211_0002,SADANI YA MBOIKOU,2027,758.1541614788017
KM,KM2,KM21,HAMAHAMET MBOINKOU,KM211,MBOINKOU,KM211_0002,SADANI YA MBOIKOU,2028,775.9946939063894
KM,KM2,KM21,HAMAHAMET MBOINKOU,KM211,MBOINKOU,KM211_0003,TRELEZINI,2017,534.0
KM,KM2,KM21,HAMAHAMET MBOINKOU,KM211,MBOINKOU,KM211_0003,TRELEZINI,2018,545.6198708439304
KM,KM2,KM21,HAMAHAMET MBOINKOU,KM211,MBOINKOU,KM211_0003,TRELEZINI,2019,557.7774506333635
KM,KM2,KM21,HAMAHAMET MBOINKOU,KM211,MBOINKOU,KM211_0003,TRELEZINI,2020,570.4854078879889
KM,KM2,KM21,HAMAHAMET MBOINKOU,KM211,MBOINKOU,KM211_0003,TRELEZINI,2021,583.7141826703696
KM,KM2,KM21,HAMAHAMET MBOINKOU,KM211,MBOINKOU,KM211_0003,TRELEZINI,2022,597.4074703363543
KM,KM2,KM21,HAMAHAMET MBOINKOU,KM211,MBOINKOU,KM211_0003,TRELEZINI,2023,611.4160636168083
KM,KM2,KM21,HAMAHAMET MBOINKOU,KM211,MBOINKOU,KM211_0003,TRELEZINI,2024,625.8314574916541
KM,KM2,KM21,HAMAHAMET MBOINKOU,KM211,MBOINKOU,KM211_0003,TRELEZINI,2025,640.6677280922297
KM,KM2,KM21,HAMAHAMET MBOINKOU,KM211,MBOINKOU,KM211_0003,TRELEZINI,2026,655.8573098366433
KM,KM2,KM21,HAMAHAMET MBOINKOU,KM211,MBOINKOU,KM211_0003,TRELEZINI,2027,671.4002027026204
KM,KM2,KM21,HAMAHAMET MBOINKOU,KM211,MBOINKOU,KM211_0003,TRELEZINI,2028,687.1992811708324
KM,KM2,KM21,HAMAHAMET MBOINKOU,KM211,MBOINKOU,KM211_0004,CHEZANI,2017,2657.0
KM,KM2,KM21,HAMAHAMET MBOINKOU,KM211,MBOINKOU,KM211_0004,CHEZANI,2018,2714.8164734687693
KM,KM2,KM21,HAMAHAMET MBOINKOU,KM211,MBOINKOU,KM211_0004,CHEZANI,2019,2775.3084013723724
KM,KM2,KM21,HAMAHAMET MBOINKOU,KM211,MBOINKOU,KM211_0004,CHEZANI,2020,2838.5388178996004
KM,KM2,KM21,HAMAHAMET MBOINKOU,KM211,MBOINKOU,KM211_0004,CHEZANI,2021,2904.3606429872134
KM,KM2,KM21,HAMAHAMET MBOINKOU,KM211,MBOINKOU,KM211_0004,CHEZANI,2022,2972.493724126766
KM,KM2,KM21,HAMAHAMET MBOINKOU,KM211,MBOINKOU,KM211_0004,CHEZANI,2023,3042.195657359288
KM,KM2,KM21,HAMAHAMET MBOINKOU,KM211,MBOINKOU,KM211_0004,CHEZANI,2024,3113.921690178511
KM,KM2,KM21,HAMAHAMET MBOINKOU,KM211,MBOINKOU,KM211_0004,CHEZANI,2025,3187.741860563772
KM,KM2,KM21,HAMAHAMET MBOINKOU,KM211,MBOINKOU,KM211_0004,CHEZANI,2026,3263.319985460602
KM,KM2,KM21,HAMAHAMET MBOINKOU,KM211,MBOINKOU,KM211_0004,CHEZANI,2027,3340.656064758169
KM,KM2,KM21,HAMAHAMET MBOINKOU,KM211,MBOINKOU,KM211_0004,CHEZANI,2028,3419.266835338767
KM,KM2,KM21,HAMAHAMET MBOINKOU,KM211,MBOINKOU,KM211_0005,NDROUDE,2017,2013.0
KM,KM2,KM21,HAMAHAMET MBOINKOU,KM211,MBOINKOU,KM211_0005,NDROUDE,2018,2056.8029962712203
KM,KM2,KM21,HAMAHAMET MBOINKOU,KM211,MBOINKOU,KM211_0005,NDROUDE,2019,2102.6329740167807
KM,KM2,KM21,HAMAHAMET MBOINKOU,KM211,MBOINKOU,KM211_0005,NDROUDE,2020,2150.537689285621
KM,KM2,KM21,HAMAHAMET MBOINKOU,KM211,MBOINKOU,KM211_0005,NDROUDE,2021,2200.405711077629
KM,KM2,KM21,HAMAHAMET MBOINKOU,KM211,MBOINKOU,KM211_0005,NDROUDE,2022,2252.024789863448
KM,KM2,KM21,HAMAHAMET MBOINKOU,KM211,MBOINKOU,KM211_0005,NDROUDE,2023,2304.832464533025
KM,KM2,KM21,HAMAHAMET MBOINKOU,KM211,MBOINKOU,KM211_0005,NDROUDE,2024,2359.1736403196624
KM,KM2,KM21,HAMAHAMET MBOINKOU,KM211,MBOINKOU,KM211_0005,NDROUDE,2025,2415.1013794937426
KM,KM2,KM21,HAMAHAMET MBOINKOU,KM211,MBOINKOU,KM211_0005,NDROUDE,2026,2472.360982586448
KM,KM2,KM21,HAMAHAMET MBOINKOU,KM211,MBOINKOU,KM211_0005,NDROUDE,2027,2530.9524495138107
KM,KM2,KM21,HAMAHAMET MBOINKOU,KM211,MBOINKOU,KM211_0005,NDROUDE,2028,2590.5096498069015
KM,KM2,KM21,HAMAHAMET MBOINKOU,KM211,MBOINKOU,KM211_0006,NIOUMAMILIMA,2017,1304.0
KM,KM2,KM21,HAMAHAMET MBOINKOU,KM211,MBOINKOU,KM211_0006,NIOUMAMILIMA,2018,1332.3751153192604
KM,KM2,KM21,HAMAHAMET MBOINKOU,KM211,MBOINKOU,KM211_0006,NIOUMAMILIMA,2019,1362.0632876889626
KM,KM2,KM21,HAMAHAMET MBOINKOU,KM211,MBOINKOU,KM211_0006,NIOUMAMILIMA,2020,1393.0954529699206
KM,KM2,KM21,HAMAHAMET MBOINKOU,KM211,MBOINKOU,KM211_0006,NIOUMAMILIMA,2021,1425.3994273448727
KM,KM2,KM21,HAMAHAMET MBOINKOU,KM211,MBOINKOU,KM211_0006,NIOUMAMILIMA,2022,1458.837717825105
KM,KM2,KM21,HAMAHAMET MBOINKOU,KM211,MBOINKOU,KM211_0006,NIOUMAMILIMA,2023,1493.0459680829929
KM,KM2,KM21,HAMAHAMET MBOINKOU,KM211,MBOINKOU,KM211_0006,NIOUMAMILIMA,2024,1528.247604062017
KM,KM2,KM21,HAMAHAMET MBOINKOU,KM211,MBOINKOU,KM211_0006,NIOUMAMILIMA,2025,1564.4769989368308
KM,KM2,KM21,HAMAHAMET MBOINKOU,KM211,MBOINKOU,KM211_0006,NIOUMAMILIMA,2026,1601.5691610992192
KM,KM2,KM21,HAMAHAMET MBOINKOU,KM211,MBOINKOU,KM211_0006,NIOUMAMILIMA,2027,1639.5240904947884
KM,KM2,KM21,HAMAHAMET MBOINKOU,KM211,MBOINKOU,KM211_0006,NIOUMAMILIMA,2028,1678.1046116980626
KM,KM2,KM21,HAMAHAMET MBOINKOU,KM211,MBOINKOU,KM211_0007,HANTSINDZI,2017,2053.0
KM,KM2,KM21,HAMAHAMET MBOINKOU,KM211,MBOINKOU,KM211_0007,HANTSINDZI,2018,2097.673398581627
KM,KM2,KM21,HAMAHAMET MBOINKOU,KM211,MBOINKOU,KM211_0007,HANTSINDZI,2019,2144.4140564612276
KM,KM2,KM21,HAMAHAMET MBOINKOU,KM211,MBOINKOU,KM211_0007,HANTSINDZI,2020,2193.270678640527
KM,KM2,KM21,HAMAHAMET MBOINKOU,KM211,MBOINKOU,KM211_0007,HANTSINDZI,2021,2244.1296198918894
KM,KM2,KM21,HAMAHAMET MBOINKOU,KM211,MBOINKOU,KM211_0007,HANTSINDZI,2022,2296.7744131096165
KM,KM2,KM21,HAMAHAMET MBOINKOU,KM211,MBOINKOU,KM211_0007,HANTSINDZI,2023,2350.63142060919
KM,KM2,KM21,HAMAHAMET MBOINKOU,KM211,MBOINKOU,KM211_0007,HANTSINDZI,2024,2406.0524011804605
KM,KM2,KM21,HAMAHAMET MBOINKOU,KM211,MBOINKOU,KM211_0007,HANTSINDZI,2025,2463.09147148567
KM,KM2,KM21,HAMAHAMET MBOINKOU,KM211,MBOINKOU,KM211_0007,HANTSINDZI,2026,2521.4888709637244
KM,KM2,KM21,HAMAHAMET MBOINKOU,KM211,MBOINKOU,KM211_0007,HANTSINDZI,2027,2581.244599528988
KM,KM2,KM21,HAMAHAMET MBOINKOU,KM211,MBOINKOU,KM211_0007,HANTSINDZI,2028,2641.9852513927317
KM,KM2,KM21,HAMAHAMET MBOINKOU,KM211,MBOINKOU,KM211_0008,BANDAMADJI LA MBOIKOU,2017,691.0
KM,KM2,KM21,HAMAHAMET MBOINKOU,KM211,MBOINKOU,KM211_0008,BANDAMADJI LA MBOIKOU,2018,706.0361999122769
KM,KM2,KM21,HAMAHAMET MBOINKOU,KM211,MBOINKOU,KM211_0008,BANDAMADJI LA MBOIKOU,2019,721.7681992278169
KM,KM2,KM21,HAMAHAMET MBOINKOU,KM211,MBOINKOU,KM211_0008,BANDAMADJI LA MBOIKOU,2020,738.2123911059932
KM,KM2,KM21,HAMAHAMET MBOINKOU,KM211,MBOINKOU,KM211_0008,BANDAMADJI LA MBOIKOU,2021,755.3305247663397
KM,KM2,KM21,HAMAHAMET MBOINKOU,KM211,MBOINKOU,KM211_0008,BANDAMADJI LA MBOIKOU,2022,773.0497415775671
KM,KM2,KM21,HAMAHAMET MBOINKOU,KM211,MBOINKOU,KM211_0008,BANDAMADJI LA MBOIKOU,2023,791.1769662157576
KM,KM2,KM21,HAMAHAMET MBOINKOU,KM211,MBOINKOU,KM211_0008,BANDAMADJI LA MBOIKOU,2024,809.8305938702865
KM,KM2,KM21,HAMAHAMET MBOINKOU,KM211,MBOINKOU,KM211_0008,BANDAMADJI LA MBOIKOU,2025,829.0288391605445
KM,KM2,KM21,HAMAHAMET MBOINKOU,KM211,MBOINKOU,KM211_0008,BANDAMADJI LA MBOIKOU,2026,848.6842717174542
KM,KM2,KM21,HAMAHAMET MBOINKOU,KM211,MBOINKOU,KM211_0008,BANDAMADJI LA MBOIKOU,2027,868.7968915121924
KM,KM2,KM21,HAMAHAMET MBOINKOU,KM211,MBOINKOU,KM211_0008,BANDAMADJI LA MBOIKOU,2028,889.2410173952157
KM,KM2,KM21,HAMAHAMET MBOINKOU,KM212,NYUMA MRO,KM212_0001,DIMADJOU YA HAMAHAMET,2017,2337.0
KM,KM2,KM21,HAMAHAMET MBOINKOU,KM212,NYUMA MRO,KM212_0001,DIMADJOU YA HAMAHAMET,2018,2387.853254985515
KM,KM2,KM21,HAMAHAMET MBOINKOU,KM212,NYUMA MRO,KM212_0001,DIMADJOU YA HAMAHAMET,2019,2441.0597418167986
KM,KM2,KM21,HAMAHAMET MBOINKOU,KM212,NYUMA MRO,KM212_0001,DIMADJOU YA HAMAHAMET,2020,2496.674903060356
KM,KM2,KM21,HAMAHAMET MBOINKOU,KM212,NYUMA MRO,KM212_0001,DIMADJOU YA HAMAHAMET,2021,2554.569372473134
KM,KM2,KM21,HAMAHAMET MBOINKOU,KM212,NYUMA MRO,KM212_0001,DIMADJOU YA HAMAHAMET,2022,2614.4967381574156
KM,KM2,KM21,HAMAHAMET MBOINKOU,KM212,NYUMA MRO,KM212_0001,DIMADJOU YA HAMAHAMET,2023,2675.804008749965
KM,KM2,KM21,HAMAHAMET MBOINKOU,KM212,NYUMA MRO,KM212_0001,DIMADJOU YA HAMAHAMET,2024,2738.891603292127
KM,KM2,KM21,HAMAHAMET MBOINKOU,KM212,NYUMA MRO,KM212_0001,DIMADJOU YA HAMAHAMET,2025,2803.821124628354
KM,KM2,KM21,HAMAHAMET MBOINKOU,KM212,NYUMA MRO,KM212_0001,DIMADJOU YA HAMAHAMET,2026,2870.2968784423883
KM,KM2,KM21,HAMAHAMET MBOINKOU,KM212,NYUMA MRO,KM212_0001,DIMADJOU YA HAMAHAMET,2027,2938.318864636749
KM,KM2,KM21,HAMAHAMET MBOINKOU,KM212,NYUMA MRO,KM212_0001,DIMADJOU YA HAMAHAMET,2028,3007.462022652126
KM,KM2,KM21,HAMAHAMET MBOINKOU,KM212,NYUMA MRO,KM212_0002,NYADOMBWENI,2017,979.0
KM,KM2,KM21,HAMAHAMET MBOINKOU,KM212,NYUMA MRO,KM212_0002,NYADOMBWENI,2018,1000.3030965472055
KM,KM2,KM21,HAMAHAMET MBOINKOU,KM212,NYUMA MRO,KM212_0002,NYADOMBWENI,2019,1022.5919928278332
KM,KM2,KM21,HAMAHAMET MBOINKOU,KM212,NYUMA MRO,KM212_0002,NYADOMBWENI,2020,1045.889914461313
KM,KM2,KM21,HAMAHAMET MBOINKOU,KM212,NYUMA MRO,KM212_0002,NYADOMBWENI,2021,1070.142668229011
KM,KM2,KM21,HAMAHAMET MBOINKOU,KM212,NYUMA MRO,KM212_0002,NYADOMBWENI,2022,1095.247028949983
KM,KM2,KM21,HAMAHAMET MBOINKOU,KM212,NYUMA MRO,KM212_0002,NYADOMBWENI,2023,1120.9294499641487
KM,KM2,KM21,HAMAHAMET MBOINKOU,KM212,NYUMA MRO,KM212_0002,NYADOMBWENI,2024,1147.3576720680326
KM,KM2,KM21,HAMAHAMET MBOINKOU,KM212,NYUMA MRO,KM212_0002,NYADOMBWENI,2025,1174.557501502421
KM,KM2,KM21,HAMAHAMET MBOINKOU,KM212,NYUMA MRO,KM212_0002,NYADOMBWENI,2026,1202.4050680338462
KM,KM2,KM21,HAMAHAMET MBOINKOU,KM212,NYUMA MRO,KM212_0002,NYADOMBWENI,2027,1230.9003716214706
KM,KM2,KM21,HAMAHAMET MBOINKOU,KM212,NYUMA MRO,KM212_0002,NYADOMBWENI,2028,1259.8653488131927
KM,KM2,KM21,HAMAHAMET MBOINKOU,KM212,NYUMA MRO,KM212_0003,MDJIHARI,2017,637.0
KM,KM2,KM21,HAMAHAMET MBOINKOU,KM212,NYUMA MRO,KM212_0003,MDJIHARI,2018,650.8611567932278
KM,KM2,KM21,HAMAHAMET MBOINKOU,KM212,NYUMA MRO,KM212_0003,MDJIHARI,2019,665.3637379278139
KM,KM2,KM21,HAMAHAMET MBOINKOU,KM212,NYUMA MRO,KM212_0003,MDJIHARI,2020,680.5228554768709
KM,KM2,KM21,HAMAHAMET MBOINKOU,KM212,NYUMA MRO,KM212_0003,MDJIHARI,2021,696.3032478670889
KM,KM2,KM21,HAMAHAMET MBOINKOU,KM212,NYUMA MRO,KM212_0003,MDJIHARI,2022,712.6377501952392
KM,KM2,KM21,HAMAHAMET MBOINKOU,KM212,NYUMA MRO,KM212_0003,MDJIHARI,2023,729.3483755129344
KM,KM2,KM21,HAMAHAMET MBOINKOU,KM212,NYUMA MRO,KM212_0003,MDJIHARI,2024,746.5442667082092
KM,KM2,KM21,HAMAHAMET MBOINKOU,KM212,NYUMA MRO,KM212_0003,MDJIHARI,2025,764.2422149714426
KM,KM2,KM21,HAMAHAMET MBOINKOU,KM212,NYUMA MRO,KM212_0003,MDJIHARI,2026,782.3616224081308
KM,KM2,KM21,HAMAHAMET MBOINKOU,KM212,NYUMA MRO,KM212_0003,MDJIHARI,2027,800.9024889917027
KM,KM2,KM21,HAMAHAMET MBOINKOU,KM212,NYUMA MRO,KM212_0003,MDJIHARI,2028,819.7489552543451
KM,KM2,KM21,HAMAHAMET MBOINKOU,KM212,NYUMA MRO,KM212_0004,MOIDJA,2017,1984.0
KM,KM2,KM21,HAMAHAMET MBOINKOU,KM212,NYUMA MRO,KM212_0004,MOIDJA,2018,2027.1719545961755
KM,KM2,KM21,HAMAHAMET MBOINKOU,KM212,NYUMA MRO,KM212_0004,MOIDJA,2019,2072.3416892445566
KM,KM2,KM21,HAMAHAMET MBOINKOU,KM212,NYUMA MRO,KM212_0004,MOIDJA,2020,2119.556272003315
KM,KM2,KM21,HAMAHAMET MBOINKOU,KM212,NYUMA MRO,KM212_0004,MOIDJA,2021,2168.705877187291
KM,KM2,KM21,HAMAHAMET MBOINKOU,KM212,NYUMA MRO,KM212_0004,MOIDJA,2022,2219.5813130099755
KM,KM2,KM21,HAMAHAMET MBOINKOU,KM212,NYUMA MRO,KM212_0004,MOIDJA,2023,2271.628221377805
KM,KM2,KM21,HAMAHAMET MBOINKOU,KM212,NYUMA MRO,KM212_0004,MOIDJA,2024,2325.1865386955837
KM,KM2,KM21,HAMAHAMET MBOINKOU,KM212,NYUMA MRO,KM212_0004,MOIDJA,2025,2380.308562799595
KM,KM2,KM21,HAMAHAMET MBOINKOU,KM212,NYUMA MRO,KM212_0004,MOIDJA,2026,2436.743263512922
KM,KM2,KM21,HAMAHAMET MBOINKOU,KM212,NYUMA MRO,KM212_0004,MOIDJA,2027,2494.490640752807
KM,KM2,KM21,HAMAHAMET MBOINKOU,KM212,NYUMA MRO,KM212_0004,MOIDJA,2028,2553.189838657175
KM,KM2,KM21,HAMAHAMET MBOINKOU,KM212,NYUMA MRO,KM212_0005,BAMBADJANI,2017,1200.0
KM,KM2,KM21,HAMAHAMET MBOINKOU,KM212,NYUMA MRO,KM212_0005,BAMBADJANI,2018,1226.112069312203
KM,KM2,KM21,HAMAHAMET MBOINKOU,KM212,NYUMA MRO,KM212_0005,BAMBADJANI,2019,1253.4324733334013
KM,KM2,KM21,HAMAHAMET MBOINKOU,KM212,NYUMA MRO,KM212_0005,BAMBADJANI,2020,1281.989680647166
KM,KM2,KM21,HAMAHAMET MBOINKOU,KM212,NYUMA MRO,KM212_0005,BAMBADJANI,2021,1311.7172644277969
KM,KM2,KM21,HAMAHAMET MBOINKOU,KM212,NYUMA MRO,KM212_0005,BAMBADJANI,2022,1342.4886973850657
KM,KM2,KM21,HAMAHAMET MBOINKOU,KM212,NYUMA MRO,KM212_0005,BAMBADJANI,2023,1373.9686822849626
KM,KM2,KM21,HAMAHAMET MBOINKOU,KM212,NYUMA MRO,KM212_0005,BAMBADJANI,2024,1406.3628258239419
KM,KM2,KM21,HAMAHAMET MBOINKOU,KM212,NYUMA MRO,KM212_0005,BAMBADJANI,2025,1439.7027597578196
KM,KM2,KM21,HAMAHAMET MBOINKOU,KM212,NYUMA MRO,KM212_0005,BAMBADJANI,2026,1473.8366513182996
KM,KM2,KM21,HAMAHAMET MBOINKOU,KM212,NYUMA MRO,KM212_0005,BAMBADJANI,2027,1508.764500455327
KM,KM2,KM21,HAMAHAMET MBOINKOU,KM212,NYUMA MRO,KM212_0005,BAMBADJANI,2028,1544.2680475749041
KM,KM2,KM21,HAMAHAMET MBOINKOU,KM212,NYUMA MRO,KM212_0006,NGOLE,2017,367.0
KM,KM2,KM21,HAMAHAMET MBOINKOU,KM212,NYUMA MRO,KM212_0006,NGOLE,2018,374.9859411979821
KM,KM2,KM21,HAMAHAMET MBOINKOU,KM212,NYUMA MRO,KM212_0006,NGOLE,2019,383.34143142779857
KM,KM2,KM21,HAMAHAMET MBOINKOU,KM212,NYUMA MRO,KM212_0006,NGOLE,2020,392.0751773312583
KM,KM2,KM21,HAMAHAMET MBOINKOU,KM212,NYUMA MRO,KM212_0006,NGOLE,2021,401.1668633708346
KM,KM2,KM21,HAMAHAMET MBOINKOU,KM212,NYUMA MRO,KM212_0006,NGOLE,2022,410.5777932835993
KM,KM2,KM21,HAMAHAMET MBOINKOU,KM212,NYUMA MRO,KM212_0006,NGOLE,2023,420.20542199881777
KM,KM2,KM21,HAMAHAMET MBOINKOU,KM212,NYUMA MRO,KM212_0006,NGOLE,2024,430.1126308978222
KM,KM2,KM21,HAMAHAMET MBOINKOU,KM212,NYUMA MRO,KM212_0006,NGOLE,2025,440.30909402593323
KM,KM2,KM21,HAMAHAMET MBOINKOU,KM212,NYUMA MRO,KM212_0006,NGOLE,2026,450.7483758615133
KM,KM2,KM21,HAMAHAMET MBOINKOU,KM212,NYUMA MRO,KM212_0006,NGOLE,2027,461.4304763892541
KM,KM2,KM21,HAMAHAMET MBOINKOU,KM212,NYUMA MRO,KM212_0006,NGOLE,2028,472.28864454999155
KM,KM2,KM21,HAMAHAMET MBOINKOU,KM212,NYUMA MRO,KM212_0007,ITSANDZENI,2017,1797.0
KM,KM2,KM21,HAMAHAMET MBOINKOU,KM212,NYUMA MRO,KM212_0007,ITSANDZENI,2018,1836.1028237950238
KM,KM2,KM21,HAMAHAMET MBOINKOU,KM212,NYUMA MRO,KM212_0007,ITSANDZENI,2019,1877.0151288167685
KM,KM2,KM21,HAMAHAMET MBOINKOU,KM212,NYUMA MRO,KM212_0007,ITSANDZENI,2020,1919.7795467691312
KM,KM2,KM21,HAMAHAMET MBOINKOU,KM212,NYUMA MRO,KM212_0007,ITSANDZENI,2021,1964.296603480626
KM,KM2,KM21,HAMAHAMET MBOINKOU,KM212,NYUMA MRO,KM212_0007,ITSANDZENI,2022,2010.3768243341362
KM,KM2,KM21,HAMAHAMET MBOINKOU,KM212,NYUMA MRO,KM212_0007,ITSANDZENI,2023,2057.518101721732
KM,KM2,KM21,HAMAHAMET MBOINKOU,KM212,NYUMA MRO,KM212_0007,ITSANDZENI,2024,2106.028331671353
KM,KM2,KM21,HAMAHAMET MBOINKOU,KM212,NYUMA MRO,KM212_0007,ITSANDZENI,2025,2155.9548827373346
KM,KM2,KM21,HAMAHAMET MBOINKOU,KM212,NYUMA MRO,KM212_0007,ITSANDZENI,2026,2207.0703853491536
KM,KM2,KM21,HAMAHAMET MBOINKOU,KM212,NYUMA MRO,KM212_0007,ITSANDZENI,2027,2259.374839431852
KM,KM2,KM21,HAMAHAMET MBOINKOU,KM212,NYUMA MRO,KM212_0007,ITSANDZENI,2028,2312.5414012434194
KM,KM2,KM21,HAMAHAMET MBOINKOU,KM212,NYUMA MRO,KM212_0008,OUELLAH YA HAMAHAMET,2017,682.0
KM,KM2,KM21,HAMAHAMET MBOINKOU,KM212,NYUMA MRO,KM212_0008,OUELLAH YA HAMAHAMET,2018,696.8403593924353
KM,KM2,KM21,HAMAHAMET MBOINKOU,KM212,NYUMA MRO,KM212_0008,OUELLAH YA HAMAHAMET,2019,712.3674556778163
KM,KM2,KM21,HAMAHAMET MBOINKOU,KM212,NYUMA MRO,KM212_0008,OUELLAH YA HAMAHAMET,2020,728.5974685011395
KM,KM2,KM21,HAMAHAMET MBOINKOU,KM212,NYUMA MRO,KM212_0008,OUELLAH YA HAMAHAMET,2021,745.4926452831312
KM,KM2,KM21,HAMAHAMET MBOINKOU,KM212,NYUMA MRO,KM212_0008,OUELLAH YA HAMAHAMET,2022,762.9810763471792
KM,KM2,KM21,HAMAHAMET MBOINKOU,KM212,NYUMA MRO,KM212_0008,OUELLAH YA HAMAHAMET,2023,780.8722010986204
KM,KM2,KM21,HAMAHAMET MBOINKOU,KM212,NYUMA MRO,KM212_0008,OUELLAH YA HAMAHAMET,2024,799.282872676607
KM,KM2,KM21,HAMAHAMET MBOINKOU,KM212,NYUMA MRO,KM212_0008,OUELLAH YA HAMAHAMET,2025,818.2310684623609
KM,KM2,KM21,HAMAHAMET MBOINKOU,KM212,NYUMA MRO,KM212_0008,OUELLAH YA HAMAHAMET,2026,837.630496832567
KM,KM2,KM21,HAMAHAMET MBOINKOU,KM212,NYUMA MRO,KM212_0008,OUELLAH YA HAMAHAMET,2027,857.4811577587774
KM,KM2,KM21,HAMAHAMET MBOINKOU,KM212,NYUMA MRO,KM212_0008,OUELLAH YA HAMAHAMET,2028,877.659007038404
KM,KM2,KM21,HAMAHAMET MBOINKOU,KM212,NYUMA MRO,KM212_0009,HADJAMBOU,2017,1237.0
KM,KM2,KM21,HAMAHAMET MBOINKOU,KM212,NYUMA MRO,KM212_0009,HADJAMBOU,2018,1263.917191449329
KM,KM2,KM21,HAMAHAMET MBOINKOU,KM212,NYUMA MRO,KM212_0009,HADJAMBOU,2019,1292.0799745945144
KM,KM2,KM21,HAMAHAMET MBOINKOU,KM212,NYUMA MRO,KM212_0009,HADJAMBOU,2020,1321.5176958004536
KM,KM2,KM21,HAMAHAMET MBOINKOU,KM212,NYUMA MRO,KM212_0009,HADJAMBOU,2021,1352.1618800809872
KM,KM2,KM21,HAMAHAMET MBOINKOU,KM212,NYUMA MRO,KM212_0009,HADJAMBOU,2022,1383.882098887772
KM,KM2,KM21,HAMAHAMET MBOINKOU,KM212,NYUMA MRO,KM212_0009,HADJAMBOU,2023,1416.3327166554157
KM,KM2,KM21,HAMAHAMET MBOINKOU,KM212,NYUMA MRO,KM212_0009,HADJAMBOU,2024,1449.72567962018
KM,KM2,KM21,HAMAHAMET MBOINKOU,KM212,NYUMA MRO,KM212_0009,HADJAMBOU,2025,1484.0935948503525
KM,KM2,KM21,HAMAHAMET MBOINKOU,KM212,NYUMA MRO,KM212_0009,HADJAMBOU,2026,1519.2799480672807
KM,KM2,KM21,HAMAHAMET MBOINKOU,KM212,NYUMA MRO,KM212_0009,HADJAMBOU,2027,1555.284739219366
KM,KM2,KM21,HAMAHAMET MBOINKOU,KM212,NYUMA MRO,KM212_0009,HADJAMBOU,2028,1591.882979041797
KM,KM2,KM21,HAMAHAMET MBOINKOU,KM212,NYUMA MRO,KM212_0010,MBATSE YA HAMAHAMET,2017,225.0
KM,KM2,KM21,HAMAHAMET MBOINKOU,KM212,NYUMA MRO,KM212_0010,MBATSE YA HAMAHAMET,2018,229.89601299603805
KM,KM2,KM21,HAMAHAMET MBOINKOU,KM212,NYUMA MRO,KM212_0010,MBATSE YA HAMAHAMET,2019,235.01858875001278
KM,KM2,KM21,HAMAHAMET MBOINKOU,KM212,NYUMA MRO,KM212_0010,MBATSE YA HAMAHAMET,2020,240.37306512134367
KM,KM2,KM21,HAMAHAMET MBOINKOU,KM212,NYUMA MRO,KM212_0010,MBATSE YA HAMAHAMET,2021,245.94698708021193
KM,KM2,KM21,HAMAHAMET MBOINKOU,KM212,NYUMA MRO,KM212_0010,MBATSE YA HAMAHAMET,2022,251.71663075969985
KM,KM2,KM21,HAMAHAMET MBOINKOU,KM212,NYUMA MRO,KM212_0010,MBATSE YA HAMAHAMET,2023,257.61912792843054
KM,KM2,KM21,HAMAHAMET MBOINKOU,KM212,NYUMA MRO,KM212_0010,MBATSE YA HAMAHAMET,2024,263.69302984198913
KM,KM2,KM21,HAMAHAMET MBOINKOU,KM212,NYUMA MRO,KM212_0010,MBATSE YA HAMAHAMET,2025,269.9442674545912
KM,KM2,KM21,HAMAHAMET MBOINKOU,KM212,NYUMA MRO,KM212_0010,MBATSE YA HAMAHAMET,2026,276.3443721221812
KM,KM2,KM21,HAMAHAMET MBOINKOU,KM212,NYUMA MRO,KM212_0010,MBATSE YA HAMAHAMET,2027,282.8933438353738
KM,KM2,KM21,HAMAHAMET MBOINKOU,KM212,NYUMA MRO,KM212_0010,MBATSE YA HAMAHAMET,2028,289.55025892029454
KM,KM2,KM21,HAMAHAMET MBOINKOU,KM213,NYUMA MSIRU,KM213_0001,MBENI,2017,5128.0
KM,KM2,KM21,HAMAHAMET MBOINKOU,KM213,NYUMA MSIRU,KM213_0001,MBENI,2018,5239.585576194147
KM,KM2,KM21,HAMAHAMET MBOINKOU,KM213,NYUMA MSIRU,KM213_0001,MBENI,2019,5356.334769378069
KM,KM2,KM21,HAMAHAMET MBOINKOU,KM213,NYUMA MSIRU,KM213_0001,MBENI,2020,5478.36923529889
KM,KM2,KM21,HAMAHAMET MBOINKOU,KM213,NYUMA MSIRU,KM213_0001,MBENI,2021,5605.405109988118
KM,KM2,KM21,HAMAHAMET MBOINKOU,KM213,NYUMA MSIRU,KM213_0001,MBENI,2022,5736.901700158848
KM,KM2,KM21,HAMAHAMET MBOINKOU,KM213,NYUMA MSIRU,KM213_0001,MBENI,2023,5871.426168964407
KM,KM2,KM21,HAMAHAMET MBOINKOU,KM213,NYUMA MSIRU,KM213_0001,MBENI,2024,6009.857142354312
KM,KM2,KM21,HAMAHAMET MBOINKOU,KM213,NYUMA MSIRU,KM213_0001,MBENI,2025,6152.329793365083
KM,KM2,KM21,HAMAHAMET MBOINKOU,KM213,NYUMA MSIRU,KM213_0001,MBENI,2026,6298.195289966867
KM,KM2,KM21,HAMAHAMET MBOINKOU,KM213,NYUMA MSIRU,KM213_0001,MBENI,2027,6447.453631945763
KM,KM2,KM21,HAMAHAMET MBOINKOU,KM213,NYUMA MSIRU,KM213_0001,MBENI,2028,6599.172123303424
KM,KM2,KM21,HAMAHAMET MBOINKOU,KM213,NYUMA MSIRU,KM213_0002,SELEANI,2017,1389.0
KM,KM2,KM21,HAMAHAMET MBOINKOU,KM213,NYUMA MSIRU,KM213_0002,SELEANI,2018,1419.224720228875
KM,KM2,KM21,HAMAHAMET MBOINKOU,KM213,NYUMA MSIRU,KM213_0002,SELEANI,2019,1450.848087883412
KM,KM2,KM21,HAMAHAMET MBOINKOU,KM213,NYUMA MSIRU,KM213_0002,SELEANI,2020,1483.903055349095
KM,KM2,KM21,HAMAHAMET MBOINKOU,KM213,NYUMA MSIRU,KM213_0002,SELEANI,2021,1518.3127335751751
KM,KM2,KM21,HAMAHAMET MBOINKOU,KM213,NYUMA MSIRU,KM213_0002,SELEANI,2022,1553.9306672232137
KM,KM2,KM21,HAMAHAMET MBOINKOU,KM213,NYUMA MSIRU,KM213_0002,SELEANI,2023,1590.368749744844
KM,KM2,KM21,HAMAHAMET MBOINKOU,KM213,NYUMA MSIRU,KM213_0002,SELEANI,2024,1627.8649708912126
KM,KM2,KM21,HAMAHAMET MBOINKOU,KM213,NYUMA MSIRU,KM213_0002,SELEANI,2025,1666.4559444196761
KM,KM2,KM21,HAMAHAMET MBOINKOU,KM213,NYUMA MSIRU,KM213_0002,SELEANI,2026,1705.9659239009318
KM,KM2,KM21,HAMAHAMET MBOINKOU,KM213,NYUMA MSIRU,KM213_0002,SELEANI,2027,1746.3949092770408
KM,KM2,KM21,HAMAHAMET MBOINKOU,KM213,NYUMA MSIRU,KM213_0002,SELEANI,2028,1787.4902650679517
KM,KM2,KM21,HAMAHAMET MBOINKOU,KM213,NYUMA MSIRU,KM213_0003,SALIMANI YA HAMAHAMET,2017,616.0
KM,KM2,KM21,HAMAHAMET MBOINKOU,KM213,NYUMA MSIRU,KM213_0003,SALIMANI YA HAMAHAMET,2018,629.4041955802642
KM,KM2,KM21,HAMAHAMET MBOINKOU,KM213,NYUMA MSIRU,KM213_0003,SALIMANI YA HAMAHAMET,2019,643.4286696444793
KM,KM2,KM21,HAMAHAMET MBOINKOU,KM213,NYUMA MSIRU,KM213_0003,SALIMANI YA HAMAHAMET,2020,658.0880360655452
KM,KM2,KM21,HAMAHAMET MBOINKOU,KM213,NYUMA MSIRU,KM213_0003,SALIMANI YA HAMAHAMET,2021,673.3481957396025
KM,KM2,KM21,HAMAHAMET MBOINKOU,KM213,NYUMA MSIRU,KM213_0003,SALIMANI YA HAMAHAMET,2022,689.1441979910004
KM,KM2,KM21,HAMAHAMET MBOINKOU,KM213,NYUMA MSIRU,KM213_0003,SALIMANI YA HAMAHAMET,2023,705.3039235729474
KM,KM2,KM21,HAMAHAMET MBOINKOU,KM213,NYUMA MSIRU,KM213_0003,SALIMANI YA HAMAHAMET,2024,721.9329172562902
KM,KM2,KM21,HAMAHAMET MBOINKOU,KM213,NYUMA MSIRU,KM213_0003,SALIMANI YA HAMAHAMET,2025,739.0474166756808
KM,KM2,KM21,HAMAHAMET MBOINKOU,KM213,NYUMA MSIRU,KM213_0003,SALIMANI YA HAMAHAMET,2026,756.5694810100605
KM,KM2,KM21,HAMAHAMET MBOINKOU,KM213,NYUMA MSIRU,KM213_0003,SALIMANI YA HAMAHAMET,2027,774.4991102337344
KM,KM2,KM21,HAMAHAMET MBOINKOU,KM213,NYUMA MSIRU,KM213_0003,SALIMANI YA HAMAHAMET,2028,792.7242644217843
KM,KM2,KM21,HAMAHAMET MBOINKOU,KM213,NYUMA MSIRU,KM213_0004,SADA CHIHOUWE,2017,781.0
KM,KM2,KM21,HAMAHAMET MBOINKOU,KM213,NYUMA MSIRU,KM213_0004,SADA CHIHOUWE,2018,797.994605110692
KM,KM2,KM21,HAMAHAMET MBOINKOU,KM213,NYUMA MSIRU,KM213_0004,SADA CHIHOUWE,2019,815.7756347278219
KM,KM2,KM21,HAMAHAMET MBOINKOU,KM213,NYUMA MSIRU,KM213_0004,SADA CHIHOUWE,2020,834.3616171545306
KM,KM2,KM21,HAMAHAMET MBOINKOU,KM213,NYUMA MSIRU,KM213_0004,SADA CHIHOUWE,2021,853.7093195984244
KM,KM2,KM21,HAMAHAMET MBOINKOU,KM213,NYUMA MSIRU,KM213_0004,SADA CHIHOUWE,2022,873.7363938814469
KM,KM2,KM21,HAMAHAMET MBOINKOU,KM213,NYUMA MSIRU,KM213_0004,SADA CHIHOUWE,2023,894.2246173871297
KM,KM2,KM21,HAMAHAMET MBOINKOU,KM213,NYUMA MSIRU,KM213_0004,SADA CHIHOUWE,2024,915.3078058070821
KM,KM2,KM21,HAMAHAMET MBOINKOU,KM213,NYUMA MSIRU,KM213_0004,SADA CHIHOUWE,2025,937.0065461423809
KM,KM2,KM21,HAMAHAMET MBOINKOU,KM213,NYUMA MSIRU,KM213_0004,SADA CHIHOUWE,2026,959.2220205663266
KM,KM2,KM21,HAMAHAMET MBOINKOU,KM213,NYUMA MSIRU,KM213_0004,SADA CHIHOUWE,2027,981.9542290463418
KM,KM2,KM21,HAMAHAMET MBOINKOU,KM213,NYUMA MSIRU,KM213_0004,SADA CHIHOUWE,2028,1005.0611209633335
KM,KM2,KM21,HAMAHAMET MBOINKOU,KM213,NYUMA MSIRU,KM213_0005,SADA MHUWAMBOI,2017,198.0
KM,KM2,KM21,HAMAHAMET MBOINKOU,KM213,NYUMA MSIRU,KM213_0005,SADA MHUWAMBOI,2018,202.30849143651346
KM,KM2,KM21,HAMAHAMET MBOINKOU,KM213,NYUMA MSIRU,KM213_0005,SADA MHUWAMBOI,2019,206.8163581000112
KM,KM2,KM21,HAMAHAMET MBOINKOU,KM213,NYUMA MSIRU,KM213_0005,SADA MHUWAMBOI,2020,211.5282973067824
KM,KM2,KM21,HAMAHAMET MBOINKOU,KM213,NYUMA MSIRU,KM213_0005,SADA MHUWAMBOI,2021,216.4333486305865
KM,KM2,KM21,HAMAHAMET MBOINKOU,KM213,NYUMA MSIRU,KM213_0005,SADA MHUWAMBOI,2022,221.51063506853586
KM,KM2,KM21,HAMAHAMET MBOINKOU,KM213,NYUMA MSIRU,KM213_0005,SADA MHUWAMBOI,2023,226.7048325770188
KM,KM2,KM21,HAMAHAMET MBOINKOU,KM213,NYUMA MSIRU,KM213_0005,SADA MHUWAMBOI,2024,232.0498662609504
KM,KM2,KM21,HAMAHAMET MBOINKOU,KM213,NYUMA MSIRU,KM213_0005,SADA MHUWAMBOI,2025,237.55095536004023
KM,KM2,KM21,HAMAHAMET MBOINKOU,KM213,NYUMA MSIRU,KM213_0005,SADA MHUWAMBOI,2026,243.18304746751943
KM,KM2,KM21,HAMAHAMET MBOINKOU,KM213,NYUMA MSIRU,KM213_0005,SADA MHUWAMBOI,2027,248.9461425751289
KM,KM2,KM21,HAMAHAMET MBOINKOU,KM213,NYUMA MSIRU,KM213_0005,SADA MHUWAMBOI,2028,254.80422784985916
KM,KM2,KM21,HAMAHAMET MBOINKOU,KM213,NYUMA MSIRU,KM213_0006,BOUNI,2017,1389.0
KM,KM2,KM21,HAMAHAMET MBOINKOU,KM213,NYUMA MSIRU,KM213_0006,BOUNI,2018,1419.224720228875
KM,KM2,KM21,HAMAHAMET MBOINKOU,KM213,NYUMA MSIRU,KM213_0006,BOUNI,2019,1450.848087883412
KM,KM2,KM21,HAMAHAMET MBOINKOU,KM213,NYUMA MSIRU,KM213_0006,BOUNI,2020,1483.903055349095
KM,KM2,KM21,HAMAHAMET MBOINKOU,KM213,NYUMA MSIRU,KM213_0006,BOUNI,2021,1518.3127335751751
KM,KM2,KM21,HAMAHAMET MBOINKOU,KM213,NYUMA MSIRU,KM213_0006,BOUNI,2022,1553.9306672232137
KM,KM2,KM21,HAMAHAMET MBOINKOU,KM213,NYUMA MSIRU,KM213_0006,BOUNI,2023,1590.368749744844
KM,KM2,KM21,HAMAHAMET MBOINKOU,KM213,NYUMA MSIRU,KM213_0006,BOUNI,2024,1627.8649708912126
KM,KM2,KM21,HAMAHAMET MBOINKOU,KM213,NYUMA MSIRU,KM213_0006,BOUNI,2025,1666.4559444196761
KM,KM2,KM21,HAMAHAMET MBOINKOU,KM213,NYUMA MSIRU,KM213_0006,BOUNI,2026,1705.9659239009318
KM,KM2,KM21,HAMAHAMET MBOINKOU,KM213,NYUMA MSIRU,KM213_0006,BOUNI,2027,1746.3949092770408
KM,KM2,KM21,HAMAHAMET MBOINKOU,KM213,NYUMA MSIRU,KM213_0006,BOUNI,2028,1787.4902650679517
KM,KM2,KM21,HAMAHAMET MBOINKOU,KM213,NYUMA MSIRU,KM213_0007,HEROUMBILI,2017,1435.0
KM,KM2,KM21,HAMAHAMET MBOINKOU,KM213,NYUMA MSIRU,KM213_0007,HEROUMBILI,2018,1466.2256828858426
KM,KM2,KM21,HAMAHAMET MBOINKOU,KM213,NYUMA MSIRU,KM213_0007,HEROUMBILI,2019,1498.8963326945257
KM,KM2,KM21,HAMAHAMET MBOINKOU,KM213,NYUMA MSIRU,KM213_0007,HEROUMBILI,2020,1533.0459931072362
KM,KM2,KM21,HAMAHAMET MBOINKOU,KM213,NYUMA MSIRU,KM213_0007,HEROUMBILI,2021,1568.5952287115738
KM,KM2,KM21,HAMAHAMET MBOINKOU,KM213,NYUMA MSIRU,KM213_0007,HEROUMBILI,2022,1605.392733956308
KM,KM2,KM21,HAMAHAMET MBOINKOU,KM213,NYUMA MSIRU,KM213_0007,HEROUMBILI,2023,1643.0375492324345
KM,KM2,KM21,HAMAHAMET MBOINKOU,KM213,NYUMA MSIRU,KM213_0007,HEROUMBILI,2024,1681.7755458811305
KM,KM2,KM21,HAMAHAMET MBOINKOU,KM213,NYUMA MSIRU,KM213_0007,HEROUMBILI,2025,1721.6445502103927
KM,KM2,KM21,HAMAHAMET MBOINKOU,KM213,NYUMA MSIRU,KM213_0007,HEROUMBILI,2026,1762.4629955348
KM,KM2,KM21,HAMAHAMET MBOINKOU,KM213,NYUMA MSIRU,KM213_0007,HEROUMBILI,2027,1804.230881794495
KM,KM2,KM21,HAMAHAMET MBOINKOU,KM213,NYUMA MSIRU,KM213_0007,HEROUMBILI,2028,1846.6872068916564
KM,KM2,KM21,HAMAHAMET MBOINKOU,KM213,NYUMA MSIRU,KM213_0008,BATOU,2017,665.0
KM,KM2,KM21,HAMAHAMET MBOINKOU,KM213,NYUMA MSIRU,KM213_0008,BATOU,2018,679.4704384105124
KM,KM2,KM21,HAMAHAMET MBOINKOU,KM213,NYUMA MSIRU,KM213_0008,BATOU,2019,694.6104956389265
KM,KM2,KM21,HAMAHAMET MBOINKOU,KM213,NYUMA MSIRU,KM213_0008,BATOU,2020,710.4359480253046
KM,KM2,KM21,HAMAHAMET MBOINKOU,KM213,NYUMA MSIRU,KM213_0008,BATOU,2021,726.9099840370708
KM,KM2,KM21,HAMAHAMET MBOINKOU,KM213,NYUMA MSIRU,KM213_0008,BATOU,2022,743.9624864675574
KM,KM2,KM21,HAMAHAMET MBOINKOU,KM213,NYUMA MSIRU,KM213_0008,BATOU,2023,761.4076447662501
KM,KM2,KM21,HAMAHAMET MBOINKOU,KM213,NYUMA MSIRU,KM213_0008,BATOU,2024,779.3593993107678
KM,KM2,KM21,HAMAHAMET MBOINKOU,KM213,NYUMA MSIRU,KM213_0008,BATOU,2025,797.8352793657917
KM,KM2,KM21,HAMAHAMET MBOINKOU,KM213,NYUMA MSIRU,KM213_0008,BATOU,2026,816.7511442722243
KM,KM2,KM21,HAMAHAMET MBOINKOU,KM213,NYUMA MSIRU,KM213_0008,BATOU,2027,836.1069940023269
KM,KM2,KM21,HAMAHAMET MBOINKOU,KM213,NYUMA MSIRU,KM213_0008,BATOU,2028,855.781876364426
KM,KM2,KM21,HAMAHAMET MBOINKOU,KM213,NYUMA MSIRU,KM213_0009,KOURANI YA HAMAHAMET,2017,129.0
KM,KM2,KM21,HAMAHAMET MBOINKOU,KM213,NYUMA MSIRU,KM213_0009,KOURANI YA HAMAHAMET,2018,131.8070474510618
KM,KM2,KM21,HAMAHAMET MBOINKOU,KM213,NYUMA MSIRU,KM213_0009,KOURANI YA HAMAHAMET,2019,134.74399088334062
KM,KM2,KM21,HAMAHAMET MBOINKOU,KM213,NYUMA MSIRU,KM213_0009,KOURANI YA HAMAHAMET,2020,137.81389066957036
KM,KM2,KM21,HAMAHAMET MBOINKOU,KM213,NYUMA MSIRU,KM213_0009,KOURANI YA HAMAHAMET,2021,141.00960592598815
KM,KM2,KM21,HAMAHAMET MBOINKOU,KM213,NYUMA MSIRU,KM213_0009,KOURANI YA HAMAHAMET,2022,144.31753496889456
KM,KM2,KM21,HAMAHAMET MBOINKOU,KM213,NYUMA MSIRU,KM213_0009,KOURANI YA HAMAHAMET,2023,147.70163334563347
KM,KM2,KM21,HAMAHAMET MBOINKOU,KM213,NYUMA MSIRU,KM213_0009,KOURANI YA HAMAHAMET,2024,151.18400377607372
KM,KM2,KM21,HAMAHAMET MBOINKOU,KM213,NYUMA MSIRU,KM213_0009,KOURANI YA HAMAHAMET,2025,154.7680466739656
KM,KM2,KM21,HAMAHAMET MBOINKOU,KM213,NYUMA MSIRU,KM213_0009,KOURANI YA HAMAHAMET,2026,158.4374400167172
KM,KM2,KM21,HAMAHAMET MBOINKOU,KM213,NYUMA MSIRU,KM213_0009,KOURANI YA HAMAHAMET,2027,162.19218379894764
KM,KM2,KM21,HAMAHAMET MBOINKOU,KM213,NYUMA MSIRU,KM213_0009,KOURANI YA HAMAHAMET,2028,166.0088151143022
KM,KM2,KM21,HAMAHAMET MBOINKOU,KM213,NYUMA MSIRU,KM213_0010,IFOUNDIHE YA HAMAHAMET,2017,678.0
KM,KM2,KM21,HAMAHAMET MBOINKOU,KM213,NYUMA MSIRU,KM213_0010,IFOUNDIHE YA HAMAHAMET,2018,692.7533191613946
KM,KM2,KM21,HAMAHAMET MBOINKOU,KM213,NYUMA MSIRU,KM213_0010,IFOUNDIHE YA HAMAHAMET,2019,708.1893474333717
KM,KM2,KM21,HAMAHAMET MBOINKOU,KM213,NYUMA MSIRU,KM213_0010,IFOUNDIHE YA HAMAHAMET,2020,724.3241695656488
KM,KM2,KM21,HAMAHAMET MBOINKOU,KM213,NYUMA MSIRU,KM213_0010,IFOUNDIHE YA HAMAHAMET,2021,741.1202544017052
KM,KM2,KM21,HAMAHAMET MBOINKOU,KM213,NYUMA MSIRU,KM213_0010,IFOUNDIHE YA HAMAHAMET,2022,758.5061140225621
KM,KM2,KM21,HAMAHAMET MBOINKOU,KM213,NYUMA MSIRU,KM213_0010,IFOUNDIHE YA HAMAHAMET,2023,776.2923054910038
KM,KM2,KM21,HAMAHAMET MBOINKOU,KM213,NYUMA MSIRU,KM213_0010,IFOUNDIHE YA HAMAHAMET,2024,794.5949965905271
KM,KM2,KM21,HAMAHAMET MBOINKOU,KM213,NYUMA MSIRU,KM213_0010,IFOUNDIHE YA HAMAHAMET,2025,813.4320592631681
KM,KM2,KM21,HAMAHAMET MBOINKOU,KM213,NYUMA MSIRU,KM213_0010,IFOUNDIHE YA HAMAHAMET,2026,832.7177079948393
KM,KM2,KM21,HAMAHAMET MBOINKOU,KM213,NYUMA MSIRU,KM213_0010,IFOUNDIHE YA HAMAHAMET,2027,852.4519427572595
KM,KM2,KM21,HAMAHAMET MBOINKOU,KM213,NYUMA MSIRU,KM213_0010,IFOUNDIHE YA HAMAHAMET,2028,872.5114468798208
KM,KM2,KM21,HAMAHAMET MBOINKOU,KM213,NYUMA MSIRU,KM213_0011,MNOUNGOU,2017,1221.0
KM,KM2,KM21,HAMAHAMET MBOINKOU,KM213,NYUMA MSIRU,KM213_0011,MNOUNGOU,2018,1247.5690305251665
KM,KM2,KM21,HAMAHAMET MBOINKOU,KM213,NYUMA MSIRU,KM213_0011,MNOUNGOU,2019,1275.3675416167357
KM,KM2,KM21,HAMAHAMET MBOINKOU,KM213,NYUMA MSIRU,KM213_0011,MNOUNGOU,2020,1304.4245000584915
KM,KM2,KM21,HAMAHAMET MBOINKOU,KM213,NYUMA MSIRU,KM213_0011,MNOUNGOU,2021,1334.6723165552833
KM,KM2,KM21,HAMAHAMET MBOINKOU,KM213,NYUMA MSIRU,KM213_0011,MNOUNGOU,2022,1365.9822495893043
KM,KM2,KM21,HAMAHAMET MBOINKOU,KM213,NYUMA MSIRU,KM213_0011,MNOUNGOU,2023,1398.0131342249495
KM,KM2,KM21,HAMAHAMET MBOINKOU,KM213,NYUMA MSIRU,KM213_0011,MNOUNGOU,2024,1430.974175275861
KM,KM2,KM21,HAMAHAMET MBOINKOU,KM213,NYUMA MSIRU,KM213_0011,MNOUNGOU,2025,1464.8975580535814
KM,KM2,KM21,HAMAHAMET MBOINKOU,KM213,NYUMA MSIRU,KM213_0011,MNOUNGOU,2026,1499.6287927163698
KM,KM2,KM21,HAMAHAMET MBOINKOU,KM213,NYUMA MSIRU,KM213_0011,MNOUNGOU,2027,1535.167879213295
KM,KM2,KM21,HAMAHAMET MBOINKOU,KM213,NYUMA MSIRU,KM213_0011,MNOUNGOU,2028,1571.2927384074649
KM,KM2,KM22,HAMBOU,KM221,DJOUMOIPANGUA,KM221_0001,SINGANI,2017,2117.0
KM,KM2,KM22,HAMBOU,KM221,DJOUMOIPANGUA,KM221_0001,SINGANI,2018,2163.066042278278
KM,KM2,KM22,HAMBOU,KM221,DJOUMOIPANGUA,KM221_0001,SINGANI,2019,2211.2637883723423
KM,KM2,KM22,HAMBOU,KM221,DJOUMOIPANGUA,KM221_0001,SINGANI,2020,2261.6434616083757
KM,KM2,KM22,HAMBOU,KM221,DJOUMOIPANGUA,KM221_0001,SINGANI,2021,2314.087873994705
KM,KM2,KM22,HAMBOU,KM221,DJOUMOIPANGUA,KM221_0001,SINGANI,2022,2368.3738103034866
KM,KM2,KM22,HAMBOU,KM221,DJOUMOIPANGUA,KM221_0001,SINGANI,2023,2423.909750331055
KM,KM2,KM22,HAMBOU,KM221,DJOUMOIPANGUA,KM221_0001,SINGANI,2024,2481.0584185577377
KM,KM2,KM22,HAMBOU,KM221,DJOUMOIPANGUA,KM221_0001,SINGANI,2025,2539.8756186727537
KM,KM2,KM22,HAMBOU,KM221,DJOUMOIPANGUA,KM221_0001,SINGANI,2026,2600.093492367367
KM,KM2,KM22,HAMBOU,KM221,DJOUMOIPANGUA,KM221_0001,SINGANI,2027,2661.7120395532725
KM,KM2,KM22,HAMBOU,KM221,DJOUMOIPANGUA,KM221_0001,SINGANI,2028,2724.3462139300605
KM,KM2,KM22,HAMBOU,KM221,DJOUMOIPANGUA,KM221_0002,MDJOIEZI,2017,3015.0
KM,KM2,KM22,HAMBOU,KM221,DJOUMOIPANGUA,KM221_0002,MDJOIEZI,2018,3080.6065741469097
KM,KM2,KM22,HAMBOU,KM221,DJOUMOIPANGUA,KM221_0002,MDJOIEZI,2019,3149.2490892501705
KM,KM2,KM22,HAMBOU,KM221,DJOUMOIPANGUA,KM221_0002,MDJOIEZI,2020,3220.999072626005
KM,KM2,KM22,HAMBOU,KM221,DJOUMOIPANGUA,KM221_0002,MDJOIEZI,2021,3295.68962687484
KM,KM2,KM22,HAMBOU,KM221,DJOUMOIPANGUA,KM221_0002,MDJOIEZI,2022,3373.0028521799777
KM,KM2,KM22,HAMBOU,KM221,DJOUMOIPANGUA,KM221_0002,MDJOIEZI,2023,3452.0963142409687
KM,KM2,KM22,HAMBOU,KM221,DJOUMOIPANGUA,KM221_0002,MDJOIEZI,2024,3533.486599882654
KM,KM2,KM22,HAMBOU,KM221,DJOUMOIPANGUA,KM221_0002,MDJOIEZI,2025,3617.253183891522
KM,KM2,KM22,HAMBOU,KM221,DJOUMOIPANGUA,KM221_0002,MDJOIEZI,2026,3703.0145864372275
KM,KM2,KM22,HAMBOU,KM221,DJOUMOIPANGUA,KM221_0002,MDJOIEZI,2027,3790.7708073940084
KM,KM2,KM22,HAMBOU,KM221,DJOUMOIPANGUA,KM221_0002,MDJOIEZI,2028,3879.973469531947
KM,KM2,KM22,HAMBOU,KM221,DJOUMOIPANGUA,KM221_0003,HETSA,2017,835.0
KM,KM2,KM22,HAMBOU,KM221,DJOUMOIPANGUA,KM221_0003,HETSA,2018,853.1696482297411
KM,KM2,KM22,HAMBOU,KM221,DJOUMOIPANGUA,KM221_0003,HETSA,2019,872.180096027825
KM,KM2,KM22,HAMBOU,KM221,DJOUMOIPANGUA,KM221_0003,HETSA,2020,892.0511527836532
KM,KM2,KM22,HAMBOU,KM221,DJOUMOIPANGUA,KM221_0003,HETSA,2021,912.7365964976752
KM,KM2,KM22,HAMBOU,KM221,DJOUMOIPANGUA,KM221_0003,HETSA,2022,934.1483852637749
KM,KM2,KM22,HAMBOU,KM221,DJOUMOIPANGUA,KM221_0003,HETSA,2023,956.0532080899532
KM,KM2,KM22,HAMBOU,KM221,DJOUMOIPANGUA,KM221_0003,HETSA,2024,978.5941329691595
KM,KM2,KM22,HAMBOU,KM221,DJOUMOIPANGUA,KM221_0003,HETSA,2025,1001.7931703314829
KM,KM2,KM22,HAMBOU,KM221,DJOUMOIPANGUA,KM221_0003,HETSA,2026,1025.5446698756502
KM,KM2,KM22,HAMBOU,KM221,DJOUMOIPANGUA,KM221_0003,HETSA,2027,1049.8486315668315
KM,KM2,KM22,HAMBOU,KM221,DJOUMOIPANGUA,KM221_0003,HETSA,2028,1074.5531831042042
KM,KM2,KM22,HAMBOU,KM221,DJOUMOIPANGUA,KM221_0004,BAMBANI,2017,1245.0
KM,KM2,KM22,HAMBOU,KM221,DJOUMOIPANGUA,KM221_0004,BAMBANI,2018,1272.0912719114106
KM,KM2,KM22,HAMBOU,KM221,DJOUMOIPANGUA,KM221_0004,BAMBANI,2019,1300.4361910834039
KM,KM2,KM22,HAMBOU,KM221,DJOUMOIPANGUA,KM221_0004,BAMBANI,2020,1330.0642936714348
KM,KM2,KM22,HAMBOU,KM221,DJOUMOIPANGUA,KM221_0004,BAMBANI,2021,1360.9066618438392
KM,KM2,KM22,HAMBOU,KM221,DJOUMOIPANGUA,KM221_0004,BAMBANI,2022,1392.8320235370059
KM,KM2,KM22,HAMBOU,KM221,DJOUMOIPANGUA,KM221_0004,BAMBANI,2023,1425.4925078706488
KM,KM2,KM22,HAMBOU,KM221,DJOUMOIPANGUA,KM221_0004,BAMBANI,2024,1459.1014317923396
KM,KM2,KM22,HAMBOU,KM221,DJOUMOIPANGUA,KM221_0004,BAMBANI,2025,1493.691613248738
KM,KM2,KM22,HAMBOU,KM221,DJOUMOIPANGUA,KM221_0004,BAMBANI,2026,1529.105525742736
KM,KM2,KM22,HAMBOU,KM221,DJOUMOIPANGUA,KM221_0004,BAMBANI,2027,1565.3431692224017
KM,KM2,KM22,HAMBOU,KM221,DJOUMOIPANGUA,KM221_0004,BAMBANI,2028,1602.1780993589632
KM,KM2,KM22,HAMBOU,KM221,DJOUMOIPANGUA,KM221_0005,DZAHADJOU,2017,2121.0
KM,KM2,KM22,HAMBOU,KM221,DJOUMOIPANGUA,KM221_0005,DZAHADJOU,2018,2167.1530825093187
KM,KM2,KM22,HAMBOU,KM221,DJOUMOIPANGUA,KM221_0005,DZAHADJOU,2019,2215.441896616787
KM,KM2,KM22,HAMBOU,KM221,DJOUMOIPANGUA,KM221_0005,DZAHADJOU,2020,2265.916760543866
KM,KM2,KM22,HAMBOU,KM221,DJOUMOIPANGUA,KM221_0005,DZAHADJOU,2021,2318.460264876131
KM,KM2,KM22,HAMBOU,KM221,DJOUMOIPANGUA,KM221_0005,DZAHADJOU,2022,2372.8487726281037
KM,KM2,KM22,HAMBOU,KM221,DJOUMOIPANGUA,KM221_0005,DZAHADJOU,2023,2428.489645938672
KM,KM2,KM22,HAMBOU,KM221,DJOUMOIPANGUA,KM221_0005,DZAHADJOU,2024,2485.7462946438172
KM,KM2,KM22,HAMBOU,KM221,DJOUMOIPANGUA,KM221_0005,DZAHADJOU,2025,2544.674627871946
KM,KM2,KM22,HAMBOU,KM221,DJOUMOIPANGUA,KM221_0005,DZAHADJOU,2026,2605.0062812050946
KM,KM2,KM22,HAMBOU,KM221,DJOUMOIPANGUA,KM221_0005,DZAHADJOU,2027,2666.7412545547904
KM,KM2,KM22,HAMBOU,KM221,DJOUMOIPANGUA,KM221_0005,DZAHADJOU,2028,2729.4937740886435
KM,KM2,KM22,HAMBOU,KM222,TSINIMOIPANGUA,KM222_0001,MITSOUDJE,2017,3741.0
KM,KM2,KM22,HAMBOU,KM222,TSINIMOIPANGUA,KM222_0001,MITSOUDJE,2018,3822.4043760807926
KM,KM2,KM22,HAMBOU,KM222,TSINIMOIPANGUA,KM222_0001,MITSOUDJE,2019,3907.575735616879
KM,KM2,KM22,HAMBOU,KM222,TSINIMOIPANGUA,KM222_0001,MITSOUDJE,2020,3996.6028294175408
KM,KM2,KM22,HAMBOU,KM222,TSINIMOIPANGUA,KM222_0001,MITSOUDJE,2021,4089.2785718536575
KM,KM2,KM22,HAMBOU,KM222,TSINIMOIPANGUA,KM222_0001,MITSOUDJE,2022,4199.992904267603
KM,KM2,KM22,HAMBOU,KM222,TSINIMOIPANGUA,KM222_0001,MITSOUDJE,2023,4305.101784998064
KM,KM2,KM22,HAMBOU,KM222,TSINIMOIPANGUA,KM222_0001,MITSOUDJE,2024,4412.736515110577
KM,KM2,KM22,HAMBOU,KM222,TSINIMOIPANGUA,KM222_0001,MITSOUDJE,2025,4522.966160799181
KM,KM2,KM22,HAMBOU,KM222,TSINIMOIPANGUA,KM222_0001,MITSOUDJE,2026,4635.257925709851
KM,KM2,KM22,HAMBOU,KM222,TSINIMOIPANGUA,KM222_0001,MITSOUDJE,2027,4749.582210045142
KM,KM2,KM22,HAMBOU,KM222,TSINIMOIPANGUA,KM222_0001,MITSOUDJE,2028,4865.179285670607
KM,KM2,KM22,HAMBOU,KM222,TSINIMOIPANGUA,KM222_0002,TROUMBENI,2017,232.0
KM,KM2,KM22,HAMBOU,KM222,TSINIMOIPANGUA,KM222_0002,TROUMBENI,2018,237.04833340035924
KM,KM2,KM22,HAMBOU,KM222,TSINIMOIPANGUA,KM222_0002,TROUMBENI,2019,242.33027817779092
KM,KM2,KM22,HAMBOU,KM222,TSINIMOIPANGUA,KM222_0002,TROUMBENI,2020,247.85133825845213
KM,KM2,KM22,HAMBOU,KM222,TSINIMOIPANGUA,KM222_0002,TROUMBENI,2021,253.59867112270743
KM,KM2,KM22,HAMBOU,KM222,TSINIMOIPANGUA,KM222_0002,TROUMBENI,2022,259.5478148277794
KM,KM2,KM22,HAMBOU,KM222,TSINIMOIPANGUA,KM222_0002,TROUMBENI,2023,265.6339452417594
KM,KM2,KM22,HAMBOU,KM222,TSINIMOIPANGUA,KM222_0002,TROUMBENI,2024,271.8968129926288
KM,KM2,KM22,HAMBOU,KM222,TSINIMOIPANGUA,KM222_0002,TROUMBENI,2025,278.3425335531785
KM,KM2,KM22,HAMBOU,KM222,TSINIMOIPANGUA,KM222_0002,TROUMBENI,2026,284.94175258820457
KM,KM2,KM22,HAMBOU,KM222,TSINIMOIPANGUA,KM222_0002,TROUMBENI,2027,291.6944700880299
KM,KM2,KM22,HAMBOU,KM222,TSINIMOIPANGUA,KM222_0002,TROUMBENI,2028,298.5584891978148
KM,KM2,KM22,HAMBOU,KM222,TSINIMOIPANGUA,KM222_0003,CHOUANI,2017,2591.0
KM,KM2,KM22,HAMBOU,KM222,TSINIMOIPANGUA,KM222_0003,CHOUANI,2018,2647.3803096565985
KM,KM2,KM22,HAMBOU,KM222,TSINIMOIPANGUA,KM222_0003,CHOUANI,2019,2706.3696153390356
KM,KM2,KM22,HAMBOU,KM222,TSINIMOIPANGUA,KM222_0003,CHOUANI,2020,2768.0293854640067
KM,KM2,KM22,HAMBOU,KM222,TSINIMOIPANGUA,KM222_0003,CHOUANI,2021,2832.216193443685
KM,KM2,KM22,HAMBOU,KM222,TSINIMOIPANGUA,KM222_0003,CHOUANI,2022,2898.656845770588
KM,KM2,KM22,HAMBOU,KM222,TSINIMOIPANGUA,KM222_0003,CHOUANI,2023,2966.627379833615
KM,KM2,KM22,HAMBOU,KM222,TSINIMOIPANGUA,KM222_0003,CHOUANI,2024,3056.2417296582476
KM,KM2,KM22,HAMBOU,KM222,TSINIMOIPANGUA,KM222_0003,CHOUANI,2025,3132.58629313838
KM,KM2,KM22,HAMBOU,KM222,TSINIMOIPANGUA,KM222_0003,CHOUANI,2026,3210.35907124144
KM,KM2,KM22,HAMBOU,KM222,TSINIMOIPANGUA,KM222_0003,CHOUANI,2027,3289.53956327906
KM,KM2,KM22,HAMBOU,KM222,TSINIMOIPANGUA,KM222_0003,CHOUANI,2028,3369.6015849164773
KM,KM2,KM22,HAMBOU,KM222,TSINIMOIPANGUA,KM222_0004,DJOUMOICHONGO,2017,1535.0
KM,KM2,KM22,HAMBOU,KM222,TSINIMOIPANGUA,KM222_0004,DJOUMOICHONGO,2018,1568.4016886618595
KM,KM2,KM22,HAMBOU,KM222,TSINIMOIPANGUA,KM222_0004,DJOUMOICHONGO,2019,1603.3490388056423
KM,KM2,KM22,HAMBOU,KM222,TSINIMOIPANGUA,KM222_0004,DJOUMOICHONGO,2020,1639.8784664945
KM,KM2,KM22,HAMBOU,KM222,TSINIMOIPANGUA,KM222_0004,DJOUMOICHONGO,2021,1677.9050007472233
KM,KM2,KM22,HAMBOU,KM222,TSINIMOIPANGUA,KM222_0004,DJOUMOICHONGO,2022,1717.26679207173
KM,KM2,KM22,HAMBOU,KM222,TSINIMOIPANGUA,KM222_0004,DJOUMOICHONGO,2023,1757.5349394228479
KM,KM2,KM22,HAMBOU,KM222,TSINIMOIPANGUA,KM222_0004,DJOUMOICHONGO,2024,1798.9724480331254
KM,KM2,KM22,HAMBOU,KM222,TSINIMOIPANGUA,KM222_0004,DJOUMOICHONGO,2025,1841.6197801902108
KM,KM2,KM22,HAMBOU,KM222,TSINIMOIPANGUA,KM222_0004,DJOUMOICHONGO,2026,1885.2827164779915
KM,KM2,KM22,HAMBOU,KM222,TSINIMOIPANGUA,KM222_0004,DJOUMOICHONGO,2027,1929.9612568324387
KM,KM2,KM22,HAMBOU,KM222,TSINIMOIPANGUA,KM222_0004,DJOUMOICHONGO,2028,1975.3762108562314
KM,KM2,KM22,HAMBOU,KM222,TSINIMOIPANGUA,KM222_0005,BANGOI,2017,2830.0
KM,KM2,KM22,HAMBOU,KM222,TSINIMOIPANGUA,KM222_0005,BANGOI,2018,2891.5809634612783
KM,KM2,KM22,HAMBOU,KM222,TSINIMOIPANGUA,KM222_0005,BANGOI,2019,2956.011582944605
KM,KM2,KM22,HAMBOU,KM222,TSINIMOIPANGUA,KM222_0005,BANGOI,2020,3023.358996859567
KM,KM2,KM22,HAMBOU,KM222,TSINIMOIPANGUA,KM222_0005,BANGOI,2021,3093.4665486088875
KM,KM2,KM22,HAMBOU,KM222,TSINIMOIPANGUA,KM222_0005,BANGOI,2022,3166.035844666447
KM,KM2,KM22,HAMBOU,KM222,TSINIMOIPANGUA,KM222_0005,BANGOI,2023,3240.2761423887036
KM,KM2,KM22,HAMBOU,KM222,TSINIMOIPANGUA,KM222_0005,BANGOI,2024,3316.672330901463
KM,KM2,KM22,HAMBOU,KM222,TSINIMOIPANGUA,KM222_0005,BANGOI,2025,3395.2990084288576
KM,KM2,KM22,HAMBOU,KM222,TSINIMOIPANGUA,KM222_0005,BANGOI,2026,3475.798102692323
KM,KM2,KM22,HAMBOU,KM222,TSINIMOIPANGUA,KM222_0005,BANGOI,2027,3558.169613573812
KM,KM2,KM22,HAMBOU,KM222,TSINIMOIPANGUA,KM222_0005,BANGOI,2028,3641.898812197482
KM,KM2,KM22,HAMBOU,KM222,TSINIMOIPANGUA,KM222_0006,NKOMIONI,2017,557.0
KM,KM2,KM22,HAMBOU,KM222,TSINIMOIPANGUA,KM222_0006,NKOMIONI,2018,569.1203521724142
KM,KM2,KM22,HAMBOU,KM222,TSINIMOIPANGUA,KM222_0006,NKOMIONI,2019,581.8015730389204
KM,KM2,KM22,HAMBOU,KM222,TSINIMOIPANGUA,KM222_0006,NKOMIONI,2020,595.0568767670595
KM,KM2,KM22,HAMBOU,KM222,TSINIMOIPANGUA,KM222_0006,NKOMIONI,2021,608.855430238569
KM,KM2,KM22,HAMBOU,KM222,TSINIMOIPANGUA,KM222_0006,NKOMIONI,2022,623.1385037029014
KM,KM2,KM22,HAMBOU,KM222,TSINIMOIPANGUA,KM222_0006,NKOMIONI,2023,637.7504633606035
KM,KM2,KM22,HAMBOU,KM222,TSINIMOIPANGUA,KM222_0006,NKOMIONI,2024,652.7867449866129
KM,KM2,KM22,HAMBOU,KM222,TSINIMOIPANGUA,KM222_0006,NKOMIONI,2025,668.262030987588
KM,KM2,KM22,HAMBOU,KM222,TSINIMOIPANGUA,KM222_0006,NKOMIONI,2026,684.1058456535774
KM,KM2,KM22,HAMBOU,KM222,TSINIMOIPANGUA,KM222_0006,NKOMIONI,2027,700.3181889613475
KM,KM2,KM22,HAMBOU,KM222,TSINIMOIPANGUA,KM222_0006,NKOMIONI,2028,716.7977520826847
KM,KM2,KM22,HAMBOU,KM222,TSINIMOIPANGUA,KM222_0007,SALIMANI,2017,1957.0
KM,KM2,KM22,HAMBOU,KM222,TSINIMOIPANGUA,KM222_0007,SALIMANI,2018,1999.584433036651
KM,KM2,KM22,HAMBOU,KM222,TSINIMOIPANGUA,KM222_0007,SALIMANI,2019,2044.1394585945554
KM,KM2,KM22,HAMBOU,KM222,TSINIMOIPANGUA,KM222_0007,SALIMANI,2020,2090.7115041887537
KM,KM2,KM22,HAMBOU,KM222,TSINIMOIPANGUA,KM222_0007,SALIMANI,2021,2139.1922387376653
KM,KM2,KM22,HAMBOU,KM222,TSINIMOIPANGUA,KM222_0007,SALIMANI,2022,2189.3753173188115
KM,KM2,KM22,HAMBOU,KM222,TSINIMOIPANGUA,KM222_0007,SALIMANI,2023,2240.713926026393
KM,KM2,KM22,HAMBOU,KM222,TSINIMOIPANGUA,KM222_0007,SALIMANI,2024,2293.543375114545
KM,KM2,KM22,HAMBOU,KM222,TSINIMOIPANGUA,KM222_0007,SALIMANI,2025,2347.9152507050444
KM,KM2,KM22,HAMBOU,KM222,TSINIMOIPANGUA,KM222_0007,SALIMANI,2026,2403.5819388582604
KM,KM2,KM22,HAMBOU,KM222,TSINIMOIPANGUA,KM222_0007,SALIMANI,2027,2460.5434394925624
KM,KM2,KM22,HAMBOU,KM222,TSINIMOIPANGUA,KM222_0007,SALIMANI,2028,2518.4438075867397
KM,KM2,KM23,ITSANDRA HAMANVOU,KM231,BANGAANI,KM231_0001,ITSANDRA MDJINI,2017,3273.0
KM,KM2,KM23,ITSANDRA HAMANVOU,KM231,BANGAANI,KM231_0001,ITSANDRA MDJINI,2018,3344.2206690490334
KM,KM2,KM23,ITSANDRA HAMANVOU,KM231,BANGAANI,KM231_0001,ITSANDRA MDJINI,2019,3418.737071016852
KM,KM2,KM23,ITSANDRA HAMANVOU,KM231,BANGAANI,KM231_0001,ITSANDRA MDJINI,2020,3496.6268539651455
KM,KM2,KM23,ITSANDRA HAMANVOU,KM231,BANGAANI,KM231_0001,ITSANDRA MDJINI,2021,3577.708838726816
KM,KM2,KM23,ITSANDRA HAMANVOU,KM231,BANGAANI,KM231_0001,ITSANDRA MDJINI,2022,3661.637922117767
KM,KM2,KM23,ITSANDRA HAMANVOU,KM231,BANGAANI,KM231_0001,ITSANDRA MDJINI,2023,3747.4995809322354
KM,KM2,KM23,ITSANDRA HAMANVOU,KM231,BANGAANI,KM231_0001,ITSANDRA MDJINI,2024,3835.8546074348014
KM,KM2,KM23,ITSANDRA HAMANVOU,KM231,BANGAANI,KM231_0001,ITSANDRA MDJINI,2025,3926.789277239453
KM,KM2,KM23,ITSANDRA HAMANVOU,KM231,BANGAANI,KM231_0001,ITSANDRA MDJINI,2026,4019.8894664706622
KM,KM2,KM23,ITSANDRA HAMANVOU,KM231,BANGAANI,KM231_0001,ITSANDRA MDJINI,2027,4115.155174991904
KM,KM2,KM23,ITSANDRA HAMANVOU,KM231,BANGAANI,KM231_0001,ITSANDRA MDJINI,2028,4211.991099760551
KM,KM2,KM23,ITSANDRA HAMANVOU,KM231,BANGAANI,KM231_0002,SALIMANI YA ITSANDRA,2017,3198.0
KM,KM2,KM23,ITSANDRA HAMANVOU,KM231,BANGAANI,KM231_0002,SALIMANI YA ITSANDRA,2018,3267.58866471702
KM,KM2,KM23,ITSANDRA HAMANVOU,KM231,BANGAANI,KM231_0002,SALIMANI YA ITSANDRA,2019,3340.397541433514
KM,KM2,KM23,ITSANDRA HAMANVOU,KM231,BANGAANI,KM231_0002,SALIMANI YA ITSANDRA,2020,3416.502498924697
KM,KM2,KM23,ITSANDRA HAMANVOU,KM231,BANGAANI,KM231_0002,SALIMANI YA ITSANDRA,2021,3495.726509700078
KM,KM2,KM23,ITSANDRA HAMANVOU,KM231,BANGAANI,KM231_0002,SALIMANI YA ITSANDRA,2022,3577.7323785312
KM,KM2,KM23,ITSANDRA HAMANVOU,KM231,BANGAANI,KM231_0002,SALIMANI YA ITSANDRA,2023,3661.6265382894253
KM,KM2,KM23,ITSANDRA HAMANVOU,KM231,BANGAANI,KM231_0002,SALIMANI YA ITSANDRA,2024,3747.9569308208047
KM,KM2,KM23,ITSANDRA HAMANVOU,KM231,BANGAANI,KM231_0002,SALIMANI YA ITSANDRA,2025,3836.807854754589
KM,KM2,KM23,ITSANDRA HAMANVOU,KM231,BANGAANI,KM231_0002,SALIMANI YA ITSANDRA,2026,3927.774675763268
KM,KM2,KM23,ITSANDRA HAMANVOU,KM231,BANGAANI,KM231_0002,SALIMANI YA ITSANDRA,2027,4020.8573937134456
KM,KM2,KM23,ITSANDRA HAMANVOU,KM231,BANGAANI,KM231_0002,SALIMANI YA ITSANDRA,2028,4115.474346787119
KM,KM2,KM23,ITSANDRA HAMANVOU,KM231,BANGAANI,KM231_0003,SAMBA MBODONI,2017,1388.0
KM,KM2,KM23,ITSANDRA HAMANVOU,KM231,BANGAANI,KM231_0003,SAMBA MBODONI,2018,1418.2029601711147
KM,KM2,KM23,ITSANDRA HAMANVOU,KM231,BANGAANI,KM231_0003,SAMBA MBODONI,2019,1449.8035608223008
KM,KM2,KM23,ITSANDRA HAMANVOU,KM231,BANGAANI,KM231_0003,SAMBA MBODONI,2020,1482.834730615222
KM,KM2,KM23,ITSANDRA HAMANVOU,KM231,BANGAANI,KM231_0003,SAMBA MBODONI,2021,1517.2196358548185
KM,KM2,KM23,ITSANDRA HAMANVOU,KM231,BANGAANI,KM231_0003,SAMBA MBODONI,2022,1552.8119266420592
KM,KM2,KM23,ITSANDRA HAMANVOU,KM231,BANGAANI,KM231_0003,SAMBA MBODONI,2023,1589.22377584294
KM,KM2,KM23,ITSANDRA HAMANVOU,KM231,BANGAANI,KM231_0003,SAMBA MBODONI,2024,1626.6930018696928
KM,KM2,KM23,ITSANDRA HAMANVOU,KM231,BANGAANI,KM231_0003,SAMBA MBODONI,2025,1665.2561921198778
KM,KM2,KM23,ITSANDRA HAMANVOU,KM231,BANGAANI,KM231_0003,SAMBA MBODONI,2026,1704.7377266914998
KM,KM2,KM23,ITSANDRA HAMANVOU,KM231,BANGAANI,KM231_0003,SAMBA MBODONI,2027,1745.137605526661
KM,KM2,KM23,ITSANDRA HAMANVOU,KM231,BANGAANI,KM231_0003,SAMBA MBODONI,2028,1786.2033750283058
KM,KM2,KM23,ITSANDRA HAMANVOU,KM231,BANGAANI,KM231_0004,DZAHANI LA TSIDJE,2017,7899.0
KM,KM2,KM23,ITSANDRA HAMANVOU,KM231,BANGAANI,KM231_0004,DZAHANI LA TSIDJE,2018,8070.882696247575
KM,KM2,KM23,ITSANDRA HAMANVOU,KM231,BANGAANI,KM231_0004,DZAHANI LA TSIDJE,2019,8250.719255717115
KM,KM2,KM23,ITSANDRA HAMANVOU,KM231,BANGAANI,KM231_0004,DZAHANI LA TSIDJE,2020,8438.697072859972
KM,KM2,KM23,ITSANDRA HAMANVOU,KM231,BANGAANI,KM231_0004,DZAHANI LA TSIDJE,2021,8634.378893095974
KM,KM2,KM23,ITSANDRA HAMANVOU,KM231,BANGAANI,KM231_0004,DZAHANI LA TSIDJE,2022,8836.931850537196
KM,KM2,KM23,ITSANDRA HAMANVOU,KM231,BANGAANI,KM231_0004,DZAHANI LA TSIDJE,2023,9044.148851140766
KM,KM2,KM23,ITSANDRA HAMANVOU,KM231,BANGAANI,KM231_0004,DZAHANI LA TSIDJE,2024,9257.383300986097
KM,KM2,KM23,ITSANDRA HAMANVOU,KM231,BANGAANI,KM231_0004,DZAHANI LA TSIDJE,2025,9476.843416105847
KM,KM2,KM23,ITSANDRA HAMANVOU,KM231,BANGAANI,KM231_0004,DZAHANI LA TSIDJE,2026,9701.529757302706
KM,KM2,KM23,ITSANDRA HAMANVOU,KM231,BANGAANI,KM231_0004,DZAHANI LA TSIDJE,2027,9931.44232424719
KM,KM2,KM23,ITSANDRA HAMANVOU,KM231,BANGAANI,KM231_0004,DZAHANI LA TSIDJE,2028,10165.144423161806
KM,KM2,KM23,ITSANDRA HAMANVOU,KM231,BANGAANI,KM231_0005,MAOUENI YA ITSANDRA,2017,824.0
KM,KM2,KM23,ITSANDRA HAMANVOU,KM231,BANGAANI,KM231_0005,MAOUENI YA ITSANDRA,2018,841.9302875943793
KM,KM2,KM23,ITSANDRA HAMANVOU,KM231,BANGAANI,KM231_0005,MAOUENI YA ITSANDRA,2019,860.6902983556022
KM,KM2,KM23,ITSANDRA HAMANVOU,KM231,BANGAANI,KM231_0005,MAOUENI YA ITSANDRA,2020,880.2995807110541
KM,KM2,KM23,ITSANDRA HAMANVOU,KM231,BANGAANI,KM231_0005,MAOUENI YA ITSANDRA,2021,900.7125215737539
KM,KM2,KM23,ITSANDRA HAMANVOU,KM231,BANGAANI,KM231_0005,MAOUENI YA ITSANDRA,2022,921.8422388710785
KM,KM2,KM23,ITSANDRA HAMANVOU,KM231,BANGAANI,KM231_0005,MAOUENI YA ITSANDRA,2023,943.4584951690076
KM,KM2,KM23,ITSANDRA HAMANVOU,KM231,BANGAANI,KM231_0005,MAOUENI YA ITSANDRA,2024,965.70247373244
KM,KM2,KM23,ITSANDRA HAMANVOU,KM231,BANGAANI,KM231_0005,MAOUENI YA ITSANDRA,2025,988.5958950337027
KM,KM2,KM23,ITSANDRA HAMANVOU,KM231,BANGAANI,KM231_0005,MAOUENI YA ITSANDRA,2026,1012.0345005718991
KM,KM2,KM23,ITSANDRA HAMANVOU,KM231,BANGAANI,KM231_0005,MAOUENI YA ITSANDRA,2027,1036.0182903126577
KM,KM2,KM23,ITSANDRA HAMANVOU,KM231,BANGAANI,KM231_0005,MAOUENI YA ITSANDRA,2028,1060.397392668101
KM,KM2,KM23,ITSANDRA HAMANVOU,KM231,BANGAANI,KM231_0006,MIRONTSI YA ITSANDRA,2017,438.0
KM,KM2,KM23,ITSANDRA HAMANVOU,KM231,BANGAANI,KM231_0006,MIRONTSI YA ITSANDRA,2018,447.5309052989541
KM,KM2,KM23,ITSANDRA HAMANVOU,KM231,BANGAANI,KM231_0006,MIRONTSI YA ITSANDRA,2019,457.5028527666915
KM,KM2,KM23,ITSANDRA HAMANVOU,KM231,BANGAANI,KM231_0006,MIRONTSI YA ITSANDRA,2020,467.9262334362156
KM,KM2,KM23,ITSANDRA HAMANVOU,KM231,BANGAANI,KM231_0006,MIRONTSI YA ITSANDRA,2021,478.77680151614584
KM,KM2,KM23,ITSANDRA HAMANVOU,KM231,BANGAANI,KM231_0006,MIRONTSI YA ITSANDRA,2022,490.00837454554903
KM,KM2,KM23,ITSANDRA HAMANVOU,KM231,BANGAANI,KM231_0006,MIRONTSI YA ITSANDRA,2023,501.4985690340114
KM,KM2,KM23,ITSANDRA HAMANVOU,KM231,BANGAANI,KM231_0006,MIRONTSI YA ITSANDRA,2024,513.3224314257387
KM,KM2,KM23,ITSANDRA HAMANVOU,KM231,BANGAANI,KM231_0006,MIRONTSI YA ITSANDRA,2025,525.4915073116042
KM,KM2,KM23,ITSANDRA HAMANVOU,KM231,BANGAANI,KM231_0006,MIRONTSI YA ITSANDRA,2026,537.9503777311793
KM,KM2,KM23,ITSANDRA HAMANVOU,KM231,BANGAANI,KM231_0006,MIRONTSI YA ITSANDRA,2027,550.6990426661943
KM,KM2,KM23,ITSANDRA HAMANVOU,KM231,BANGAANI,KM231_0006,MIRONTSI YA ITSANDRA,2028,563.65783736484
KM,KM2,KM23,ITSANDRA HAMANVOU,KM231,BANGAANI,KM231_0007,BANDAMADJI LA ITSANDRA,2017,916.0
KM,KM2,KM23,ITSANDRA HAMANVOU,KM231,BANGAANI,KM231_0007,BANDAMADJI LA ITSANDRA,2018,935.9322129083149
KM,KM2,KM23,ITSANDRA HAMANVOU,KM231,BANGAANI,KM231_0007,BANDAMADJI LA ITSANDRA,2019,956.7867879778297
KM,KM2,KM23,ITSANDRA HAMANVOU,KM231,BANGAANI,KM231_0007,BANDAMADJI LA ITSANDRA,2020,978.5854562273369
KM,KM2,KM23,ITSANDRA HAMANVOU,KM231,BANGAANI,KM231_0007,BANDAMADJI LA ITSANDRA,2021,1001.2775118465516
KM,KM2,KM23,ITSANDRA HAMANVOU,KM231,BANGAANI,KM231_0007,BANDAMADJI LA ITSANDRA,2022,1024.766372337267
KM,KM2,KM23,ITSANDRA HAMANVOU,KM231,BANGAANI,KM231_0007,BANDAMADJI LA ITSANDRA,2023,1048.7960941441884
KM,KM2,KM23,ITSANDRA HAMANVOU,KM231,BANGAANI,KM231_0007,BANDAMADJI LA ITSANDRA,2024,1073.5236237122758
KM,KM2,KM23,ITSANDRA HAMANVOU,KM231,BANGAANI,KM231_0007,BANDAMADJI LA ITSANDRA,2025,1098.9731066151357
KM,KM2,KM23,ITSANDRA HAMANVOU,KM231,BANGAANI,KM231_0007,BANDAMADJI LA ITSANDRA,2026,1125.0286438396354
KM,KM2,KM23,ITSANDRA HAMANVOU,KM231,BANGAANI,KM231_0007,BANDAMADJI LA ITSANDRA,2027,1151.6902353475662
KM,KM2,KM23,ITSANDRA HAMANVOU,KM231,BANGAANI,KM231_0007,BANDAMADJI LA ITSANDRA,2028,1178.7912763155105
KM,KM2,KM23,ITSANDRA HAMANVOU,KM231,BANGAANI,KM231_0008,DIMADJOU YA ITSANDRA,2017,1420.0
KM,KM2,KM23,ITSANDRA HAMANVOU,KM231,BANGAANI,KM231_0008,DIMADJOU YA ITSANDRA,2018,1450.8992820194403
KM,KM2,KM23,ITSANDRA HAMANVOU,KM231,BANGAANI,KM231_0008,DIMADJOU YA ITSANDRA,2019,1483.2284267778582
KM,KM2,KM23,ITSANDRA HAMANVOU,KM231,BANGAANI,KM231_0008,DIMADJOU YA ITSANDRA,2020,1517.0211220991466
KM,KM2,KM23,ITSANDRA HAMANVOU,KM231,BANGAANI,KM231_0008,DIMADJOU YA ITSANDRA,2021,1552.1987629062264
KM,KM2,KM23,ITSANDRA HAMANVOU,KM231,BANGAANI,KM231_0008,DIMADJOU YA ITSANDRA,2022,1588.6116252389947
KM,KM2,KM23,ITSANDRA HAMANVOU,KM231,BANGAANI,KM231_0008,DIMADJOU YA ITSANDRA,2023,1625.8629407038725
KM,KM2,KM23,ITSANDRA HAMANVOU,KM231,BANGAANI,KM231_0008,DIMADJOU YA ITSANDRA,2024,1664.1960105583314
KM,KM2,KM23,ITSANDRA HAMANVOU,KM231,BANGAANI,KM231_0008,DIMADJOU YA ITSANDRA,2025,1703.64826571342
KM,KM2,KM23,ITSANDRA HAMANVOU,KM231,BANGAANI,KM231_0008,DIMADJOU YA ITSANDRA,2026,1744.0400373933212
KM,KM2,KM23,ITSANDRA HAMANVOU,KM231,BANGAANI,KM231_0008,DIMADJOU YA ITSANDRA,2027,1785.3713255388036
KM,KM2,KM23,ITSANDRA HAMANVOU,KM231,BANGAANI,KM231_0008,DIMADJOU YA ITSANDRA,2028,1827.38385629697
KM,KM2,KM23,ITSANDRA HAMANVOU,KM232,DJOUMOICHONGO,KM232_0001,DZAHANI II,2017,1464.0
KM,KM2,KM23,ITSANDRA HAMANVOU,KM232,DJOUMOICHONGO,KM232_0001,DZAHANI II,2018,1495.8567245608876
KM,KM2,KM23,ITSANDRA HAMANVOU,KM232,DJOUMOICHONGO,KM232_0001,DZAHANI II,2019,1529.1876174667495
KM,KM2,KM23,ITSANDRA HAMANVOU,KM232,DJOUMOICHONGO,KM232_0001,DZAHANI II,2020,1564.0274103895429
KM,KM2,KM23,ITSANDRA HAMANVOU,KM232,DJOUMOICHONGO,KM232_0001,DZAHANI II,2021,1600.2950626019124
KM,KM2,KM23,ITSANDRA HAMANVOU,KM232,DJOUMOICHONGO,KM232_0001,DZAHANI II,2022,1637.8362108097804
KM,KM2,KM23,ITSANDRA HAMANVOU,KM232,DJOUMOICHONGO,KM232_0001,DZAHANI II,2023,1676.2417923876544
KM,KM2,KM23,ITSANDRA HAMANVOU,KM232,DJOUMOICHONGO,KM232_0001,DZAHANI II,2024,1715.762647505209
KM,KM2,KM23,ITSANDRA HAMANVOU,KM232,DJOUMOICHONGO,KM232_0001,DZAHANI II,2025,1756.43736690454
KM,KM2,KM23,ITSANDRA HAMANVOU,KM232,DJOUMOICHONGO,KM232_0001,DZAHANI II,2026,1798.0807146083255
KM,KM2,KM23,ITSANDRA HAMANVOU,KM232,DJOUMOICHONGO,KM232_0001,DZAHANI II,2027,1840.6926905554988
KM,KM2,KM23,ITSANDRA HAMANVOU,KM232,DJOUMOICHONGO,KM232_0001,DZAHANI II,2028,1884.0070180413832
KM,KM2,KM23,ITSANDRA HAMANVOU,KM232,DJOUMOICHONGO,KM232_0002,BAHANI,2017,1818.0
KM,KM2,KM23,ITSANDRA HAMANVOU,KM232,DJOUMOICHONGO,KM232_0002,BAHANI,2018,1857.5597850079873
KM,KM2,KM23,ITSANDRA HAMANVOU,KM232,DJOUMOICHONGO,KM232_0002,BAHANI,2019,1898.9501971001027
KM,KM2,KM23,ITSANDRA HAMANVOU,KM232,DJOUMOICHONGO,KM232_0002,BAHANI,2020,1942.2143661804566
KM,KM2,KM23,ITSANDRA HAMANVOU,KM232,DJOUMOICHONGO,KM232_0002,BAHANI,2021,1987.2516556081123
KM,KM2,KM23,ITSANDRA HAMANVOU,KM232,DJOUMOICHONGO,KM232_0002,BAHANI,2022,2033.8703765383746
KM,KM2,KM23,ITSANDRA HAMANVOU,KM232,DJOUMOICHONGO,KM232_0002,BAHANI,2023,2081.5625536617185
KM,KM2,KM23,ITSANDRA HAMANVOU,KM232,DJOUMOICHONGO,KM232_0002,BAHANI,2024,2130.639681123272
KM,KM2,KM23,ITSANDRA HAMANVOU,KM232,DJOUMOICHONGO,KM232_0002,BAHANI,2025,2181.149681033097
KM,KM2,KM23,ITSANDRA HAMANVOU,KM232,DJOUMOICHONGO,KM232_0002,BAHANI,2026,2232.8625267472235
KM,KM2,KM23,ITSANDRA HAMANVOU,KM232,DJOUMOICHONGO,KM232_0002,BAHANI,2027,2285.77821818982
KM,KM2,KM23,ITSANDRA HAMANVOU,KM232,DJOUMOICHONGO,KM232_0002,BAHANI,2028,2339.5660920759797
KM,KM2,KM23,ITSANDRA HAMANVOU,KM232,DJOUMOICHONGO,KM232_0003,SIMA,2017,842.0
KM,KM2,KM23,ITSANDRA HAMANVOU,KM232,DJOUMOICHONGO,KM232_0003,SIMA,2018,860.3219686340624
KM,KM2,KM23,ITSANDRA HAMANVOU,KM232,DJOUMOICHONGO,KM232_0003,SIMA,2019,879.4917854556032
KM,KM2,KM23,ITSANDRA HAMANVOU,KM232,DJOUMOICHONGO,KM232_0003,SIMA,2020,899.5294259207616
KM,KM2,KM23,ITSANDRA HAMANVOU,KM232,DJOUMOICHONGO,KM232_0003,SIMA,2021,920.3882805401709
KM,KM2,KM23,ITSANDRA HAMANVOU,KM232,DJOUMOICHONGO,KM232_0003,SIMA,2022,941.9795693318546
KM,KM2,KM23,ITSANDRA HAMANVOU,KM232,DJOUMOICHONGO,KM232_0003,SIMA,2023,964.0680254032821
KM,KM2,KM23,ITSANDRA HAMANVOU,KM232,DJOUMOICHONGO,KM232_0003,SIMA,2024,986.7979161197992
KM,KM2,KM23,ITSANDRA HAMANVOU,KM232,DJOUMOICHONGO,KM232_0003,SIMA,2025,1010.1914364300701
KM,KM2,KM23,ITSANDRA HAMANVOU,KM232,DJOUMOICHONGO,KM232_0003,SIMA,2026,1034.1420503416734
KM,KM2,KM23,ITSANDRA HAMANVOU,KM232,DJOUMOICHONGO,KM232_0003,SIMA,2027,1058.6497578194876
KM,KM2,KM23,ITSANDRA HAMANVOU,KM232,DJOUMOICHONGO,KM232_0003,SIMA,2028,1083.5614133817244
KM,KM2,KM23,ITSANDRA HAMANVOU,KM232,DJOUMOICHONGO,KM232_0004,OUELLAH YA ITSANDRA,2017,1271.0
KM,KM2,KM23,ITSANDRA HAMANVOU,KM232,DJOUMOICHONGO,KM232_0004,OUELLAH YA ITSANDRA,2018,1298.6570334131748
KM,KM2,KM23,ITSANDRA HAMANVOU,KM232,DJOUMOICHONGO,KM232_0004,OUELLAH YA ITSANDRA,2019,1327.593894672294
KM,KM2,KM23,ITSANDRA HAMANVOU,KM232,DJOUMOICHONGO,KM232_0004,OUELLAH YA ITSANDRA,2020,1357.8407367521236
KM,KM2,KM23,ITSANDRA HAMANVOU,KM232,DJOUMOICHONGO,KM232_0004,OUELLAH YA ITSANDRA,2021,1389.3272025731083
KM,KM2,KM23,ITSANDRA HAMANVOU,KM232,DJOUMOICHONGO,KM232_0004,OUELLAH YA ITSANDRA,2022,1421.9192786470155
KM,KM2,KM23,ITSANDRA HAMANVOU,KM232,DJOUMOICHONGO,KM232_0004,OUELLAH YA ITSANDRA,2023,1455.2618293201563
KM,KM2,KM23,ITSANDRA HAMANVOU,KM232,DJOUMOICHONGO,KM232_0004,OUELLAH YA ITSANDRA,2024,1489.5726263518584
KM,KM2,KM23,ITSANDRA HAMANVOU,KM232,DJOUMOICHONGO,KM232_0004,OUELLAH YA ITSANDRA,2025,1524.8851730434906
KM,KM2,KM23,ITSANDRA HAMANVOU,KM232,DJOUMOICHONGO,KM232_0004,OUELLAH YA ITSANDRA,2026,1561.0386531879656
KM,KM2,KM23,ITSANDRA HAMANVOU,KM232,DJOUMOICHONGO,KM232_0004,OUELLAH YA ITSANDRA,2027,1598.033066732267
KM,KM2,KM23,ITSANDRA HAMANVOU,KM232,DJOUMOICHONGO,KM232_0004,OUELLAH YA ITSANDRA,2028,1635.6372403897528
KM,KM2,KM23,ITSANDRA HAMANVOU,KM232,DJOUMOICHONGO,KM232_0005,SAMBA KOUNI,2017,2047.0
KM,KM2,KM23,ITSANDRA HAMANVOU,KM232,DJOUMOICHONGO,KM232_0005,SAMBA KOUNI,2018,2091.542838235066
KM,KM2,KM23,ITSANDRA HAMANVOU,KM232,DJOUMOICHONGO,KM232_0005,SAMBA KOUNI,2019,2138.14689409456
KM,KM2,KM23,ITSANDRA HAMANVOU,KM232,DJOUMOICHONGO,KM232_0005,SAMBA KOUNI,2020,2186.860730237291
KM,KM2,KM23,ITSANDRA HAMANVOU,KM232,DJOUMOICHONGO,KM232_0005,SAMBA KOUNI,2021,2237.5710335697504
KM,KM2,KM23,ITSANDRA HAMANVOU,KM232,DJOUMOICHONGO,KM232_0005,SAMBA KOUNI,2022,2290.061969622692
KM,KM2,KM23,ITSANDRA HAMANVOU,KM232,DJOUMOICHONGO,KM232_0005,SAMBA KOUNI,2023,2343.7615771977653
KM,KM2,KM23,ITSANDRA HAMANVOU,KM232,DJOUMOICHONGO,KM232_0005,SAMBA KOUNI,2024,2399.020587051341
KM,KM2,KM23,ITSANDRA HAMANVOU,KM232,DJOUMOICHONGO,KM232_0005,SAMBA KOUNI,2025,2455.892957686881
KM,KM2,KM23,ITSANDRA HAMANVOU,KM232,DJOUMOICHONGO,KM232_0005,SAMBA KOUNI,2026,2514.119687707133
KM,KM2,KM23,ITSANDRA HAMANVOU,KM232,DJOUMOICHONGO,KM232_0005,SAMBA KOUNI,2027,2573.7007770267114
KM,KM2,KM23,ITSANDRA HAMANVOU,KM232,DJOUMOICHONGO,KM232_0005,SAMBA KOUNI,2028,2634.2639111548574
KM,KM2,KM23,ITSANDRA HAMANVOU,KM233,HAMANVOU,KM233_0001,HAHAYA,2017,4589.0
KM,KM2,KM23,ITSANDRA HAMANVOU,KM233,HAMANVOU,KM233_0001,HAHAYA,2018,4688.856905061415
KM,KM2,KM23,ITSANDRA HAMANVOU,KM233,HAMANVOU,KM233_0001,HAHAYA,2019,4793.334683439149
KM,KM2,KM23,ITSANDRA HAMANVOU,KM233,HAMANVOU,KM233_0001,HAHAYA,2020,4902.542203741537
KM,KM2,KM23,ITSANDRA HAMANVOU,KM233,HAMANVOU,KM233_0001,HAHAYA,2021,5016.225438715966
KM,KM2,KM23,ITSANDRA HAMANVOU,KM233,HAMANVOU,KM233_0001,HAHAYA,2022,5133.900526916722
KM,KM2,KM23,ITSANDRA HAMANVOU,KM233,HAMANVOU,KM233_0001,HAHAYA,2023,5254.285235838077
KM,KM2,KM23,ITSANDRA HAMANVOU,KM233,HAMANVOU,KM233_0001,HAHAYA,2024,5378.165839755057
KM,KM2,KM23,ITSANDRA HAMANVOU,KM233,HAMANVOU,KM233_0001,HAHAYA,2025,5505.663303773862
KM,KM2,KM23,ITSANDRA HAMANVOU,KM233,HAMANVOU,KM233_0001,HAHAYA,2026,5636.196994083063
KM,KM2,KM23,ITSANDRA HAMANVOU,KM233,HAMANVOU,KM233_0001,HAHAYA,2027,5769.766910491245
KM,KM2,KM23,ITSANDRA HAMANVOU,KM233,HAMANVOU,KM233_0001,HAHAYA,2028,5905.538391934362
KM,KM2,KM23,ITSANDRA HAMANVOU,KM233,HAMANVOU,KM233_0002,BOENINDI,2017,772.0
KM,KM2,KM23,ITSANDRA HAMANVOU,KM233,HAMANVOU,KM233_0002,BOENINDI,2018,788.7987645908504
KM,KM2,KM23,ITSANDRA HAMANVOU,KM233,HAMANVOU,KM233_0002,BOENINDI,2019,806.3748911778214
KM,KM2,KM23,ITSANDRA HAMANVOU,KM233,HAMANVOU,KM233_0002,BOENINDI,2020,824.7466945496768
KM,KM2,KM23,ITSANDRA HAMANVOU,KM233,HAMANVOU,KM233_0002,BOENINDI,2021,843.8714401152159
KM,KM2,KM23,ITSANDRA HAMANVOU,KM233,HAMANVOU,KM233_0002,BOENINDI,2022,863.667728651059
KM,KM2,KM23,ITSANDRA HAMANVOU,KM233,HAMANVOU,KM233_0002,BOENINDI,2023,883.9198522699925
KM,KM2,KM23,ITSANDRA HAMANVOU,KM233,HAMANVOU,KM233_0002,BOENINDI,2024,904.7600846134026
KM,KM2,KM23,ITSANDRA HAMANVOU,KM233,HAMANVOU,KM233_0002,BOENINDI,2025,926.2087754441972
KM,KM2,KM23,ITSANDRA HAMANVOU,KM233,HAMANVOU,KM233_0002,BOENINDI,2026,948.1682456814393
KM,KM2,KM23,ITSANDRA HAMANVOU,KM233,HAMANVOU,KM233_0002,BOENINDI,2027,970.6384952929268
KM,KM2,KM23,ITSANDRA HAMANVOU,KM233,HAMANVOU,KM233_0002,BOENINDI,2028,993.4791106065217
KM,KM2,KM23,ITSANDRA HAMANVOU,KM233,HAMANVOU,KM233_0003,MBAMBANI YA HAMANVOU,2017,697.0
KM,KM2,KM23,ITSANDRA HAMANVOU,KM233,HAMANVOU,KM233_0003,MBAMBANI YA HAMANVOU,2018,712.1667602588378
KM,KM2,KM23,ITSANDRA HAMANVOU,KM233,HAMANVOU,KM233_0003,MBAMBANI YA HAMANVOU,2019,728.0353615944839
KM,KM2,KM23,ITSANDRA HAMANVOU,KM233,HAMANVOU,KM233_0003,MBAMBANI YA HAMANVOU,2020,744.622339509229
KM,KM2,KM23,ITSANDRA HAMANVOU,KM233,HAMANVOU,KM233_0003,MBAMBANI YA HAMANVOU,2021,761.8891110884787
KM,KM2,KM23,ITSANDRA HAMANVOU,KM233,HAMANVOU,KM233_0003,MBAMBANI YA HAMANVOU,2022,779.7621850644924
KM,KM2,KM23,ITSANDRA HAMANVOU,KM233,HAMANVOU,KM233_0003,MBAMBANI YA HAMANVOU,2023,798.0468096271825
KM,KM2,KM23,ITSANDRA HAMANVOU,KM233,HAMANVOU,KM233_0003,MBAMBANI YA HAMANVOU,2024,816.8624079994062
KM,KM2,KM23,ITSANDRA HAMANVOU,KM233,HAMANVOU,KM233_0003,MBAMBANI YA HAMANVOU,2025,836.2273529593335
KM,KM2,KM23,ITSANDRA HAMANVOU,KM233,HAMANVOU,KM233_0003,MBAMBANI YA HAMANVOU,2026,856.0534549740456
KM,KM2,KM23,ITSANDRA HAMANVOU,KM233,HAMANVOU,KM233_0003,MBAMBANI YA HAMANVOU,2027,876.340714014469
KM,KM2,KM23,ITSANDRA HAMANVOU,KM233,HAMANVOU,KM233_0003,MBAMBANI YA HAMANVOU,2028,896.9623576330902
KM,KM2,KM23,ITSANDRA HAMANVOU,KM233,HAMANVOU,KM233_0004,MBALENI,2017,185.0
KM,KM2,KM23,ITSANDRA HAMANVOU,KM233,HAMANVOU,KM233_0004,MBALENI,2018,189.02561068563128
KM,KM2,KM23,ITSANDRA HAMANVOU,KM233,HAMANVOU,KM233_0004,MBALENI,2019,193.23750630556603
KM,KM2,KM23,ITSANDRA HAMANVOU,KM233,HAMANVOU,KM233_0004,MBALENI,2020,197.64007576643814
KM,KM2,KM23,ITSANDRA HAMANVOU,KM233,HAMANVOU,KM233_0004,MBALENI,2021,202.223078265952
KM,KM2,KM23,ITSANDRA HAMANVOU,KM233,HAMANVOU,KM233_0004,MBALENI,2022,206.96700751353097
KM,KM2,KM23,ITSANDRA HAMANVOU,KM233,HAMANVOU,KM233_0004,MBALENI,2023,211.82017185226508
KM,KM2,KM23,ITSANDRA HAMANVOU,KM233,HAMANVOU,KM233_0004,MBALENI,2024,216.81426898119105
KM,KM2,KM23,ITSANDRA HAMANVOU,KM233,HAMANVOU,KM233_0004,MBALENI,2025,221.95417546266387
KM,KM2,KM23,ITSANDRA HAMANVOU,KM233,HAMANVOU,KM233_0004,MBALENI,2026,227.2164837449045
KM,KM2,KM23,ITSANDRA HAMANVOU,KM233,HAMANVOU,KM233_0004,MBALENI,2027,232.60119382019622
KM,KM2,KM23,ITSANDRA HAMANVOU,KM233,HAMANVOU,KM233_0004,MBALENI,2028,238.0746573344644
KM,KM2,KM23,ITSANDRA HAMANVOU,KM233,HAMANVOU,KM233_0005,OUSSIVO,2017,2285.0
KM,KM2,KM23,ITSANDRA HAMANVOU,KM233,HAMANVOU,KM233_0005,OUSSIVO,2018,2334.7217319819865
KM,KM2,KM23,ITSANDRA HAMANVOU,KM233,HAMANVOU,KM233_0005,OUSSIVO,2019,2386.7443346390182
KM,KM2,KM23,ITSANDRA HAMANVOU,KM233,HAMANVOU,KM233_0005,OUSSIVO,2020,2441.122016898979
KM,KM2,KM23,ITSANDRA HAMANVOU,KM233,HAMANVOU,KM233_0005,OUSSIVO,2021,2497.728291014597
KM,KM2,KM23,ITSANDRA HAMANVOU,KM233,HAMANVOU,KM233_0005,OUSSIVO,2022,2556.3222279373963
KM,KM2,KM23,ITSANDRA HAMANVOU,KM233,HAMANVOU,KM233_0005,OUSSIVO,2023,2616.26536585095
KM,KM2,KM23,ITSANDRA HAMANVOU,KM233,HAMANVOU,KM233_0005,OUSSIVO,2024,2677.9492141730893
KM,KM2,KM23,ITSANDRA HAMANVOU,KM233,HAMANVOU,KM233_0005,OUSSIVO,2025,2741.4340050388487
KM,KM2,KM23,ITSANDRA HAMANVOU,KM233,HAMANVOU,KM233_0005,OUSSIVO,2026,2806.430623551929
KM,KM2,KM23,ITSANDRA HAMANVOU,KM233,HAMANVOU,KM233_0005,OUSSIVO,2027,2872.9390696170185
KM,KM2,KM23,ITSANDRA HAMANVOU,KM233,HAMANVOU,KM233_0005,OUSSIVO,2028,2940.543740590547
KM,KM2,KM23,ITSANDRA HAMANVOU,KM233,HAMANVOU,KM233_0006,MBANGANI,2017,1477.0
KM,KM2,KM23,ITSANDRA HAMANVOU,KM233,HAMANVOU,KM233_0006,MBANGANI,2018,1509.1396053117699
KM,KM2,KM23,ITSANDRA HAMANVOU,KM233,HAMANVOU,KM233_0006,MBANGANI,2019,1542.7664692611947
KM,KM2,KM23,ITSANDRA HAMANVOU,KM233,HAMANVOU,KM233_0006,MBANGANI,2020,1577.9156319298872
KM,KM2,KM23,ITSANDRA HAMANVOU,KM233,HAMANVOU,KM233_0006,MBANGANI,2021,1614.5053329665468
KM,KM2,KM23,ITSANDRA HAMANVOU,KM233,HAMANVOU,KM233_0006,MBANGANI,2022,1652.3798383647852
KM,KM2,KM23,ITSANDRA HAMANVOU,KM233,HAMANVOU,KM233_0006,MBANGANI,2023,1691.1264531124084
KM,KM2,KM23,ITSANDRA HAMANVOU,KM233,HAMANVOU,KM233_0006,MBANGANI,2024,1730.9982447849686
KM,KM2,KM23,ITSANDRA HAMANVOU,KM233,HAMANVOU,KM233_0006,MBANGANI,2025,1772.0341468019164
KM,KM2,KM23,ITSANDRA HAMANVOU,KM233,HAMANVOU,KM233_0006,MBANGANI,2026,1814.0472783309406
KM,KM2,KM23,ITSANDRA HAMANVOU,KM233,HAMANVOU,KM233_0006,MBANGANI,2027,1857.0376393104316
KM,KM2,KM23,ITSANDRA HAMANVOU,KM233,HAMANVOU,KM233_0006,MBANGANI,2028,1900.736588556778
KM,KM2,KM23,ITSANDRA HAMANVOU,KM233,HAMANVOU,KM233_0007,DIBOINI,2017,1442.0
KM,KM2,KM23,ITSANDRA HAMANVOU,KM233,HAMANVOU,KM233_0007,DIBOINI,2018,1473.3780032901639
KM,KM2,KM23,ITSANDRA HAMANVOU,KM233,HAMANVOU,KM233_0007,DIBOINI,2019,1506.2080221223039
KM,KM2,KM23,ITSANDRA HAMANVOU,KM233,HAMANVOU,KM233_0007,DIBOINI,2020,1540.5242662443447
KM,KM2,KM23,ITSANDRA HAMANVOU,KM233,HAMANVOU,KM233_0007,DIBOINI,2021,1576.2469127540692
KM,KM2,KM23,ITSANDRA HAMANVOU,KM233,HAMANVOU,KM233_0007,DIBOINI,2022,1613.2239180243876
KM,KM2,KM23,ITSANDRA HAMANVOU,KM233,HAMANVOU,KM233_0007,DIBOINI,2023,1651.0523665457633
KM,KM2,KM23,ITSANDRA HAMANVOU,KM233,HAMANVOU,KM233_0007,DIBOINI,2024,1689.9793290317702
KM,KM2,KM23,ITSANDRA HAMANVOU,KM233,HAMANVOU,KM233_0007,DIBOINI,2025,1730.04281630898
KM,KM2,KM23,ITSANDRA HAMANVOU,KM233,HAMANVOU,KM233_0007,DIBOINI,2026,1771.0603760008235
KM,KM2,KM23,ITSANDRA HAMANVOU,KM233,HAMANVOU,KM233_0007,DIBOINI,2027,1813.032008047151
KM,KM2,KM23,ITSANDRA HAMANVOU,KM233,HAMANVOU,KM233_0007,DIBOINI,2028,1855.6954371691766
KM,KM2,KM23,ITSANDRA HAMANVOU,KM233,HAMANVOU,KM233_0008,BIBAVOU,2017,1112.0
KM,KM2,KM23,ITSANDRA HAMANVOU,KM233,HAMANVOU,KM233_0008,BIBAVOU,2018,1136.197184229308
KM,KM2,KM23,ITSANDRA HAMANVOU,KM233,HAMANVOU,KM233_0008,BIBAVOU,2019,1161.5140919556184
KM,KM2,KM23,ITSANDRA HAMANVOU,KM233,HAMANVOU,KM233_0008,BIBAVOU,2020,1187.9771040663738
KM,KM2,KM23,ITSANDRA HAMANVOU,KM233,HAMANVOU,KM233_0008,BIBAVOU,2021,1215.5246650364252
KM,KM2,KM23,ITSANDRA HAMANVOU,KM233,HAMANVOU,KM233_0008,BIBAVOU,2022,1244.0395262434943
KM,KM2,KM23,ITSANDRA HAMANVOU,KM233,HAMANVOU,KM233_0008,BIBAVOU,2023,1273.2109789173985
KM,KM2,KM23,ITSANDRA HAMANVOU,KM233,HAMANVOU,KM233_0008,BIBAVOU,2024,1303.229551930186
KM,KM2,KM23,ITSANDRA HAMANVOU,KM233,HAMANVOU,KM233_0008,BIBAVOU,2025,1334.1245573755793
KM,KM2,KM23,ITSANDRA HAMANVOU,KM233,HAMANVOU,KM233_0008,BIBAVOU,2026,1365.7552968882908
KM,KM2,KM23,ITSANDRA HAMANVOU,KM233,HAMANVOU,KM233_0008,BIBAVOU,2027,1398.121770421936
KM,KM2,KM23,ITSANDRA HAMANVOU,KM233,HAMANVOU,KM233_0008,BIBAVOU,2028,1431.021724086078
KM,KM2,KM23,ITSANDRA HAMANVOU,KM233,HAMANVOU,KM233_0009,MILEVANI,2017,1230.0
KM,KM2,KM23,ITSANDRA HAMANVOU,KM233,HAMANVOU,KM233_0009,MILEVANI,2018,1256.764871045008
KM,KM2,KM23,ITSANDRA HAMANVOU,KM233,HAMANVOU,KM233_0009,MILEVANI,2019,1284.7682851667364
KM,KM2,KM23,ITSANDRA HAMANVOU,KM233,HAMANVOU,KM233_0009,MILEVANI,2020,1314.0394226633452
KM,KM2,KM23,ITSANDRA HAMANVOU,KM233,HAMANVOU,KM233_0009,MILEVANI,2021,1344.5101960384918
KM,KM2,KM23,ITSANDRA HAMANVOU,KM233,HAMANVOU,KM233_0009,MILEVANI,2022,1376.0509148196925
KM,KM2,KM23,ITSANDRA HAMANVOU,KM233,HAMANVOU,KM233_0009,MILEVANI,2023,1408.3178993420868
KM,KM2,KM23,ITSANDRA HAMANVOU,KM233,HAMANVOU,KM233_0009,MILEVANI,2024,1441.5218964695405
KM,KM2,KM23,ITSANDRA HAMANVOU,KM233,HAMANVOU,KM233_0009,MILEVANI,2025,1475.6953287517651
KM,KM2,KM23,ITSANDRA HAMANVOU,KM233,HAMANVOU,KM233_0009,MILEVANI,2026,1510.682567601257
KM,KM2,KM23,ITSANDRA HAMANVOU,KM233,HAMANVOU,KM233_0009,MILEVANI,2027,1546.4836129667099
KM,KM2,KM23,ITSANDRA HAMANVOU,KM233,HAMANVOU,KM233_0009,MILEVANI,2028,1582.8747487642768
KM,KM2,KM23,ITSANDRA HAMANVOU,KM234,ISAHARI,KM234_0001,NTSOUDJINI,2017,4330.0
KM,KM2,KM23,ITSANDRA HAMANVOU,KM234,ISAHARI,KM234_0001,NTSOUDJINI,2018,4424.2210501015325
KM,KM2,KM23,ITSANDRA HAMANVOU,KM234,ISAHARI,KM234_0001,NTSOUDJINI,2019,4522.802174611356
KM,KM2,KM23,ITSANDRA HAMANVOU,KM234,ISAHARI,KM234_0001,NTSOUDJINI,2020,4625.846097668525
KM,KM2,KM23,ITSANDRA HAMANVOU,KM234,ISAHARI,KM234_0001,NTSOUDJINI,2021,4733.113129143634
KM,KM2,KM23,ITSANDRA HAMANVOU,KM234,ISAHARI,KM234_0001,NTSOUDJINI,2022,4844.1467163977795
KM,KM2,KM23,ITSANDRA HAMANVOU,KM234,ISAHARI,KM234_0001,NTSOUDJINI,2023,4957.736995244907
KM,KM2,KM23,ITSANDRA HAMANVOU,KM234,ISAHARI,KM234_0001,NTSOUDJINI,2024,5074.62586318139
KM,KM2,KM23,ITSANDRA HAMANVOU,KM234,ISAHARI,KM234_0001,NTSOUDJINI,2025,5194.9274581261325
KM,KM2,KM23,ITSANDRA HAMANVOU,KM234,ISAHARI,KM234_0001,NTSOUDJINI,2026,5318.093916840197
KM,KM2,KM23,ITSANDRA HAMANVOU,KM234,ISAHARI,KM234_0001,NTSOUDJINI,2027,5444.125239142972
KM,KM2,KM23,ITSANDRA HAMANVOU,KM234,ISAHARI,KM234_0001,NTSOUDJINI,2028,5572.233871666113
KM,KM2,KM23,ITSANDRA HAMANVOU,KM234,ISAHARI,KM234_0002,HANTSAMBOU,2017,1624.0
KM,KM2,KM23,ITSANDRA HAMANVOU,KM234,ISAHARI,KM234_0002,HANTSAMBOU,2018,1659.3383338025146
KM,KM2,KM23,ITSANDRA HAMANVOU,KM234,ISAHARI,KM234_0002,HANTSAMBOU,2019,1696.3119472445364
KM,KM2,KM23,ITSANDRA HAMANVOU,KM234,ISAHARI,KM234_0002,HANTSAMBOU,2020,1734.9593678091649
KM,KM2,KM23,ITSANDRA HAMANVOU,KM234,ISAHARI,KM234_0002,HANTSAMBOU,2021,1775.1906978589518
KM,KM2,KM23,ITSANDRA HAMANVOU,KM234,ISAHARI,KM234_0002,HANTSAMBOU,2022,1816.8347037944557
KM,KM2,KM23,ITSANDRA HAMANVOU,KM234,ISAHARI,KM234_0002,HANTSAMBOU,2023,1859.4376166923162
KM,KM2,KM23,ITSANDRA HAMANVOU,KM234,ISAHARI,KM234_0002,HANTSAMBOU,2024,1903.2776909484012
KM,KM2,KM23,ITSANDRA HAMANVOU,KM234,ISAHARI,KM234_0002,HANTSAMBOU,2025,1948.3977348722494
KM,KM2,KM23,ITSANDRA HAMANVOU,KM234,ISAHARI,KM234_0002,HANTSAMBOU,2026,1994.5922681174322
KM,KM2,KM23,ITSANDRA HAMANVOU,KM234,ISAHARI,KM234_0002,HANTSAMBOU,2027,2041.861290616209
KM,KM2,KM23,ITSANDRA HAMANVOU,KM234,ISAHARI,KM234_0002,HANTSAMBOU,2028,2089.9094243847035
KM,KM2,KM23,ITSANDRA HAMANVOU,KM234,ISAHARI,KM234_0004,MILEMBENI,2017,990.0
KM,KM2,KM23,ITSANDRA HAMANVOU,KM234,ISAHARI,KM234_0004,MILEMBENI,2018,1011.5424571825674
KM,KM2,KM23,ITSANDRA HAMANVOU,KM234,ISAHARI,KM234_0004,MILEMBENI,2019,1034.081790500056
KM,KM2,KM23,ITSANDRA HAMANVOU,KM234,ISAHARI,KM234_0004,MILEMBENI,2020,1057.6414865339123
KM,KM2,KM23,ITSANDRA HAMANVOU,KM234,ISAHARI,KM234_0004,MILEMBENI,2021,1082.1667431529324
KM,KM2,KM23,ITSANDRA HAMANVOU,KM234,ISAHARI,KM234_0004,MILEMBENI,2022,1107.5531753426792
KM,KM2,KM23,ITSANDRA HAMANVOU,KM234,ISAHARI,KM234_0004,MILEMBENI,2023,1133.5241628850943
KM,KM2,KM23,ITSANDRA HAMANVOU,KM234,ISAHARI,KM234_0004,MILEMBENI,2024,1160.249331304752
KM,KM2,KM23,ITSANDRA HAMANVOU,KM234,ISAHARI,KM234_0004,MILEMBENI,2025,1187.7547768002014
KM,KM2,KM23,ITSANDRA HAMANVOU,KM234,ISAHARI,KM234_0004,MILEMBENI,2026,1215.9152373375973
KM,KM2,KM23,ITSANDRA HAMANVOU,KM234,ISAHARI,KM234_0004,MILEMBENI,2027,1244.7307128756447
KM,KM2,KM23,ITSANDRA HAMANVOU,KM234,ISAHARI,KM234_0004,MILEMBENI,2028,1274.0211392492959
KM,KM2,KM23,ITSANDRA HAMANVOU,KM234,ISAHARI,KM234_0005,ZIVANDANI,2017,1335.0
KM,KM2,KM23,ITSANDRA HAMANVOU,KM234,ISAHARI,KM234_0005,ZIVANDANI,2018,1364.0496771098256
KM,KM2,KM23,ITSANDRA HAMANVOU,KM234,ISAHARI,KM234_0005,ZIVANDANI,2019,1394.443626583409
KM,KM2,KM23,ITSANDRA HAMANVOU,KM234,ISAHARI,KM234_0005,ZIVANDANI,2020,1426.2135197199723
KM,KM2,KM23,ITSANDRA HAMANVOU,KM234,ISAHARI,KM234_0005,ZIVANDANI,2021,1459.285456675924
KM,KM2,KM23,ITSANDRA HAMANVOU,KM234,ISAHARI,KM234_0005,ZIVANDANI,2022,1493.5186758408856
KM,KM2,KM23,ITSANDRA HAMANVOU,KM234,ISAHARI,KM234_0005,ZIVANDANI,2023,1528.5401590420208
KM,KM2,KM23,ITSANDRA HAMANVOU,KM234,ISAHARI,KM234_0005,ZIVANDANI,2024,1564.5786437291351
KM,KM2,KM23,ITSANDRA HAMANVOU,KM234,ISAHARI,KM234_0005,ZIVANDANI,2025,1601.6693202305744
KM,KM2,KM23,ITSANDRA HAMANVOU,KM234,ISAHARI,KM234_0005,ZIVANDANI,2026,1639.6432745916084
KM,KM2,KM23,ITSANDRA HAMANVOU,KM234,ISAHARI,KM234_0005,ZIVANDANI,2027,1678.500506756551
KM,KM2,KM23,ITSANDRA HAMANVOU,KM234,ISAHARI,KM234_0005,ZIVANDANI,2028,1717.998202927081
KM,KM2,KM23,ITSANDRA HAMANVOU,KM235,MBADANI,KM235_0001,BATSA ITSANDRA,2017,2670.0
KM,KM2,KM23,ITSANDRA HAMANVOU,KM235,MBADANI,KM235_0001,BATSA ITSANDRA,2018,2728.099354219651
KM,KM2,KM23,ITSANDRA HAMANVOU,KM235,MBADANI,KM235_0001,BATSA ITSANDRA,2019,2788.887253166818
KM,KM2,KM23,ITSANDRA HAMANVOU,KM235,MBADANI,KM235_0001,BATSA ITSANDRA,2020,2852.4270394399446
KM,KM2,KM23,ITSANDRA HAMANVOU,KM235,MBADANI,KM235_0001,BATSA ITSANDRA,2021,2918.570913351848
KM,KM2,KM23,ITSANDRA HAMANVOU,KM235,MBADANI,KM235_0001,BATSA ITSANDRA,2022,2987.0373516817713
KM,KM2,KM23,ITSANDRA HAMANVOU,KM235,MBADANI,KM235_0001,BATSA ITSANDRA,2023,3057.0803180840417
KM,KM2,KM23,ITSANDRA HAMANVOU,KM235,MBADANI,KM235_0001,BATSA ITSANDRA,2024,3129.1572874582703
KM,KM2,KM23,ITSANDRA HAMANVOU,KM235,MBADANI,KM235_0001,BATSA ITSANDRA,2025,3203.3386404611488
KM,KM2,KM23,ITSANDRA HAMANVOU,KM235,MBADANI,KM235_0001,BATSA ITSANDRA,2026,3279.2865491832167
KM,KM2,KM23,ITSANDRA HAMANVOU,KM235,MBADANI,KM235_0001,BATSA ITSANDRA,2027,3357.001013513102
KM,KM2,KM23,ITSANDRA HAMANVOU,KM235,MBADANI,KM235_0001,BATSA ITSANDRA,2028,3435.996405854162
KM,KM2,KM23,ITSANDRA HAMANVOU,KM235,MBADANI,KM235_0002,VANAMBOINI,2017,2088.0
KM,KM2,KM23,ITSANDRA HAMANVOU,KM235,MBADANI,KM235_0002,VANAMBOINI,2018,2133.435000603233
KM,KM2,KM23,ITSANDRA HAMANVOU,KM235,MBADANI,KM235_0002,VANAMBOINI,2019,2180.9725036001187
KM,KM2,KM23,ITSANDRA HAMANVOU,KM235,MBADANI,KM235_0002,VANAMBOINI,2020,2230.662044326069
KM,KM2,KM23,ITSANDRA HAMANVOU,KM235,MBADANI,KM235_0002,VANAMBOINI,2021,2282.3880401043666
KM,KM2,KM23,ITSANDRA HAMANVOU,KM235,MBADANI,KM235_0002,VANAMBOINI,2022,2335.9303334500146
KM,KM2,KM23,ITSANDRA HAMANVOU,KM235,MBADANI,KM235_0002,VANAMBOINI,2023,2390.705507175835
KM,KM2,KM23,ITSANDRA HAMANVOU,KM235,MBADANI,KM235_0002,VANAMBOINI,2024,2447.0713169336586
KM,KM2,KM23,ITSANDRA HAMANVOU,KM235,MBADANI,KM235_0002,VANAMBOINI,2025,2505.0828019786063
KM,KM2,KM23,ITSANDRA HAMANVOU,KM235,MBADANI,KM235_0002,VANAMBOINI,2026,2564.4757732938415
KM,KM2,KM23,ITSANDRA HAMANVOU,KM235,MBADANI,KM235_0002,VANAMBOINI,2027,2625.2502307922687
KM,KM2,KM23,ITSANDRA HAMANVOU,KM235,MBADANI,KM235_0002,VANAMBOINI,2028,2687.0264027803337
KM,KM2,KM23,ITSANDRA HAMANVOU,KM235,MBADANI,KM235_0003,VANADJOU,2017,962.0
KM,KM2,KM23,ITSANDRA HAMANVOU,KM235,MBADANI,KM235_0003,VANADJOU,2018,982.9331755652827
KM,KM2,KM23,ITSANDRA HAMANVOU,KM235,MBADANI,KM235_0003,VANADJOU,2019,1004.8350327889434
KM,KM2,KM23,ITSANDRA HAMANVOU,KM235,MBADANI,KM235_0003,VANADJOU,2020,1027.7283939854783
KM,KM2,KM23,ITSANDRA HAMANVOU,KM235,MBADANI,KM235_0003,VANADJOU,2021,1051.5600069829504
KM,KM2,KM23,ITSANDRA HAMANVOU,KM235,MBADANI,KM235_0003,VANADJOU,2022,1076.2284390703612
KM,KM2,KM23,ITSANDRA HAMANVOU,KM235,MBADANI,KM235_0003,VANADJOU,2023,1101.4648936317783
KM,KM2,KM23,ITSANDRA HAMANVOU,KM235,MBADANI,KM235_0003,VANADJOU,2024,1127.4341987021935
KM,KM2,KM23,ITSANDRA HAMANVOU,KM235,MBADANI,KM235_0003,VANADJOU,2025,1154.161712405852
KM,KM2,KM23,ITSANDRA HAMANVOU,KM235,MBADANI,KM235_0003,VANADJOU,2026,1181.5257154735036
KM,KM2,KM23,ITSANDRA HAMANVOU,KM235,MBADANI,KM235_0003,VANADJOU,2027,1209.5262078650203
KM,KM2,KM23,ITSANDRA HAMANVOU,KM235,MBADANI,KM235_0003,VANADJOU,2028,1237.9882181392147
KM,KM2,KM23,ITSANDRA HAMANVOU,KM235,MBADANI,KM235_0004,MHANDANI,2017,549.0
KM,KM2,KM23,ITSANDRA HAMANVOU,KM235,MBADANI,KM235_0004,MHANDANI,2018,560.9462717103328
KM,KM2,KM23,ITSANDRA HAMANVOU,KM235,MBADANI,KM235_0004,MHANDANI,2019,573.445356550031
KM,KM2,KM23,ITSANDRA HAMANVOU,KM235,MBADANI,KM235_0004,MHANDANI,2020,586.5102788960785
KM,KM2,KM23,ITSANDRA HAMANVOU,KM235,MBADANI,KM235_0004,MHANDANI,2021,600.1106484757171
KM,KM2,KM23,ITSANDRA HAMANVOU,KM235,MBADANI,KM235_0004,MHANDANI,2022,614.1885790536676
KM,KM2,KM23,ITSANDRA HAMANVOU,KM235,MBADANI,KM235_0004,MHANDANI,2023,628.5906721453704
KM,KM2,KM23,ITSANDRA HAMANVOU,KM235,MBADANI,KM235_0004,MHANDANI,2024,643.4109928144534
KM,KM2,KM23,ITSANDRA HAMANVOU,KM235,MBADANI,KM235_0004,MHANDANI,2025,658.6640125892025
KM,KM2,KM23,ITSANDRA HAMANVOU,KM235,MBADANI,KM235_0004,MHANDANI,2026,674.2802679781221
KM,KM2,KM23,ITSANDRA HAMANVOU,KM235,MBADANI,KM235_0004,MHANDANI,2027,690.259758958312
KM,KM2,KM23,ITSANDRA HAMANVOU,KM235,MBADANI,KM235_0004,MHANDANI,2028,706.5026317655186
KM,KM2,KM23,ITSANDRA HAMANVOU,KM235,MBADANI,KM235_0005,DZAHADJOU LA ITSANDRA,2017,1416.0
KM,KM2,KM23,ITSANDRA HAMANVOU,KM235,MBADANI,KM235_0005,DZAHADJOU LA ITSANDRA,2018,1446.8122417883994
KM,KM2,KM23,ITSANDRA HAMANVOU,KM235,MBADANI,KM235_0005,DZAHADJOU LA ITSANDRA,2019,1479.0503185334135
KM,KM2,KM23,ITSANDRA HAMANVOU,KM235,MBADANI,KM235_0005,DZAHADJOU LA ITSANDRA,2020,1512.7478231636562
KM,KM2,KM23,ITSANDRA HAMANVOU,KM235,MBADANI,KM235_0005,DZAHADJOU LA ITSANDRA,2021,1547.8263720248003
KM,KM2,KM23,ITSANDRA HAMANVOU,KM235,MBADANI,KM235_0005,DZAHADJOU LA ITSANDRA,2022,1584.1366629143777
KM,KM2,KM23,ITSANDRA HAMANVOU,KM235,MBADANI,KM235_0005,DZAHADJOU LA ITSANDRA,2023,1621.2830450962558
KM,KM2,KM23,ITSANDRA HAMANVOU,KM235,MBADANI,KM235_0005,DZAHADJOU LA ITSANDRA,2024,1659.5081344722514
KM,KM2,KM23,ITSANDRA HAMANVOU,KM235,MBADANI,KM235_0005,DZAHADJOU LA ITSANDRA,2025,1698.8492565142274
KM,KM2,KM23,ITSANDRA HAMANVOU,KM235,MBADANI,KM235_0005,DZAHADJOU LA ITSANDRA,2026,1739.1272485555935
KM,KM2,KM23,ITSANDRA HAMANVOU,KM235,MBADANI,KM235_0005,DZAHADJOU LA ITSANDRA,2027,1780.3421105372856
KM,KM2,KM23,ITSANDRA HAMANVOU,KM235,MBADANI,KM235_0005,DZAHADJOU LA ITSANDRA,2028,1822.236296138387
KM,KM2,KM23,ITSANDRA HAMANVOU,KM235,MBADANI,KM235_0006,VOUNA MBADANI,2017,784.0
KM,KM2,KM23,ITSANDRA HAMANVOU,KM235,MBADANI,KM235_0006,VOUNA MBADANI,2018,801.0598852839726
KM,KM2,KM23,ITSANDRA HAMANVOU,KM235,MBADANI,KM235_0006,VOUNA MBADANI,2019,818.9092159111556
KM,KM2,KM23,ITSANDRA HAMANVOU,KM235,MBADANI,KM235_0006,VOUNA MBADANI,2020,837.5665913561486
KM,KM2,KM23,ITSANDRA HAMANVOU,KM235,MBADANI,KM235_0006,VOUNA MBADANI,2021,856.988612759494
KM,KM2,KM23,ITSANDRA HAMANVOU,KM235,MBADANI,KM235_0006,VOUNA MBADANI,2022,877.0926156249097
KM,KM2,KM23,ITSANDRA HAMANVOU,KM235,MBADANI,KM235_0006,VOUNA MBADANI,2023,897.6595390928424
KM,KM2,KM23,ITSANDRA HAMANVOU,KM235,MBADANI,KM235_0006,VOUNA MBADANI,2024,918.823712871642
KM,KM2,KM23,ITSANDRA HAMANVOU,KM235,MBADANI,KM235_0006,VOUNA MBADANI,2025,940.6058030417755
KM,KM2,KM23,ITSANDRA HAMANVOU,KM235,MBADANI,KM235_0006,VOUNA MBADANI,2026,962.9066121946224
KM,KM2,KM23,ITSANDRA HAMANVOU,KM235,MBADANI,KM235_0006,VOUNA MBADANI,2027,985.7261402974802
KM,KM2,KM23,ITSANDRA HAMANVOU,KM235,MBADANI,KM235_0006,VOUNA MBADANI,2028,1008.9217910822709
KM,KM2,KM24,MBADJINI EST,KM241,DOMBA,KM241_0001,BANDAMADJI LADOMBA,2017,1061.0
KM,KM2,KM24,MBADJINI EST,KM241,DOMBA,KM241_0001,BANDAMADJI LADOMBA,2018,1084.0874212835392
KM,KM2,KM24,MBADJINI EST,KM241,DOMBA,KM241_0001,BANDAMADJI LADOMBA,2019,1108.243211838949
KM,KM2,KM24,MBADJINI EST,KM241,DOMBA,KM241_0001,BANDAMADJI LADOMBA,2020,1133.4925426388695
KM,KM2,KM24,MBADJINI EST,KM241,DOMBA,KM241_0001,BANDAMADJI LADOMBA,2021,1159.7766812982438
KM,KM2,KM24,MBADJINI EST,KM241,DOMBA,KM241_0001,BANDAMADJI LADOMBA,2022,1186.983756604629
KM,KM2,KM24,MBADJINI EST,KM241,DOMBA,KM241_0001,BANDAMADJI LADOMBA,2023,1214.8173099202877
KM,KM2,KM24,MBADJINI EST,KM241,DOMBA,KM241_0001,BANDAMADJI LADOMBA,2024,1243.4591318326686
KM,KM2,KM24,MBADJINI EST,KM241,DOMBA,KM241_0001,BANDAMADJI LADOMBA,2025,1272.9371900858723
KM,KM2,KM24,MBADJINI EST,KM241,DOMBA,KM241_0001,BANDAMADJI LADOMBA,2026,1303.1172392072633
KM,KM2,KM24,MBADJINI EST,KM241,DOMBA,KM241_0001,BANDAMADJI LADOMBA,2027,1333.9992791525847
KM,KM2,KM24,MBADJINI EST,KM241,DOMBA,KM241_0001,BANDAMADJI LADOMBA,2028,1365.3903320641443
KM,KM2,KM24,MBADJINI EST,KM241,DOMBA,KM241_0002,BANDADAOUENI,2017,1505.0
KM,KM2,KM24,MBADJINI EST,KM241,DOMBA,KM241_0002,BANDADAOUENI,2018,1537.7488869290546
KM,KM2,KM24,MBADJINI EST,KM241,DOMBA,KM241_0002,BANDADAOUENI,2019,1572.0132269723074
KM,KM2,KM24,MBADJINI EST,KM241,DOMBA,KM241_0002,BANDADAOUENI,2020,1607.828724478321
KM,KM2,KM24,MBADJINI EST,KM241,DOMBA,KM241_0002,BANDADAOUENI,2021,1645.1120691365288
KM,KM2,KM24,MBADJINI EST,KM241,DOMBA,KM241_0002,BANDADAOUENI,2022,1683.7045746371034
KM,KM2,KM24,MBADJINI EST,KM241,DOMBA,KM241_0002,BANDADAOUENI,2023,1723.185722365724
KM,KM2,KM24,MBADJINI EST,KM241,DOMBA,KM241_0002,BANDADAOUENI,2024,1763.8133773875272
KM,KM2,KM24,MBADJINI EST,KM241,DOMBA,KM241_0002,BANDADAOUENI,2025,1805.6272111962655
KM,KM2,KM24,MBADJINI EST,KM241,DOMBA,KM241_0002,BANDADAOUENI,2026,1848.436800195034
KM,KM2,KM24,MBADJINI EST,KM241,DOMBA,KM241_0002,BANDADAOUENI,2027,1892.2421443210558
KM,KM2,KM24,MBADJINI EST,KM241,DOMBA,KM241_0002,BANDADAOUENI,2028,1936.769509666859
KM,KM2,KM24,MBADJINI EST,KM241,DOMBA,KM241_0003,TSINIMOIPANGA,2017,2434.0
KM,KM2,KM24,MBADJINI EST,KM241,DOMBA,KM241_0003,TSINIMOIPANGA,2018,2486.9639805882516
KM,KM2,KM24,MBADJINI EST,KM241,DOMBA,KM241_0003,TSINIMOIPANGA,2019,2542.3788667445824
KM,KM2,KM24,MBADJINI EST,KM241,DOMBA,KM241_0003,TSINIMOIPANGA,2020,2600.302402246002
KM,KM2,KM24,MBADJINI EST,KM241,DOMBA,KM241_0003,TSINIMOIPANGA,2021,2660.599851347715
KM,KM2,KM24,MBADJINI EST,KM241,DOMBA,KM241_0003,TSINIMOIPANGA,2022,2723.0145745293753
KM,KM2,KM24,MBADJINI EST,KM241,DOMBA,KM241_0003,TSINIMOIPANGA,2023,2786.866477234666
KM,KM2,KM24,MBADJINI EST,KM241,DOMBA,KM241_0003,TSINIMOIPANGA,2024,2852.5725983795624
KM,KM2,KM24,MBADJINI EST,KM241,DOMBA,KM241_0003,TSINIMOIPANGA,2025,2920.1970977087776
KM,KM2,KM24,MBADJINI EST,KM241,DOMBA,KM241_0003,TSINIMOIPANGA,2026,2989.4320077572847
KM,KM2,KM24,MBADJINI EST,KM241,DOMBA,KM241_0003,TSINIMOIPANGA,2027,3060.2773284235545
KM,KM2,KM24,MBADJINI EST,KM241,DOMBA,KM241_0003,TSINIMOIPANGA,2028,3132.290356497764
KM,KM2,KM24,MBADJINI EST,KM241,DOMBA,KM241_0004,OUNGONI,2017,1001.0
KM,KM2,KM24,MBADJINI EST,KM241,DOMBA,KM241_0004,OUNGONI,2018,1022.7818178179293
KM,KM2,KM24,MBADJINI EST,KM241,DOMBA,KM241_0004,OUNGONI,2019,1045.571588172279
KM,KM2,KM24,MBADJINI EST,KM241,DOMBA,KM241_0004,OUNGONI,2020,1069.393058606511
KM,KM2,KM24,MBADJINI EST,KM241,DOMBA,KM241_0004,OUNGONI,2021,1094.190818076854
KM,KM2,KM24,MBADJINI EST,KM241,DOMBA,KM241_0004,OUNGONI,2022,1119.8593217353757
KM,KM2,KM24,MBADJINI EST,KM241,DOMBA,KM241_0004,OUNGONI,2023,1146.1188758060398
KM,KM2,KM24,MBADJINI EST,KM241,DOMBA,KM241_0004,OUNGONI,2024,1173.1409905414714
KM,KM2,KM24,MBADJINI EST,KM241,DOMBA,KM241_0004,OUNGONI,2025,1200.9520520979813
KM,KM2,KM24,MBADJINI EST,KM241,DOMBA,KM241_0004,OUNGONI,2026,1229.4254066413482
KM,KM2,KM24,MBADJINI EST,KM241,DOMBA,KM241_0004,OUNGONI,2027,1258.5610541298186
KM,KM2,KM24,MBADJINI EST,KM241,DOMBA,KM241_0004,OUNGONI,2028,1288.1769296853993
KM,KM2,KM24,MBADJINI EST,KM241,DOMBA,KM264_0004,PIDJANI,2017,2162.0
KM,KM2,KM24,MBADJINI EST,KM241,DOMBA,KM264_0004,PIDJANI,2018,2209.045244877486
KM,KM2,KM24,MBADJINI EST,KM241,DOMBA,KM264_0004,PIDJANI,2019,2258.2675061223445
KM,KM2,KM24,MBADJINI EST,KM241,DOMBA,KM264_0004,PIDJANI,2020,2309.7180746326444
KM,KM2,KM24,MBADJINI EST,KM241,DOMBA,KM264_0004,PIDJANI,2021,2363.2772714107473
KM,KM2,KM24,MBADJINI EST,KM241,DOMBA,KM264_0004,PIDJANI,2022,2418.717136455427
KM,KM2,KM24,MBADJINI EST,KM241,DOMBA,KM264_0004,PIDJANI,2023,2475.433575916741
KM,KM2,KM24,MBADJINI EST,KM241,DOMBA,KM264_0004,PIDJANI,2024,2533.7970245261354
KM,KM2,KM24,MBADJINI EST,KM241,DOMBA,KM264_0004,PIDJANI,2025,2593.864472163672
KM,KM2,KM24,MBADJINI EST,KM241,DOMBA,KM264_0004,PIDJANI,2026,2655.362366791803
KM,KM2,KM24,MBADJINI EST,KM241,DOMBA,KM264_0004,PIDJANI,2027,2718.290708320347
KM,KM2,KM24,MBADJINI EST,KM241,DOMBA,KM264_0004,PIDJANI,2028,2782.256265714119
KM,KM2,KM24,MBADJINI EST,KM242,ITSAHIDI,KM242_0001,FOUMBOUNI,2017,2551.0
KM,KM2,KM24,MBADJINI EST,KM242,ITSAHIDI,KM242_0001,FOUMBOUNI,2018,2606.509907346191
KM,KM2,KM24,MBADJINI EST,KM242,ITSAHIDI,KM242_0001,FOUMBOUNI,2019,2664.5885328945888
KM,KM2,KM24,MBADJINI EST,KM242,ITSAHIDI,KM242_0001,FOUMBOUNI,2020,2725.296396109101
KM,KM2,KM24,MBADJINI EST,KM242,ITSAHIDI,KM242_0001,FOUMBOUNI,2021,2788.492284629425
KM,KM2,KM24,MBADJINI EST,KM242,ITSAHIDI,KM242_0001,FOUMBOUNI,2022,2853.907222524419
KM,KM2,KM24,MBADJINI EST,KM242,ITSAHIDI,KM242_0001,FOUMBOUNI,2023,2920.8284237574494
KM,KM2,KM24,MBADJINI EST,KM242,ITSAHIDI,KM242_0001,FOUMBOUNI,2024,2989.6929738973963
KM,KM2,KM24,MBADJINI EST,KM242,ITSAHIDI,KM242_0001,FOUMBOUNI,2025,3060.568116785165
KM,KM2,KM24,MBADJINI EST,KM242,ITSAHIDI,KM242_0001,FOUMBOUNI,2026,3133.1310812608185
KM,KM2,KM24,MBADJINI EST,KM242,ITSAHIDI,KM242_0001,FOUMBOUNI,2027,3207.3818672179486
KM,KM2,KM24,MBADJINI EST,KM242,ITSAHIDI,KM242_0001,FOUMBOUNI,2028,3282.856491136317
KM,KM2,KM24,MBADJINI EST,KM242,ITSAHIDI,KM242_0002,KOIMBANI LA MBADJINI,2017,442.0
KM,KM2,KM24,MBADJINI EST,KM242,ITSAHIDI,KM242_0002,KOIMBANI LA MBADJINI,2018,451.61794552999476
KM,KM2,KM24,MBADJINI EST,KM242,ITSAHIDI,KM242_0002,KOIMBANI LA MBADJINI,2019,461.68096101113616
KM,KM2,KM24,MBADJINI EST,KM242,ITSAHIDI,KM242_0002,KOIMBANI LA MBADJINI,2020,472.19953237170625
KM,KM2,KM24,MBADJINI EST,KM242,ITSAHIDI,KM242_0002,KOIMBANI LA MBADJINI,2021,483.1491923975719
KM,KM2,KM24,MBADJINI EST,KM242,ITSAHIDI,KM242_0002,KOIMBANI LA MBADJINI,2022,494.48333687016594
KM,KM2,KM24,MBADJINI EST,KM242,ITSAHIDI,KM242_0002,KOIMBANI LA MBADJINI,2023,506.07846464162793
KM,KM2,KM24,MBADJINI EST,KM242,ITSAHIDI,KM242_0002,KOIMBANI LA MBADJINI,2024,518.0103075118187
KM,KM2,KM24,MBADJINI EST,KM242,ITSAHIDI,KM242_0002,KOIMBANI LA MBADJINI,2025,530.2905165107969
KM,KM2,KM24,MBADJINI EST,KM242,ITSAHIDI,KM242_0002,KOIMBANI LA MBADJINI,2026,542.863166568907
KM,KM2,KM24,MBADJINI EST,KM242,ITSAHIDI,KM242_0002,KOIMBANI LA MBADJINI,2027,555.728257667712
KM,KM2,KM24,MBADJINI EST,KM242,ITSAHIDI,KM242_0002,KOIMBANI LA MBADJINI,2028,568.8053975234232
KM,KM2,KM24,MBADJINI EST,KM242,ITSAHIDI,KM242_0003,MALE,2017,2268.0
KM,KM2,KM24,MBADJINI EST,KM242,ITSAHIDI,KM242_0003,MALE,2018,2317.3518110000637
KM,KM2,KM24,MBADJINI EST,KM242,ITSAHIDI,KM242_0003,MALE,2019,2368.9873746001285
KM,KM2,KM24,MBADJINI EST,KM242,ITSAHIDI,KM242_0003,MALE,2020,2422.960496423144
KM,KM2,KM24,MBADJINI EST,KM242,ITSAHIDI,KM242_0003,MALE,2021,2479.145629768536
KM,KM2,KM24,MBADJINI EST,KM242,ITSAHIDI,KM242_0003,MALE,2022,2537.303638057774
KM,KM2,KM24,MBADJINI EST,KM242,ITSAHIDI,KM242_0003,MALE,2023,2596.800809518579
KM,KM2,KM24,MBADJINI EST,KM242,ITSAHIDI,KM242_0003,MALE,2024,2658.02574080725
KM,KM2,KM24,MBADJINI EST,KM242,ITSAHIDI,KM242_0003,MALE,2025,2721.0382159422793
KM,KM2,KM24,MBADJINI EST,KM242,ITSAHIDI,KM242_0003,MALE,2026,2785.5512709915865
KM,KM2,KM24,MBADJINI EST,KM242,ITSAHIDI,KM242_0003,MALE,2027,2851.5649058605673
KM,KM2,KM24,MBADJINI EST,KM242,ITSAHIDI,KM242_0003,MALE,2028,2918.666609916569
KM,KM2,KM24,MBADJINI EST,KM242,ITSAHIDI,KM242_0004,MIDJENDJENI,2017,412.0
KM,KM2,KM24,MBADJINI EST,KM242,ITSAHIDI,KM242_0004,MIDJENDJENI,2018,420.9651437971896
KM,KM2,KM24,MBADJINI EST,KM242,ITSAHIDI,KM242_0004,MIDJENDJENI,2019,430.3451491778011
KM,KM2,KM24,MBADJINI EST,KM242,ITSAHIDI,KM242_0004,MIDJENDJENI,2020,440.14979035552705
KM,KM2,KM24,MBADJINI EST,KM242,ITSAHIDI,KM242_0004,MIDJENDJENI,2021,450.35626078687693
KM,KM2,KM24,MBADJINI EST,KM242,ITSAHIDI,KM242_0004,MIDJENDJENI,2022,460.92111943553925
KM,KM2,KM24,MBADJINI EST,KM242,ITSAHIDI,KM242_0004,MIDJENDJENI,2023,471.7292475845038
KM,KM2,KM24,MBADJINI EST,KM242,ITSAHIDI,KM242_0004,MIDJENDJENI,2024,482.85123686622
KM,KM2,KM24,MBADJINI EST,KM242,ITSAHIDI,KM242_0004,MIDJENDJENI,2025,494.29794751685137
KM,KM2,KM24,MBADJINI EST,KM242,ITSAHIDI,KM242_0004,MIDJENDJENI,2026,506.01725028594956
KM,KM2,KM24,MBADJINI EST,KM242,ITSAHIDI,KM242_0004,MIDJENDJENI,2027,518.0091451563288
KM,KM2,KM24,MBADJINI EST,KM242,ITSAHIDI,KM242_0004,MIDJENDJENI,2028,530.1986963340505
KM,KM2,KM24,MBADJINI EST,KM242,ITSAHIDI,KM242_0005,OUROVENI,2017,1413.0
KM,KM2,KM24,MBADJINI EST,KM242,ITSAHIDI,KM242_0005,OUROVENI,2018,1443.7469616151188
KM,KM2,KM24,MBADJINI EST,KM242,ITSAHIDI,KM242_0005,OUROVENI,2019,1475.91673735008
KM,KM2,KM24,MBADJINI EST,KM242,ITSAHIDI,KM242_0005,OUROVENI,2020,1509.542848962038
KM,KM2,KM24,MBADJINI EST,KM242,ITSAHIDI,KM242_0005,OUROVENI,2021,1544.5470788637308
KM,KM2,KM24,MBADJINI EST,KM242,ITSAHIDI,KM242_0005,OUROVENI,2022,1580.7804411709149
KM,KM2,KM24,MBADJINI EST,KM242,ITSAHIDI,KM242_0005,OUROVENI,2023,1617.8481233905434
KM,KM2,KM24,MBADJINI EST,KM242,ITSAHIDI,KM242_0005,OUROVENI,2024,1655.9922274076914
KM,KM2,KM24,MBADJINI EST,KM242,ITSAHIDI,KM242_0005,OUROVENI,2025,1695.2499996148326
KM,KM2,KM24,MBADJINI EST,KM242,ITSAHIDI,KM242_0005,OUROVENI,2026,1735.4426569272975
KM,KM2,KM24,MBADJINI EST,KM242,ITSAHIDI,KM242_0005,OUROVENI,2027,1776.5701992861473
KM,KM2,KM24,MBADJINI EST,KM242,ITSAHIDI,KM242_0005,OUROVENI,2028,1818.3756260194498
KM,KM2,KM24,MBADJINI EST,KM242,ITSAHIDI,KM242_0006,NDZOUANI,2017,203.0
KM,KM2,KM24,MBADJINI EST,KM242,ITSAHIDI,KM242_0006,NDZOUANI,2018,207.41729172531433
KM,KM2,KM24,MBADJINI EST,KM242,ITSAHIDI,KM242_0006,NDZOUANI,2019,212.03899340556706
KM,KM2,KM24,MBADJINI EST,KM242,ITSAHIDI,KM242_0006,NDZOUANI,2020,216.8699209761456
KM,KM2,KM24,MBADJINI EST,KM242,ITSAHIDI,KM242_0006,NDZOUANI,2021,221.89883723236898
KM,KM2,KM24,MBADJINI EST,KM242,ITSAHIDI,KM242_0006,NDZOUANI,2022,227.10433797430696
KM,KM2,KM24,MBADJINI EST,KM242,ITSAHIDI,KM242_0006,NDZOUANI,2023,232.42970208653952
KM,KM2,KM24,MBADJINI EST,KM242,ITSAHIDI,KM242_0006,NDZOUANI,2024,237.90971136855015
KM,KM2,KM24,MBADJINI EST,KM242,ITSAHIDI,KM242_0006,NDZOUANI,2025,243.54971685903118
KM,KM2,KM24,MBADJINI EST,KM242,ITSAHIDI,KM242_0006,NDZOUANI,2026,249.32403351467903
KM,KM2,KM24,MBADJINI EST,KM242,ITSAHIDI,KM242_0006,NDZOUANI,2027,255.23266132702614
KM,KM2,KM24,MBADJINI EST,KM242,ITSAHIDI,KM242_0006,NDZOUANI,2028,261.23867804808793
KM,KM2,KM24,MBADJINI EST,KM242,ITSAHIDI,KM242_0007,CHINDINI,2017,1714.0
KM,KM2,KM24,MBADJINI EST,KM242,ITSAHIDI,KM242_0007,CHINDINI,2018,1751.2967390009298
KM,KM2,KM24,MBADJINI EST,KM242,ITSAHIDI,KM242_0007,CHINDINI,2019,1790.3193827445416
KM,KM2,KM24,MBADJINI EST,KM242,ITSAHIDI,KM242_0007,CHINDINI,2020,1831.1085938577023
KM,KM2,KM24,MBADJINI EST,KM242,ITSAHIDI,KM242_0007,CHINDINI,2021,1873.5694926910367
KM,KM2,KM24,MBADJINI EST,KM242,ITSAHIDI,KM242_0007,CHINDINI,2022,1917.521356098336
KM,KM2,KM24,MBADJINI EST,KM242,ITSAHIDI,KM242_0007,CHINDINI,2023,1962.4852678636885
KM,KM2,KM24,MBADJINI EST,KM242,ITSAHIDI,KM242_0007,CHINDINI,2024,2008.754902885197
KM,KM2,KM24,MBADJINI EST,KM242,ITSAHIDI,KM242_0007,CHINDINI,2025,2056.375441854086
KM,KM2,KM24,MBADJINI EST,KM242,ITSAHIDI,KM242_0007,CHINDINI,2026,2105.1300169663045
KM,KM2,KM24,MBADJINI EST,KM242,ITSAHIDI,KM242_0007,CHINDINI,2027,2155.018628150359
KM,KM2,KM24,MBADJINI EST,KM242,ITSAHIDI,KM242_0007,CHINDINI,2028,2205.7295279528216
KM,KM2,KM24,MBADJINI EST,KM242,ITSAHIDI,KM242_0008,SIMAMBOINI,2017,931.0
KM,KM2,KM24,MBADJINI EST,KM242,ITSAHIDI,KM242_0008,SIMAMBOINI,2018,951.2586137747174
KM,KM2,KM24,MBADJINI EST,KM242,ITSAHIDI,KM242_0008,SIMAMBOINI,2019,972.4546938944972
KM,KM2,KM24,MBADJINI EST,KM242,ITSAHIDI,KM242_0008,SIMAMBOINI,2020,994.6103272354264
KM,KM2,KM24,MBADJINI EST,KM242,ITSAHIDI,KM242_0008,SIMAMBOINI,2021,1017.6739776518991
KM,KM2,KM24,MBADJINI EST,KM242,ITSAHIDI,KM242_0008,SIMAMBOINI,2022,1041.5474810545802
KM,KM2,KM24,MBADJINI EST,KM242,ITSAHIDI,KM242_0008,SIMAMBOINI,2023,1065.9707026727501
KM,KM2,KM24,MBADJINI EST,KM242,ITSAHIDI,KM242_0008,SIMAMBOINI,2024,1091.103159035075
KM,KM2,KM24,MBADJINI EST,KM242,ITSAHIDI,KM242_0008,SIMAMBOINI,2025,1116.9693911121085
KM,KM2,KM24,MBADJINI EST,KM242,ITSAHIDI,KM242_0008,SIMAMBOINI,2026,1143.4516019811142
KM,KM2,KM24,MBADJINI EST,KM242,ITSAHIDI,KM242_0008,SIMAMBOINI,2027,1170.5497916032577
KM,KM2,KM24,MBADJINI EST,KM242,ITSAHIDI,KM242_0008,SIMAMBOINI,2028,1198.0946269101964
KM,KM2,KM24,MBADJINI EST,KM242,ITSAHIDI,KM242_0009,DZAHADJOU LA MBADJINI,2017,1114.0
KM,KM2,KM24,MBADJINI EST,KM242,ITSAHIDI,KM242_0009,DZAHADJOU LA MBADJINI,2018,1138.2407043448284
KM,KM2,KM24,MBADJINI EST,KM242,ITSAHIDI,KM242_0009,DZAHADJOU LA MBADJINI,2019,1163.6031460778408
KM,KM2,KM24,MBADJINI EST,KM242,ITSAHIDI,KM242_0009,DZAHADJOU LA MBADJINI,2020,1190.113753534119
KM,KM2,KM24,MBADJINI EST,KM242,ITSAHIDI,KM242_0009,DZAHADJOU LA MBADJINI,2021,1217.710860477138
KM,KM2,KM24,MBADJINI EST,KM242,ITSAHIDI,KM242_0009,DZAHADJOU LA MBADJINI,2022,1246.2770074058028
KM,KM2,KM24,MBADJINI EST,KM242,ITSAHIDI,KM242_0009,DZAHADJOU LA MBADJINI,2023,1275.500926721207
KM,KM2,KM24,MBADJINI EST,KM242,ITSAHIDI,KM242_0009,DZAHADJOU LA MBADJINI,2024,1305.5734899732258
KM,KM2,KM24,MBADJINI EST,KM242,ITSAHIDI,KM242_0009,DZAHADJOU LA MBADJINI,2025,1336.524061975176
KM,KM2,KM24,MBADJINI EST,KM242,ITSAHIDI,KM242_0009,DZAHADJOU LA MBADJINI,2026,1368.2116913071548
KM,KM2,KM24,MBADJINI EST,KM242,ITSAHIDI,KM242_0009,DZAHADJOU LA MBADJINI,2027,1400.636377922695
KM,KM2,KM24,MBADJINI EST,KM242,ITSAHIDI,KM242_0009,DZAHADJOU LA MBADJINI,2028,1433.5955041653694
KM,KM2,KM24,MBADJINI EST,KM242,ITSAHIDI,KM242_0010,MOHORO,2017,2143.0
KM,KM2,KM24,MBADJINI EST,KM242,ITSAHIDI,KM242_0010,MOHORO,2018,2189.6318037800424
KM,KM2,KM24,MBADJINI EST,KM242,ITSAHIDI,KM242_0010,MOHORO,2019,2238.4214919612327
KM,KM2,KM24,MBADJINI EST,KM242,ITSAHIDI,KM242_0010,MOHORO,2020,2289.4199046890644
KM,KM2,KM24,MBADJINI EST,KM242,ITSAHIDI,KM242_0010,MOHORO,2021,2342.508414723974
KM,KM2,KM24,MBADJINI EST,KM242,ITSAHIDI,KM242_0010,MOHORO,2022,2397.4610654134967
KM,KM2,KM24,MBADJINI EST,KM242,ITSAHIDI,KM242_0010,MOHORO,2023,2453.679071780563
KM,KM2,KM24,MBADJINI EST,KM242,ITSAHIDI,KM242_0010,MOHORO,2024,2511.5296131172563
KM,KM2,KM24,MBADJINI EST,KM242,ITSAHIDI,KM242_0010,MOHORO,2025,2571.0691784675064
KM,KM2,KM24,MBADJINI EST,KM242,ITSAHIDI,KM242_0010,MOHORO,2026,2632.026619812597
KM,KM2,KM24,MBADJINI EST,KM242,ITSAHIDI,KM242_0010,MOHORO,2027,2694.401937063138
KM,KM2,KM24,MBADJINI EST,KM242,ITSAHIDI,KM242_0010,MOHORO,2028,2757.80535496085
KM,KM2,KM24,MBADJINI EST,KM242,ITSAHIDI,KM242_0011,NGNOUMADZHA MVOUBARI,2017,2035.0
KM,KM2,KM24,MBADJINI EST,KM242,ITSAHIDI,KM242_0011,NGNOUMADZHA MVOUBARI,2018,2079.281717541944
KM,KM2,KM24,MBADJINI EST,KM242,ITSAHIDI,KM242_0011,NGNOUMADZHA MVOUBARI,2019,2125.612569361226
KM,KM2,KM24,MBADJINI EST,KM242,ITSAHIDI,KM242_0011,NGNOUMADZHA MVOUBARI,2020,2174.040833430819
KM,KM2,KM24,MBADJINI EST,KM242,ITSAHIDI,KM242_0011,NGNOUMADZHA MVOUBARI,2021,2224.4538609254723
KM,KM2,KM24,MBADJINI EST,KM242,ITSAHIDI,KM242_0011,NGNOUMADZHA MVOUBARI,2022,2276.6370826488405
KM,KM2,KM24,MBADJINI EST,KM242,ITSAHIDI,KM242_0011,NGNOUMADZHA MVOUBARI,2023,2330.0218903749155
KM,KM2,KM24,MBADJINI EST,KM242,ITSAHIDI,KM242_0011,NGNOUMADZHA MVOUBARI,2024,2384.9569587931014
KM,KM2,KM24,MBADJINI EST,KM242,ITSAHIDI,KM242_0011,NGNOUMADZHA MVOUBARI,2025,2441.4959300893024
KM,KM2,KM24,MBADJINI EST,KM242,ITSAHIDI,KM242_0011,NGNOUMADZHA MVOUBARI,2026,2499.3813211939496
KM,KM2,KM24,MBADJINI EST,KM242,ITSAHIDI,KM242_0011,NGNOUMADZHA MVOUBARI,2027,2558.6131320221584
KM,KM2,KM24,MBADJINI EST,KM242,ITSAHIDI,KM242_0011,NGNOUMADZHA MVOUBARI,2028,2618.821230679109
KM,KM2,KM24,MBADJINI EST,KM243,PIMBA,KM243_0001,SIMBOUSSA YA MBADJINI,2017,1936.0
KM,KM2,KM24,MBADJINI EST,KM243,PIMBA,KM243_0001,SIMBOUSSA YA MBADJINI,2018,1978.1274718236873
KM,KM2,KM24,MBADJINI EST,KM243,PIMBA,KM243_0001,SIMBOUSSA YA MBADJINI,2019,2022.2043903112205
KM,KM2,KM24,MBADJINI EST,KM243,PIMBA,KM243_0001,SIMBOUSSA YA MBADJINI,2020,2068.2766847774283
KM,KM2,KM24,MBADJINI EST,KM243,PIMBA,KM243_0001,SIMBOUSSA YA MBADJINI,2021,2116.237186610179
KM,KM2,KM24,MBADJINI EST,KM243,PIMBA,KM243_0001,SIMBOUSSA YA MBADJINI,2022,2165.8817651145728
KM,KM2,KM24,MBADJINI EST,KM243,PIMBA,KM243_0001,SIMBOUSSA YA MBADJINI,2023,2216.6694740864064
KM,KM2,KM24,MBADJINI EST,KM243,PIMBA,KM243_0001,SIMBOUSSA YA MBADJINI,2024,2268.932025662626
KM,KM2,KM24,MBADJINI EST,KM243,PIMBA,KM243_0001,SIMBOUSSA YA MBADJINI,2025,2322.720452409282
KM,KM2,KM24,MBADJINI EST,KM243,PIMBA,KM243_0001,SIMBOUSSA YA MBADJINI,2026,2377.7897974601897
KM,KM2,KM24,MBADJINI EST,KM243,PIMBA,KM243_0001,SIMBOUSSA YA MBADJINI,2027,2434.1400607345936
KM,KM2,KM24,MBADJINI EST,KM243,PIMBA,KM243_0001,SIMBOUSSA YA MBADJINI,2028,2491.4191167541785
KM,KM2,KM24,MBADJINI EST,KM243,PIMBA,KM243_0002,INANI,2017,876.0
KM,KM2,KM24,MBADJINI EST,KM243,PIMBA,KM243_0002,INANI,2018,895.0618105979082
KM,KM2,KM24,MBADJINI EST,KM243,PIMBA,KM243_0002,INANI,2019,915.005705533383
KM,KM2,KM24,MBADJINI EST,KM243,PIMBA,KM243_0002,INANI,2020,935.8524668724313
KM,KM2,KM24,MBADJINI EST,KM243,PIMBA,KM243_0002,INANI,2021,957.5536030322917
KM,KM2,KM24,MBADJINI EST,KM243,PIMBA,KM243_0002,INANI,2022,980.0167490910981
KM,KM2,KM24,MBADJINI EST,KM243,PIMBA,KM243_0002,INANI,2023,1002.9971380680228
KM,KM2,KM24,MBADJINI EST,KM243,PIMBA,KM243_0002,INANI,2024,1026.6448628514775
KM,KM2,KM24,MBADJINI EST,KM243,PIMBA,KM243_0002,INANI,2025,1050.9830146232084
KM,KM2,KM24,MBADJINI EST,KM243,PIMBA,KM243_0002,INANI,2026,1075.9007554623586
KM,KM2,KM24,MBADJINI EST,KM243,PIMBA,KM243_0002,INANI,2027,1101.3980853323885
KM,KM2,KM24,MBADJINI EST,KM243,PIMBA,KM243_0002,INANI,2028,1127.31567472968
KM,KM2,KM24,MBADJINI EST,KM243,PIMBA,KM243_0003,NGNAMBENI,2017,1734.0
KM,KM2,KM24,MBADJINI EST,KM243,PIMBA,KM243_0003,NGNAMBENI,2018,1771.731940156133
KM,KM2,KM24,MBADJINI EST,KM243,PIMBA,KM243_0003,NGNAMBENI,2019,1811.209923966765
KM,KM2,KM24,MBADJINI EST,KM243,PIMBA,KM243_0003,NGNAMBENI,2020,1852.4750885351552
KM,KM2,KM24,MBADJINI EST,KM243,PIMBA,KM243_0003,NGNAMBENI,2021,1895.4314470981665
KM,KM2,KM24,MBADJINI EST,KM243,PIMBA,KM243_0003,NGNAMBENI,2022,1939.89616772142
KM,KM2,KM24,MBADJINI EST,KM243,PIMBA,KM243_0003,NGNAMBENI,2023,1985.3847459017709
KM,KM2,KM24,MBADJINI EST,KM243,PIMBA,KM243_0003,NGNAMBENI,2024,2032.194283315596
KM,KM2,KM24,MBADJINI EST,KM243,PIMBA,KM243_0003,NGNAMBENI,2025,2080.3704878500494
KM,KM2,KM24,MBADJINI EST,KM243,PIMBA,KM243_0003,NGNAMBENI,2026,2129.693961154943
KM,KM2,KM24,MBADJINI EST,KM243,PIMBA,KM243_0003,NGNAMBENI,2027,2180.1647031579473
KM,KM2,KM24,MBADJINI EST,KM243,PIMBA,KM243_0003,NGNAMBENI,2028,2231.4673287457367
KM,KM2,KM24,MBADJINI EST,KM243,PIMBA,KM243_0004,BANDAMADJI LA KOUBOINI,2017,759.0
KM,KM2,KM24,MBADJINI EST,KM243,PIMBA,KM243_0004,BANDAMADJI LA KOUBOINI,2018,775.5158838399684
KM,KM2,KM24,MBADJINI EST,KM243,PIMBA,KM243_0004,BANDAMADJI LA KOUBOINI,2019,792.7960393833763
KM,KM2,KM24,MBADJINI EST,KM243,PIMBA,KM243_0004,BANDAMADJI LA KOUBOINI,2020,810.8584730093326
KM,KM2,KM24,MBADJINI EST,KM243,PIMBA,KM243_0004,BANDAMADJI LA KOUBOINI,2021,829.6611697505815
KM,KM2,KM24,MBADJINI EST,KM243,PIMBA,KM243_0004,BANDAMADJI LA KOUBOINI,2022,849.1241010960542
KM,KM2,KM24,MBADJINI EST,KM243,PIMBA,KM243_0004,BANDAMADJI LA KOUBOINI,2023,869.035191545239
KM,KM2,KM24,MBADJINI EST,KM243,PIMBA,KM243_0004,BANDAMADJI LA KOUBOINI,2024,889.5244873336433
KM,KM2,KM24,MBADJINI EST,KM243,PIMBA,KM243_0004,BANDAMADJI LA KOUBOINI,2025,910.6119955468209
KM,KM2,KM24,MBADJINI EST,KM243,PIMBA,KM243_0004,BANDAMADJI LA KOUBOINI,2026,932.2016819588246
KM,KM2,KM24,MBADJINI EST,KM243,PIMBA,KM243_0004,BANDAMADJI LA KOUBOINI,2027,954.2935465379943
KM,KM2,KM24,MBADJINI EST,KM243,PIMBA,KM243_0004,BANDAMADJI LA KOUBOINI,2028,976.749540091127
KM,KM2,KM24,MBADJINI EST,KM243,PIMBA,KM243_0005,DARISSALAMA,2017,519.0
KM,KM2,KM24,MBADJINI EST,KM243,PIMBA,KM243_0005,DARISSALAMA,2018,530.2934699775278
KM,KM2,KM24,MBADJINI EST,KM243,PIMBA,KM243_0005,DARISSALAMA,2019,542.109544716696
KM,KM2,KM24,MBADJINI EST,KM243,PIMBA,KM243_0005,DARISSALAMA,2020,554.4605368798995
KM,KM2,KM24,MBADJINI EST,KM243,PIMBA,KM243_0005,DARISSALAMA,2021,567.3177168650222
KM,KM2,KM24,MBADJINI EST,KM243,PIMBA,KM243_0005,DARISSALAMA,2022,580.626361619041
KM,KM2,KM24,MBADJINI EST,KM243,PIMBA,KM243_0005,DARISSALAMA,2023,594.2414550882463
KM,KM2,KM24,MBADJINI EST,KM243,PIMBA,KM243_0005,DARISSALAMA,2024,608.2519221688549
KM,KM2,KM24,MBADJINI EST,KM243,PIMBA,KM243_0005,DARISSALAMA,2025,622.671443595257
KM,KM2,KM24,MBADJINI EST,KM243,PIMBA,KM243_0005,DARISSALAMA,2026,637.4343516951647
KM,KM2,KM24,MBADJINI EST,KM243,PIMBA,KM243_0005,DARISSALAMA,2027,652.5406464469288
KM,KM2,KM24,MBADJINI EST,KM243,PIMBA,KM243_0005,DARISSALAMA,2028,667.895930576146
KM,KM2,KM24,MBADJINI EST,KM243,PIMBA,KM243_0006,MLALOI NKOUDJOU,2017,1060.0
KM,KM2,KM24,MBADJINI EST,KM243,PIMBA,KM243_0006,MLALOI NKOUDJOU,2018,1083.0656612257794
KM,KM2,KM24,MBADJINI EST,KM243,PIMBA,KM243_0006,MLALOI NKOUDJOU,2019,1107.1986847778378
KM,KM2,KM24,MBADJINI EST,KM243,PIMBA,KM243_0006,MLALOI NKOUDJOU,2020,1132.4242179049968
KM,KM2,KM24,MBADJINI EST,KM243,PIMBA,KM243_0006,MLALOI NKOUDJOU,2021,1158.6835835778872
KM,KM2,KM24,MBADJINI EST,KM243,PIMBA,KM243_0006,MLALOI NKOUDJOU,2022,1185.865016023475
KM,KM2,KM24,MBADJINI EST,KM243,PIMBA,KM243_0006,MLALOI NKOUDJOU,2023,1213.6723360183837
KM,KM2,KM24,MBADJINI EST,KM243,PIMBA,KM243_0006,MLALOI NKOUDJOU,2024,1242.2871628111486
KM,KM2,KM24,MBADJINI EST,KM243,PIMBA,KM243_0006,MLALOI NKOUDJOU,2025,1271.737437786074
KM,KM2,KM24,MBADJINI EST,KM243,PIMBA,KM243_0006,MLALOI NKOUDJOU,2026,1301.8890419978313
KM,KM2,KM24,MBADJINI EST,KM243,PIMBA,KM243_0006,MLALOI NKOUDJOU,2027,1332.7419754022053
KM,KM2,KM24,MBADJINI EST,KM243,PIMBA,KM243_0006,MLALOI NKOUDJOU,2028,1364.1034420244987
KM,KM2,KM24,MBADJINI EST,KM243,PIMBA,KM243_0007,NGNOUMA MILIMA,2017,2974.0
KM,KM2,KM24,MBADJINI EST,KM243,PIMBA,KM243_0007,NGNOUMA MILIMA,2018,3038.714411778743
KM,KM2,KM24,MBADJINI EST,KM243,PIMBA,KM243_0007,NGNOUMA MILIMA,2019,3106.423479744613
KM,KM2,KM24,MBADJINI EST,KM243,PIMBA,KM243_0007,NGNOUMA MILIMA,2020,3177.197758537227
KM,KM2,KM24,MBADJINI EST,KM243,PIMBA,KM243_0007,NGNOUMA MILIMA,2021,3250.8726203402234
KM,KM2,KM24,MBADJINI EST,KM243,PIMBA,KM243_0007,NGNOUMA MILIMA,2022,3327.1344883526554
KM,KM2,KM24,MBADJINI EST,KM243,PIMBA,KM243_0007,NGNOUMA MILIMA,2023,3405.152384262899
KM,KM2,KM24,MBADJINI EST,KM243,PIMBA,KM243_0007,NGNOUMA MILIMA,2024,3485.4358700003363
KM,KM2,KM24,MBADJINI EST,KM243,PIMBA,KM243_0007,NGNOUMA MILIMA,2025,3568.0633395997966
KM,KM2,KM24,MBADJINI EST,KM243,PIMBA,KM243_0007,NGNOUMA MILIMA,2026,3652.6585008505194
KM,KM2,KM24,MBADJINI EST,KM243,PIMBA,KM243_0007,NGNOUMA MILIMA,2027,3739.2213536284517
KM,KM2,KM24,MBADJINI EST,KM243,PIMBA,KM243_0007,NGNOUMA MILIMA,2028,3827.210977906471
KM,KM2,KM24,MBADJINI EST,KM243,PIMBA,KM243_0008,NKOURANI MKANGA,2017,627.0
KM,KM2,KM24,MBADJINI EST,KM243,PIMBA,KM243_0008,NKOURANI MKANGA,2018,640.6435562156261
KM,KM2,KM24,MBADJINI EST,KM243,PIMBA,KM243_0008,NKOURANI MKANGA,2019,654.9184673167022
KM,KM2,KM24,MBADJINI EST,KM243,PIMBA,KM243_0008,NKOURANI MKANGA,2020,669.8396081381444
KM,KM2,KM24,MBADJINI EST,KM243,PIMBA,KM243_0008,NKOURANI MKANGA,2021,685.3722706635239
KM,KM2,KM24,MBADJINI EST,KM243,PIMBA,KM243_0008,NKOURANI MKANGA,2022,701.4503443836969
KM,KM2,KM24,MBADJINI EST,KM243,PIMBA,KM243_0008,NKOURANI MKANGA,2023,717.8986364938929
KM,KM2,KM24,MBADJINI EST,KM243,PIMBA,KM243_0008,NKOURANI MKANGA,2024,734.8245764930097
KM,KM2,KM24,MBADJINI EST,KM243,PIMBA,KM243_0008,NKOURANI MKANGA,2025,752.2446919734608
KM,KM2,KM24,MBADJINI EST,KM243,PIMBA,KM243_0008,NKOURANI MKANGA,2026,770.0796503138115
KM,KM2,KM24,MBADJINI EST,KM243,PIMBA,KM243_0008,NKOURANI MKANGA,2027,788.3294514879083
KM,KM2,KM24,MBADJINI EST,KM243,PIMBA,KM243_0008,NKOURANI MKANGA,2028,806.8800548578876
KM,KM2,KM24,MBADJINI EST,KM243,PIMBA,KM243_0009,DIDJONI,2017,588.0
KM,KM2,KM24,MBADJINI EST,KM243,PIMBA,KM243_0009,DIDJONI,2018,600.7949139629794
KM,KM2,KM24,MBADJINI EST,KM243,PIMBA,KM243_0009,DIDJONI,2019,614.1819119333667
KM,KM2,KM24,MBADJINI EST,KM243,PIMBA,KM243_0009,DIDJONI,2020,628.1749435171115
KM,KM2,KM24,MBADJINI EST,KM243,PIMBA,KM243_0009,DIDJONI,2021,642.7414595696205
KM,KM2,KM24,MBADJINI EST,KM243,PIMBA,KM243_0009,DIDJONI,2022,657.8194617186823
KM,KM2,KM24,MBADJINI EST,KM243,PIMBA,KM243_0009,DIDJONI,2023,673.2446543196318
KM,KM2,KM24,MBADJINI EST,KM243,PIMBA,KM243_0009,DIDJONI,2024,694.7950652889599
KM,KM2,KM24,MBADJINI EST,KM243,PIMBA,KM243_0009,DIDJONI,2025,705.4543522813317
KM,KM2,KM24,MBADJINI EST,KM243,PIMBA,KM243_0009,DIDJONI,2026,722.1799591459669
KM,KM2,KM24,MBADJINI EST,KM243,PIMBA,KM243_0009,DIDJONI,2027,739.2946052231101
KM,KM2,KM24,MBADJINI EST,KM243,PIMBA,KM243_0009,DIDJONI,2028,756.6913433117031
KM,KM2,KM24,MBADJINI EST,KM243,PIMBA,KM243_0010,KOVE,2017,850.0
KM,KM2,KM24,MBADJINI EST,KM243,PIMBA,KM243_0010,KOVE,2018,868.4960490961438
KM,KM2,KM24,MBADJINI EST,KM243,PIMBA,KM243_0010,KOVE,2019,887.8480019444927
KM,KM2,KM24,MBADJINI EST,KM243,PIMBA,KM243_0010,KOVE,2020,908.0760237917428
KM,KM2,KM24,MBADJINI EST,KM243,PIMBA,KM243_0010,KOVE,2021,929.1330623030229
KM,KM2,KM24,MBADJINI EST,KM243,PIMBA,KM243_0010,KOVE,2022,950.9294939810883
KM,KM2,KM24,MBADJINI EST,KM243,PIMBA,KM243_0010,KOVE,2023,973.2278166185152
KM,KM2,KM24,MBADJINI EST,KM243,PIMBA,KM243_0010,KOVE,2024,996.173668291959
KM,KM2,KM24,MBADJINI EST,KM243,PIMBA,KM243_0010,KOVE,2025,1019.7894548284557
KM,KM2,KM24,MBADJINI EST,KM243,PIMBA,KM243_0010,KOVE,2026,1043.967628017129
KM,KM2,KM24,MBADJINI EST,KM243,PIMBA,KM243_0010,KOVE,2027,1068.708187822523
KM,KM2,KM24,MBADJINI EST,KM243,PIMBA,KM243_0010,KOVE,2028,1093.8565336988904
KM,KM2,KM25,MBADJINI OUEST,KM251,NGOUENGOE,KM251_0001,DEMBENI,2017,2142.0
KM,KM2,KM25,MBADJINI OUEST,KM251,NGOUENGOE,KM251_0001,DEMBENI,2018,2188.6100437222826
KM,KM2,KM25,MBADJINI OUEST,KM251,NGOUENGOE,KM251_0001,DEMBENI,2019,2237.3769649001215
KM,KM2,KM25,MBADJINI OUEST,KM251,NGOUENGOE,KM251_0001,DEMBENI,2020,2288.3515799551915
KM,KM2,KM25,MBADJINI OUEST,KM251,NGOUENGOE,KM251_0001,DEMBENI,2021,2341.415317003618
KM,KM2,KM25,MBADJINI OUEST,KM251,NGOUENGOE,KM251_0001,DEMBENI,2022,2396.342324832343
KM,KM2,KM25,MBADJINI OUEST,KM251,NGOUENGOE,KM251_0001,DEMBENI,2023,2452.5340978786585
KM,KM2,KM25,MBADJINI OUEST,KM251,NGOUENGOE,KM251_0001,DEMBENI,2024,2510.3576440957363
KM,KM2,KM25,MBADJINI OUEST,KM251,NGOUENGOE,KM251_0001,DEMBENI,2025,2569.8694261677083
KM,KM2,KM25,MBADJINI OUEST,KM251,NGOUENGOE,KM251_0001,DEMBENI,2026,2630.798422603165
KM,KM2,KM25,MBADJINI OUEST,KM251,NGOUENGOE,KM251_0001,DEMBENI,2027,2693.1446333127583
KM,KM2,KM25,MBADJINI OUEST,KM251,NGOUENGOE,KM251_0001,DEMBENI,2028,2756.518464921204
KM,KM2,KM25,MBADJINI OUEST,KM251,NGOUENGOE,KM251_0002,MDJAMKAGNOI,2017,903.0
KM,KM2,KM25,MBADJINI OUEST,KM251,NGOUENGOE,KM251_0002,MDJAMKAGNOI,2018,922.6493321574328
KM,KM2,KM25,MBADJINI OUEST,KM251,NGOUENGOE,KM251_0002,MDJAMKAGNOI,2019,943.2079361833845
KM,KM2,KM25,MBADJINI OUEST,KM251,NGOUENGOE,KM251_0002,MDJAMKAGNOI,2020,964.6972346869926
KM,KM2,KM25,MBADJINI OUEST,KM251,NGOUENGOE,KM251_0002,MDJAMKAGNOI,2021,987.0672414819172
KM,KM2,KM25,MBADJINI OUEST,KM251,NGOUENGOE,KM251_0002,MDJAMKAGNOI,2022,1010.2227447822621
KM,KM2,KM25,MBADJINI OUEST,KM251,NGOUENGOE,KM251_0002,MDJAMKAGNOI,2023,1033.9114334194344
KM,KM2,KM25,MBADJINI OUEST,KM251,NGOUENGOE,KM251_0002,MDJAMKAGNOI,2024,1058.2880264325163
KM,KM2,KM25,MBADJINI OUEST,KM251,NGOUENGOE,KM251_0002,MDJAMKAGNOI,2025,1083.3763267177594
KM,KM2,KM25,MBADJINI OUEST,KM251,NGOUENGOE,KM251_0002,MDJAMKAGNOI,2026,1109.0620801170205
KM,KM2,KM25,MBADJINI OUEST,KM251,NGOUENGOE,KM251_0002,MDJAMKAGNOI,2027,1135.3452865926333
KM,KM2,KM25,MBADJINI OUEST,KM251,NGOUENGOE,KM251_0002,MDJAMKAGNOI,2028,1162.0617058001155
KM,KM2,KM25,MBADJINI OUEST,KM251,NGOUENGOE,KM251_0003,MBOUDE YA MBOINI,2017,559.0
KM,KM2,KM25,MBADJINI OUEST,KM251,NGOUENGOE,KM251_0003,MBOUDE YA MBOINI,2018,571.1638722879345
KM,KM2,KM25,MBADJINI OUEST,KM251,NGOUENGOE,KM251_0003,MBOUDE YA MBOINI,2019,583.8906271611427
KM,KM2,KM25,MBADJINI OUEST,KM251,NGOUENGOE,KM251_0003,MBOUDE YA MBOINI,2020,597.193526234805
KM,KM2,KM25,MBADJINI OUEST,KM251,NGOUENGOE,KM251_0003,MBOUDE YA MBOINI,2021,611.041625679282
KM,KM2,KM25,MBADJINI OUEST,KM251,NGOUENGOE,KM251_0003,MBOUDE YA MBOINI,2022,625.3759848652098
KM,KM2,KM25,MBADJINI OUEST,KM251,NGOUENGOE,KM251_0003,MBOUDE YA MBOINI,2023,640.0404111644118
KM,KM2,KM25,MBADJINI OUEST,KM251,NGOUENGOE,KM251_0003,MBOUDE YA MBOINI,2024,655.1306830296529
KM,KM2,KM25,MBADJINI OUEST,KM251,NGOUENGOE,KM251_0003,MBOUDE YA MBOINI,2025,670.6615355871843
KM,KM2,KM25,MBADJINI OUEST,KM251,NGOUENGOE,KM251_0003,MBOUDE YA MBOINI,2026,686.5622400724412
KM,KM2,KM25,MBADJINI OUEST,KM251,NGOUENGOE,KM251_0003,MBOUDE YA MBOINI,2027,702.8327964621064
KM,KM2,KM25,MBADJINI OUEST,KM251,NGOUENGOE,KM251_0003,MBOUDE YA MBOINI,2028,719.3715321619762
KM,KM2,KM25,MBADJINI OUEST,KM251,NGOUENGOE,KM251_0004,MLIMANI,2017,187.0
KM,KM2,KM25,MBADJINI OUEST,KM251,NGOUENGOE,KM251_0004,MLIMANI,2018,191.06913080115163
KM,KM2,KM25,MBADJINI OUEST,KM251,NGOUENGOE,KM251_0004,MLIMANI,2019,195.32656042778837
KM,KM2,KM25,MBADJINI OUEST,KM251,NGOUENGOE,KM251_0004,MLIMANI,2020,199.7767252341834
KM,KM2,KM25,MBADJINI OUEST,KM251,NGOUENGOE,KM251_0004,MLIMANI,2021,204.40927370666503
KM,KM2,KM25,MBADJINI OUEST,KM251,NGOUENGOE,KM251_0004,MLIMANI,2022,209.20448867583943
KM,KM2,KM25,MBADJINI OUEST,KM251,NGOUENGOE,KM251_0004,MLIMANI,2023,214.11011965607335
KM,KM2,KM25,MBADJINI OUEST,KM251,NGOUENGOE,KM251_0004,MLIMANI,2024,219.15820702423096
KM,KM2,KM25,MBADJINI OUEST,KM251,NGOUENGOE,KM251_0004,MLIMANI,2025,224.35368006226022
KM,KM2,KM25,MBADJINI OUEST,KM251,NGOUENGOE,KM251_0004,MLIMANI,2026,229.67287816376836
KM,KM2,KM25,MBADJINI OUEST,KM251,NGOUENGOE,KM251_0004,MLIMANI,2027,235.1158013209551
KM,KM2,KM25,MBADJINI OUEST,KM251,NGOUENGOE,KM251_0004,MLIMANI,2028,240.64843741375591
KM,KM2,KM25,MBADJINI OUEST,KM251,NGOUENGOE,KM251_0005,PANDA,2017,824.0
KM,KM2,KM25,MBADJINI OUEST,KM251,NGOUENGOE,KM251_0005,PANDA,2018,841.9302875943793
KM,KM2,KM25,MBADJINI OUEST,KM251,NGOUENGOE,KM251_0005,PANDA,2019,860.6902983556022
KM,KM2,KM25,MBADJINI OUEST,KM251,NGOUENGOE,KM251_0005,PANDA,2020,880.2995807110541
KM,KM2,KM25,MBADJINI OUEST,KM251,NGOUENGOE,KM251_0005,PANDA,2021,900.7125215737539
KM,KM2,KM25,MBADJINI OUEST,KM251,NGOUENGOE,KM251_0005,PANDA,2022,921.8422388710785
KM,KM2,KM25,MBADJINI OUEST,KM251,NGOUENGOE,KM251_0005,PANDA,2023,943.4584951690076
KM,KM2,KM25,MBADJINI OUEST,KM251,NGOUENGOE,KM251_0005,PANDA,2024,965.70247373244
KM,KM2,KM25,MBADJINI OUEST,KM251,NGOUENGOE,KM251_0005,PANDA,2025,988.5958950337027
KM,KM2,KM25,MBADJINI OUEST,KM251,NGOUENGOE,KM251_0005,PANDA,2026,1012.0345005718991
KM,KM2,KM25,MBADJINI OUEST,KM251,NGOUENGOE,KM251_0005,PANDA,2027,1036.0182903126577
KM,KM2,KM25,MBADJINI OUEST,KM251,NGOUENGOE,KM251_0005,PANDA,2028,1060.397392668101
KM,KM2,KM25,MBADJINI OUEST,KM251,NGOUENGOE,KM251_0006,MINDRADOU,2017,439.0
KM,KM2,KM25,MBADJINI OUEST,KM251,NGOUENGOE,KM251_0006,MINDRADOU,2018,448.5526653567142
KM,KM2,KM25,MBADJINI OUEST,KM251,NGOUENGOE,KM251_0006,MINDRADOU,2019,458.5473798278026
KM,KM2,KM25,MBADJINI OUEST,KM251,NGOUENGOE,KM251_0006,MINDRADOU,2020,468.99455817008834
KM,KM2,KM25,MBADJINI OUEST,KM251,NGOUENGOE,KM251_0006,MINDRADOU,2021,479.86989923650236
KM,KM2,KM25,MBADJINI OUEST,KM251,NGOUENGOE,KM251_0006,MINDRADOU,2022,491.12711512670325
KM,KM2,KM25,MBADJINI OUEST,KM251,NGOUENGOE,KM251_0006,MINDRADOU,2023,502.64354293591555
KM,KM2,KM25,MBADJINI OUEST,KM251,NGOUENGOE,KM251_0006,MINDRADOU,2024,514.4944004472587
KM,KM2,KM25,MBADJINI OUEST,KM251,NGOUENGOE,KM251_0006,MINDRADOU,2025,526.6912596114023
KM,KM2,KM25,MBADJINI OUEST,KM251,NGOUENGOE,KM251_0006,MINDRADOU,2026,539.1785749406113
KM,KM2,KM25,MBADJINI OUEST,KM251,NGOUENGOE,KM251_0006,MINDRADOU,2027,551.9563464165738
KM,KM2,KM25,MBADJINI OUEST,KM251,NGOUENGOE,KM251_0006,MINDRADOU,2028,564.9447274044858
KM,KM2,KM25,MBADJINI OUEST,KM251,NGOUENGOE,KM251_0007,MANDZISSANI,2017,498.0
KM,KM2,KM25,MBADJINI OUEST,KM251,NGOUENGOE,KM251_0007,MANDZISSANI,2018,508.83650876456426
KM,KM2,KM25,MBADJINI OUEST,KM251,NGOUENGOE,KM251_0007,MANDZISSANI,2019,520.1744764333616
KM,KM2,KM25,MBADJINI OUEST,KM251,NGOUENGOE,KM251_0007,MANDZISSANI,2020,532.0257174685739
KM,KM2,KM25,MBADJINI OUEST,KM251,NGOUENGOE,KM251_0007,MANDZISSANI,2021,544.3626647375359
KM,KM2,KM25,MBADJINI OUEST,KM251,NGOUENGOE,KM251_0007,MANDZISSANI,2022,557.1328094148024
KM,KM2,KM25,MBADJINI OUEST,KM251,NGOUENGOE,KM251_0007,MANDZISSANI,2023,570.1970031482595
KM,KM2,KM25,MBADJINI OUEST,KM251,NGOUENGOE,KM251_0007,MANDZISSANI,2024,583.6405727169359
KM,KM2,KM25,MBADJINI OUEST,KM251,NGOUENGOE,KM251_0007,MANDZISSANI,2025,597.4766452994951
KM,KM2,KM25,MBADJINI OUEST,KM251,NGOUENGOE,KM251_0007,MANDZISSANI,2026,611.6422102970944
KM,KM2,KM25,MBADJINI OUEST,KM251,NGOUENGOE,KM251_0007,MANDZISSANI,2027,626.1372676889606
KM,KM2,KM25,MBADJINI OUEST,KM251,NGOUENGOE,KM251_0007,MANDZISSANI,2028,640.8712397435853
KM,KM2,KM25,MBADJINI OUEST,KM251,NGOUENGOE,KM251_0008,TSINI MOICHONGO,2017,2208.0
KM,KM2,KM25,MBADJINI OUEST,KM251,NGOUENGOE,KM251_0008,TSINI MOICHONGO,2018,2256.0462075344535
KM,KM2,KM25,MBADJINI OUEST,KM251,NGOUENGOE,KM251_0008,TSINI MOICHONGO,2019,2306.3157509334587
KM,KM2,KM25,MBADJINI OUEST,KM251,NGOUENGOE,KM251_0008,TSINI MOICHONGO,2020,2358.8610123907856
KM,KM2,KM25,MBADJINI OUEST,KM251,NGOUENGOE,KM251_0008,TSINI MOICHONGO,2021,2413.5597665471464
KM,KM2,KM25,MBADJINI OUEST,KM251,NGOUENGOE,KM251_0008,TSINI MOICHONGO,2022,2470.179203188521
KM,KM2,KM25,MBADJINI OUEST,KM251,NGOUENGOE,KM251_0008,TSINI MOICHONGO,2023,2528.102375404331
KM,KM2,KM25,MBADJINI OUEST,KM251,NGOUENGOE,KM251_0008,TSINI MOICHONGO,2024,2587.707599516053
KM,KM2,KM25,MBADJINI OUEST,KM251,NGOUENGOE,KM251_0008,TSINI MOICHONGO,2025,2649.0530779543883
KM,KM2,KM25,MBADJINI OUEST,KM251,NGOUENGOE,KM251_0008,TSINI MOICHONGO,2026,2711.859438425671
KM,KM2,KM25,MBADJINI OUEST,KM251,NGOUENGOE,KM251_0008,TSINI MOICHONGO,2027,2776.126680837801
KM,KM2,KM25,MBADJINI OUEST,KM251,NGOUENGOE,KM251_0008,TSINI MOICHONGO,2028,2841.453207537824
KM,KM2,KM25,MBADJINI OUEST,KM251,NGOUENGOE,KM251_0009,KANDZILE,2017,1215.0
KM,KM2,KM25,MBADJINI OUEST,KM251,NGOUENGOE,KM251_0009,KANDZILE,2018,1241.4384701786055
KM,KM2,KM25,MBADJINI OUEST,KM251,NGOUENGOE,KM251_0009,KANDZILE,2019,1269.100379250069
KM,KM2,KM25,MBADJINI OUEST,KM251,NGOUENGOE,KM251_0009,KANDZILE,2020,1298.014551655256
KM,KM2,KM25,MBADJINI OUEST,KM251,NGOUENGOE,KM251_0009,KANDZILE,2021,1328.1137302331445
KM,KM2,KM25,MBADJINI OUEST,KM251,NGOUENGOE,KM251_0009,KANDZILE,2022,1359.2698061023793
KM,KM2,KM25,MBADJINI OUEST,KM251,NGOUENGOE,KM251_0009,KANDZILE,2023,1391.1432908135248
KM,KM2,KM25,MBADJINI OUEST,KM251,NGOUENGOE,KM251_0009,KANDZILE,2024,1423.9423611467412
KM,KM2,KM25,MBADJINI OUEST,KM251,NGOUENGOE,KM251_0009,KANDZILE,2025,1457.6990442547924
KM,KM2,KM25,MBADJINI OUEST,KM251,NGOUENGOE,KM251_0009,KANDZILE,2026,1492.2596094597784
KM,KM2,KM25,MBADJINI OUEST,KM251,NGOUENGOE,KM251_0009,KANDZILE,2027,1527.6240567110185
KM,KM2,KM25,MBADJINI OUEST,KM251,NGOUENGOE,KM251_0009,KANDZILE,2028,1563.5713981695906
KM,KM2,KM25,MBADJINI OUEST,KM251,NGOUENGOE,KM251_0010,MAKORANI,2017,44.0
KM,KM2,KM25,MBADJINI OUEST,KM251,NGOUENGOE,KM251_0010,MAKORANI,2018,44.95744254144744
KM,KM2,KM25,MBADJINI OUEST,KM251,NGOUENGOE,KM251_0010,MAKORANI,2019,45.95919068889138
KM,KM2,KM25,MBADJINI OUEST,KM251,NGOUENGOE,KM251_0010,MAKORANI,2020,47.00628829039609
KM,KM2,KM25,MBADJINI OUEST,KM251,NGOUENGOE,KM251_0010,MAKORANI,2021,48.096299695685886
KM,KM2,KM25,MBADJINI OUEST,KM251,NGOUENGOE,KM251_0010,MAKORANI,2022,49.22458557078575
KM,KM2,KM25,MBADJINI OUEST,KM251,NGOUENGOE,KM251_0010,MAKORANI,2023,50.37885168378196
KM,KM2,KM25,MBADJINI OUEST,KM251,NGOUENGOE,KM251_0010,MAKORANI,2024,51.56663694687787
KM,KM2,KM25,MBADJINI OUEST,KM251,NGOUENGOE,KM251_0010,MAKORANI,2025,52.789101191120054
KM,KM2,KM25,MBADJINI OUEST,KM251,NGOUENGOE,KM251_0010,MAKORANI,2026,54.04067721500432
KM,KM2,KM25,MBADJINI OUEST,KM251,NGOUENGOE,KM251_0010,MAKORANI,2027,55.32136501669531
KM,KM2,KM25,MBADJINI OUEST,KM251,NGOUENGOE,KM251_0010,MAKORANI,2028,56.62316174441315
KM,KM2,KM25,MBADJINI OUEST,KM251,NGOUENGOE,KM251_0011,ITSOUDZOU,2017,225.0
KM,KM2,KM25,MBADJINI OUEST,KM251,NGOUENGOE,KM251_0011,ITSOUDZOU,2018,229.89601299603805
KM,KM2,KM25,MBADJINI OUEST,KM251,NGOUENGOE,KM251_0011,ITSOUDZOU,2019,235.01858875001278
KM,KM2,KM25,MBADJINI OUEST,KM251,NGOUENGOE,KM251_0011,ITSOUDZOU,2020,240.37306512134367
KM,KM2,KM25,MBADJINI OUEST,KM251,NGOUENGOE,KM251_0011,ITSOUDZOU,2021,245.94698708021193
KM,KM2,KM25,MBADJINI OUEST,KM251,NGOUENGOE,KM251_0011,ITSOUDZOU,2022,251.71663075969985
KM,KM2,KM25,MBADJINI OUEST,KM251,NGOUENGOE,KM251_0011,ITSOUDZOU,2023,257.61912792843054
KM,KM2,KM25,MBADJINI OUEST,KM251,NGOUENGOE,KM251_0011,ITSOUDZOU,2024,263.69302984198913
KM,KM2,KM25,MBADJINI OUEST,KM251,NGOUENGOE,KM251_0011,ITSOUDZOU,2025,269.9442674545912
KM,KM2,KM25,MBADJINI OUEST,KM251,NGOUENGOE,KM251_0011,ITSOUDZOU,2026,276.3443721221812
KM,KM2,KM25,MBADJINI OUEST,KM251,NGOUENGOE,KM251_0011,ITSOUDZOU,2027,282.8933438353738
KM,KM2,KM25,MBADJINI OUEST,KM251,NGOUENGOE,KM251_0011,ITSOUDZOU,2028,289.55025892029454
KM,KM2,KM25,MBADJINI OUEST,KM252,NIOUMAGAMA,KM252_0001,OUZIOINI,2017,2149.0
KM,KM2,KM25,MBADJINI OUEST,KM252,NIOUMAGAMA,KM252_0001,OUZIOINI,2018,2195.7623641266036
KM,KM2,KM25,MBADJINI OUEST,KM252,NIOUMAGAMA,KM252_0001,OUZIOINI,2019,2244.6886543278993
KM,KM2,KM25,MBADJINI OUEST,KM252,NIOUMAGAMA,KM252_0001,OUZIOINI,2020,2295.8298530923003
KM,KM2,KM25,MBADJINI OUEST,KM252,NIOUMAGAMA,KM252_0001,OUZIOINI,2021,2349.067001046113
KM,KM2,KM25,MBADJINI OUEST,KM252,NIOUMAGAMA,KM252_0001,OUZIOINI,2022,2404.173508900422
KM,KM2,KM25,MBADJINI OUEST,KM252,NIOUMAGAMA,KM252_0001,OUZIOINI,2023,2460.5489151919874
KM,KM2,KM25,MBADJINI OUEST,KM252,NIOUMAGAMA,KM252_0001,OUZIOINI,2024,2518.561427246376
KM,KM2,KM25,MBADJINI OUEST,KM252,NIOUMAGAMA,KM252_0001,OUZIOINI,2025,2578.2676922662954
KM,KM2,KM25,MBADJINI OUEST,KM252,NIOUMAGAMA,KM252_0001,OUZIOINI,2026,2639.395803069188
KM,KM2,KM25,MBADJINI OUEST,KM252,NIOUMAGAMA,KM252_0001,OUZIOINI,2027,2701.9457595654144
KM,KM2,KM25,MBADJINI OUEST,KM252,NIOUMAGAMA,KM252_0001,OUZIOINI,2028,2765.526695198724
KM,KM2,KM25,MBADJINI OUEST,KM252,NIOUMAGAMA,KM252_0002,IFOUNDIHE CHADJOU,2017,220.0
KM,KM2,KM25,MBADJINI OUEST,KM252,NIOUMAGAMA,KM252_0002,IFOUNDIHE CHADJOU,2018,224.78721270723722
KM,KM2,KM25,MBADJINI OUEST,KM252,NIOUMAGAMA,KM252_0002,IFOUNDIHE CHADJOU,2019,229.79595344445693
KM,KM2,KM25,MBADJINI OUEST,KM252,NIOUMAGAMA,KM252_0002,IFOUNDIHE CHADJOU,2020,235.03144145198047
KM,KM2,KM25,MBADJINI OUEST,KM252,NIOUMAGAMA,KM252_0002,IFOUNDIHE CHADJOU,2021,240.48149847842944
KM,KM2,KM25,MBADJINI OUEST,KM252,NIOUMAGAMA,KM252_0002,IFOUNDIHE CHADJOU,2022,246.12292785392876
KM,KM2,KM25,MBADJINI OUEST,KM252,NIOUMAGAMA,KM252_0002,IFOUNDIHE CHADJOU,2023,251.89425841890983
KM,KM2,KM25,MBADJINI OUEST,KM252,NIOUMAGAMA,KM252_0002,IFOUNDIHE CHADJOU,2024,257.83318473438936
KM,KM2,KM25,MBADJINI OUEST,KM252,NIOUMAGAMA,KM252_0002,IFOUNDIHE CHADJOU,2025,263.9455059556003
KM,KM2,KM25,MBADJINI OUEST,KM252,NIOUMAGAMA,KM252_0002,IFOUNDIHE CHADJOU,2026,270.20338607502157
KM,KM2,KM25,MBADJINI OUEST,KM252,NIOUMAGAMA,KM252_0002,IFOUNDIHE CHADJOU,2027,276.60682508347656
KM,KM2,KM25,MBADJINI OUEST,KM252,NIOUMAGAMA,KM252_0002,IFOUNDIHE CHADJOU,2028,283.11580872206576
KM,KM2,KM25,MBADJINI OUEST,KM252,NIOUMAGAMA,KM252_0003,IFOUNDIHE CHAMBOINI,2017,1031.0
KM,KM2,KM25,MBADJINI OUEST,KM252,NIOUMAGAMA,KM252_0003,IFOUNDIHE CHAMBOINI,2018,1053.4346195507344
KM,KM2,KM25,MBADJINI OUEST,KM252,NIOUMAGAMA,KM252_0003,IFOUNDIHE CHAMBOINI,2019,1076.9074000056141
KM,KM2,KM25,MBADJINI OUEST,KM252,NIOUMAGAMA,KM252_0003,IFOUNDIHE CHAMBOINI,2020,1101.4428006226901
KM,KM2,KM25,MBADJINI OUEST,KM252,NIOUMAGAMA,KM252_0003,IFOUNDIHE CHAMBOINI,2021,1126.9837496875489
KM,KM2,KM25,MBADJINI OUEST,KM252,NIOUMAGAMA,KM252_0003,IFOUNDIHE CHAMBOINI,2022,1153.4215391700022
KM,KM2,KM25,MBADJINI OUEST,KM252,NIOUMAGAMA,KM252_0003,IFOUNDIHE CHAMBOINI,2023,1180.4680928631637
KM,KM2,KM25,MBADJINI OUEST,KM252,NIOUMAGAMA,KM252_0003,IFOUNDIHE CHAMBOINI,2024,1208.3000611870702
KM,KM2,KM25,MBADJINI OUEST,KM252,NIOUMAGAMA,KM252_0003,IFOUNDIHE CHAMBOINI,2025,1236.9446210919266
KM,KM2,KM25,MBADJINI OUEST,KM252,NIOUMAGAMA,KM252_0003,IFOUNDIHE CHAMBOINI,2026,1266.2713229243057
KM,KM2,KM25,MBADJINI OUEST,KM252,NIOUMAGAMA,KM252_0003,IFOUNDIHE CHAMBOINI,2027,1296.2801666412015
KM,KM2,KM25,MBADJINI OUEST,KM252,NIOUMAGAMA,KM252_0003,IFOUNDIHE CHAMBOINI,2028,1326.7836308747717
KM,KM2,KM25,MBADJINI OUEST,KM252,NIOUMAGAMA,KM252_0004,DIMA,2017,537.0
KM,KM2,KM25,MBADJINI OUEST,KM252,NIOUMAGAMA,KM252_0004,DIMA,2018,548.6851510172108
KM,KM2,KM25,MBADJINI OUEST,KM252,NIOUMAGAMA,KM252_0004,DIMA,2019,560.9110318166971
KM,KM2,KM25,MBADJINI OUEST,KM252,NIOUMAGAMA,KM252_0004,DIMA,2020,573.6903820896068
KM,KM2,KM25,MBADJINI OUEST,KM252,NIOUMAGAMA,KM252_0004,DIMA,2021,586.9934758314391
KM,KM2,KM25,MBADJINI OUEST,KM252,NIOUMAGAMA,KM252_0004,DIMA,2022,600.763692079817
KM,KM2,KM25,MBADJINI OUEST,KM252,NIOUMAGAMA,KM252_0004,DIMA,2023,614.8509853225207
KM,KM2,KM25,MBADJINI OUEST,KM252,NIOUMAGAMA,KM252_0004,DIMA,2024,629.3473645562141
KM,KM2,KM25,MBADJINI OUEST,KM252,NIOUMAGAMA,KM252_0004,DIMA,2025,644.2669849916242
KM,KM2,KM25,MBADJINI OUEST,KM252,NIOUMAGAMA,KM252_0004,DIMA,2026,659.5419014649391
KM,KM2,KM25,MBADJINI OUEST,KM252,NIOUMAGAMA,KM252_0004,DIMA,2027,675.1721139537588
KM,KM2,KM25,MBADJINI OUEST,KM252,NIOUMAGAMA,KM252_0004,DIMA,2028,691.0599512897697
KM,KM2,KM25,MBADJINI OUEST,KM252,NIOUMAGAMA,KM252_0005,NKOURANI YA SIMA,2017,8459.0
KM,KM2,KM25,MBADJINI OUEST,KM252,NIOUMAGAMA,KM252_0005,NKOURANI YA SIMA,2018,8643.06832859327
KM,KM2,KM25,MBADJINI OUEST,KM252,NIOUMAGAMA,KM252_0005,NKOURANI YA SIMA,2019,8835.654409939369
KM,KM2,KM25,MBADJINI OUEST,KM252,NIOUMAGAMA,KM252_0005,NKOURANI YA SIMA,2020,9036.95892382865
KM,KM2,KM25,MBADJINI OUEST,KM252,NIOUMAGAMA,KM252_0005,NKOURANI YA SIMA,2021,9246.513616495613
KM,KM2,KM25,MBADJINI OUEST,KM252,NIOUMAGAMA,KM252_0005,NKOURANI YA SIMA,2022,9463.42657598356
KM,KM2,KM25,MBADJINI OUEST,KM252,NIOUMAGAMA,KM252_0005,NKOURANI YA SIMA,2023,9685.334236207083
KM,KM2,KM25,MBADJINI OUEST,KM252,NIOUMAGAMA,KM252_0005,NKOURANI YA SIMA,2024,9913.685953037271
KM,KM2,KM25,MBADJINI OUEST,KM252,NIOUMAGAMA,KM252_0005,NKOURANI YA SIMA,2025,10148.704703992831
KM,KM2,KM25,MBADJINI OUEST,KM252,NIOUMAGAMA,KM252_0005,NKOURANI YA SIMA,2026,10389.320194584581
KM,KM2,KM25,MBADJINI OUEST,KM252,NIOUMAGAMA,KM252_0005,NKOURANI YA SIMA,2027,10635.532424459676
KM,KM2,KM25,MBADJINI OUEST,KM252,NIOUMAGAMA,KM252_0005,NKOURANI YA SIMA,2028,10885.802845363429
KM,KM2,KM25,MBADJINI OUEST,KM252,NIOUMAGAMA,KM252_0007,DOMONI,2017,769.0
KM,KM2,KM25,MBADJINI OUEST,KM252,NIOUMAGAMA,KM252_0007,DOMONI,2018,785.73348441757
KM,KM2,KM25,MBADJINI OUEST,KM252,NIOUMAGAMA,KM252_0007,DOMONI,2019,803.241309994488
KM,KM2,KM25,MBADJINI OUEST,KM252,NIOUMAGAMA,KM252_0007,DOMONI,2020,821.541720348059
KM,KM2,KM25,MBADJINI OUEST,KM252,NIOUMAGAMA,KM252_0007,DOMONI,2021,840.5921469541465
KM,KM2,KM25,MBADJINI OUEST,KM252,NIOUMAGAMA,KM252_0007,DOMONI,2022,860.3115069075964
KM,KM2,KM25,MBADJINI OUEST,KM252,NIOUMAGAMA,KM252_0007,DOMONI,2023,880.4849305642803
KM,KM2,KM25,MBADJINI OUEST,KM252,NIOUMAGAMA,KM252_0007,DOMONI,2024,901.2441775488427
KM,KM2,KM25,MBADJINI OUEST,KM252,NIOUMAGAMA,KM252_0007,DOMONI,2025,922.6095185448027
KM,KM2,KM25,MBADJINI OUEST,KM252,NIOUMAGAMA,KM252_0007,DOMONI,2026,944.4836540531437
KM,KM2,KM25,MBADJINI OUEST,KM252,NIOUMAGAMA,KM252_0007,DOMONI,2027,966.8665840417885
KM,KM2,KM25,MBADJINI OUEST,KM252,NIOUMAGAMA,KM252_0007,DOMONI,2028,989.6184404875844
KM,KM2,KM25,MBADJINI OUEST,KM252,NIOUMAGAMA,KM252_0008,DZOIDJOU,2017,687.0
KM,KM2,KM25,MBADJINI OUEST,KM252,NIOUMAGAMA,KM252_0008,DZOIDJOU,2018,701.9491596812361
KM,KM2,KM25,MBADJINI OUEST,KM252,NIOUMAGAMA,KM252_0008,DZOIDJOU,2019,717.5900909833722
KM,KM2,KM25,MBADJINI OUEST,KM252,NIOUMAGAMA,KM252_0008,DZOIDJOU,2020,733.9390921705026
KM,KM2,KM25,MBADJINI OUEST,KM252,NIOUMAGAMA,KM252_0008,DZOIDJOU,2021,750.9581338849137
KM,KM2,KM25,MBADJINI OUEST,KM252,NIOUMAGAMA,KM252_0008,DZOIDJOU,2022,768.5747792529502
KM,KM2,KM25,MBADJINI OUEST,KM252,NIOUMAGAMA,KM252_0008,DZOIDJOU,2023,786.5970706081412
KM,KM2,KM25,MBADJINI OUEST,KM252,NIOUMAGAMA,KM252_0008,DZOIDJOU,2024,805.1427177842068
KM,KM2,KM25,MBADJINI OUEST,KM252,NIOUMAGAMA,KM252_0008,DZOIDJOU,2025,824.2298299613517
KM,KM2,KM25,MBADJINI OUEST,KM252,NIOUMAGAMA,KM252_0008,DZOIDJOU,2026,843.7714828797265
KM,KM2,KM25,MBADJINI OUEST,KM252,NIOUMAGAMA,KM252_0008,DZOIDJOU,2027,863.7676765106745
KM,KM2,KM25,MBADJINI OUEST,KM252,NIOUMAGAMA,KM252_0008,DZOIDJOU,2028,884.0934572366326
KM,KM2,KM25,MBADJINI OUEST,KM252,NIOUMAGAMA,KM252_0009,FAMARE,2017,504.0
KM,KM2,KM25,MBADJINI OUEST,KM252,NIOUMAGAMA,KM252_0009,FAMARE,2018,514.9670691111252
KM,KM2,KM25,MBADJINI OUEST,KM252,NIOUMAGAMA,KM252_0009,FAMARE,2019,526.4416388000285
KM,KM2,KM25,MBADJINI OUEST,KM252,NIOUMAGAMA,KM252_0009,FAMARE,2020,538.4356658718099
KM,KM2,KM25,MBADJINI OUEST,KM252,NIOUMAGAMA,KM252_0009,FAMARE,2021,550.9212510596747
KM,KM2,KM25,MBADJINI OUEST,KM252,NIOUMAGAMA,KM252_0009,FAMARE,2022,563.8452529017277
KM,KM2,KM25,MBADJINI OUEST,KM252,NIOUMAGAMA,KM252_0009,FAMARE,2023,577.0668465596843
KM,KM2,KM25,MBADJINI OUEST,KM252,NIOUMAGAMA,KM252_0009,FAMARE,2024,590.6723868460556
KM,KM2,KM25,MBADJINI OUEST,KM252,NIOUMAGAMA,KM252_0009,FAMARE,2025,604.6751590982842
KM,KM2,KM25,MBADJINI OUEST,KM252,NIOUMAGAMA,KM252_0009,FAMARE,2026,619.0113935536858
KM,KM2,KM25,MBADJINI OUEST,KM252,NIOUMAGAMA,KM252_0009,FAMARE,2027,633.6810901912372
KM,KM2,KM25,MBADJINI OUEST,KM252,NIOUMAGAMA,KM252_0009,FAMARE,2028,648.5925799814597
KM,KM2,KM26,MBOUDE,KM265,NYUMAMRO KIBLANI,KM265_0001,DJOMANI,2017,3386.0
KM,KM2,KM26,MBOUDE,KM265,NYUMAMRO KIBLANI,KM265_0001,DJOMANI,2018,3459.6795555759327
KM,KM2,KM26,MBOUDE,KM265,NYUMAMRO KIBLANI,KM265_0001,DJOMANI,2019,3536.768628922414
KM,KM2,KM26,MBOUDE,KM265,NYUMAMRO KIBLANI,KM265_0001,DJOMANI,2020,3617.347548892754
KM,KM2,KM26,MBOUDE,KM265,NYUMAMRO KIBLANI,KM265_0001,DJOMANI,2021,3701.2288811271
KM,KM2,KM26,MBOUDE,KM265,NYUMAMRO KIBLANI,KM265_0001,DJOMANI,2022,3788.0556077881943
KM,KM2,KM26,MBOUDE,KM265,NYUMAMRO KIBLANI,KM265_0001,DJOMANI,2023,3876.881631847403
KM,KM2,KM26,MBOUDE,KM265,NYUMAMRO KIBLANI,KM265_0001,DJOMANI,2024,3968.287106866556
KM,KM2,KM26,MBOUDE,KM265,NYUMAMRO KIBLANI,KM265_0001,DJOMANI,2025,4062.3612871166483
KM,KM2,KM26,MBOUDE,KM265,NYUMAMRO KIBLANI,KM265_0001,DJOMANI,2026,4158.6757511364685
KM,KM2,KM26,MBOUDE,KM265,NYUMAMRO KIBLANI,KM265_0001,DJOMANI,2027,4257.23049878478
KM,KM2,KM26,MBOUDE,KM265,NYUMAMRO KIBLANI,KM265_0001,DJOMANI,2028,4357.409674240521
KM,KM2,KM26,MBOUDE,KM265,NYUMAMRO KIBLANI,KM265_0002,CHAMLE,2017,1403.0
KM,KM2,KM26,MBOUDE,KM265,NYUMAMRO KIBLANI,KM265_0002,CHAMLE,2018,1433.5293610375172
KM,KM2,KM26,MBOUDE,KM265,NYUMAMRO KIBLANI,KM265_0002,CHAMLE,2019,1465.4714667389683
KM,KM2,KM26,MBOUDE,KM265,NYUMAMRO KIBLANI,KM265_0002,CHAMLE,2020,1498.8596016233116
KM,KM2,KM26,MBOUDE,KM265,NYUMAMRO KIBLANI,KM265_0002,CHAMLE,2021,1533.616101660166
KM,KM2,KM26,MBOUDE,KM265,NYUMAMRO KIBLANI,KM265_0002,CHAMLE,2022,1569.5930353593728
KM,KM2,KM26,MBOUDE,KM265,NYUMAMRO KIBLANI,KM265_0002,CHAMLE,2023,1606.3983843715023
KM,KM2,KM26,MBOUDE,KM265,NYUMAMRO KIBLANI,KM265_0002,CHAMLE,2024,1644.2725371924919
KM,KM2,KM26,MBOUDE,KM265,NYUMAMRO KIBLANI,KM265_0002,CHAMLE,2025,1683.2524766168508
KM,KM2,KM26,MBOUDE,KM265,NYUMAMRO KIBLANI,KM265_0002,CHAMLE,2026,1723.1606848329786
KM,KM2,KM26,MBOUDE,KM265,NYUMAMRO KIBLANI,KM265_0002,CHAMLE,2027,1763.9971617823528
KM,KM2,KM26,MBOUDE,KM265,NYUMAMRO KIBLANI,KM265_0002,CHAMLE,2028,1805.5067256229922
KM,KM2,KM26,MBOUDE,KM265,NYUMAMRO KIBLANI,KM265_0003,VOUVOUNI YA MBOUNDE,2017,474.0
KM,KM2,KM26,MBOUDE,KM265,NYUMAMRO KIBLANI,KM265_0003,VOUVOUNI YA MBOUNDE,2018,484.31426737832015
KM,KM2,KM26,MBOUDE,KM265,NYUMAMRO KIBLANI,KM265_0003,VOUVOUNI YA MBOUNDE,2019,495.10582696669354
KM,KM2,KM26,MBOUDE,KM265,NYUMAMRO KIBLANI,KM265_0003,VOUVOUNI YA MBOUNDE,2020,506.38592385563067
KM,KM2,KM26,MBOUDE,KM265,NYUMAMRO KIBLANI,KM265_0003,VOUVOUNI YA MBOUNDE,2021,518.1283194489798
KM,KM2,KM26,MBOUDE,KM265,NYUMAMRO KIBLANI,KM265_0003,VOUVOUNI YA MBOUNDE,2022,530.2830354671011
KM,KM2,KM26,MBOUDE,KM265,NYUMAMRO KIBLANI,KM265_0003,VOUVOUNI YA MBOUNDE,2023,542.7176295025603
KM,KM2,KM26,MBOUDE,KM265,NYUMAMRO KIBLANI,KM265_0003,VOUVOUNI YA MBOUNDE,2024,555.5133162004571
KM,KM2,KM26,MBOUDE,KM265,NYUMAMRO KIBLANI,KM265_0003,VOUVOUNI YA MBOUNDE,2025,568.6825901043388
KM,KM2,KM26,MBOUDE,KM265,NYUMAMRO KIBLANI,KM265_0003,VOUVOUNI YA MBOUNDE,2026,582.1654772707284
KM,KM2,KM26,MBOUDE,KM265,NYUMAMRO KIBLANI,KM265_0003,VOUVOUNI YA MBOUNDE,2027,595.961977679854
KM,KM2,KM26,MBOUDE,KM265,NYUMAMRO KIBLANI,KM265_0003,VOUVOUNI YA MBOUNDE,2028,609.9858787920872
KM,KM2,KM26,MBOUDE,KM265,NYUMAMRO KIBLANI,KM265_0004,MANDZA YA MBOUDE,2017,1628.0
KM,KM2,KM26,MBOUDE,KM265,NYUMAMRO KIBLANI,KM265_0004,MANDZA YA MBOUDE,2018,1663.4253740335553
KM,KM2,KM26,MBOUDE,KM265,NYUMAMRO KIBLANI,KM265_0004,MANDZA YA MBOUDE,2019,1700.4900554889812
KM,KM2,KM26,MBOUDE,KM265,NYUMAMRO KIBLANI,KM265_0004,MANDZA YA MBOUDE,2020,1739.2326667446555
KM,KM2,KM26,MBOUDE,KM265,NYUMAMRO KIBLANI,KM265_0004,MANDZA YA MBOUDE,2021,1779.5630887403777
KM,KM2,KM26,MBOUDE,KM265,NYUMAMRO KIBLANI,KM265_0004,MANDZA YA MBOUDE,2022,1821.3096661190727
KM,KM2,KM26,MBOUDE,KM265,NYUMAMRO KIBLANI,KM265_0004,MANDZA YA MBOUDE,2023,1864.0175122999328
KM,KM2,KM26,MBOUDE,KM265,NYUMAMRO KIBLANI,KM265_0004,MANDZA YA MBOUDE,2024,1907.9655670344812
KM,KM2,KM26,MBOUDE,KM265,NYUMAMRO KIBLANI,KM265_0004,MANDZA YA MBOUDE,2025,1953.196744071442
KM,KM2,KM26,MBOUDE,KM265,NYUMAMRO KIBLANI,KM265_0004,MANDZA YA MBOUDE,2026,1999.50505695516
KM,KM2,KM26,MBOUDE,KM265,NYUMAMRO KIBLANI,KM265_0004,MANDZA YA MBOUDE,2027,2046.8905056177266
KM,KM2,KM26,MBOUDE,KM265,NYUMAMRO KIBLANI,KM265_0004,MANDZA YA MBOUDE,2028,2095.056984543287
KM,KM2,KM26,MBOUDE,KM265,NYUMAMRO KIBLANI,KM265_0005,MDJOIEZI YA MBOUNDE,2017,827.0
KM,KM2,KM26,MBOUDE,KM265,NYUMAMRO KIBLANI,KM265_0005,MDJOIEZI YA MBOUNDE,2018,844.9955677676598
KM,KM2,KM26,MBOUDE,KM265,NYUMAMRO KIBLANI,KM265_0005,MDJOIEZI YA MBOUNDE,2019,863.8238795389358
KM,KM2,KM26,MBOUDE,KM265,NYUMAMRO KIBLANI,KM265_0005,MDJOIEZI YA MBOUNDE,2020,883.5045549126721
KM,KM2,KM26,MBOUDE,KM265,NYUMAMRO KIBLANI,KM265_0005,MDJOIEZI YA MBOUNDE,2021,903.9918147348235
KM,KM2,KM26,MBOUDE,KM265,NYUMAMRO KIBLANI,KM265_0005,MDJOIEZI YA MBOUNDE,2022,925.1984606145413
KM,KM2,KM26,MBOUDE,KM265,NYUMAMRO KIBLANI,KM265_0005,MDJOIEZI YA MBOUNDE,2023,946.8934168747202
KM,KM2,KM26,MBOUDE,KM265,NYUMAMRO KIBLANI,KM265_0005,MDJOIEZI YA MBOUNDE,2024,969.2183807970001
KM,KM2,KM26,MBOUDE,KM265,NYUMAMRO KIBLANI,KM265_0005,MDJOIEZI YA MBOUNDE,2025,992.1951519330975
KM,KM2,KM26,MBOUDE,KM265,NYUMAMRO KIBLANI,KM265_0005,MDJOIEZI YA MBOUNDE,2026,1015.719092200195
KM,KM2,KM26,MBOUDE,KM265,NYUMAMRO KIBLANI,KM265_0005,MDJOIEZI YA MBOUNDE,2027,1039.7902015637962
KM,KM2,KM26,MBOUDE,KM265,NYUMAMRO KIBLANI,KM265_0005,MDJOIEZI YA MBOUNDE,2028,1064.2580627870382
KM,KM2,KM26,MBOUDE,KM265,NYUMAMRO KIBLANI,KM265_0006,HELINDJE,2017,1823.0
KM,KM2,KM26,MBOUDE,KM265,NYUMAMRO KIBLANI,KM265_0006,HELINDJE,2018,1862.6685852967885
KM,KM2,KM26,MBOUDE,KM265,NYUMAMRO KIBLANI,KM265_0006,HELINDJE,2019,1904.172832405659
KM,KM2,KM26,MBOUDE,KM265,NYUMAMRO KIBLANI,KM265_0006,HELINDJE,2020,1947.5559898498202
KM,KM2,KM26,MBOUDE,KM265,NYUMAMRO KIBLANI,KM265_0006,HELINDJE,2021,1992.7171442098947
KM,KM2,KM26,MBOUDE,KM265,NYUMAMRO KIBLANI,KM265_0006,HELINDJE,2022,2039.464079444146
KM,KM2,KM26,MBOUDE,KM265,NYUMAMRO KIBLANI,KM265_0006,HELINDJE,2023,2087.287423171239
KM,KM2,KM26,MBOUDE,KM265,NYUMAMRO KIBLANI,KM265_0006,HELINDJE,2024,2136.499526230872
KM,KM2,KM26,MBOUDE,KM265,NYUMAMRO KIBLANI,KM265_0006,HELINDJE,2025,2187.1484425320878
KM,KM2,KM26,MBOUDE,KM265,NYUMAMRO KIBLANI,KM265_0006,HELINDJE,2026,2239.0035127943834
KM,KM2,KM26,MBOUDE,KM265,NYUMAMRO KIBLANI,KM265_0006,HELINDJE,2027,2292.0647369417175
KM,KM2,KM26,MBOUDE,KM265,NYUMAMRO KIBLANI,KM265_0006,HELINDJE,2028,2346.000542274209
KM,KM2,KM26,MBOUDE,KM265,NYUMAMRO KIBLANI,KM265_0007,DOUNIANI,2017,1866.0
KM,KM2,KM26,MBOUDE,KM265,NYUMAMRO KIBLANI,KM265_0007,DOUNIANI,2018,1906.6042677804755
KM,KM2,KM26,MBOUDE,KM265,NYUMAMRO KIBLANI,KM265_0007,DOUNIANI,2019,1949.087496033439
KM,KM2,KM26,MBOUDE,KM265,NYUMAMRO KIBLANI,KM265_0007,DOUNIANI,2020,1993.4939534063435
KM,KM2,KM26,MBOUDE,KM265,NYUMAMRO KIBLANI,KM265_0007,DOUNIANI,2021,2039.7203461852241
KM,KM2,KM26,MBOUDE,KM265,NYUMAMRO KIBLANI,KM265_0007,DOUNIANI,2022,2087.5699244337775
KM,KM2,KM26,MBOUDE,KM265,NYUMAMRO KIBLANI,KM265_0007,DOUNIANI,2023,2136.5213009531167
KM,KM2,KM26,MBOUDE,KM265,NYUMAMRO KIBLANI,KM265_0007,DOUNIANI,2024,2186.8941941562293
KM,KM2,KM26,MBOUDE,KM265,NYUMAMRO KIBLANI,KM265_0007,DOUNIANI,2025,2238.7377914234094
KM,KM2,KM26,MBOUDE,KM265,NYUMAMRO KIBLANI,KM265_0007,DOUNIANI,2026,2291.815992799956
KM,KM2,KM26,MBOUDE,KM265,NYUMAMRO KIBLANI,KM265_0007,DOUNIANI,2027,2346.128798208033
KM,KM2,KM26,MBOUDE,KM265,NYUMAMRO KIBLANI,KM265_0007,DOUNIANI,2028,2401.3368139789764
KM,KM2,KM26,MBOUDE,KM265,NYUMAMRO KIBLANI,KM265_0009,KOUA,2017,682.0
KM,KM2,KM26,MBOUDE,KM265,NYUMAMRO KIBLANI,KM265_0009,KOUA,2018,696.8403593924353
KM,KM2,KM26,MBOUDE,KM265,NYUMAMRO KIBLANI,KM265_0009,KOUA,2019,712.3674556778163
KM,KM2,KM26,MBOUDE,KM265,NYUMAMRO KIBLANI,KM265_0009,KOUA,2020,728.5974685011395
KM,KM2,KM26,MBOUDE,KM265,NYUMAMRO KIBLANI,KM265_0009,KOUA,2021,745.4926452831312
KM,KM2,KM26,MBOUDE,KM265,NYUMAMRO KIBLANI,KM265_0009,KOUA,2022,762.9810763471792
KM,KM2,KM26,MBOUDE,KM265,NYUMAMRO KIBLANI,KM265_0009,KOUA,2023,780.8722010986204
KM,KM2,KM26,MBOUDE,KM265,NYUMAMRO KIBLANI,KM265_0009,KOUA,2024,799.282872676607
KM,KM2,KM26,MBOUDE,KM265,NYUMAMRO KIBLANI,KM265_0009,KOUA,2025,818.2310684623609
KM,KM2,KM26,MBOUDE,KM265,NYUMAMRO KIBLANI,KM265_0009,KOUA,2026,837.630496832567
KM,KM2,KM26,MBOUDE,KM265,NYUMAMRO KIBLANI,KM265_0009,KOUA,2027,857.4811577587774
KM,KM2,KM26,MBOUDE,KM265,NYUMAMRO KIBLANI,KM265_0009,KOUA,2028,877.659007038404
KM,KM2,KM26,MBOUDE,KM266,NYUMAMRO SOUHEILI,KM266_0001,NTSAOUENI,2017,3240.0
KM,KM2,KM26,MBOUDE,KM266,NYUMAMRO SOUHEILI,KM266_0001,NTSAOUENI,2018,3310.502587142948
KM,KM2,KM26,MBOUDE,KM266,NYUMAMRO SOUHEILI,KM266_0001,NTSAOUENI,2019,3384.2676780001834
KM,KM2,KM26,MBOUDE,KM266,NYUMAMRO SOUHEILI,KM266_0001,NTSAOUENI,2020,3461.3721377473485
KM,KM2,KM26,MBOUDE,KM266,NYUMAMRO SOUHEILI,KM266_0001,NTSAOUENI,2021,3541.636613955052
KM,KM2,KM26,MBOUDE,KM266,NYUMAMRO SOUHEILI,KM266_0001,NTSAOUENI,2022,3624.719482939678
KM,KM2,KM26,MBOUDE,KM266,NYUMAMRO SOUHEILI,KM266_0001,NTSAOUENI,2023,3709.715442169399
KM,KM2,KM26,MBOUDE,KM266,NYUMAMRO SOUHEILI,KM266_0001,NTSAOUENI,2024,3797.1796297246433
KM,KM2,KM26,MBOUDE,KM266,NYUMAMRO SOUHEILI,KM266_0001,NTSAOUENI,2025,3887.197451346113
KM,KM2,KM26,MBOUDE,KM266,NYUMAMRO SOUHEILI,KM266_0001,NTSAOUENI,2026,3979.3589585594086
KM,KM2,KM26,MBOUDE,KM266,NYUMAMRO SOUHEILI,KM266_0001,NTSAOUENI,2027,4073.6641512293822
KM,KM2,KM26,MBOUDE,KM266,NYUMAMRO SOUHEILI,KM266_0001,NTSAOUENI,2028,4169.523728452241
KM,KM2,KM26,MBOUDE,KM266,NYUMAMRO SOUHEILI,KM266_0002,IVEMBENI,2017,3943.0
KM,KM2,KM26,MBOUDE,KM266,NYUMAMRO SOUHEILI,KM266_0002,IVEMBENI,2018,4028.799907748347
KM,KM2,KM26,MBOUDE,KM266,NYUMAMRO SOUHEILI,KM266_0002,IVEMBENI,2019,4118.5702019613345
KM,KM2,KM26,MBOUDE,KM266,NYUMAMRO SOUHEILI,KM266_0002,IVEMBENI,2020,4212.404425659814
KM,KM2,KM26,MBOUDE,KM266,NYUMAMRO SOUHEILI,KM266_0002,IVEMBENI,2021,4310.084311365669
KM,KM2,KM26,MBOUDE,KM266,NYUMAMRO SOUHEILI,KM266_0002,IVEMBENI,2022,4411.194111491096
KM,KM2,KM26,MBOUDE,KM266,NYUMAMRO SOUHEILI,KM266_0002,IVEMBENI,2023,4514.632095208007
KM,KM2,KM26,MBOUDE,KM266,NYUMAMRO SOUHEILI,KM266_0002,IVEMBENI,2024,4621.073851853169
KM,KM2,KM26,MBOUDE,KM266,NYUMAMRO SOUHEILI,KM266_0002,IVEMBENI,2025,4730.623318104236
KM,KM2,KM26,MBOUDE,KM266,NYUMAMRO SOUHEILI,KM266_0002,IVEMBENI,2026,4842.781596790047
KM,KM2,KM26,MBOUDE,KM266,NYUMAMRO SOUHEILI,KM266_0002,IVEMBENI,2027,4957.548687746128
KM,KM2,KM26,MBOUDE,KM266,NYUMAMRO SOUHEILI,KM266_0002,IVEMBENI,2028,5074.207426323207
KM,KM2,KM26,MBOUDE,KM266,NYUMAMRO SOUHEILI,KM266_0003,DJONGOE,2017,886.0
KM,KM2,KM26,MBOUDE,KM266,NYUMAMRO SOUHEILI,KM266_0003,DJONGOE,2018,905.2794111755098
KM,KM2,KM26,MBOUDE,KM266,NYUMAMRO SOUHEILI,KM266_0003,DJONGOE,2019,925.4509761444946
KM,KM2,KM26,MBOUDE,KM266,NYUMAMRO SOUHEILI,KM266_0003,DJONGOE,2020,946.5357142111577
KM,KM2,KM26,MBOUDE,KM266,NYUMAMRO SOUHEILI,KM266_0003,DJONGOE,2021,968.4845802358567
KM,KM2,KM26,MBOUDE,KM266,NYUMAMRO SOUHEILI,KM266_0003,DJONGOE,2022,991.2041549026402
KM,KM2,KM26,MBOUDE,KM266,NYUMAMRO SOUHEILI,KM266_0003,DJONGOE,2023,1014.4468770870641
KM,KM2,KM26,MBOUDE,KM266,NYUMAMRO SOUHEILI,KM266_0003,DJONGOE,2024,1038.3645530666772
KM,KM2,KM26,MBOUDE,KM266,NYUMAMRO SOUHEILI,KM266_0003,DJONGOE,2025,1062.9805376211903
KM,KM2,KM26,MBOUDE,KM266,NYUMAMRO SOUHEILI,KM266_0003,DJONGOE,2026,1088.1827275566777
KM,KM2,KM26,MBOUDE,KM266,NYUMAMRO SOUHEILI,KM266_0003,DJONGOE,2027,1113.971122836183
KM,KM2,KM26,MBOUDE,KM266,NYUMAMRO SOUHEILI,KM266_0003,DJONGOE,2028,1140.1845751261376
KM,KM2,KM26,MBOUDE,KM266,NYUMAMRO SOUHEILI,KM266_0004,MAOUENI YA MBOUDE,2017,1245.0
KM,KM2,KM26,MBOUDE,KM266,NYUMAMRO SOUHEILI,KM266_0004,MAOUENI YA MBOUDE,2018,1272.0912719114106
KM,KM2,KM26,MBOUDE,KM266,NYUMAMRO SOUHEILI,KM266_0004,MAOUENI YA MBOUDE,2019,1300.4361910834039
KM,KM2,KM26,MBOUDE,KM266,NYUMAMRO SOUHEILI,KM266_0004,MAOUENI YA MBOUDE,2020,1330.0642936714348
KM,KM2,KM26,MBOUDE,KM266,NYUMAMRO SOUHEILI,KM266_0004,MAOUENI YA MBOUDE,2021,1360.9066618438392
KM,KM2,KM26,MBOUDE,KM266,NYUMAMRO SOUHEILI,KM266_0004,MAOUENI YA MBOUDE,2022,1392.8320235370059
KM,KM2,KM26,MBOUDE,KM266,NYUMAMRO SOUHEILI,KM266_0004,MAOUENI YA MBOUDE,2023,1425.4925078706488
KM,KM2,KM26,MBOUDE,KM266,NYUMAMRO SOUHEILI,KM266_0004,MAOUENI YA MBOUDE,2024,1459.1014317923396
KM,KM2,KM26,MBOUDE,KM266,NYUMAMRO SOUHEILI,KM266_0004,MAOUENI YA MBOUDE,2025,1493.691613248738
KM,KM2,KM26,MBOUDE,KM266,NYUMAMRO SOUHEILI,KM266_0004,MAOUENI YA MBOUDE,2026,1529.105525742736
KM,KM2,KM26,MBOUDE,KM266,NYUMAMRO SOUHEILI,KM266_0004,MAOUENI YA MBOUDE,2027,1565.3431692224017
KM,KM2,KM26,MBOUDE,KM266,NYUMAMRO SOUHEILI,KM266_0004,MAOUENI YA MBOUDE,2028,1602.1780993589632
KM,KM2,KM26,MBOUDE,KM266,NYUMAMRO SOUHEILI,KM266_0005,SIMBOUSSA YA MBOUDE,2017,328.0
KM,KM2,KM26,MBOUDE,KM266,NYUMAMRO SOUHEILI,KM266_0005,SIMBOUSSA YA MBOUDE,2018,335.1372989453355
KM,KM2,KM26,MBOUDE,KM266,NYUMAMRO SOUHEILI,KM266_0005,SIMBOUSSA YA MBOUDE,2019,342.60487604446297
KM,KM2,KM26,MBOUDE,KM266,NYUMAMRO SOUHEILI,KM266_0005,SIMBOUSSA YA MBOUDE,2020,350.4105127102254
KM,KM2,KM26,MBOUDE,KM266,NYUMAMRO SOUHEILI,KM266_0005,SIMBOUSSA YA MBOUDE,2021,358.5360522769312
KM,KM2,KM26,MBOUDE,KM266,NYUMAMRO SOUHEILI,KM266_0005,SIMBOUSSA YA MBOUDE,2022,366.94691061858464
KM,KM2,KM26,MBOUDE,KM266,NYUMAMRO SOUHEILI,KM266_0005,SIMBOUSSA YA MBOUDE,2023,375.55143982455644
KM,KM2,KM26,MBOUDE,KM266,NYUMAMRO SOUHEILI,KM266_0005,SIMBOUSSA YA MBOUDE,2024,384.4058390585441
KM,KM2,KM26,MBOUDE,KM266,NYUMAMRO SOUHEILI,KM266_0005,SIMBOUSSA YA MBOUDE,2025,393.51875433380405
KM,KM2,KM26,MBOUDE,KM266,NYUMAMRO SOUHEILI,KM266_0005,SIMBOUSSA YA MBOUDE,2026,402.8486846936686
KM,KM2,KM26,MBOUDE,KM266,NYUMAMRO SOUHEILI,KM266_0005,SIMBOUSSA YA MBOUDE,2027,412.395630124456
KM,KM2,KM26,MBOUDE,KM266,NYUMAMRO SOUHEILI,KM266_0005,SIMBOUSSA YA MBOUDE,2028,422.09993300380717
KM,KM2,KM26,MBOUDE,KM266,NYUMAMRO SOUHEILI,KM266_0006,NTSORALE YA MBOUDE,2017,674.0
KM,KM2,KM26,MBOUDE,KM266,NYUMAMRO SOUHEILI,KM266_0006,NTSORALE YA MBOUDE,2018,688.666278930354
KM,KM2,KM26,MBOUDE,KM266,NYUMAMRO SOUHEILI,KM266_0006,NTSORALE YA MBOUDE,2019,704.0112391889271
KM,KM2,KM26,MBOUDE,KM266,NYUMAMRO SOUHEILI,KM266_0006,NTSORALE YA MBOUDE,2020,720.0508706301583
KM,KM2,KM26,MBOUDE,KM266,NYUMAMRO SOUHEILI,KM266_0006,NTSORALE YA MBOUDE,2021,736.7478635202793
KM,KM2,KM26,MBOUDE,KM266,NYUMAMRO SOUHEILI,KM266_0006,NTSORALE YA MBOUDE,2022,754.0311516979453
KM,KM2,KM26,MBOUDE,KM266,NYUMAMRO SOUHEILI,KM266_0006,NTSORALE YA MBOUDE,2023,771.7124098833873
KM,KM2,KM26,MBOUDE,KM266,NYUMAMRO SOUHEILI,KM266_0006,NTSORALE YA MBOUDE,2024,789.9071205044473
KM,KM2,KM26,MBOUDE,KM266,NYUMAMRO SOUHEILI,KM266_0006,NTSORALE YA MBOUDE,2025,808.6330500639754
KM,KM2,KM26,MBOUDE,KM266,NYUMAMRO SOUHEILI,KM266_0006,NTSORALE YA MBOUDE,2026,827.8049191571116
KM,KM2,KM26,MBOUDE,KM266,NYUMAMRO SOUHEILI,KM266_0006,NTSORALE YA MBOUDE,2027,847.4227277557419
KM,KM2,KM26,MBOUDE,KM266,NYUMAMRO SOUHEILI,KM266_0006,NTSORALE YA MBOUDE,2028,867.3638867212378
KM,KM2,KM26,MBOUDE,KM266,NYUMAMRO SOUHEILI,KM266_0007,DOMOIDJOU,2017,917.0
KM,KM2,KM26,MBOUDE,KM266,NYUMAMRO SOUHEILI,KM266_0007,DOMOIDJOU,2018,936.9539729660751
KM,KM2,KM26,MBOUDE,KM266,NYUMAMRO SOUHEILI,KM266_0007,DOMOIDJOU,2019,957.8313150389407
KM,KM2,KM26,MBOUDE,KM266,NYUMAMRO SOUHEILI,KM266_0007,DOMOIDJOU,2020,979.6537809612096
KM,KM2,KM26,MBOUDE,KM266,NYUMAMRO SOUHEILI,KM266_0007,DOMOIDJOU,2021,1002.3706095669081
KM,KM2,KM26,MBOUDE,KM266,NYUMAMRO SOUHEILI,KM266_0007,DOMOIDJOU,2022,1025.8851129184213
KM,KM2,KM26,MBOUDE,KM266,NYUMAMRO SOUHEILI,KM266_0007,DOMOIDJOU,2023,1049.9410680460921
KM,KM2,KM26,MBOUDE,KM266,NYUMAMRO SOUHEILI,KM266_0007,DOMOIDJOU,2024,1074.6955927337956
KM,KM2,KM26,MBOUDE,KM266,NYUMAMRO SOUHEILI,KM266_0007,DOMOIDJOU,2025,1100.1728589149338
KM,KM2,KM26,MBOUDE,KM266,NYUMAMRO SOUHEILI,KM266_0007,DOMOIDJOU,2026,1126.2568410490674
KM,KM2,KM26,MBOUDE,KM266,NYUMAMRO SOUHEILI,KM266_0007,DOMOIDJOU,2027,1152.9475390979455
KM,KM2,KM26,MBOUDE,KM266,NYUMAMRO SOUHEILI,KM266_0007,DOMOIDJOU,2028,1180.0781663551559
KM,KM2,KM26,MBOUDE,KM266,NYUMAMRO SOUHEILI,KM266_0008,DOMOIMBOINI,2017,442.0
KM,KM2,KM26,MBOUDE,KM266,NYUMAMRO SOUHEILI,KM266_0008,DOMOIMBOINI,2018,451.61794552999476
KM,KM2,KM26,MBOUDE,KM266,NYUMAMRO SOUHEILI,KM266_0008,DOMOIMBOINI,2019,461.68096101113616
KM,KM2,KM26,MBOUDE,KM266,NYUMAMRO SOUHEILI,KM266_0008,DOMOIMBOINI,2020,472.19953237170625
KM,KM2,KM26,MBOUDE,KM266,NYUMAMRO SOUHEILI,KM266_0008,DOMOIMBOINI,2021,483.1491923975719
KM,KM2,KM26,MBOUDE,KM266,NYUMAMRO SOUHEILI,KM266_0008,DOMOIMBOINI,2022,494.48333687016594
KM,KM2,KM26,MBOUDE,KM266,NYUMAMRO SOUHEILI,KM266_0008,DOMOIMBOINI,2023,506.07846464162793
KM,KM2,KM26,MBOUDE,KM266,NYUMAMRO SOUHEILI,KM266_0008,DOMOIMBOINI,2024,518.0103075118187
KM,KM2,KM26,MBOUDE,KM266,NYUMAMRO SOUHEILI,KM266_0008,DOMOIMBOINI,2025,530.2905165107969
KM,KM2,KM26,MBOUDE,KM266,NYUMAMRO SOUHEILI,KM266_0008,DOMOIMBOINI,2026,542.863166568907
KM,KM2,KM26,MBOUDE,KM266,NYUMAMRO SOUHEILI,KM266_0008,DOMOIMBOINI,2027,555.728257667712
KM,KM2,KM26,MBOUDE,KM266,NYUMAMRO SOUHEILI,KM266_0008,DOMOIMBOINI,2028,568.8053975234232
KM,KM2,KM26,MBOUDE,KM266,NYUMAMRO SOUHEILI,KM266_0009,MOIDJA YA MBOUDE,2017,575.0
KM,KM2,KM26,MBOUDE,KM266,NYUMAMRO SOUHEILI,KM266_0009,MOIDJA YA MBOUDE,2018,587.5120332120972
KM,KM2,KM26,MBOUDE,KM266,NYUMAMRO SOUHEILI,KM266_0009,MOIDJA YA MBOUDE,2019,600.6030601389215
KM,KM2,KM26,MBOUDE,KM266,NYUMAMRO SOUHEILI,KM266_0009,MOIDJA YA MBOUDE,2020,614.2867219767671
KM,KM2,KM26,MBOUDE,KM266,NYUMAMRO SOUHEILI,KM266_0009,MOIDJA YA MBOUDE,2021,628.531189204986
KM,KM2,KM26,MBOUDE,KM266,NYUMAMRO SOUHEILI,KM266_0009,MOIDJA YA MBOUDE,2022,643.2758341636774
KM,KM2,KM26,MBOUDE,KM266,NYUMAMRO SOUHEILI,KM266_0009,MOIDJA YA MBOUDE,2023,658.3599935948779
KM,KM2,KM26,MBOUDE,KM266,NYUMAMRO SOUHEILI,KM266_0009,MOIDJA YA MBOUDE,2024,673.8821873739721
KM,KM2,KM26,MBOUDE,KM266,NYUMAMRO SOUHEILI,KM266_0009,MOIDJA YA MBOUDE,2025,689.8575723839552
KM,KM2,KM26,MBOUDE,KM266,NYUMAMRO SOUHEILI,KM266_0009,MOIDJA YA MBOUDE,2026,706.2133954233518
KM,KM2,KM26,MBOUDE,KM266,NYUMAMRO SOUHEILI,KM266_0009,MOIDJA YA MBOUDE,2027,722.9496564681774
KM,KM2,KM26,MBOUDE,KM266,NYUMAMRO SOUHEILI,KM266_0009,MOIDJA YA MBOUDE,2028,739.9617727963082
KM,KM2,KM26,MITSAMIOULI,KM261,CEMBENOI LAC SALE,KM261_0001,BANGOIKOUNI,2017,2504.0
KM,KM2,KM26,MITSAMIOULI,KM261,CEMBENOI LAC SALE,KM261_0001,BANGOIKOUNI,2018,2558.4871846314636
KM,KM2,KM26,MITSAMIOULI,KM261,CEMBENOI LAC SALE,KM261_0001,BANGOIKOUNI,2019,2615.495761022364
KM,KM2,KM26,MITSAMIOULI,KM261,CEMBENOI LAC SALE,KM261_0001,BANGOIKOUNI,2020,2675.0851336170867
KM,KM2,KM26,MITSAMIOULI,KM261,CEMBENOI LAC SALE,KM261_0001,BANGOIKOUNI,2021,2737.1166917726696
KM,KM2,KM26,MITSAMIOULI,KM261,CEMBENOI LAC SALE,KM261_0001,BANGOIKOUNI,2022,2801.326415210171
KM,KM2,KM26,MITSAMIOULI,KM261,CEMBENOI LAC SALE,KM261_0001,BANGOIKOUNI,2023,2867.0146503679553
KM,KM2,KM26,MITSAMIOULI,KM261,CEMBENOI LAC SALE,KM261_0001,BANGOIKOUNI,2024,2934.610429885959
KM,KM2,KM26,MITSAMIOULI,KM261,CEMBENOI LAC SALE,KM261_0001,BANGOIKOUNI,2025,3004.1797586946504
KM,KM2,KM26,MITSAMIOULI,KM261,CEMBENOI LAC SALE,KM261_0001,BANGOIKOUNI,2026,3075.4058124175185
KM,KM2,KM26,MITSAMIOULI,KM261,CEMBENOI LAC SALE,KM261_0001,BANGOIKOUNI,2027,3148.2885909501156
KM,KM2,KM26,MITSAMIOULI,KM261,CEMBENOI LAC SALE,KM261_0001,BANGOIKOUNI,2028,3222.372659272967
KM,KM2,KM26,MITSAMIOULI,KM261,CEMBENOI LAC SALE,KM261_0002,BATSA YA MITSAMIHOULI,2017,1190.0
KM,KM2,KM26,MITSAMIOULI,KM261,CEMBENOI LAC SALE,KM261_0002,BATSA YA MITSAMIHOULI,2018,1215.8944687346013
KM,KM2,KM26,MITSAMIOULI,KM261,CEMBENOI LAC SALE,KM261_0002,BATSA YA MITSAMIHOULI,2019,1242.9872027222898
KM,KM2,KM26,MITSAMIOULI,KM261,CEMBENOI LAC SALE,KM261_0002,BATSA YA MITSAMIHOULI,2020,1271.3064333084399
KM,KM2,KM26,MITSAMIOULI,KM261,CEMBENOI LAC SALE,KM261_0002,BATSA YA MITSAMIHOULI,2021,1300.7862872242322
KM,KM2,KM26,MITSAMIOULI,KM261,CEMBENOI LAC SALE,KM261_0002,BATSA YA MITSAMIHOULI,2022,1331.3012915735237
KM,KM2,KM26,MITSAMIOULI,KM261,CEMBENOI LAC SALE,KM261_0002,BATSA YA MITSAMIHOULI,2023,1362.5189432659213
KM,KM2,KM26,MITSAMIOULI,KM261,CEMBENOI LAC SALE,KM261_0002,BATSA YA MITSAMIHOULI,2024,1394.6431356087423
KM,KM2,KM26,MITSAMIOULI,KM261,CEMBENOI LAC SALE,KM261_0002,BATSA YA MITSAMIHOULI,2025,1427.7052367598378
KM,KM2,KM26,MITSAMIOULI,KM261,CEMBENOI LAC SALE,KM261_0002,BATSA YA MITSAMIHOULI,2026,1461.5546792239804
KM,KM2,KM26,MITSAMIOULI,KM261,CEMBENOI LAC SALE,KM261_0002,BATSA YA MITSAMIHOULI,2027,1496.1914629515325
KM,KM2,KM26,MITSAMIOULI,KM261,CEMBENOI LAC SALE,KM261_0002,BATSA YA MITSAMIHOULI,2028,1531.3991471784466
KM,KM2,KM26,MITSAMIOULI,KM261,CEMBENOI LAC SALE,KM261_0003,OUZIO,2017,2632.0
KM,KM2,KM26,MITSAMIOULI,KM261,CEMBENOI LAC SALE,KM261_0003,OUZIO,2018,2689.272472024765
KM,KM2,KM26,MITSAMIOULI,KM261,CEMBENOI LAC SALE,KM261_0003,OUZIO,2019,2749.1952248445937
KM,KM2,KM26,MITSAMIOULI,KM261,CEMBENOI LAC SALE,KM261_0003,OUZIO,2020,2811.8306995527846
KM,KM2,KM26,MITSAMIOULI,KM261,CEMBENOI LAC SALE,KM261_0003,OUZIO,2021,2877.033199978301
KM,KM2,KM26,MITSAMIOULI,KM261,CEMBENOI LAC SALE,KM261_0003,OUZIO,2022,2944.5252095979113
KM,KM2,KM26,MITSAMIOULI,KM261,CEMBENOI LAC SALE,KM261_0003,OUZIO,2023,3013.571309811685
KM,KM2,KM26,MITSAMIOULI,KM261,CEMBENOI LAC SALE,KM261_0003,OUZIO,2024,3084.6224646405126
KM,KM2,KM26,MITSAMIOULI,KM261,CEMBENOI LAC SALE,KM261_0003,OUZIO,2025,3157.7480530688176
KM,KM2,KM26,MITSAMIOULI,KM261,CEMBENOI LAC SALE,KM261_0003,OUZIO,2026,3232.615055224804
KM,KM2,KM26,MITSAMIOULI,KM261,CEMBENOI LAC SALE,KM261_0003,OUZIO,2027,3309.2234709986838
KM,KM2,KM26,MITSAMIOULI,KM261,CEMBENOI LAC SALE,KM261_0003,OUZIO,2028,3387.0945843476234
KM,KM2,KM26,MITSAMIOULI,KM261,CEMBENOI LAC SALE,KM261_0004,IVOINI,2017,1600.0
KM,KM2,KM26,MITSAMIOULI,KM261,CEMBENOI LAC SALE,KM261_0004,IVOINI,2018,1634.8160924162705
KM,KM2,KM26,MITSAMIOULI,KM261,CEMBENOI LAC SALE,KM261_0004,IVOINI,2019,1671.2432977778685
KM,KM2,KM26,MITSAMIOULI,KM261,CEMBENOI LAC SALE,KM261_0004,IVOINI,2020,1709.3195741962218
KM,KM2,KM26,MITSAMIOULI,KM261,CEMBENOI LAC SALE,KM261_0004,IVOINI,2021,1748.956352570396
KM,KM2,KM26,MITSAMIOULI,KM261,CEMBENOI LAC SALE,KM261_0004,IVOINI,2022,1789.9849298467545
KM,KM2,KM26,MITSAMIOULI,KM261,CEMBENOI LAC SALE,KM261_0004,IVOINI,2023,1831.9582430466169
KM,KM2,KM26,MITSAMIOULI,KM261,CEMBENOI LAC SALE,KM261_0004,IVOINI,2024,1875.1504344319228
KM,KM2,KM26,MITSAMIOULI,KM261,CEMBENOI LAC SALE,KM261_0004,IVOINI,2025,1919.603679677093
KM,KM2,KM26,MITSAMIOULI,KM261,CEMBENOI LAC SALE,KM261_0004,IVOINI,2026,1965.1155350910662
KM,KM2,KM26,MITSAMIOULI,KM261,CEMBENOI LAC SALE,KM261_0004,IVOINI,2027,2011.6860006071026
KM,KM2,KM26,MITSAMIOULI,KM261,CEMBENOI LAC SALE,KM261_0004,IVOINI,2028,2059.024063433206
KM,KM2,KM26,MITSAMIOULI,KM262,CEMBENOI SADA DJOULAMLIMA,KM262_0001,OUEMANI,2017,647.0
KM,KM2,KM26,MITSAMIOULI,KM262,CEMBENOI SADA DJOULAMLIMA,KM262_0001,OUEMANI,2018,661.0787573708294
KM,KM2,KM26,MITSAMIOULI,KM262,CEMBENOI SADA DJOULAMLIMA,KM262_0001,OUEMANI,2019,675.8090085389255
KM,KM2,KM26,MITSAMIOULI,KM262,CEMBENOI SADA DJOULAMLIMA,KM262_0001,OUEMANI,2020,691.2061028155971
KM,KM2,KM26,MITSAMIOULI,KM262,CEMBENOI SADA DJOULAMLIMA,KM262_0001,OUEMANI,2021,707.2342250706538
KM,KM2,KM26,MITSAMIOULI,KM262,CEMBENOI SADA DJOULAMLIMA,KM262_0001,OUEMANI,2022,723.8251560067813
KM,KM2,KM26,MITSAMIOULI,KM262,CEMBENOI SADA DJOULAMLIMA,KM262_0001,OUEMANI,2023,740.7981145319757
KM,KM2,KM26,MITSAMIOULI,KM262,CEMBENOI SADA DJOULAMLIMA,KM262_0001,OUEMANI,2024,758.2639569234086
KM,KM2,KM26,MITSAMIOULI,KM262,CEMBENOI SADA DJOULAMLIMA,KM262_0001,OUEMANI,2025,776.2397379694244
KM,KM2,KM26,MITSAMIOULI,KM262,CEMBENOI SADA DJOULAMLIMA,KM262_0001,OUEMANI,2026,794.6435945024498
KM,KM2,KM26,MITSAMIOULI,KM262,CEMBENOI SADA DJOULAMLIMA,KM262_0001,OUEMANI,2027,813.4755264954971
KM,KM2,KM26,MITSAMIOULI,KM262,CEMBENOI SADA DJOULAMLIMA,KM262_0001,OUEMANI,2028,832.6178556508025
KM,KM2,KM26,MITSAMIOULI,KM262,CEMBENOI SADA DJOULAMLIMA,KM262_0004,OUELLAH YA MITSAMIHOULI,2017,4222.0
KM,KM2,KM26,MITSAMIOULI,KM262,CEMBENOI SADA DJOULAMLIMA,KM262_0004,OUELLAH YA MITSAMIHOULI,2018,4313.870963863434
KM,KM2,KM26,MITSAMIOULI,KM262,CEMBENOI SADA DJOULAMLIMA,KM262_0004,OUELLAH YA MITSAMIHOULI,2019,4409.99325201135
KM,KM2,KM26,MITSAMIOULI,KM262,CEMBENOI SADA DJOULAMLIMA,KM262_0004,OUELLAH YA MITSAMIHOULI,2020,4510.46702641028
KM,KM2,KM26,MITSAMIOULI,KM262,CEMBENOI SADA DJOULAMLIMA,KM262_0004,OUELLAH YA MITSAMIHOULI,2021,4615.058575345132
KM,KM2,KM26,MITSAMIOULI,KM262,CEMBENOI SADA DJOULAMLIMA,KM262_0004,OUELLAH YA MITSAMIHOULI,2022,4723.322733633124
KM,KM2,KM26,MITSAMIOULI,KM262,CEMBENOI SADA DJOULAMLIMA,KM262_0004,OUELLAH YA MITSAMIHOULI,2023,4834.07981383926
KM,KM2,KM26,MITSAMIOULI,KM262,CEMBENOI SADA DJOULAMLIMA,KM262_0004,OUELLAH YA MITSAMIHOULI,2024,4948.053208857235
KM,KM2,KM26,MITSAMIOULI,KM262,CEMBENOI SADA DJOULAMLIMA,KM262_0004,OUELLAH YA MITSAMIHOULI,2025,5065.354209747929
KM,KM2,KM26,MITSAMIOULI,KM262,CEMBENOI SADA DJOULAMLIMA,KM262_0004,OUELLAH YA MITSAMIHOULI,2026,5185.4486182215505
KM,KM2,KM26,MITSAMIOULI,KM262,CEMBENOI SADA DJOULAMLIMA,KM262_0004,OUELLAH YA MITSAMIHOULI,2027,5308.3364341019915
KM,KM2,KM26,MITSAMIOULI,KM262,CEMBENOI SADA DJOULAMLIMA,KM262_0004,OUELLAH YA MITSAMIHOULI,2028,5433.249747384371
KM,KM2,KM26,MITSAMIOULI,KM262,CEMBENOI SADA DJOULAMLIMA,KM265_0009,KOUA,2017,1505.0
KM,KM2,KM26,MITSAMIOULI,KM262,CEMBENOI SADA DJOULAMLIMA,KM265_0009,KOUA,2018,1537.7488869290546
KM,KM2,KM26,MITSAMIOULI,KM262,CEMBENOI SADA DJOULAMLIMA,KM265_0009,KOUA,2019,1572.0132269723074
KM,KM2,KM26,MITSAMIOULI,KM262,CEMBENOI SADA DJOULAMLIMA,KM265_0009,KOUA,2020,1607.828724478321
KM,KM2,KM26,MITSAMIOULI,KM262,CEMBENOI SADA DJOULAMLIMA,KM265_0009,KOUA,2021,1645.1120691365288
KM,KM2,KM26,MITSAMIOULI,KM262,CEMBENOI SADA DJOULAMLIMA,KM265_0009,KOUA,2022,1683.7045746371034
KM,KM2,KM26,MITSAMIOULI,KM262,CEMBENOI SADA DJOULAMLIMA,KM265_0009,KOUA,2023,1723.185722365724
KM,KM2,KM26,MITSAMIOULI,KM262,CEMBENOI SADA DJOULAMLIMA,KM265_0009,KOUA,2024,1763.8133773875272
KM,KM2,KM26,MITSAMIOULI,KM262,CEMBENOI SADA DJOULAMLIMA,KM265_0009,KOUA,2025,1805.6272111962655
KM,KM2,KM26,MITSAMIOULI,KM262,CEMBENOI SADA DJOULAMLIMA,KM265_0009,KOUA,2026,1848.436800195034
KM,KM2,KM26,MITSAMIOULI,KM262,CEMBENOI SADA DJOULAMLIMA,KM265_0009,KOUA,2027,1892.2421443210558
KM,KM2,KM26,MITSAMIOULI,KM262,CEMBENOI SADA DJOULAMLIMA,KM265_0009,KOUA,2028,1936.769509666859
KM,KM2,KM26,MITSAMIOULI,KM263,MITSAMIOULI,KM263_0001,MEMBOI - BOINI,2017,861.0
KM,KM2,KM26,MITSAMIOULI,KM263,MITSAMIOULI,KM263_0001,MEMBOI - BOINI,2018,879.7354097315055
KM,KM2,KM26,MITSAMIOULI,KM263,MITSAMIOULI,KM263_0001,MEMBOI - BOINI,2019,899.3377996167153
KM,KM2,KM26,MITSAMIOULI,KM263,MITSAMIOULI,KM263_0001,MEMBOI - BOINI,2020,919.8275958643416
KM,KM2,KM26,MITSAMIOULI,KM263,MITSAMIOULI,KM263_0001,MEMBOI - BOINI,2021,941.1571372269442
KM,KM2,KM26,MITSAMIOULI,KM263,MITSAMIOULI,KM263_0001,MEMBOI - BOINI,2022,963.2356403737846
KM,KM2,KM26,MITSAMIOULI,KM263,MITSAMIOULI,KM263_0001,MEMBOI - BOINI,2023,985.8225295394607
KM,KM2,KM26,MITSAMIOULI,KM263,MITSAMIOULI,KM263_0001,MEMBOI - BOINI,2024,1009.0653275286783
KM,KM2,KM26,MITSAMIOULI,KM263,MITSAMIOULI,KM263_0001,MEMBOI - BOINI,2025,1032.9867301262354
KM,KM2,KM26,MITSAMIOULI,KM263,MITSAMIOULI,KM263_0001,MEMBOI - BOINI,2026,1057.4777973208797
KM,KM2,KM26,MITSAMIOULI,KM263,MITSAMIOULI,KM263_0001,MEMBOI - BOINI,2027,1082.538529076697
KM,KM2,KM26,MITSAMIOULI,KM263,MITSAMIOULI,KM263_0001,MEMBOI - BOINI,2028,1108.0123241349936
KM,KM2,KM26,MITSAMIOULI,KM263,MITSAMIOULI,KM263_0002,HADAWA,2017,570.0
KM,KM2,KM26,MITSAMIOULI,KM263,MITSAMIOULI,KM263_0002,HADAWA,2018,582.4032329232964
KM,KM2,KM26,MITSAMIOULI,KM263,MITSAMIOULI,KM263_0002,HADAWA,2019,595.3804248333656
KM,KM2,KM26,MITSAMIOULI,KM263,MITSAMIOULI,KM263_0002,HADAWA,2020,608.945098307404
KM,KM2,KM26,MITSAMIOULI,KM263,MITSAMIOULI,KM263_0002,HADAWA,2021,623.0657006032036
KM,KM2,KM26,MITSAMIOULI,KM263,MITSAMIOULI,KM263_0002,HADAWA,2022,637.6821312579063
KM,KM2,KM26,MITSAMIOULI,KM263,MITSAMIOULI,KM263_0002,HADAWA,2023,652.6351240853573
KM,KM2,KM26,MITSAMIOULI,KM263,MITSAMIOULI,KM263_0002,HADAWA,2024,668.0223422663724
KM,KM2,KM26,MITSAMIOULI,KM263,MITSAMIOULI,KM263_0002,HADAWA,2025,683.8588108849644
KM,KM2,KM26,MITSAMIOULI,KM263,MITSAMIOULI,KM263_0002,HADAWA,2026,700.0724093761924
KM,KM2,KM26,MITSAMIOULI,KM263,MITSAMIOULI,KM263_0002,HADAWA,2027,716.6631377162803
KM,KM2,KM26,MITSAMIOULI,KM263,MITSAMIOULI,KM263_0002,HADAWA,2028,733.5273225980795
KM,KM2,KM26,MITSAMIOULI,KM263,MITSAMIOULI,KM263_0003,FASSI,2017,459.0
KM,KM2,KM26,MITSAMIOULI,KM263,MITSAMIOULI,KM263_0003,FASSI,2018,468.98786651191756
KM,KM2,KM26,MITSAMIOULI,KM263,MITSAMIOULI,KM263_0003,FASSI,2019,479.4379210500259
KM,KM2,KM26,MITSAMIOULI,KM263,MITSAMIOULI,KM263_0003,FASSI,2020,490.36105284754103
KM,KM2,KM26,MITSAMIOULI,KM263,MITSAMIOULI,KM263_0003,FASSI,2021,501.7318536436323
KM,KM2,KM26,MITSAMIOULI,KM263,MITSAMIOULI,KM263_0003,FASSI,2022,513.5019267497877
KM,KM2,KM26,MITSAMIOULI,KM263,MITSAMIOULI,KM263_0003,FASSI,2023,525.5430209739982
KM,KM2,KM26,MITSAMIOULI,KM263,MITSAMIOULI,KM263_0003,FASSI,2024,537.9337808776578
KM,KM2,KM26,MITSAMIOULI,KM263,MITSAMIOULI,KM263_0003,FASSI,2025,550.6863056073661
KM,KM2,KM26,MITSAMIOULI,KM263,MITSAMIOULI,KM263_0003,FASSI,2026,563.7425191292496
KM,KM2,KM26,MITSAMIOULI,KM263,MITSAMIOULI,KM263_0003,FASSI,2027,577.1024214241625
KM,KM2,KM26,MITSAMIOULI,KM263,MITSAMIOULI,KM263_0003,FASSI,2028,590.6825281974008
KM,KM2,KM26,MITSAMIOULI,KM263,MITSAMIOULI,KM263_0004,MITSAMIHOULI,2017,4965.0
KM,KM2,KM26,MITSAMIOULI,KM263,MITSAMIOULI,KM263_0004,MITSAMIHOULI,2018,5073.03868677924
KM,KM2,KM26,MITSAMIOULI,KM263,MITSAMIOULI,KM263_0004,MITSAMIHOULI,2019,5186.076858416948
KM,KM2,KM26,MITSAMIOULI,KM263,MITSAMIOULI,KM263_0004,MITSAMIHOULI,2020,5304.232303677651
KM,KM2,KM26,MITSAMIOULI,KM263,MITSAMIOULI,KM263_0004,MITSAMIHOULI,2021,5427.23018157001
KM,KM2,KM26,MITSAMIOULI,KM263,MITSAMIOULI,KM263_0004,MITSAMIHOULI,2022,5554.54698543071
KM,KM2,KM26,MITSAMIOULI,KM263,MITSAMIOULI,KM263_0004,MITSAMIHOULI,2023,5684.795422954033
KM,KM2,KM26,MITSAMIOULI,KM263,MITSAMIOULI,KM263_0004,MITSAMIHOULI,2024,5818.82619184656
KM,KM2,KM26,MITSAMIOULI,KM263,MITSAMIOULI,KM263_0004,MITSAMIHOULI,2025,5956.770168497978
KM,KM2,KM26,MITSAMIOULI,KM263,MITSAMIOULI,KM263_0004,MITSAMIHOULI,2026,6097.999144829465
KM,KM2,KM26,MITSAMIOULI,KM263,MITSAMIOULI,KM263_0004,MITSAMIHOULI,2027,6242.513120633915
KM,KM2,KM26,MITSAMIOULI,KM263,MITSAMIOULI,KM263_0004,MITSAMIHOULI,2028,6389.409046841167
KM,KM2,KM26,MITSAMIOULI,KM263,MITSAMIOULI,KM263_0005,NKOURANI YA MITSAMIHOULI,2017,357.0
KM,KM2,KM26,MITSAMIOULI,KM263,MITSAMIOULI,KM263_0005,NKOURANI YA MITSAMIHOULI,2018,364.76834062038034
KM,KM2,KM26,MITSAMIOULI,KM263,MITSAMIOULI,KM263_0005,NKOURANI YA MITSAMIHOULI,2019,372.8961608166869
KM,KM2,KM26,MITSAMIOULI,KM263,MITSAMIOULI,KM263_0005,NKOURANI YA MITSAMIHOULI,2020,381.3919299925319
KM,KM2,KM26,MITSAMIOULI,KM263,MITSAMIOULI,KM263_0005,NKOURANI YA MITSAMIHOULI,2021,390.2358861672696
KM,KM2,KM26,MITSAMIOULI,KM263,MITSAMIOULI,KM263_0005,NKOURANI YA MITSAMIHOULI,2022,399.3903874720571
KM,KM2,KM26,MITSAMIOULI,KM263,MITSAMIOULI,KM263_0005,NKOURANI YA MITSAMIHOULI,2023,408.7556829797764
KM,KM2,KM26,MITSAMIOULI,KM263,MITSAMIOULI,KM263_0005,NKOURANI YA MITSAMIHOULI,2024,418.39294068262274
KM,KM2,KM26,MITSAMIOULI,KM263,MITSAMIOULI,KM263_0005,NKOURANI YA MITSAMIHOULI,2025,428.31157102795135
KM,KM2,KM26,MITSAMIOULI,KM263,MITSAMIOULI,KM263_0005,NKOURANI YA MITSAMIHOULI,2026,438.4664037671941
KM,KM2,KM26,MITSAMIOULI,KM263,MITSAMIOULI,KM263_0005,NKOURANI YA MITSAMIHOULI,2027,448.8574388854597
KM,KM2,KM26,MITSAMIOULI,KM263,MITSAMIOULI,KM263_0005,NKOURANI YA MITSAMIHOULI,2028,459.419744153534
KM,KM2,KM26,MITSAMIOULI,KM263,MITSAMIOULI,KM263_0006,NDZAOUZE,2017,2695.0
KM,KM2,KM26,MITSAMIOULI,KM263,MITSAMIOULI,KM263_0006,NDZAOUZE,2018,2753.6433556636557
KM,KM2,KM26,MITSAMIOULI,KM263,MITSAMIOULI,KM263_0006,NDZAOUZE,2019,2815.000429694597
KM,KM2,KM26,MITSAMIOULI,KM263,MITSAMIOULI,KM263_0006,NDZAOUZE,2020,2879.135157786761
KM,KM2,KM26,MITSAMIOULI,KM263,MITSAMIOULI,KM263_0006,NDZAOUZE,2021,2945.8983563607608
KM,KM2,KM26,MITSAMIOULI,KM263,MITSAMIOULI,KM263_0006,NDZAOUZE,2022,3015.0058662106276
KM,KM2,KM26,MITSAMIOULI,KM263,MITSAMIOULI,KM263_0006,NDZAOUZE,2023,3085.704665631645
KM,KM2,KM26,MITSAMIOULI,KM263,MITSAMIOULI,KM263_0006,NDZAOUZE,2024,3158.45651299627
KM,KM2,KM26,MITSAMIOULI,KM263,MITSAMIOULI,KM263_0006,NDZAOUZE,2025,3233.3324479561034
KM,KM2,KM26,MITSAMIOULI,KM263,MITSAMIOULI,KM263_0006,NDZAOUZE,2026,3309.991479419015
KM,KM2,KM26,MITSAMIOULI,KM263,MITSAMIOULI,KM263_0006,NDZAOUZE,2027,3388.4336072725882
KM,KM2,KM26,MITSAMIOULI,KM263,MITSAMIOULI,KM263_0006,NDZAOUZE,2028,3468.168656845306
KM,KM2,KM26,MITSAMIOULI,KM264,NYUMA KOMO,KM264_0001,BANGOI MAFUSA NKOA,2017,662.0
KM,KM2,KM26,MITSAMIOULI,KM264,NYUMA KOMO,KM264_0001,BANGOI MAFUSA NKOA,2018,676.4051582372318
KM,KM2,KM26,MITSAMIOULI,KM264,NYUMA KOMO,KM264_0001,BANGOI MAFUSA NKOA,2019,691.4769144555929
KM,KM2,KM26,MITSAMIOULI,KM264,NYUMA KOMO,KM264_0001,BANGOI MAFUSA NKOA,2020,707.2309738236867
KM,KM2,KM26,MITSAMIOULI,KM264,NYUMA KOMO,KM264_0001,BANGOI MAFUSA NKOA,2021,723.6306908760013
KM,KM2,KM26,MITSAMIOULI,KM264,NYUMA KOMO,KM264_0001,BANGOI MAFUSA NKOA,2022,740.6062647240946
KM,KM2,KM26,MITSAMIOULI,KM264,NYUMA KOMO,KM264_0001,BANGOI MAFUSA NKOA,2023,757.9727230605376
KM,KM2,KM26,MITSAMIOULI,KM264,NYUMA KOMO,KM264_0001,BANGOI MAFUSA NKOA,2024,775.8434922462079
KM,KM2,KM26,MITSAMIOULI,KM264,NYUMA KOMO,KM264_0001,BANGOI MAFUSA NKOA,2025,794.2360224663972
KM,KM2,KM26,MITSAMIOULI,KM264,NYUMA KOMO,KM264_0001,BANGOI MAFUSA NKOA,2026,813.0665526439286
KM,KM2,KM26,MITSAMIOULI,KM264,NYUMA KOMO,KM264_0001,BANGOI MAFUSA NKOA,2027,832.3350827511886
KM,KM2,KM26,MITSAMIOULI,KM264,NYUMA KOMO,KM264_0001,BANGOI MAFUSA NKOA,2028,851.9212062454887
KM,KM2,KM26,MITSAMIOULI,KM264,NYUMA KOMO,KM264_0002,MEMBOI - DJOU,2017,1612.0
KM,KM2,KM26,MITSAMIOULI,KM264,NYUMA KOMO,KM264_0002,MEMBOI - DJOU,2018,1647.0772131093925
KM,KM2,KM26,MITSAMIOULI,KM264,NYUMA KOMO,KM264_0002,MEMBOI - DJOU,2019,1683.7776225112023
KM,KM2,KM26,MITSAMIOULI,KM264,NYUMA KOMO,KM264_0002,MEMBOI - DJOU,2020,1722.139471002693
KM,KM2,KM26,MITSAMIOULI,KM264,NYUMA KOMO,KM264_0002,MEMBOI - DJOU,2021,1762.0735252146737
KM,KM2,KM26,MITSAMIOULI,KM264,NYUMA KOMO,KM264_0002,MEMBOI - DJOU,2022,1803.4098168206049
KM,KM2,KM26,MITSAMIOULI,KM264,NYUMA KOMO,KM264_0002,MEMBOI - DJOU,2023,1845.6979298694664
KM,KM2,KM26,MITSAMIOULI,KM264,NYUMA KOMO,KM264_0002,MEMBOI - DJOU,2024,1889.2140626901617
KM,KM2,KM26,MITSAMIOULI,KM264,NYUMA KOMO,KM264_0002,MEMBOI - DJOU,2025,1934.000707274671
KM,KM2,KM26,MITSAMIOULI,KM264,NYUMA KOMO,KM264_0002,MEMBOI - DJOU,2026,1979.853901604249
KM,KM2,KM26,MITSAMIOULI,KM264,NYUMA KOMO,KM264_0002,MEMBOI - DJOU,2027,2026.7736456116554
KM,KM2,KM26,MITSAMIOULI,KM264,NYUMA KOMO,KM264_0002,MEMBOI - DJOU,2028,2074.4667439089544
KM,KM2,KM26,MITSAMIOULI,KM264,NYUMA KOMO,KM264_0004,PIDJANI,2017,586.0
KM,KM2,KM26,MITSAMIOULI,KM264,NYUMA KOMO,KM264_0004,PIDJANI,2018,598.7513938474591
KM,KM2,KM26,MITSAMIOULI,KM264,NYUMA KOMO,KM264_0004,PIDJANI,2019,612.0928578111443
KM,KM2,KM26,MITSAMIOULI,KM264,NYUMA KOMO,KM264_0004,PIDJANI,2020,626.0382940493662
KM,KM2,KM26,MITSAMIOULI,KM264,NYUMA KOMO,KM264_0004,PIDJANI,2021,640.5552641289075
KM,KM2,KM26,MITSAMIOULI,KM264,NYUMA KOMO,KM264_0004,PIDJANI,2022,655.5819805563739
KM,KM2,KM26,MITSAMIOULI,KM264,NYUMA KOMO,KM264_0004,PIDJANI,2023,670.9547065158234
KM,KM2,KM26,MITSAMIOULI,KM264,NYUMA KOMO,KM264_0004,PIDJANI,2024,686.7738466106916
KM,KM2,KM26,MITSAMIOULI,KM264,NYUMA KOMO,KM264_0004,PIDJANI,2025,703.0548476817353
KM,KM2,KM26,MITSAMIOULI,KM264,NYUMA KOMO,KM264_0004,PIDJANI,2026,719.723564727103
KM,KM2,KM26,MITSAMIOULI,KM264,NYUMA KOMO,KM264_0004,PIDJANI,2027,736.7799977223513
KM,KM2,KM26,MITSAMIOULI,KM264,NYUMA KOMO,KM264_0004,PIDJANI,2028,754.1175632324116
KM,KM2,KM26,MITSAMIOULI,KM264,NYUMA KOMO,KM264_0005,SONGOMANI,2017,470.0
KM,KM2,KM26,MITSAMIOULI,KM264,NYUMA KOMO,KM264_0005,SONGOMANI,2018,480.22722714727945
KM,KM2,KM26,MITSAMIOULI,KM264,NYUMA KOMO,KM264_0005,SONGOMANI,2019,490.92771872224887
KM,KM2,KM26,MITSAMIOULI,KM264,NYUMA KOMO,KM264_0005,SONGOMANI,2020,502.11262492014004
KM,KM2,KM26,MITSAMIOULI,KM264,NYUMA KOMO,KM264_0005,SONGOMANI,2021,513.7559285675537
KM,KM2,KM26,MITSAMIOULI,KM264,NYUMA KOMO,KM264_0005,SONGOMANI,2022,525.8080731424842
KM,KM2,KM26,MITSAMIOULI,KM264,NYUMA KOMO,KM264_0005,SONGOMANI,2023,538.1377338949436
KM,KM2,KM26,MITSAMIOULI,KM264,NYUMA KOMO,KM264_0005,SONGOMANI,2024,550.8254401143772
KM,KM2,KM26,MITSAMIOULI,KM264,NYUMA KOMO,KM264_0005,SONGOMANI,2025,563.883580905146
KM,KM2,KM26,MITSAMIOULI,KM264,NYUMA KOMO,KM264_0005,SONGOMANI,2026,577.2526884330007
KM,KM2,KM26,MITSAMIOULI,KM264,NYUMA KOMO,KM264_0005,SONGOMANI,2027,590.9327626783363
KM,KM2,KM26,MITSAMIOULI,KM264,NYUMA KOMO,KM264_0005,SONGOMANI,2028,604.8383186335041
KM,KM2,KM26,MITSAMIOULI,KM264,NYUMA KOMO,KM264_0006,TOIYFA,2017,472.0
KM,KM2,KM26,MITSAMIOULI,KM264,NYUMA KOMO,KM264_0006,TOIYFA,2018,482.27074726279983
KM,KM2,KM26,MITSAMIOULI,KM264,NYUMA KOMO,KM264_0006,TOIYFA,2019,493.0167728444712
KM,KM2,KM26,MITSAMIOULI,KM264,NYUMA KOMO,KM264_0006,TOIYFA,2020,504.24927438788535
KM,KM2,KM26,MITSAMIOULI,KM264,NYUMA KOMO,KM264_0006,TOIYFA,2021,515.9421240082668
KM,KM2,KM26,MITSAMIOULI,KM264,NYUMA KOMO,KM264_0006,TOIYFA,2022,528.0455543047925
KM,KM2,KM26,MITSAMIOULI,KM264,NYUMA KOMO,KM264_0006,TOIYFA,2023,540.4276816987519
KM,KM2,KM26,MITSAMIOULI,KM264,NYUMA KOMO,KM264_0006,TOIYFA,2024,553.1693781574171
KM,KM2,KM26,MITSAMIOULI,KM264,NYUMA KOMO,KM264_0006,TOIYFA,2025,566.2830855047423
KM,KM2,KM26,MITSAMIOULI,KM264,NYUMA KOMO,KM264_0006,TOIYFA,2026,579.7090828518645
KM,KM2,KM26,MITSAMIOULI,KM264,NYUMA KOMO,KM264_0006,TOIYFA,2027,593.4473701790952
KM,KM2,KM26,MITSAMIOULI,KM264,NYUMA KOMO,KM264_0006,TOIYFA,2028,607.4120987127957
KM,KM2,KM26,MITSAMIOULI,KM264,NYUMA KOMO,KM264_0007,NTSADJENI,2017,1687.0
KM,KM2,KM26,MITSAMIOULI,KM264,NYUMA KOMO,KM264_0007,NTSADJENI,2018,1723.7092174414051
KM,KM2,KM26,MITSAMIOULI,KM264,NYUMA KOMO,KM264_0007,NTSADJENI,2019,1762.1171520945402
KM,KM2,KM26,MITSAMIOULI,KM264,NYUMA KOMO,KM264_0007,NTSADJENI,2020,1802.263826043141
KM,KM2,KM26,MITSAMIOULI,KM264,NYUMA KOMO,KM264_0007,NTSADJENI,2021,1844.0558542414112
KM,KM2,KM26,MITSAMIOULI,KM264,NYUMA KOMO,KM264_0007,NTSADJENI,2022,1887.315360407172
KM,KM2,KM26,MITSAMIOULI,KM264,NYUMA KOMO,KM264_0007,NTSADJENI,2023,1931.5709725122767
KM,KM2,KM26,MITSAMIOULI,KM264,NYUMA KOMO,KM264_0007,NTSADJENI,2024,1977.1117393041584
KM,KM2,KM26,MITSAMIOULI,KM264,NYUMA KOMO,KM264_0007,NTSADJENI,2025,2023.9821297595352
KM,KM2,KM26,MITSAMIOULI,KM264,NYUMA KOMO,KM264_0007,NTSADJENI,2026,2071.9686923116433
KM,KM2,KM26,MITSAMIOULI,KM264,NYUMA KOMO,KM264_0007,NTSADJENI,2027,2121.071426890114
KM,KM2,KM26,MITSAMIOULI,KM264,NYUMA KOMO,KM264_0007,NTSADJENI,2028,2170.983496882386
KM,KM2,KM26,MITSAMIOULI,KM264,NYUMA KOMO,KM264_0008,FOUNGA,2017,921.0
KM,KM2,KM26,MITSAMIOULI,KM264,NYUMA KOMO,KM264_0008,FOUNGA,2018,941.0410131971157
KM,KM2,KM26,MITSAMIOULI,KM264,NYUMA KOMO,KM264_0008,FOUNGA,2019,962.0094232833854
KM,KM2,KM26,MITSAMIOULI,KM264,NYUMA KOMO,KM264_0008,FOUNGA,2020,983.9270798967001
KM,KM2,KM26,MITSAMIOULI,KM264,NYUMA KOMO,KM264_0008,FOUNGA,2021,1006.7430004483342
KM,KM2,KM26,MITSAMIOULI,KM264,NYUMA KOMO,KM264_0008,FOUNGA,2022,1030.360075243038
KM,KM2,KM26,MITSAMIOULI,KM264,NYUMA KOMO,KM264_0008,FOUNGA,2023,1054.5209636537088
KM,KM2,KM26,MITSAMIOULI,KM264,NYUMA KOMO,KM264_0008,FOUNGA,2024,1079.3834688198754
KM,KM2,KM26,MITSAMIOULI,KM264,NYUMA KOMO,KM264_0008,FOUNGA,2025,1104.9718681141264
KM,KM2,KM26,MITSAMIOULI,KM264,NYUMA KOMO,KM264_0008,FOUNGA,2026,1131.169629886795
KM,KM2,KM26,MITSAMIOULI,KM264,NYUMA KOMO,KM264_0008,FOUNGA,2027,1157.9767540994633
KM,KM2,KM26,MITSAMIOULI,KM264,NYUMA KOMO,KM264_0008,FOUNGA,2028,1185.225726513739
KM,KM2,KM26,MITSAMIOULI,KM264,NYUMA KOMO,KM264_0009,OUHOZI,2017,1204.0
KM,KM2,KM26,MITSAMIOULI,KM264,NYUMA KOMO,KM264_0009,OUHOZI,2018,1230.1991095432436
KM,KM2,KM26,MITSAMIOULI,KM264,NYUMA KOMO,KM264_0009,OUHOZI,2019,1257.6105815778458
KM,KM2,KM26,MITSAMIOULI,KM264,NYUMA KOMO,KM264_0009,OUHOZI,2020,1286.2629795826567
KM,KM2,KM26,MITSAMIOULI,KM264,NYUMA KOMO,KM264_0009,OUHOZI,2021,1316.089655309223
KM,KM2,KM26,MITSAMIOULI,KM264,NYUMA KOMO,KM264_0009,OUHOZI,2022,1346.9636597096828
KM,KM2,KM26,MITSAMIOULI,KM264,NYUMA KOMO,KM264_0009,OUHOZI,2023,1378.5485778925793
KM,KM2,KM26,MITSAMIOULI,KM264,NYUMA KOMO,KM264_0009,OUHOZI,2024,1411.0507019100216
KM,KM2,KM26,MITSAMIOULI,KM264,NYUMA KOMO,KM264_0009,OUHOZI,2025,1444.5017689570125
KM,KM2,KM26,MITSAMIOULI,KM264,NYUMA KOMO,KM264_0009,OUHOZI,2026,1478.7494401560273
KM,KM2,KM26,MITSAMIOULI,KM264,NYUMA KOMO,KM264_0009,OUHOZI,2027,1513.7937154568447
KM,KM2,KM26,MITSAMIOULI,KM264,NYUMA KOMO,KM264_0009,OUHOZI,2028,1549.4156077334874
KM,KM2,KM27,MORONI BAMBAO,KM271,BAMBAO YA HARI,KM271_0001,VOUVOUNI,2017,4335.0
KM,KM2,KM27,MORONI BAMBAO,KM271,BAMBAO YA HARI,KM271_0001,VOUVOUNI,2018,4429.329850390333
KM,KM2,KM27,MORONI BAMBAO,KM271,BAMBAO YA HARI,KM271_0001,VOUVOUNI,2019,4528.024809916912
KM,KM2,KM27,MORONI BAMBAO,KM271,BAMBAO YA HARI,KM271_0001,VOUVOUNI,2020,4631.187721337888
KM,KM2,KM27,MORONI BAMBAO,KM271,BAMBAO YA HARI,KM271_0001,VOUVOUNI,2021,4738.5786177454165
KM,KM2,KM27,MORONI BAMBAO,KM271,BAMBAO YA HARI,KM271_0001,VOUVOUNI,2022,4849.74041930355
KM,KM2,KM27,MORONI BAMBAO,KM271,BAMBAO YA HARI,KM271_0001,VOUVOUNI,2023,4963.4618647544285
KM,KM2,KM27,MORONI BAMBAO,KM271,BAMBAO YA HARI,KM271_0001,VOUVOUNI,2024,5080.48570828899
KM,KM2,KM27,MORONI BAMBAO,KM271,BAMBAO YA HARI,KM271_0001,VOUVOUNI,2025,5200.926219625124
KM,KM2,KM27,MORONI BAMBAO,KM271,BAMBAO YA HARI,KM271_0001,VOUVOUNI,2026,5324.234902887358
KM,KM2,KM27,MORONI BAMBAO,KM271,BAMBAO YA HARI,KM271_0001,VOUVOUNI,2027,5450.411757894869
KM,KM2,KM27,MORONI BAMBAO,KM271,BAMBAO YA HARI,KM271_0001,VOUVOUNI,2028,5578.668321864341
KM,KM2,KM27,MORONI BAMBAO,KM271,BAMBAO YA HARI,KM271_0002,M'DE,2017,6520.0
KM,KM2,KM27,MORONI BAMBAO,KM271,BAMBAO YA HARI,KM271_0002,M'DE,2018,6661.875576596302
KM,KM2,KM27,MORONI BAMBAO,KM271,BAMBAO YA HARI,KM271_0002,M'DE,2019,6810.316438444813
KM,KM2,KM27,MORONI BAMBAO,KM271,BAMBAO YA HARI,KM271_0002,M'DE,2020,6965.477264849603
KM,KM2,KM27,MORONI BAMBAO,KM271,BAMBAO YA HARI,KM271_0002,M'DE,2021,7126.9971367243625
KM,KM2,KM27,MORONI BAMBAO,KM271,BAMBAO YA HARI,KM271_0002,M'DE,2022,7294.188589125524
KM,KM2,KM27,MORONI BAMBAO,KM271,BAMBAO YA HARI,KM271_0002,M'DE,2023,7465.229840414963
KM,KM2,KM27,MORONI BAMBAO,KM271,BAMBAO YA HARI,KM271_0002,M'DE,2024,7641.238020310084
KM,KM2,KM27,MORONI BAMBAO,KM271,BAMBAO YA HARI,KM271_0002,M'DE,2025,7822.384994684153
KM,KM2,KM27,MORONI BAMBAO,KM271,BAMBAO YA HARI,KM271_0002,M'DE,2026,8007.845805496095
KM,KM2,KM27,MORONI BAMBAO,KM271,BAMBAO YA HARI,KM271_0002,M'DE,2027,8197.620452473942
KM,KM2,KM27,MORONI BAMBAO,KM271,BAMBAO YA HARI,KM271_0002,M'DE,2028,8390.523058490313
KM,KM2,KM27,MORONI BAMBAO,KM271,BAMBAO YA HARI,KM271_0003,SELEA,2017,2138.0
KM,KM2,KM27,MORONI BAMBAO,KM271,BAMBAO YA HARI,KM271_0003,SELEA,2018,2184.523003491242
KM,KM2,KM27,MORONI BAMBAO,KM271,BAMBAO YA HARI,KM271_0003,SELEA,2019,2233.198856655677
KM,KM2,KM27,MORONI BAMBAO,KM271,BAMBAO YA HARI,KM271_0003,SELEA,2020,2284.078281019701
KM,KM2,KM27,MORONI BAMBAO,KM271,BAMBAO YA HARI,KM271_0003,SELEA,2021,2337.0429261221916
KM,KM2,KM27,MORONI BAMBAO,KM271,BAMBAO YA HARI,KM271_0003,SELEA,2022,2391.867362507726
KM,KM2,KM27,MORONI BAMBAO,KM271,BAMBAO YA HARI,KM271_0003,SELEA,2023,2447.954202271042
KM,KM2,KM27,MORONI BAMBAO,KM271,BAMBAO YA HARI,KM271_0003,SELEA,2024,2505.6697680096563
KM,KM2,KM27,MORONI BAMBAO,KM271,BAMBAO YA HARI,KM271_0003,SELEA,2025,2565.0704169685155
KM,KM2,KM27,MORONI BAMBAO,KM271,BAMBAO YA HARI,KM271_0003,SELEA,2026,2625.8856337654374
KM,KM2,KM27,MORONI BAMBAO,KM271,BAMBAO YA HARI,KM271_0003,SELEA,2027,2688.115418311241
KM,KM2,KM27,MORONI BAMBAO,KM271,BAMBAO YA HARI,KM271_0003,SELEA,2028,2751.370904762621
KM,KM2,KM27,MORONI BAMBAO,KM271,BAMBAO YA HARI,KM271_0004,NIOUMADZAHA,2017,3222.0
KM,KM2,KM27,MORONI BAMBAO,KM271,BAMBAO YA HARI,KM271_0004,NIOUMADZAHA,2018,3292.1109061032644
KM,KM2,KM27,MORONI BAMBAO,KM271,BAMBAO YA HARI,KM271_0004,NIOUMADZAHA,2019,3365.4661909001825
KM,KM2,KM27,MORONI BAMBAO,KM271,BAMBAO YA HARI,KM271_0004,NIOUMADZAHA,2020,3442.1422925376414
KM,KM2,KM27,MORONI BAMBAO,KM271,BAMBAO YA HARI,KM271_0004,NIOUMADZAHA,2021,3521.9608549886348
KM,KM2,KM27,MORONI BAMBAO,KM271,BAMBAO YA HARI,KM271_0004,NIOUMADZAHA,2022,3604.5821524789017
KM,KM2,KM27,MORONI BAMBAO,KM271,BAMBAO YA HARI,KM271_0004,NIOUMADZAHA,2023,3689.1059119351244
KM,KM2,KM27,MORONI BAMBAO,KM271,BAMBAO YA HARI,KM271_0004,NIOUMADZAHA,2024,3776.084187337284
KM,KM2,KM27,MORONI BAMBAO,KM271,BAMBAO YA HARI,KM271_0004,NIOUMADZAHA,2025,3865.6019099497457
KM,KM2,KM27,MORONI BAMBAO,KM271,BAMBAO YA HARI,KM271_0004,NIOUMADZAHA,2026,3957.2514087896343
KM,KM2,KM27,MORONI BAMBAO,KM271,BAMBAO YA HARI,KM271_0004,NIOUMADZAHA,2027,4051.0326837225525
KM,KM2,KM27,MORONI BAMBAO,KM271,BAMBAO YA HARI,KM271_0004,NIOUMADZAHA,2028,4146.3597077386175
KM,KM2,KM27,MORONI BAMBAO,KM271,BAMBAO YA HARI,KM271_0005,MOIDZAZA DJOUMBE,2017,463.0
KM,KM2,KM27,MORONI BAMBAO,KM271,BAMBAO YA HARI,KM271_0005,MOIDZAZA DJOUMBE,2018,473.07490674295826
KM,KM2,KM27,MORONI BAMBAO,KM271,BAMBAO YA HARI,KM271_0005,MOIDZAZA DJOUMBE,2019,483.61602929447065
KM,KM2,KM27,MORONI BAMBAO,KM271,BAMBAO YA HARI,KM271_0005,MOIDZAZA DJOUMBE,2020,494.6343517830316
KM,KM2,KM27,MORONI BAMBAO,KM271,BAMBAO YA HARI,KM271_0005,MOIDZAZA DJOUMBE,2021,506.10424452505833
KM,KM2,KM27,MORONI BAMBAO,KM271,BAMBAO YA HARI,KM271_0005,MOIDZAZA DJOUMBE,2022,517.9768890744045
KM,KM2,KM27,MORONI BAMBAO,KM271,BAMBAO YA HARI,KM271_0005,MOIDZAZA DJOUMBE,2023,530.1229165816147
KM,KM2,KM27,MORONI BAMBAO,KM271,BAMBAO YA HARI,KM271_0005,MOIDZAZA DJOUMBE,2024,542.6216569637376
KM,KM2,KM27,MORONI BAMBAO,KM271,BAMBAO YA HARI,KM271_0005,MOIDZAZA DJOUMBE,2025,555.4853148065588
KM,KM2,KM27,MORONI BAMBAO,KM271,BAMBAO YA HARI,KM271_0005,MOIDZAZA DJOUMBE,2026,568.6553079669773
KM,KM2,KM27,MORONI BAMBAO,KM271,BAMBAO YA HARI,KM271_0005,MOIDZAZA DJOUMBE,2027,582.1316364256802
KM,KM2,KM27,MORONI BAMBAO,KM271,BAMBAO YA HARI,KM271_0005,MOIDZAZA DJOUMBE,2028,595.8300883559839
KM,KM2,KM27,MORONI BAMBAO,KM271,BAMBAO YA HARI,KM271_0006,MBOUDADJOU,2017,1032.0
KM,KM2,KM27,MORONI BAMBAO,KM271,BAMBAO YA HARI,KM271_0006,MBOUDADJOU,2018,1054.4563796084944
KM,KM2,KM27,MORONI BAMBAO,KM271,BAMBAO YA HARI,KM271_0006,MBOUDADJOU,2019,1077.951927066725
KM,KM2,KM27,MORONI BAMBAO,KM271,BAMBAO YA HARI,KM271_0006,MBOUDADJOU,2020,1102.5111253565628
KM,KM2,KM27,MORONI BAMBAO,KM271,BAMBAO YA HARI,KM271_0006,MBOUDADJOU,2021,1128.0768474079052
KM,KM2,KM27,MORONI BAMBAO,KM271,BAMBAO YA HARI,KM271_0006,MBOUDADJOU,2022,1154.5402797511565
KM,KM2,KM27,MORONI BAMBAO,KM271,BAMBAO YA HARI,KM271_0006,MBOUDADJOU,2023,1181.6130667650677
KM,KM2,KM27,MORONI BAMBAO,KM271,BAMBAO YA HARI,KM271_0006,MBOUDADJOU,2024,1209.4720302085898
KM,KM2,KM27,MORONI BAMBAO,KM271,BAMBAO YA HARI,KM271_0006,MBOUDADJOU,2025,1238.144373391725
KM,KM2,KM27,MORONI BAMBAO,KM271,BAMBAO YA HARI,KM271_0006,MBOUDADJOU,2026,1267.4995201337376
KM,KM2,KM27,MORONI BAMBAO,KM271,BAMBAO YA HARI,KM271_0006,MBOUDADJOU,2027,1297.537470391581
KM,KM2,KM27,MORONI BAMBAO,KM271,BAMBAO YA HARI,KM271_0006,MBOUDADJOU,2028,1328.0705209144176
KM,KM2,KM27,MORONI BAMBAO,KM271,BAMBAO YA HARI,KM271_0007,DAOUENI,2017,380.0
KM,KM2,KM27,MORONI BAMBAO,KM271,BAMBAO YA HARI,KM271_0007,DAOUENI,2018,388.2688219488643
KM,KM2,KM27,MORONI BAMBAO,KM271,BAMBAO YA HARI,KM271_0007,DAOUENI,2019,396.9202832222437
KM,KM2,KM27,MORONI BAMBAO,KM271,BAMBAO YA HARI,KM271_0007,DAOUENI,2020,405.96339887160264
KM,KM2,KM27,MORONI BAMBAO,KM271,BAMBAO YA HARI,KM271_0007,DAOUENI,2021,415.377133735469
KM,KM2,KM27,MORONI BAMBAO,KM271,BAMBAO YA HARI,KM271_0007,DAOUENI,2022,425.1214208386042
KM,KM2,KM27,MORONI BAMBAO,KM271,BAMBAO YA HARI,KM271_0007,DAOUENI,2023,435.0900827235715
KM,KM2,KM27,MORONI BAMBAO,KM271,BAMBAO YA HARI,KM271_0007,DAOUENI,2024,445.3482281775816
KM,KM2,KM27,MORONI BAMBAO,KM271,BAMBAO YA HARI,KM271_0007,DAOUENI,2025,455.90587392330957
KM,KM2,KM27,MORONI BAMBAO,KM271,BAMBAO YA HARI,KM271_0007,DAOUENI,2026,466.71493958412816
KM,KM2,KM27,MORONI BAMBAO,KM271,BAMBAO YA HARI,KM271_0007,DAOUENI,2027,477.7754251441868
KM,KM2,KM27,MORONI BAMBAO,KM271,BAMBAO YA HARI,KM271_0007,DAOUENI,2028,489.0182150653863
KM,KM2,KM27,MORONI BAMBAO,KM271,BAMBAO YA HARI,KM271_0010,BOENI YA BAMBAO,2017,2086.0
KM,KM2,KM27,MORONI BAMBAO,KM271,BAMBAO YA HARI,KM271_0010,BOENI YA BAMBAO,2018,2131.3914804877127
KM,KM2,KM27,MORONI BAMBAO,KM271,BAMBAO YA HARI,KM271_0010,BOENI YA BAMBAO,2019,2178.8834494778957
KM,KM2,KM27,MORONI BAMBAO,KM271,BAMBAO YA HARI,KM271_0010,BOENI YA BAMBAO,2020,2228.525394858324
KM,KM2,KM27,MORONI BAMBAO,KM271,BAMBAO YA HARI,KM271_0010,BOENI YA BAMBAO,2021,2280.2018446636534
KM,KM2,KM27,MORONI BAMBAO,KM271,BAMBAO YA HARI,KM271_0010,BOENI YA BAMBAO,2022,2333.692852287706
KM,KM2,KM27,MORONI BAMBAO,KM271,BAMBAO YA HARI,KM271_0010,BOENI YA BAMBAO,2023,2388.4155593720266
KM,KM2,KM27,MORONI BAMBAO,KM271,BAMBAO YA HARI,KM271_0010,BOENI YA BAMBAO,2024,2444.7273788906186
KM,KM2,KM27,MORONI BAMBAO,KM271,BAMBAO YA HARI,KM271_0010,BOENI YA BAMBAO,2025,2502.6832973790097
KM,KM2,KM27,MORONI BAMBAO,KM271,BAMBAO YA HARI,KM271_0010,BOENI YA BAMBAO,2026,2562.019378874977
KM,KM2,KM27,MORONI BAMBAO,KM271,BAMBAO YA HARI,KM271_0010,BOENI YA BAMBAO,2027,2622.73562329151
KM,KM2,KM27,MORONI BAMBAO,KM271,BAMBAO YA HARI,KM271_0010,BOENI YA BAMBAO,2028,2684.452622701042
KM,KM2,KM27,MORONI BAMBAO,KM271,BAMBAO YA HARI,KM283_0003,DZAHANI,2017,678.0
KM,KM2,KM27,MORONI BAMBAO,KM271,BAMBAO YA HARI,KM283_0003,DZAHANI,2018,692.7533191613946
KM,KM2,KM27,MORONI BAMBAO,KM271,BAMBAO YA HARI,KM283_0003,DZAHANI,2019,708.1893474333717
KM,KM2,KM27,MORONI BAMBAO,KM271,BAMBAO YA HARI,KM283_0003,DZAHANI,2020,724.3241695656488
KM,KM2,KM27,MORONI BAMBAO,KM271,BAMBAO YA HARI,KM283_0003,DZAHANI,2021,741.1202544017052
KM,KM2,KM27,MORONI BAMBAO,KM271,BAMBAO YA HARI,KM283_0003,DZAHANI,2022,758.5061140225621
KM,KM2,KM27,MORONI BAMBAO,KM271,BAMBAO YA HARI,KM283_0003,DZAHANI,2023,776.2923054910038
KM,KM2,KM27,MORONI BAMBAO,KM271,BAMBAO YA HARI,KM283_0003,DZAHANI,2024,794.5949965905271
KM,KM2,KM27,MORONI BAMBAO,KM271,BAMBAO YA HARI,KM283_0003,DZAHANI,2025,813.4320592631681
KM,KM2,KM27,MORONI BAMBAO,KM271,BAMBAO YA HARI,KM283_0003,DZAHANI,2026,832.7177079948393
KM,KM2,KM27,MORONI BAMBAO,KM271,BAMBAO YA HARI,KM283_0003,DZAHANI,2027,852.4519427572595
KM,KM2,KM27,MORONI BAMBAO,KM271,BAMBAO YA HARI,KM283_0003,DZAHANI,2028,872.5114468798208
KM,KM2,KM27,MORONI BAMBAO,KM272,BAMBAO YA MBOINI,KM272_0001,ICONI,2017,5474.0
KM,KM2,KM27,MORONI BAMBAO,KM272,BAMBAO YA MBOINI,KM272_0001,ICONI,2018,5593.114556179165
KM,KM2,KM27,MORONI BAMBAO,KM272,BAMBAO YA MBOINI,KM272_0001,ICONI,2019,5717.741132522532
KM,KM2,KM27,MORONI BAMBAO,KM272,BAMBAO YA MBOINI,KM272_0001,ICONI,2020,5848.009593218823
KM,KM2,KM27,MORONI BAMBAO,KM272,BAMBAO YA MBOINI,KM272_0001,ICONI,2021,5983.616921231467
KM,KM2,KM27,MORONI BAMBAO,KM272,BAMBAO YA MBOINI,KM272_0001,ICONI,2022,6123.985941238209
KM,KM2,KM27,MORONI BAMBAO,KM272,BAMBAO YA MBOINI,KM272_0001,ICONI,2023,6267.587139023238
KM,KM2,KM27,MORONI BAMBAO,KM272,BAMBAO YA MBOINI,KM272_0001,ICONI,2024,6415.358423800215
KM,KM2,KM27,MORONI BAMBAO,KM272,BAMBAO YA MBOINI,KM272_0001,ICONI,2025,6567.444089095254
KM,KM2,KM27,MORONI BAMBAO,KM272,BAMBAO YA MBOINI,KM272_0001,ICONI,2026,6723.15152443031
KM,KM2,KM27,MORONI BAMBAO,KM272,BAMBAO YA MBOINI,KM272_0001,ICONI,2027,6882.480729577049
KM,KM2,KM27,MORONI BAMBAO,KM272,BAMBAO YA MBOINI,KM272_0001,ICONI,2028,7044.436077020855
KM,KM2,KM27,MORONI BAMBAO,KM272,BAMBAO YA MBOINI,KM272_0002,MBACHILE,2017,1678.0
KM,KM2,KM27,MORONI BAMBAO,KM272,BAMBAO YA MBOINI,KM272_0002,MBACHILE,2018,1714.5133769215638
KM,KM2,KM27,MORONI BAMBAO,KM272,BAMBAO YA MBOINI,KM272_0002,MBACHILE,2019,1752.7164085445395
KM,KM2,KM27,MORONI BAMBAO,KM272,BAMBAO YA MBOINI,KM272_0002,MBACHILE,2020,1792.6489034382876
KM,KM2,KM27,MORONI BAMBAO,KM272,BAMBAO YA MBOINI,KM272_0002,MBACHILE,2021,1834.2179747582027
KM,KM2,KM27,MORONI BAMBAO,KM272,BAMBAO YA MBOINI,KM272_0002,MBACHILE,2022,1877.2466951767838
KM,KM2,KM27,MORONI BAMBAO,KM272,BAMBAO YA MBOINI,KM272_0002,MBACHILE,2023,1921.2662073951394
KM,KM2,KM27,MORONI BAMBAO,KM272,BAMBAO YA MBOINI,KM272_0002,MBACHILE,2024,1966.5640181104789
KM,KM2,KM27,MORONI BAMBAO,KM272,BAMBAO YA MBOINI,KM272_0002,MBACHILE,2025,2013.1843590613512
KM,KM2,KM27,MORONI BAMBAO,KM272,BAMBAO YA MBOINI,KM272_0002,MBACHILE,2026,2060.914917426756
KM,KM2,KM27,MORONI BAMBAO,KM272,BAMBAO YA MBOINI,KM272_0002,MBACHILE,2027,2109.7556931366985
KM,KM2,KM27,MORONI BAMBAO,KM272,BAMBAO YA MBOINI,KM272_0002,MBACHILE,2028,2159.4014865255745
KM,KM2,KM27,MORONI BAMBAO,KM272,BAMBAO YA MBOINI,KM272_0003,MOIDZAZA - MBOINI,2017,2837.0
KM,KM2,KM27,MORONI BAMBAO,KM272,BAMBAO YA MBOINI,KM272_0003,MOIDZAZA - MBOINI,2018,2898.7332838656
KM,KM2,KM27,MORONI BAMBAO,KM272,BAMBAO YA MBOINI,KM272_0003,MOIDZAZA - MBOINI,2019,2963.323272372383
KM,KM2,KM27,MORONI BAMBAO,KM272,BAMBAO YA MBOINI,KM272_0003,MOIDZAZA - MBOINI,2020,3030.837269996676
KM,KM2,KM27,MORONI BAMBAO,KM272,BAMBAO YA MBOINI,KM272_0003,MOIDZAZA - MBOINI,2021,3101.118232651383
KM,KM2,KM27,MORONI BAMBAO,KM272,BAMBAO YA MBOINI,KM272_0003,MOIDZAZA - MBOINI,2022,3173.8670287345267
KM,KM2,KM27,MORONI BAMBAO,KM272,BAMBAO YA MBOINI,KM272_0003,MOIDZAZA - MBOINI,2023,3248.2909597020325
KM,KM2,KM27,MORONI BAMBAO,KM272,BAMBAO YA MBOINI,KM272_0003,MOIDZAZA - MBOINI,2024,3324.8761140521024
KM,KM2,KM27,MORONI BAMBAO,KM272,BAMBAO YA MBOINI,KM272_0003,MOIDZAZA - MBOINI,2025,3403.6972745274456
KM,KM2,KM27,MORONI BAMBAO,KM272,BAMBAO YA MBOINI,KM272_0003,MOIDZAZA - MBOINI,2026,3484.395483158347
KM,KM2,KM27,MORONI BAMBAO,KM272,BAMBAO YA MBOINI,KM272_0003,MOIDZAZA - MBOINI,2027,3566.9707398264686
KM,KM2,KM27,MORONI BAMBAO,KM272,BAMBAO YA MBOINI,KM272_0003,MOIDZAZA - MBOINI,2028,3650.907042475003
KM,KM2,KM27,MORONI BAMBAO,KM272,BAMBAO YA MBOINI,KM272_0004,NDROUANI,2017,1376.0
KM,KM2,KM27,MORONI BAMBAO,KM272,BAMBAO YA MBOINI,KM272_0004,NDROUANI,2018,1405.9418394779927
KM,KM2,KM27,MORONI BAMBAO,KM272,BAMBAO YA MBOINI,KM272_0004,NDROUANI,2019,1437.2692360889669
KM,KM2,KM27,MORONI BAMBAO,KM272,BAMBAO YA MBOINI,KM272_0004,NDROUANI,2020,1470.0148338087504
KM,KM2,KM27,MORONI BAMBAO,KM272,BAMBAO YA MBOINI,KM272_0004,NDROUANI,2021,1504.1024632105405
KM,KM2,KM27,MORONI BAMBAO,KM272,BAMBAO YA MBOINI,KM272_0004,NDROUANI,2022,1539.387039668209
KM,KM2,KM27,MORONI BAMBAO,KM272,BAMBAO YA MBOINI,KM272_0004,NDROUANI,2023,1575.4840890200906
KM,KM2,KM27,MORONI BAMBAO,KM272,BAMBAO YA MBOINI,KM272_0004,NDROUANI,2024,1612.6293736114535
KM,KM2,KM27,MORONI BAMBAO,KM272,BAMBAO YA MBOINI,KM272_0004,NDROUANI,2025,1650.8591645222998
KM,KM2,KM27,MORONI BAMBAO,KM272,BAMBAO YA MBOINI,KM272_0004,NDROUANI,2026,1689.999360178317
KM,KM2,KM27,MORONI BAMBAO,KM272,BAMBAO YA MBOINI,KM272_0004,NDROUANI,2027,1730.049960522108
KM,KM2,KM27,MORONI BAMBAO,KM272,BAMBAO YA MBOINI,KM272_0004,NDROUANI,2028,1770.7606945525567
KM,KM2,KM27,MORONI BAMBAO,KM272,BAMBAO YA MBOINI,KM272_0005,SEREHINI,2017,743.0
KM,KM2,KM27,MORONI BAMBAO,KM272,BAMBAO YA MBOINI,KM272_0005,SEREHINI,2018,759.1677229158057
KM,KM2,KM27,MORONI BAMBAO,KM272,BAMBAO YA MBOINI,KM272_0005,SEREHINI,2019,776.0836064055977
KM,KM2,KM27,MORONI BAMBAO,KM272,BAMBAO YA MBOINI,KM272_0005,SEREHINI,2020,793.7652772673704
KM,KM2,KM27,MORONI BAMBAO,KM272,BAMBAO YA MBOINI,KM272_0005,SEREHINI,2021,812.1716062248777
KM,KM2,KM27,MORONI BAMBAO,KM272,BAMBAO YA MBOINI,KM272_0005,SEREHINI,2022,831.2242517975867
KM,KM2,KM27,MORONI BAMBAO,KM272,BAMBAO YA MBOINI,KM272_0005,SEREHINI,2023,850.7156091147727
KM,KM2,KM27,MORONI BAMBAO,KM272,BAMBAO YA MBOINI,KM272_0005,SEREHINI,2024,870.7729829893241
KM,KM2,KM27,MORONI BAMBAO,KM272,BAMBAO YA MBOINI,KM272_0005,SEREHINI,2025,891.41595875005
KM,KM2,KM27,MORONI BAMBAO,KM272,BAMBAO YA MBOINI,KM272_0005,SEREHINI,2026,912.550526607914
KM,KM2,KM27,MORONI BAMBAO,KM272,BAMBAO YA MBOINI,KM272_0005,SEREHINI,2027,934.1766865319232
KM,KM2,KM27,MORONI BAMBAO,KM272,BAMBAO YA MBOINI,KM272_0005,SEREHINI,2028,956.1592994567949
KM,KM2,KM27,MORONI BAMBAO,KM273,BAMBAO YA DJOU,KM273_0001,MKAZI,2017,6383.0
KM,KM2,KM27,MORONI BAMBAO,KM273,BAMBAO YA DJOU,KM273_0001,MKAZI,2018,6521.89444868316
KM,KM2,KM27,MORONI BAMBAO,KM273,BAMBAO YA DJOU,KM273_0001,MKAZI,2019,6667.2162310725835
KM,KM2,KM27,MORONI BAMBAO,KM273,BAMBAO YA DJOU,KM273_0001,MKAZI,2020,6819.116776309051
KM,KM2,KM27,MORONI BAMBAO,KM273,BAMBAO YA DJOU,KM273_0001,MKAZI,2021,6977.242749035523
KM,KM2,KM27,MORONI BAMBAO,KM273,BAMBAO YA DJOU,KM273_0001,MKAZI,2022,7140.9211295073965
KM,KM2,KM27,MORONI BAMBAO,KM273,BAMBAO YA DJOU,KM273_0001,MKAZI,2023,7308.368415854097
KM,KM2,KM27,MORONI BAMBAO,KM273,BAMBAO YA DJOU,KM273_0001,MKAZI,2024,7480.678264361851
KM,KM2,KM27,MORONI BAMBAO,KM273,BAMBAO YA DJOU,KM273_0001,MKAZI,2025,7658.018929611802
KM,KM2,KM27,MORONI BAMBAO,KM273,BAMBAO YA DJOU,KM273_0001,MKAZI,2026,7839.582787803922
KM,KM2,KM27,MORONI BAMBAO,KM273,BAMBAO YA DJOU,KM273_0001,MKAZI,2027,8025.369838671959
KM,KM2,KM27,MORONI BAMBAO,KM273,BAMBAO YA DJOU,KM273_0001,MKAZI,2028,8214.219123058843
KM,KM2,KM27,MORONI BAMBAO,KM273,BAMBAO YA DJOU,KM273_0002,M'VOUNI,2017,5377.0
KM,KM2,KM27,MORONI BAMBAO,KM273,BAMBAO YA DJOU,KM273_0002,M'VOUNI,2018,5494.003830576429
KM,KM2,KM27,MORONI BAMBAO,KM273,BAMBAO YA DJOU,KM273_0002,M'VOUNI,2019,5616.422007594749
KM,KM2,KM27,MORONI BAMBAO,KM273,BAMBAO YA DJOU,KM273_0002,M'VOUNI,2020,5744.382094033177
KM,KM2,KM27,MORONI BAMBAO,KM273,BAMBAO YA DJOU,KM273_0002,M'VOUNI,2021,5877.586442356886
KM,KM2,KM27,MORONI BAMBAO,KM273,BAMBAO YA DJOU,KM273_0002,M'VOUNI,2022,6015.46810486625
KM,KM2,KM27,MORONI BAMBAO,KM273,BAMBAO YA DJOU,KM273_0002,M'VOUNI,2023,6156.524670538537
KM,KM2,KM27,MORONI BAMBAO,KM273,BAMBAO YA DJOU,KM273_0002,M'VOUNI,2024,6301.67742871278
KM,KM2,KM27,MORONI BAMBAO,KM273,BAMBAO YA DJOU,KM273_0002,M'VOUNI,2025,6451.068116014831
KM,KM2,KM27,MORONI BAMBAO,KM273,BAMBAO YA DJOU,KM273_0002,M'VOUNI,2026,6604.0163951154145
KM,KM2,KM27,MORONI BAMBAO,KM273,BAMBAO YA DJOU,KM273_0002,M'VOUNI,2027,6760.522265790243
KM,KM2,KM27,MORONI BAMBAO,KM273,BAMBAO YA DJOU,KM273_0002,M'VOUNI,2028,6919.6077431752165
KM,KM2,KM27,MORONI BAMBAO,KM273,BAMBAO YA DJOU,KM273_0003,MAVINGOUNI,2017,1766.0
KM,KM2,KM27,MORONI BAMBAO,KM273,BAMBAO YA DJOU,KM273_0003,MAVINGOUNI,2018,1804.4282620044585
KM,KM2,KM27,MORONI BAMBAO,KM273,BAMBAO YA DJOU,KM273_0003,MAVINGOUNI,2019,1844.6347899223222
KM,KM2,KM27,MORONI BAMBAO,KM273,BAMBAO YA DJOU,KM273_0003,MAVINGOUNI,2020,1886.6614800190796
KM,KM2,KM27,MORONI BAMBAO,KM273,BAMBAO YA DJOU,KM273_0003,MAVINGOUNI,2021,1930.4105741495744
KM,KM2,KM27,MORONI BAMBAO,KM273,BAMBAO YA DJOU,KM273_0003,MAVINGOUNI,2022,1975.695866318355
KM,KM2,KM27,MORONI BAMBAO,KM273,BAMBAO YA DJOU,KM273_0003,MAVINGOUNI,2023,2022.0239107627033
KM,KM2,KM27,MORONI BAMBAO,KM273,BAMBAO YA DJOU,KM273_0003,MAVINGOUNI,2024,2069.6972920042344
KM,KM2,KM27,MORONI BAMBAO,KM273,BAMBAO YA DJOU,KM273_0003,MAVINGOUNI,2025,2118.7625614435915
KM,KM2,KM27,MORONI BAMBAO,KM273,BAMBAO YA DJOU,KM273_0003,MAVINGOUNI,2026,2168.9962718567645
KM,KM2,KM27,MORONI BAMBAO,KM273,BAMBAO YA DJOU,KM273_0003,MAVINGOUNI,2027,2220.3984231700892
KM,KM2,KM27,MORONI BAMBAO,KM273,BAMBAO YA DJOU,KM273_0003,MAVINGOUNI,2028,2272.647810014401
KM,KM2,KM27,MORONI BAMBAO,KM274,MORONI,KM274_0001,MORONI,2017,74751.0
KM,KM2,KM27,MORONI BAMBAO,KM274,MORONI,KM274_0001,MORONI,2018,76375.54255751488
KM,KM2,KM27,MORONI BAMBAO,KM274,MORONI,KM274_0001,MORONI,2019,78077.35329099867
KM,KM2,KM27,MORONI BAMBAO,KM274,MORONI,KM274_0001,MORONI,2020,79855.0
KM,KM2,KM27,MORONI BAMBAO,KM274,MORONI,KM274_0001,MORONI,2021,81706.0
KM,KM2,KM27,MORONI BAMBAO,KM274,MORONI,KM274_0001,MORONI,2022,83607.7397006969
KM,KM2,KM27,MORONI BAMBAO,KM274,MORONI,KM274_0001,MORONI,2023,85560.6541934322
KM,KM2,KM27,MORONI BAMBAO,KM274,MORONI,KM274_0001,MORONI,2024,87545.5123895948
KM,KM2,KM27,MORONI BAMBAO,KM274,MORONI,KM274_0001,MORONI,2025,89617.2846576144
KM,KM2,KM27,MORONI BAMBAO,KM274,MORONI,KM274_0001,MORONI,2026,91732.5132078263
KM,KM2,KM27,MORONI BAMBAO,KM274,MORONI,KM274_0001,MORONI,2027,93898.1980371127
KM,KM2,KM27,MORONI BAMBAO,KM274,MORONI,KM274_0001,MORONI,2028,96100.7435734804
KM,KM2,KM28,OICHILI DIMANI,KM281,DIMANI,KM281_0001,MTSANGADJOU,2017,1282.0
KM,KM2,KM28,OICHILI DIMANI,KM281,DIMANI,KM281_0001,MTSANGADJOU,2018,1309.8963940485366
KM,KM2,KM28,OICHILI DIMANI,KM281,DIMANI,KM281_0001,MTSANGADJOU,2019,1339.0836923445172
KM,KM2,KM28,OICHILI DIMANI,KM281,DIMANI,KM281_0001,MTSANGADJOU,2020,1369.5923088247225
KM,KM2,KM28,OICHILI DIMANI,KM281,DIMANI,KM281_0001,MTSANGADJOU,2021,1401.3512774970295
KM,KM2,KM28,OICHILI DIMANI,KM281,DIMANI,KM281_0001,MTSANGADJOU,2022,1434.225425039712
KM,KM2,KM28,OICHILI DIMANI,KM281,DIMANI,KM281_0001,MTSANGADJOU,2023,1467.8565422411018
KM,KM2,KM28,OICHILI DIMANI,KM281,DIMANI,KM281_0001,MTSANGADJOU,2024,1502.464285588578
KM,KM2,KM28,OICHILI DIMANI,KM281,DIMANI,KM281_0001,MTSANGADJOU,2025,1538.0824483412707
KM,KM2,KM28,OICHILI DIMANI,KM281,DIMANI,KM281_0001,MTSANGADJOU,2026,1574.5488224917167
KM,KM2,KM28,OICHILI DIMANI,KM281,DIMANI,KM281_0001,MTSANGADJOU,2027,1611.8634079864407
KM,KM2,KM28,OICHILI DIMANI,KM281,DIMANI,KM281_0001,MTSANGADJOU,2028,1649.793030825856
KM,KM2,KM28,OICHILI DIMANI,KM281,DIMANI,KM281_0002,FOUMBOU DZIVOUNI,2017,445.0
KM,KM2,KM28,OICHILI DIMANI,KM281,DIMANI,KM281_0002,FOUMBOU DZIVOUNI,2018,454.68322570327524
KM,KM2,KM28,OICHILI DIMANI,KM281,DIMANI,KM281_0002,FOUMBOU DZIVOUNI,2019,464.81454219446965
KM,KM2,KM28,OICHILI DIMANI,KM281,DIMANI,KM281_0002,FOUMBOU DZIVOUNI,2020,475.4045065733241
KM,KM2,KM28,OICHILI DIMANI,KM281,DIMANI,KM281_0002,FOUMBOU DZIVOUNI,2021,486.42848555864134
KM,KM2,KM28,OICHILI DIMANI,KM281,DIMANI,KM281_0002,FOUMBOU DZIVOUNI,2022,497.8395586136286
KM,KM2,KM28,OICHILI DIMANI,KM281,DIMANI,KM281_0002,FOUMBOU DZIVOUNI,2023,509.5133863473403
KM,KM2,KM28,OICHILI DIMANI,KM281,DIMANI,KM281_0002,FOUMBOU DZIVOUNI,2024,521.5262145763784
KM,KM2,KM28,OICHILI DIMANI,KM281,DIMANI,KM281_0002,FOUMBOU DZIVOUNI,2025,533.8897734101914
KM,KM2,KM28,OICHILI DIMANI,KM281,DIMANI,KM281_0002,FOUMBOU DZIVOUNI,2026,546.5477581972027
KM,KM2,KM28,OICHILI DIMANI,KM281,DIMANI,KM281_0002,FOUMBOU DZIVOUNI,2027,559.5001689188504
KM,KM2,KM28,OICHILI DIMANI,KM281,DIMANI,KM281_0002,FOUMBOU DZIVOUNI,2028,572.6660676423603
KM,KM2,KM28,OICHILI DIMANI,KM281,DIMANI,KM281_0003,MBOUDE,2017,645.0
KM,KM2,KM28,OICHILI DIMANI,KM281,DIMANI,KM281_0003,MBOUDE,2018,659.0352372553092
KM,KM2,KM28,OICHILI DIMANI,KM281,DIMANI,KM281_0003,MBOUDE,2019,673.7199544167032
KM,KM2,KM28,OICHILI DIMANI,KM281,DIMANI,KM281_0003,MBOUDE,2020,689.0694533478519
KM,KM2,KM28,OICHILI DIMANI,KM281,DIMANI,KM281_0003,MBOUDE,2021,705.0480296299409
KM,KM2,KM28,OICHILI DIMANI,KM281,DIMANI,KM281_0003,MBOUDE,2022,721.5876748444729
KM,KM2,KM28,OICHILI DIMANI,KM281,DIMANI,KM281_0003,MBOUDE,2023,738.5081667281675
KM,KM2,KM28,OICHILI DIMANI,KM281,DIMANI,KM281_0003,MBOUDE,2024,755.9200188803687
KM,KM2,KM28,OICHILI DIMANI,KM281,DIMANI,KM281_0003,MBOUDE,2025,773.8402333698281
KM,KM2,KM28,OICHILI DIMANI,KM281,DIMANI,KM281_0003,MBOUDE,2026,792.187200083586
KM,KM2,KM28,OICHILI DIMANI,KM281,DIMANI,KM281_0003,MBOUDE,2027,810.9609189947382
KM,KM2,KM28,OICHILI DIMANI,KM281,DIMANI,KM281_0003,MBOUDE,2028,830.044075571511
KM,KM2,KM28,OICHILI DIMANI,KM281,DIMANI,KM281_0004,MIDJINDZE,2017,155.0
KM,KM2,KM28,OICHILI DIMANI,KM281,DIMANI,KM281_0004,MIDJINDZE,2018,158.3728089528262
KM,KM2,KM28,OICHILI DIMANI,KM281,DIMANI,KM281_0004,MIDJINDZE,2019,161.90169447223101
KM,KM2,KM28,OICHILI DIMANI,KM281,DIMANI,KM281_0004,MIDJINDZE,2020,165.59033375025896
KM,KM2,KM28,OICHILI DIMANI,KM281,DIMANI,KM281_0004,MIDJINDZE,2021,169.4301466552571
KM,KM2,KM28,OICHILI DIMANI,KM281,DIMANI,KM281_0004,MIDJINDZE,2022,173.40479007890437
KM,KM2,KM28,OICHILI DIMANI,KM281,DIMANI,KM281_0004,MIDJINDZE,2023,177.470954795141
KM,KM2,KM28,OICHILI DIMANI,KM281,DIMANI,KM281_0004,MIDJINDZE,2024,181.6551983355925
KM,KM2,KM28,OICHILI DIMANI,KM281,DIMANI,KM281_0004,MIDJINDZE,2025,185.9616064687184
KM,KM2,KM28,OICHILI DIMANI,KM281,DIMANI,KM281_0004,MIDJINDZE,2026,190.37056746194705
KM,KM2,KM28,OICHILI DIMANI,KM281,DIMANI,KM281_0004,MIDJINDZE,2027,194.88208130881304
KM,KM2,KM28,OICHILI DIMANI,KM281,DIMANI,KM281_0004,MIDJINDZE,2028,199.4679561450918
KM,KM2,KM28,OICHILI DIMANI,KM281,DIMANI,KM281_0005,MADJOMA,2017,546.0
KM,KM2,KM28,OICHILI DIMANI,KM281,DIMANI,KM281_0005,MADJOMA,2018,557.8809915370524
KM,KM2,KM28,OICHILI DIMANI,KM281,DIMANI,KM281_0005,MADJOMA,2019,570.3117753666976
KM,KM2,KM28,OICHILI DIMANI,KM281,DIMANI,KM281_0005,MADJOMA,2020,583.3053046944606
KM,KM2,KM28,OICHILI DIMANI,KM281,DIMANI,KM281_0005,MADJOMA,2021,596.8313553146476
KM,KM2,KM28,OICHILI DIMANI,KM281,DIMANI,KM281_0005,MADJOMA,2022,610.832357310205
KM,KM2,KM28,OICHILI DIMANI,KM281,DIMANI,KM281_0005,MADJOMA,2023,625.155750439658
KM,KM2,KM28,OICHILI DIMANI,KM281,DIMANI,KM281_0005,MADJOMA,2024,639.8950857498936
KM,KM2,KM28,OICHILI DIMANI,KM281,DIMANI,KM281_0005,MADJOMA,2025,655.064755689808
KM,KM2,KM28,OICHILI DIMANI,KM281,DIMANI,KM281_0005,MADJOMA,2026,670.5956763498264
KM,KM2,KM28,OICHILI DIMANI,KM281,DIMANI,KM281_0005,MADJOMA,2027,686.4878477071737
KM,KM2,KM28,OICHILI DIMANI,KM281,DIMANI,KM281_0005,MADJOMA,2028,702.6419616465815
KM,KM2,KM28,OICHILI DIMANI,KM281,DIMANI,KM281_0006,IDJOINDRADJA,2017,189.0
KM,KM2,KM28,OICHILI DIMANI,KM281,DIMANI,KM281_0006,IDJOINDRADJA,2018,193.11265091667192
KM,KM2,KM28,OICHILI DIMANI,KM281,DIMANI,KM281_0006,IDJOINDRADJA,2019,197.41561455001067
KM,KM2,KM28,OICHILI DIMANI,KM281,DIMANI,KM281_0006,IDJOINDRADJA,2020,201.91337470192866
KM,KM2,KM28,OICHILI DIMANI,KM281,DIMANI,KM281_0006,IDJOINDRADJA,2021,206.59546914737797
KM,KM2,KM28,OICHILI DIMANI,KM281,DIMANI,KM281_0006,IDJOINDRADJA,2022,211.44196983814786
KM,KM2,KM28,OICHILI DIMANI,KM281,DIMANI,KM281_0006,IDJOINDRADJA,2023,216.4000674598816
KM,KM2,KM28,OICHILI DIMANI,KM281,DIMANI,KM281_0006,IDJOINDRADJA,2024,221.50214506727082
KM,KM2,KM28,OICHILI DIMANI,KM281,DIMANI,KM281_0006,IDJOINDRADJA,2025,226.75318466185655
KM,KM2,KM28,OICHILI DIMANI,KM281,DIMANI,KM281_0006,IDJOINDRADJA,2026,232.12927258263215
KM,KM2,KM28,OICHILI DIMANI,KM281,DIMANI,KM281_0006,IDJOINDRADJA,2027,237.63040882171393
KM,KM2,KM28,OICHILI DIMANI,KM281,DIMANI,KM281_0006,IDJOINDRADJA,2028,243.2222174930474
KM,KM2,KM28,OICHILI DIMANI,KM281,DIMANI,KM281_0007,IDJINKOUNDZI,2017,2418.0
KM,KM2,KM28,OICHILI DIMANI,KM281,DIMANI,KM281_0007,IDJINKOUNDZI,2018,2470.615819664089
KM,KM2,KM28,OICHILI DIMANI,KM281,DIMANI,KM281_0007,IDJINKOUNDZI,2019,2525.6664337668035
KM,KM2,KM28,OICHILI DIMANI,KM281,DIMANI,KM281_0007,IDJINKOUNDZI,2020,2583.20920650404
KM,KM2,KM28,OICHILI DIMANI,KM281,DIMANI,KM281_0007,IDJINKOUNDZI,2021,2643.110287822011
KM,KM2,KM28,OICHILI DIMANI,KM281,DIMANI,KM281_0007,IDJINKOUNDZI,2022,2705.1147252309074
KM,KM2,KM28,OICHILI DIMANI,KM281,DIMANI,KM281_0007,IDJINKOUNDZI,2023,2768.5468948041994
KM,KM2,KM28,OICHILI DIMANI,KM281,DIMANI,KM281_0007,IDJINKOUNDZI,2024,2833.8210940352433
KM,KM2,KM28,OICHILI DIMANI,KM281,DIMANI,KM281_0007,IDJINKOUNDZI,2025,2901.001060912007
KM,KM2,KM28,OICHILI DIMANI,KM281,DIMANI,KM281_0007,IDJINKOUNDZI,2026,2969.780852406374
KM,KM2,KM28,OICHILI DIMANI,KM281,DIMANI,KM281_0007,IDJINKOUNDZI,2027,3040.160468417483
KM,KM2,KM28,OICHILI DIMANI,KM281,DIMANI,KM281_0007,IDJINKOUNDZI,2028,3111.700115863432
KM,KM2,KM28,OICHILI DIMANI,KM281,DIMANI,KM281_0008,MAOUENI DIMANI,2017,1499.0
KM,KM2,KM28,OICHILI DIMANI,KM281,DIMANI,KM281_0008,MAOUENI DIMANI,2018,1531.6183265824936
KM,KM2,KM28,OICHILI DIMANI,KM281,DIMANI,KM281_0008,MAOUENI DIMANI,2019,1565.7460646056406
KM,KM2,KM28,OICHILI DIMANI,KM281,DIMANI,KM281_0008,MAOUENI DIMANI,2020,1601.4187760750854
KM,KM2,KM28,OICHILI DIMANI,KM281,DIMANI,KM281_0008,MAOUENI DIMANI,2021,1638.5534828143898
KM,KM2,KM28,OICHILI DIMANI,KM281,DIMANI,KM281_0008,MAOUENI DIMANI,2022,1676.9921311501782
KM,KM2,KM28,OICHILI DIMANI,KM281,DIMANI,KM281_0008,MAOUENI DIMANI,2023,1716.3158789542993
KM,KM2,KM28,OICHILI DIMANI,KM281,DIMANI,KM281_0008,MAOUENI DIMANI,2024,1756.7815632584077
KM,KM2,KM28,OICHILI DIMANI,KM281,DIMANI,KM281_0008,MAOUENI DIMANI,2025,1798.4286973974765
KM,KM2,KM28,OICHILI DIMANI,KM281,DIMANI,KM281_0008,MAOUENI DIMANI,2026,1841.0676169384428
KM,KM2,KM28,OICHILI DIMANI,KM281,DIMANI,KM281_0008,MAOUENI DIMANI,2027,1884.6983218187793
KM,KM2,KM28,OICHILI DIMANI,KM281,DIMANI,KM281_0008,MAOUENI DIMANI,2028,1929.0481694289847
KM,KM2,KM28,OICHILI DIMANI,KM281,DIMANI,KM281_0009,MIRERENI,2017,520.0
KM,KM2,KM28,OICHILI DIMANI,KM281,DIMANI,KM281_0009,MIRERENI,2018,531.3152300352879
KM,KM2,KM28,OICHILI DIMANI,KM281,DIMANI,KM281_0009,MIRERENI,2019,543.1540717778072
KM,KM2,KM28,OICHILI DIMANI,KM281,DIMANI,KM281_0009,MIRERENI,2020,555.528861613772
KM,KM2,KM28,OICHILI DIMANI,KM281,DIMANI,KM281_0009,MIRERENI,2021,568.4108145853786
KM,KM2,KM28,OICHILI DIMANI,KM281,DIMANI,KM281_0009,MIRERENI,2022,581.7451022001952
KM,KM2,KM28,OICHILI DIMANI,KM281,DIMANI,KM281_0009,MIRERENI,2023,595.3864289901505
KM,KM2,KM28,OICHILI DIMANI,KM281,DIMANI,KM281_0009,MIRERENI,2024,609.4238911903749
KM,KM2,KM28,OICHILI DIMANI,KM281,DIMANI,KM281_0009,MIRERENI,2025,623.8711958950552
KM,KM2,KM28,OICHILI DIMANI,KM281,DIMANI,KM281_0009,MIRERENI,2026,638.6625489045965
KM,KM2,KM28,OICHILI DIMANI,KM281,DIMANI,KM281_0009,MIRERENI,2027,653.7979501973083
KM,KM2,KM28,OICHILI DIMANI,KM281,DIMANI,KM281_0009,MIRERENI,2028,669.1828206157918
KM,KM2,KM28,OICHILI DIMANI,KM281,DIMANI,KM281_0010,NTSORALE,2017,2449.0
KM,KM2,KM28,OICHILI DIMANI,KM281,DIMANI,KM281_0010,NTSORALE,2018,2502.2903814546544
KM,KM2,KM28,OICHILI DIMANI,KM281,DIMANI,KM281_0010,NTSORALE,2019,2558.04677266125
KM,KM2,KM28,OICHILI DIMANI,KM281,DIMANI,KM281_0010,NTSORALE,2020,2616.327273254092
KM,KM2,KM28,OICHILI DIMANI,KM281,DIMANI,KM281_0010,NTSORALE,2021,2676.996317153062
KM,KM2,KM28,OICHILI DIMANI,KM281,DIMANI,KM281_0010,NTSORALE,2022,2739.795683246689
KM,KM2,KM28,OICHILI DIMANI,KM281,DIMANI,KM281_0010,NTSORALE,2023,2804.0410857632282
KM,KM2,KM28,OICHILI DIMANI,KM281,DIMANI,KM281_0010,NTSORALE,2024,2870.1521337023614
KM,KM2,KM28,OICHILI DIMANI,KM281,DIMANI,KM281_0010,NTSORALE,2025,2938.1933822057504
KM,KM2,KM28,OICHILI DIMANI,KM281,DIMANI,KM281_0010,NTSORALE,2026,3007.8549658987636
KM,KM2,KM28,OICHILI DIMANI,KM281,DIMANI,KM281_0010,NTSORALE,2027,3079.136884679246
KM,KM2,KM28,OICHILI DIMANI,KM281,DIMANI,KM281_0010,NTSORALE,2028,3151.59370709245
KM,KM2,KM28,OICHILI DIMANI,KM281,DIMANI,KM281_0011,SIDJOU,2017,862.0
KM,KM2,KM28,OICHILI DIMANI,KM281,DIMANI,KM281_0011,SIDJOU,2018,880.7571697892657
KM,KM2,KM28,OICHILI DIMANI,KM281,DIMANI,KM281_0011,SIDJOU,2019,900.3823266778265
KM,KM2,KM28,OICHILI DIMANI,KM281,DIMANI,KM281_0011,SIDJOU,2020,920.8959205982144
KM,KM2,KM28,OICHILI DIMANI,KM281,DIMANI,KM281_0011,SIDJOU,2021,942.2502349473008
KM,KM2,KM28,OICHILI DIMANI,KM281,DIMANI,KM281_0011,SIDJOU,2022,964.354380954939
KM,KM2,KM28,OICHILI DIMANI,KM281,DIMANI,KM281_0011,SIDJOU,2023,986.9675034413649
KM,KM2,KM28,OICHILI DIMANI,KM281,DIMANI,KM281_0011,SIDJOU,2024,1010.2372965501983
KM,KM2,KM28,OICHILI DIMANI,KM281,DIMANI,KM281_0011,SIDJOU,2025,1034.1864824260338
KM,KM2,KM28,OICHILI DIMANI,KM281,DIMANI,KM281_0011,SIDJOU,2026,1058.705994530312
KM,KM2,KM28,OICHILI DIMANI,KM281,DIMANI,KM281_0011,SIDJOU,2027,1083.7958328270763
KM,KM2,KM28,OICHILI DIMANI,KM281,DIMANI,KM281_0011,SIDJOU,2028,1109.2992141746395
KM,KM2,KM28,OICHILI DIMANI,KM281,DIMANI,KM281_0012,REHEMANI,2017,401.0
KM,KM2,KM28,OICHILI DIMANI,KM281,DIMANI,KM281_0012,REHEMANI,2018,409.72578316182785
KM,KM2,KM28,OICHILI DIMANI,KM281,DIMANI,KM281_0012,REHEMANI,2019,418.8553515055783
KM,KM2,KM28,OICHILI DIMANI,KM281,DIMANI,KM281_0012,REHEMANI,2020,429.2257129380154
KM,KM2,KM28,OICHILI DIMANI,KM281,DIMANI,KM281_0012,REHEMANI,2021,439.9651790708677
KM,KM2,KM28,OICHILI DIMANI,KM281,DIMANI,KM281_0012,REHEMANI,2022,451.0272152141114
KM,KM2,KM28,OICHILI DIMANI,KM281,DIMANI,KM281_0012,REHEMANI,2023,462.2938982328002
KM,KM2,KM28,OICHILI DIMANI,KM281,DIMANI,KM281_0012,REHEMANI,2024,473.83132853889947
KM,KM2,KM28,OICHILI DIMANI,KM281,DIMANI,KM281_0012,REHEMANI,2025,485.6469093785495
KM,KM2,KM28,OICHILI DIMANI,KM281,DIMANI,KM281_0012,REHEMANI,2026,497.6835299958119
KM,KM2,KM28,OICHILI DIMANI,KM281,DIMANI,KM281_0012,REHEMANI,2027,509.9380175709125
KM,KM2,KM28,OICHILI DIMANI,KM281,DIMANI,KM281_0012,REHEMANI,2028,522.3289363963098
KM,KM2,KM28,OICHILI DIMANI,KM282,OICHILI YADJOU,KM282_0001,KOIMBANI YA WACHILI,2017,2927.0
KM,KM2,KM28,OICHILI DIMANI,KM282,OICHILI YADJOU,KM282_0001,KOIMBANI YA WACHILI,2018,2990.691689064015
KM,KM2,KM28,OICHILI DIMANI,KM282,OICHILI YADJOU,KM282_0001,KOIMBANI YA WACHILI,2019,3057.3307078723883
KM,KM2,KM28,OICHILI DIMANI,KM282,OICHILI YADJOU,KM282_0001,KOIMBANI YA WACHILI,2020,3126.9864960452132
KM,KM2,KM28,OICHILI DIMANI,KM282,OICHILI YADJOU,KM282_0001,KOIMBANI YA WACHILI,2021,3199.497027483468
KM,KM2,KM28,OICHILI DIMANI,KM282,OICHILI YADJOU,KM282_0001,KOIMBANI YA WACHILI,2022,3274.5536810384065
KM,KM2,KM28,OICHILI DIMANI,KM282,OICHILI YADJOU,KM282_0001,KOIMBANI YA WACHILI,2023,3351.338610873405
KM,KM2,KM28,OICHILI DIMANI,KM282,OICHILI YADJOU,KM282_0001,KOIMBANI YA WACHILI,2024,3430.353325988898
KM,KM2,KM28,OICHILI DIMANI,KM282,OICHILI YADJOU,KM282_0001,KOIMBANI YA WACHILI,2025,3511.6749815092817
KM,KM2,KM28,OICHILI DIMANI,KM282,OICHILI YADJOU,KM282_0001,KOIMBANI YA WACHILI,2026,3594.9332320072194
KM,KM2,KM28,OICHILI DIMANI,KM282,OICHILI YADJOU,KM282_0001,KOIMBANI YA WACHILI,2027,3680.128077360618
KM,KM2,KM28,OICHILI DIMANI,KM282,OICHILI YADJOU,KM282_0001,KOIMBANI YA WACHILI,2028,3766.7271460431207
KM,KM2,KM28,OICHILI DIMANI,KM282,OICHILI YADJOU,KM282_0002,IROHE,2017,949.0
KM,KM2,KM28,OICHILI DIMANI,KM282,OICHILI YADJOU,KM282_0002,IROHE,2018,969.6502948144005
KM,KM2,KM28,OICHILI DIMANI,KM282,OICHILI YADJOU,KM282_0002,IROHE,2019,991.2561809944982
KM,KM2,KM28,OICHILI DIMANI,KM282,OICHILI YADJOU,KM282_0002,IROHE,2020,1013.8401724451339
KM,KM2,KM28,OICHILI DIMANI,KM282,OICHILI YADJOU,KM282_0002,IROHE,2021,1037.349736618316
KM,KM2,KM28,OICHILI DIMANI,KM282,OICHILI YADJOU,KM282_0002,IROHE,2022,1061.6848115153564
KM,KM2,KM28,OICHILI DIMANI,KM282,OICHILI YADJOU,KM282_0002,IROHE,2023,1086.5802329070245
KM,KM2,KM28,OICHILI DIMANI,KM282,OICHILI YADJOU,KM282_0002,IROHE,2024,1112.198601422434
KM,KM2,KM28,OICHILI DIMANI,KM282,OICHILI YADJOU,KM282_0002,IROHE,2025,1138.5649325084757
KM,KM2,KM28,OICHILI DIMANI,KM282,OICHILI YADJOU,KM282_0002,IROHE,2026,1165.5591517508885
KM,KM2,KM28,OICHILI DIMANI,KM282,OICHILI YADJOU,KM282_0002,IROHE,2027,1193.1812591100877
KM,KM2,KM28,OICHILI DIMANI,KM282,OICHILI YADJOU,KM282_0002,IROHE,2028,1221.25864762382
KM,KM2,KM28,OICHILI DIMANI,KM282,OICHILI YADJOU,KM282_0003,BOENI YAWACHILI,2017,864.0
KM,KM2,KM28,OICHILI DIMANI,KM282,OICHILI YADJOU,KM282_0003,BOENI YAWACHILI,2018,882.8006899047862
KM,KM2,KM28,OICHILI DIMANI,KM282,OICHILI YADJOU,KM282_0003,BOENI YAWACHILI,2019,902.4713808000489
KM,KM2,KM28,OICHILI DIMANI,KM282,OICHILI YADJOU,KM282_0003,BOENI YAWACHILI,2020,923.0325700659597
KM,KM2,KM28,OICHILI DIMANI,KM282,OICHILI YADJOU,KM282_0003,BOENI YAWACHILI,2021,944.4364303880138
KM,KM2,KM28,OICHILI DIMANI,KM282,OICHILI YADJOU,KM282_0003,BOENI YAWACHILI,2022,966.5918621172475
KM,KM2,KM28,OICHILI DIMANI,KM282,OICHILI YADJOU,KM282_0003,BOENI YAWACHILI,2023,989.2574512451731
KM,KM2,KM28,OICHILI DIMANI,KM282,OICHILI YADJOU,KM282_0003,BOENI YAWACHILI,2024,1012.5812345932383
KM,KM2,KM28,OICHILI DIMANI,KM282,OICHILI YADJOU,KM282_0003,BOENI YAWACHILI,2025,1036.5859870256302
KM,KM2,KM28,OICHILI DIMANI,KM282,OICHILI YADJOU,KM282_0003,BOENI YAWACHILI,2026,1061.1623889491757
KM,KM2,KM28,OICHILI DIMANI,KM282,OICHILI YADJOU,KM282_0003,BOENI YAWACHILI,2027,1086.3104403278353
KM,KM2,KM28,OICHILI DIMANI,KM282,OICHILI YADJOU,KM282_0003,BOENI YAWACHILI,2028,1111.8729942539312
KM,KM2,KM28,OICHILI DIMANI,KM282,OICHILI YADJOU,KM282_0004,DZAHADJOU YA WACHILI,2017,1043.0
KM,KM2,KM28,OICHILI DIMANI,KM282,OICHILI YADJOU,KM282_0004,DZAHADJOU YA WACHILI,2018,1065.6957402438563
KM,KM2,KM28,OICHILI DIMANI,KM282,OICHILI YADJOU,KM282_0004,DZAHADJOU YA WACHILI,2019,1089.4417247389479
KM,KM2,KM28,OICHILI DIMANI,KM282,OICHILI YADJOU,KM282_0004,DZAHADJOU YA WACHILI,2020,1114.262697429162
KM,KM2,KM28,OICHILI DIMANI,KM282,OICHILI YADJOU,KM282_0004,DZAHADJOU YA WACHILI,2021,1140.1009223318267
KM,KM2,KM28,OICHILI DIMANI,KM282,OICHILI YADJOU,KM282_0004,DZAHADJOU YA WACHILI,2022,1166.846426143853
KM,KM2,KM28,OICHILI DIMANI,KM282,OICHILI YADJOU,KM282_0004,DZAHADJOU YA WACHILI,2023,1194.2077796860133
KM,KM2,KM28,OICHILI DIMANI,KM282,OICHILI YADJOU,KM282_0004,DZAHADJOU YA WACHILI,2024,1222.3636894453093
KM,KM2,KM28,OICHILI DIMANI,KM282,OICHILI YADJOU,KM282_0004,DZAHADJOU YA WACHILI,2025,1251.3416486895048
KM,KM2,KM28,OICHILI DIMANI,KM282,OICHILI YADJOU,KM282_0004,DZAHADJOU YA WACHILI,2026,1281.0096894374885
KM,KM2,KM28,OICHILI DIMANI,KM282,OICHILI YADJOU,KM282_0004,DZAHADJOU YA WACHILI,2027,1311.367811645755
KM,KM2,KM28,OICHILI DIMANI,KM282,OICHILI YADJOU,KM282_0004,DZAHADJOU YA WACHILI,2028,1342.226311350521
KM,KM2,KM28,OICHILI DIMANI,KM282,OICHILI YADJOU,KM282_0005,SADA,2017,356.0
KM,KM2,KM28,OICHILI DIMANI,KM282,OICHILI YADJOU,KM282_0005,SADA,2018,363.7465805626202
KM,KM2,KM28,OICHILI DIMANI,KM282,OICHILI YADJOU,KM282_0005,SADA,2019,371.8516337555757
KM,KM2,KM28,OICHILI DIMANI,KM282,OICHILI YADJOU,KM282_0005,SADA,2020,380.3236052586593
KM,KM2,KM28,OICHILI DIMANI,KM282,OICHILI YADJOU,KM282_0005,SADA,2021,389.1427884469131
KM,KM2,KM28,OICHILI DIMANI,KM282,OICHILI YADJOU,KM282_0005,SADA,2022,398.27164689090284
KM,KM2,KM28,OICHILI DIMANI,KM282,OICHILI YADJOU,KM282_0005,SADA,2023,407.61070907787223
KM,KM2,KM28,OICHILI DIMANI,KM282,OICHILI YADJOU,KM282_0005,SADA,2024,417.22097166110274
KM,KM2,KM28,OICHILI DIMANI,KM282,OICHILI YADJOU,KM282_0005,SADA,2025,427.11181872815314
KM,KM2,KM28,OICHILI DIMANI,KM282,OICHILI YADJOU,KM282_0005,SADA,2026,437.2382065577622
KM,KM2,KM28,OICHILI DIMANI,KM282,OICHILI YADJOU,KM282_0005,SADA,2027,447.6001351350803
KM,KM2,KM28,OICHILI DIMANI,KM282,OICHILI YADJOU,KM282_0005,SADA,2028,458.13285411388824
KM,KM2,KM28,OICHILI DIMANI,KM282,OICHILI YADJOU,KM282_0006,SADANI,2017,615.0
KM,KM2,KM28,OICHILI DIMANI,KM282,OICHILI YADJOU,KM282_0006,SADANI,2018,628.382435522504
KM,KM2,KM28,OICHILI DIMANI,KM282,OICHILI YADJOU,KM282_0006,SADANI,2019,642.3841425833682
KM,KM2,KM28,OICHILI DIMANI,KM282,OICHILI YADJOU,KM282_0006,SADANI,2020,657.0197113316726
KM,KM2,KM28,OICHILI DIMANI,KM282,OICHILI YADJOU,KM282_0006,SADANI,2021,672.2550980192459
KM,KM2,KM28,OICHILI DIMANI,KM282,OICHILI YADJOU,KM282_0006,SADANI,2022,688.0254574098462
KM,KM2,KM28,OICHILI DIMANI,KM282,OICHILI YADJOU,KM282_0006,SADANI,2023,704.1589496710434
KM,KM2,KM28,OICHILI DIMANI,KM282,OICHILI YADJOU,KM282_0006,SADANI,2024,720.7609482347702
KM,KM2,KM28,OICHILI DIMANI,KM282,OICHILI YADJOU,KM282_0006,SADANI,2025,737.8476643758826
KM,KM2,KM28,OICHILI DIMANI,KM282,OICHILI YADJOU,KM282_0006,SADANI,2026,755.3412838006285
KM,KM2,KM28,OICHILI DIMANI,KM282,OICHILI YADJOU,KM282_0006,SADANI,2027,773.2418064833549
KM,KM2,KM28,OICHILI DIMANI,KM282,OICHILI YADJOU,KM282_0006,SADANI,2028,791.4373743821384
KM,KM2,KM28,OICHILI DIMANI,KM282,OICHILI YADJOU,KM282_0007,CHOMONI,2017,816.0
KM,KM2,KM28,OICHILI DIMANI,KM282,OICHILI YADJOU,KM282_0007,CHOMONI,2018,833.756207132298
KM,KM2,KM28,OICHILI DIMANI,KM282,OICHILI YADJOU,KM282_0007,CHOMONI,2019,852.334081866713
KM,KM2,KM28,OICHILI DIMANI,KM282,OICHILI YADJOU,KM282_0007,CHOMONI,2020,871.7529828400731
KM,KM2,KM28,OICHILI DIMANI,KM282,OICHILI YADJOU,KM282_0007,CHOMONI,2021,891.9677398109019
KM,KM2,KM28,OICHILI DIMANI,KM282,OICHILI YADJOU,KM282_0007,CHOMONI,2022,912.8923142218449
KM,KM2,KM28,OICHILI DIMANI,KM282,OICHILI YADJOU,KM282_0007,CHOMONI,2023,934.2987039537747
KM,KM2,KM28,OICHILI DIMANI,KM282,OICHILI YADJOU,KM282_0007,CHOMONI,2024,956.3267215602806
KM,KM2,KM28,OICHILI DIMANI,KM282,OICHILI YADJOU,KM282_0007,CHOMONI,2025,978.9978766353174
KM,KM2,KM28,OICHILI DIMANI,KM282,OICHILI YADJOU,KM282_0007,CHOMONI,2026,1002.2089228964438
KM,KM2,KM28,OICHILI DIMANI,KM282,OICHILI YADJOU,KM282_0007,CHOMONI,2027,1025.9598603096222
KM,KM2,KM28,OICHILI DIMANI,KM282,OICHILI YADJOU,KM282_0007,CHOMONI,2028,1050.102272350935
KM,KM2,KM28,OICHILI DIMANI,KM282,OICHILI YADJOU,KM282_0008,SAMBA MADI,2017,107.0
KM,KM2,KM28,OICHILI DIMANI,KM282,OICHILI YADJOU,KM282_0008,SAMBA MADI,2018,109.32832618033808
KM,KM2,KM28,OICHILI DIMANI,KM282,OICHILI YADJOU,KM282_0008,SAMBA MADI,2019,111.76439553889495
KM,KM2,KM28,OICHILI DIMANI,KM282,OICHILI YADJOU,KM282_0008,SAMBA MADI,2020,114.3107465243723
KM,KM2,KM28,OICHILI DIMANI,KM282,OICHILI YADJOU,KM282_0008,SAMBA MADI,2021,116.96145607814522
KM,KM2,KM28,OICHILI DIMANI,KM282,OICHILI YADJOU,KM282_0008,SAMBA MADI,2022,119.7052421835017
KM,KM2,KM28,OICHILI DIMANI,KM282,OICHILI YADJOU,KM282_0008,SAMBA MADI,2023,122.51220750374249
KM,KM2,KM28,OICHILI DIMANI,KM282,OICHILI YADJOU,KM282_0008,SAMBA MADI,2024,125.40068530263481
KM,KM2,KM28,OICHILI DIMANI,KM282,OICHILI YADJOU,KM282_0008,SAMBA MADI,2025,128.37349607840557
KM,KM2,KM28,OICHILI DIMANI,KM282,OICHILI YADJOU,KM282_0008,SAMBA MADI,2026,131.41710140921506
KM,KM2,KM28,OICHILI DIMANI,KM282,OICHILI YADJOU,KM282_0008,SAMBA MADI,2027,134.53150129059998
KM,KM2,KM28,OICHILI DIMANI,KM282,OICHILI YADJOU,KM282_0008,SAMBA MADI,2028,137.69723424209562
KM,KM2,KM28,OICHILI DIMANI,KM282,OICHILI YADJOU,KM282_0009,CHAMRO,2017,158.0
KM,KM2,KM28,OICHILI DIMANI,KM282,OICHILI YADJOU,KM282_0009,CHAMRO,2018,161.43808912610672
KM,KM2,KM28,OICHILI DIMANI,KM282,OICHILI YADJOU,KM282_0009,CHAMRO,2019,165.03527565556448
KM,KM2,KM28,OICHILI DIMANI,KM282,OICHILI YADJOU,KM282_0009,CHAMRO,2020,168.79530795187688
KM,KM2,KM28,OICHILI DIMANI,KM282,OICHILI YADJOU,KM282_0009,CHAMRO,2021,172.7094398163266
KM,KM2,KM28,OICHILI DIMANI,KM282,OICHILI YADJOU,KM282_0009,CHAMRO,2022,176.761011822367
KM,KM2,KM28,OICHILI DIMANI,KM282,OICHILI YADJOU,KM282_0009,CHAMRO,2023,180.90587650085342
KM,KM2,KM28,OICHILI DIMANI,KM282,OICHILI YADJOU,KM282_0009,CHAMRO,2024,185.17110540015236
KM,KM2,KM28,OICHILI DIMANI,KM282,OICHILI YADJOU,KM282_0009,CHAMRO,2025,189.5608633681129
KM,KM2,KM28,OICHILI DIMANI,KM282,OICHILI YADJOU,KM282_0009,CHAMRO,2026,194.0551590902428
KM,KM2,KM28,OICHILI DIMANI,KM282,OICHILI YADJOU,KM282_0009,CHAMRO,2027,198.65399255995138
KM,KM2,KM28,OICHILI DIMANI,KM282,OICHILI YADJOU,KM282_0009,CHAMRO,2028,203.32862626402905
KM,KM2,KM28,OICHILI DIMANI,KM282,OICHILI YADJOU,KM282_0010,SIMA YA WACHILI,2017,1026.0
KM,KM2,KM28,OICHILI DIMANI,KM282,OICHILI YADJOU,KM282_0010,SIMA YA WACHILI,2018,1048.3258192619337
KM,KM2,KM28,OICHILI DIMANI,KM282,OICHILI YADJOU,KM282_0010,SIMA YA WACHILI,2019,1071.6847647000582
KM,KM2,KM28,OICHILI DIMANI,KM282,OICHILI YADJOU,KM282_0010,SIMA YA WACHILI,2020,1096.101176953327
KM,KM2,KM28,OICHILI DIMANI,KM282,OICHILI YADJOU,KM282_0010,SIMA YA WACHILI,2021,1121.5182610857664
KM,KM2,KM28,OICHILI DIMANI,KM282,OICHILI YADJOU,KM282_0010,SIMA YA WACHILI,2022,1147.8278362642313
KM,KM2,KM28,OICHILI DIMANI,KM282,OICHILI YADJOU,KM282_0010,SIMA YA WACHILI,2023,1174.743223353643
KM,KM2,KM28,OICHILI DIMANI,KM282,OICHILI YADJOU,KM282_0010,SIMA YA WACHILI,2024,1202.4402160794702
KM,KM2,KM28,OICHILI DIMANI,KM282,OICHILI YADJOU,KM282_0010,SIMA YA WACHILI,2025,1230.945859592936
KM,KM2,KM28,OICHILI DIMANI,KM282,OICHILI YADJOU,KM282_0010,SIMA YA WACHILI,2026,1260.1303368771462
KM,KM2,KM28,OICHILI DIMANI,KM282,OICHILI YADJOU,KM282_0010,SIMA YA WACHILI,2027,1289.9936478893044
KM,KM2,KM28,OICHILI DIMANI,KM282,OICHILI YADJOU,KM282_0010,SIMA YA WACHILI,2028,1320.3491806765433
KM,KM2,KM28,OICHILI DIMANI,KM283,OICHILI YABOINI,KM283_0001,ITSINKOUDI,2017,2444.0
KM,KM2,KM28,OICHILI DIMANI,KM283,OICHILI YABOINI,KM283_0001,ITSINKOUDI,2018,2497.1815811658535
KM,KM2,KM28,OICHILI DIMANI,KM283,OICHILI YABOINI,KM283_0001,ITSINKOUDI,2019,2552.8241373556943
KM,KM2,KM28,OICHILI DIMANI,KM283,OICHILI YABOINI,KM283_0001,ITSINKOUDI,2020,2610.9856495847284
KM,KM2,KM28,OICHILI DIMANI,KM283,OICHILI YABOINI,KM283_0001,ITSINKOUDI,2021,2671.5308285512797
KM,KM2,KM28,OICHILI DIMANI,KM283,OICHILI YABOINI,KM283_0001,ITSINKOUDI,2022,2734.2019803409175
KM,KM2,KM28,OICHILI DIMANI,KM283,OICHILI YABOINI,KM283_0001,ITSINKOUDI,2023,2798.3162162537074
KM,KM2,KM28,OICHILI DIMANI,KM283,OICHILI YABOINI,KM283_0001,ITSINKOUDI,2024,2864.2922885947614
KM,KM2,KM28,OICHILI DIMANI,KM283,OICHILI YABOINI,KM283_0001,ITSINKOUDI,2025,2932.1946207067595
KM,KM2,KM28,OICHILI DIMANI,KM283,OICHILI YABOINI,KM283_0001,ITSINKOUDI,2026,3001.7139798516037
KM,KM2,KM28,OICHILI DIMANI,KM283,OICHILI YABOINI,KM283_0001,ITSINKOUDI,2027,3072.8503659273492
KM,KM2,KM28,OICHILI DIMANI,KM283,OICHILI YABOINI,KM283_0001,ITSINKOUDI,2028,3145.159256894222
KM,KM2,KM28,OICHILI DIMANI,KM283,OICHILI YABOINI,KM283_0003,DZAHANI,2017,662.0
KM,KM2,KM28,OICHILI DIMANI,KM283,OICHILI YABOINI,KM283_0003,DZAHANI,2018,676.4051582372318
KM,KM2,KM28,OICHILI DIMANI,KM283,OICHILI YABOINI,KM283_0003,DZAHANI,2019,691.4769144555929
KM,KM2,KM28,OICHILI DIMANI,KM283,OICHILI YABOINI,KM283_0003,DZAHANI,2020,707.2309738236867
KM,KM2,KM28,OICHILI DIMANI,KM283,OICHILI YABOINI,KM283_0003,DZAHANI,2021,723.6306908760013
KM,KM2,KM28,OICHILI DIMANI,KM283,OICHILI YABOINI,KM283_0003,DZAHANI,2022,740.6062647240946
KM,KM2,KM28,OICHILI DIMANI,KM283,OICHILI YABOINI,KM283_0003,DZAHANI,2023,757.9727230605376
KM,KM2,KM28,OICHILI DIMANI,KM283,OICHILI YABOINI,KM283_0003,DZAHANI,2024,775.8434922462079
KM,KM2,KM28,OICHILI DIMANI,KM283,OICHILI YABOINI,KM283_0003,DZAHANI,2025,794.2360224663972
KM,KM2,KM28,OICHILI DIMANI,KM283,OICHILI YABOINI,KM283_0003,DZAHANI,2026,813.0665526439286
KM,KM2,KM28,OICHILI DIMANI,KM283,OICHILI YABOINI,KM283_0003,DZAHANI,2027,832.3350827511886
KM,KM2,KM28,OICHILI DIMANI,KM283,OICHILI YABOINI,KM283_0003,DZAHANI,2028,851.9212062454887
KM,KM2,KM28,OICHILI DIMANI,KM283,OICHILI YABOINI,KM283_0004,KOUHANI,2017,478.0
KM,KM2,KM28,OICHILI DIMANI,KM283,OICHILI YABOINI,KM283_0004,KOUHANI,2018,488.4013076093608
KM,KM2,KM28,OICHILI DIMANI,KM283,OICHILI YABOINI,KM283_0004,KOUHANI,2019,499.28393521113816
KM,KM2,KM28,OICHILI DIMANI,KM283,OICHILI YABOINI,KM283_0004,KOUHANI,2020,510.6592227911211
KM,KM2,KM28,OICHILI DIMANI,KM283,OICHILI YABOINI,KM283_0004,KOUHANI,2021,522.5007103304058
KM,KM2,KM28,OICHILI DIMANI,KM283,OICHILI YABOINI,KM283_0004,KOUHANI,2022,534.7579977917179
KM,KM2,KM28,OICHILI DIMANI,KM283,OICHILI YABOINI,KM283_0004,KOUHANI,2023,547.2975251101768
KM,KM2,KM28,OICHILI DIMANI,KM283,OICHILI YABOINI,KM283_0004,KOUHANI,2024,560.2011922865368
KM,KM2,KM28,OICHILI DIMANI,KM283,OICHILI YABOINI,KM283_0004,KOUHANI,2025,573.4815993035314
KM,KM2,KM28,OICHILI DIMANI,KM283,OICHILI YABOINI,KM283_0004,KOUHANI,2026,587.078266108456
KM,KM2,KM28,OICHILI DIMANI,KM283,OICHILI YABOINI,KM283_0004,KOUHANI,2027,600.9911926813718
KM,KM2,KM28,OICHILI DIMANI,KM283,OICHILI YABOINI,KM283_0004,KOUHANI,2028,615.1334389506702
KM,KM2,KM28,OICHILI DIMANI,KM283,OICHILI YABOINI,KM283_0005,MTSAMDU,2017,1155.0
KM,KM2,KM28,OICHILI DIMANI,KM283,OICHILI YABOINI,KM283_0005,MTSAMDU,2018,1180.1328667129953
KM,KM2,KM28,OICHILI DIMANI,KM283,OICHILI YABOINI,KM283_0005,MTSAMDU,2019,1206.4287555833987
KM,KM2,KM28,OICHILI DIMANI,KM283,OICHILI YABOINI,KM283_0005,MTSAMDU,2020,1233.9150676228974
KM,KM2,KM28,OICHILI DIMANI,KM283,OICHILI YABOINI,KM283_0005,MTSAMDU,2021,1262.5278670117546
KM,KM2,KM28,OICHILI DIMANI,KM283,OICHILI YABOINI,KM283_0005,MTSAMDU,2022,1292.1453712331258
KM,KM2,KM28,OICHILI DIMANI,KM283,OICHILI YABOINI,KM283_0005,MTSAMDU,2023,1322.4448566992764
KM,KM2,KM28,OICHILI DIMANI,KM283,OICHILI YABOINI,KM283_0005,MTSAMDU,2024,1353.624219855544
KM,KM2,KM28,OICHILI DIMANI,KM283,OICHILI YABOINI,KM283_0005,MTSAMDU,2025,1385.7139062669012
KM,KM2,KM28,OICHILI DIMANI,KM283,OICHILI YABOINI,KM283_0005,MTSAMDU,2026,1418.5677768938633
KM,KM2,KM28,OICHILI DIMANI,KM283,OICHILI YABOINI,KM283_0005,MTSAMDU,2027,1452.185831688252
KM,KM2,KM28,OICHILI DIMANI,KM283,OICHILI YABOINI,KM283_0005,MTSAMDU,2028,1486.3579957908453
KM,KM2,KM28,OICHILI DIMANI,KM283,OICHILI YABOINI,KM283_0006,HAMBOU,2017,994.0
KM,KM2,KM28,OICHILI DIMANI,KM283,OICHILI YABOINI,KM283_0006,HAMBOU,2018,1015.6294974136081
KM,KM2,KM28,OICHILI DIMANI,KM283,OICHILI YABOINI,KM283_0006,HAMBOU,2019,1038.2598987445008
KM,KM2,KM28,OICHILI DIMANI,KM283,OICHILI YABOINI,KM283_0006,HAMBOU,2020,1061.9147854694027
KM,KM2,KM28,OICHILI DIMANI,KM283,OICHILI YABOINI,KM283_0006,HAMBOU,2021,1086.5391340343585
KM,KM2,KM28,OICHILI DIMANI,KM283,OICHILI YABOINI,KM283_0006,HAMBOU,2022,1112.0281376672963
KM,KM2,KM28,OICHILI DIMANI,KM283,OICHILI YABOINI,KM283_0006,HAMBOU,2023,1138.104058492711
KM,KM2,KM28,OICHILI DIMANI,KM283,OICHILI YABOINI,KM283_0006,HAMBOU,2024,1164.9372073908319
KM,KM2,KM28,OICHILI DIMANI,KM283,OICHILI YABOINI,KM283_0006,HAMBOU,2025,1192.553785999394
KM,KM2,KM28,OICHILI DIMANI,KM283,OICHILI YABOINI,KM283_0006,HAMBOU,2026,1220.828026175325
KM,KM2,KM28,OICHILI DIMANI,KM283,OICHILI YABOINI,KM283_0006,HAMBOU,2027,1249.7599278771625
KM,KM2,KM28,OICHILI DIMANI,KM283,OICHILI YABOINI,KM283_0006,HAMBOU,2028,1279.168699407879
KM,KM2,KM28,OICHILI DIMANI,KM283,OICHILI YABOINI,KM283_0007,HASSENDJE,2017,292.0
KM,KM2,KM28,OICHILI DIMANI,KM283,OICHILI YABOINI,KM283_0007,HASSENDJE,2018,298.3539368659694
KM,KM2,KM28,OICHILI DIMANI,KM283,OICHILI YABOINI,KM283_0007,HASSENDJE,2019,305.001901844461
KM,KM2,KM28,OICHILI DIMANI,KM283,OICHILI YABOINI,KM283_0007,HASSENDJE,2020,311.95082229081044
KM,KM2,KM28,OICHILI DIMANI,KM283,OICHILI YABOINI,KM283_0007,HASSENDJE,2021,319.18453434409724
KM,KM2,KM28,OICHILI DIMANI,KM283,OICHILI YABOINI,KM283_0007,HASSENDJE,2022,326.67224969703267
KM,KM2,KM28,OICHILI DIMANI,KM283,OICHILI YABOINI,KM283_0007,HASSENDJE,2023,334.33237935600755
KM,KM2,KM28,OICHILI DIMANI,KM283,OICHILI YABOINI,KM283_0007,HASSENDJE,2024,342.2149542838258
KM,KM2,KM28,OICHILI DIMANI,KM283,OICHILI YABOINI,KM283_0007,HASSENDJE,2025,350.32767154106944
KM,KM2,KM28,OICHILI DIMANI,KM283,OICHILI YABOINI,KM283_0007,HASSENDJE,2026,358.6335851541196
KM,KM2,KM28,OICHILI DIMANI,KM283,OICHILI YABOINI,KM283_0007,HASSENDJE,2027,367.13269511079613
KM,KM2,KM28,OICHILI DIMANI,KM283,OICHILI YABOINI,KM283_0007,HASSENDJE,2028,375.77189157656
KM,KM3,KM31,DJANDO,KM311,DJANDO,KM121_0005,KANGANI,2017,1357.0
KM,KM3,KM31,DJANDO,KM311,DJANDO,KM121_0005,KANGANI,2018,1400.638210614853
KM,KM3,KM31,DJANDO,KM311,DJANDO,KM121_0005,KANGANI,2019,1445.496999698408
KM,KM3,KM31,DJANDO,KM311,DJANDO,KM121_0005,KANGANI,2020,1491.4427965507193
KM,KM3,KM31,DJANDO,KM311,DJANDO,KM121_0005,KANGANI,2021,1538.3885497886058
KM,KM3,KM31,DJANDO,KM311,DJANDO,KM121_0005,KANGANI,2022,1586.1237402326553
KM,KM3,KM31,DJANDO,KM311,DJANDO,KM121_0005,KANGANI,2023,1634.174700596747
KM,KM3,KM31,DJANDO,KM311,DJANDO,KM121_0005,KANGANI,2024,1682.6993182180072
KM,KM3,KM31,DJANDO,KM311,DJANDO,KM121_0005,KANGANI,2025,1731.697592610603
KM,KM3,KM31,DJANDO,KM311,DJANDO,KM121_0005,KANGANI,2026,1780.8537441725625
KM,KM3,KM31,DJANDO,KM311,DJANDO,KM121_0005,KANGANI,2027,1830.1414578329477
KM,KM3,KM31,DJANDO,KM311,DJANDO,KM121_0005,KANGANI,2028,1879.1396944694845
KM,KM3,KM31,DJANDO,KM311,DJANDO,KM311_0001,ZIROUDANI,2017,1746.0
KM,KM3,KM31,DJANDO,KM311,DJANDO,KM311_0001,ZIROUDANI,2018,1802.147616605405
KM,KM3,KM31,DJANDO,KM311,DJANDO,KM311_0001,ZIROUDANI,2019,1859.865704844083
KM,KM3,KM31,DJANDO,KM311,DJANDO,KM311_0001,ZIROUDANI,2020,1918.9824044049785
KM,KM3,KM31,DJANDO,KM311,DJANDO,KM311_0001,ZIROUDANI,2021,1979.385709602731
KM,KM3,KM31,DJANDO,KM311,DJANDO,KM311_0001,ZIROUDANI,2022,2040.8047534607342
KM,KM3,KM31,DJANDO,KM311,DJANDO,KM311_0001,ZIROUDANI,2023,2102.630086397878
KM,KM3,KM31,DJANDO,KM311,DJANDO,KM311_0001,ZIROUDANI,2024,2165.064856012263
KM,KM3,KM31,DJANDO,KM311,DJANDO,KM311_0001,ZIROUDANI,2025,2228.1090616787865
KM,KM3,KM31,DJANDO,KM311,DJANDO,KM311_0001,ZIROUDANI,2026,2291.356401860939
KM,KM3,KM31,DJANDO,KM311,DJANDO,KM311_0001,ZIROUDANI,2027,2354.7730179633945
KM,KM3,KM31,DJANDO,KM311,DJANDO,KM311_0001,ZIROUDANI,2028,2417.8171750506417
KM,KM3,KM31,DJANDO,KM311,DJANDO,KM311_0002,WANANI,2017,3291.0
KM,KM3,KM31,DJANDO,KM311,DJANDO,KM311_0002,WANANI,2018,3396.8315041514225
KM,KM3,KM31,DJANDO,KM311,DJANDO,KM311_0002,WANANI,2019,3505.623158443228
KM,KM3,KM31,DJANDO,KM311,DJANDO,KM311_0002,WANANI,2020,3617.051026859555
KM,KM3,KM31,DJANDO,KM311,DJANDO,KM311_0002,WANANI,2021,3730.9039921549756
KM,KM3,KM31,DJANDO,KM311,DJANDO,KM311_0002,WANANI,2022,3846.6715026570882
KM,KM3,KM31,DJANDO,KM311,DJANDO,KM311_0002,WANANI,2023,3963.204819206997
KM,KM3,KM31,DJANDO,KM311,DJANDO,KM311_0002,WANANI,2024,4080.88685059356
KM,KM3,KM31,DJANDO,KM311,DJANDO,KM311_0002,WANANI,2025,4199.717595638536
KM,KM3,KM31,DJANDO,KM311,DJANDO,KM311_0002,WANANI,2026,4318.9312248134875
KM,KM3,KM31,DJANDO,KM311,DJANDO,KM311_0002,WANANI,2027,4438.463918738563
KM,KM3,KM31,DJANDO,KM311,DJANDO,KM311_0002,WANANI,2028,4557.294572217445
KM,KM3,KM31,DJANDO,KM311,DJANDO,KM311_0003,MLANBANDA,2017,407.0
KM,KM3,KM31,DJANDO,KM311,DJANDO,KM311_0003,MLANBANDA,2018,420.08824739885426
KM,KM3,KM31,DJANDO,KM311,DJANDO,KM311_0003,MLANBANDA,2019,433.5425783914901
KM,KM3,KM31,DJANDO,KM311,DJANDO,KM311_0003,MLANBANDA,2020,447.3229316110116
KM,KM3,KM31,DJANDO,KM311,DJANDO,KM311_0003,MLANBANDA,2021,461.40319805745213
KM,KM3,KM31,DJANDO,KM311,DJANDO,KM311_0003,MLANBANDA,2022,475.7202374905606
KM,KM3,KM31,DJANDO,KM311,DJANDO,KM311_0003,MLANBANDA,2023,490.131984629975
KM,KM3,KM31,DJANDO,KM311,DJANDO,KM311_0003,MLANBANDA,2024,504.6857940418047
KM,KM3,KM31,DJANDO,KM311,DJANDO,KM311_0003,MLANBANDA,2025,519.3816655803356
KM,KM3,KM31,DJANDO,KM311,DJANDO,KM311_0003,MLANBANDA,2026,534.1248886353965
KM,KM3,KM31,DJANDO,KM311,DJANDO,KM311_0003,MLANBANDA,2027,548.907570624915
KM,KM3,KM31,DJANDO,KM311,DJANDO,KM311_0003,MLANBANDA,2028,563.6034308394107
KM,KM3,KM31,DJANDO,KM311,DJANDO,KM311_0006,HAGNAMOIDA,2017,817.0
KM,KM3,KM31,DJANDO,KM311,DJANDO,KM311_0006,HAGNAMOIDA,2018,843.2729683657586
KM,KM3,KM31,DJANDO,KM311,DJANDO,KM311_0006,HAGNAMOIDA,2019,870.2808023239494
KM,KM3,KM31,DJANDO,KM311,DJANDO,KM311_0006,HAGNAMOIDA,2020,897.9430838481484
KM,KM3,KM31,DJANDO,KM311,DJANDO,KM311_0006,HAGNAMOIDA,2021,926.2074024887921
KM,KM3,KM31,DJANDO,KM311,DJANDO,KM311_0006,HAGNAMOIDA,2022,954.9470123582015
KM,KM3,KM31,DJANDO,KM311,DJANDO,KM311_0006,HAGNAMOIDA,2023,983.8767357314239
KM,KM3,KM31,DJANDO,KM311,DJANDO,KM311_0006,HAGNAMOIDA,2024,1013.0916307915342
KM,KM3,KM31,DJANDO,KM311,DJANDO,KM311_0006,HAGNAMOIDA,2025,1042.59169724603
KM,KM3,KM31,DJANDO,KM311,DJANDO,KM311_0006,HAGNAMOIDA,2026,1072.1868157619629
KM,KM3,KM31,DJANDO,KM311,DJANDO,KM311_0006,HAGNAMOIDA,2027,1101.8611429989078
KM,KM3,KM31,DJANDO,KM311,DJANDO,KM311_0006,HAGNAMOIDA,2028,1131.3611867218635
KM,KM3,KM31,DJANDO,KM311,DJANDO,KM311_0007,ITSAMIA,2017,405.0
KM,KM3,KM31,DJANDO,KM311,DJANDO,KM311_0007,ITSAMIA,2018,418.0239316868205
KM,KM3,KM31,DJANDO,KM311,DJANDO,KM311_0007,ITSAMIA,2019,431.412148030844
KM,KM3,KM31,DJANDO,KM311,DJANDO,KM311_0007,ITSAMIA,2020,445.12478452692795
KM,KM3,KM31,DJANDO,KM311,DJANDO,KM311_0007,ITSAMIA,2021,459.13586047486024
KM,KM3,KM31,DJANDO,KM311,DJANDO,KM311_0007,ITSAMIA,2022,473.3825459058404
KM,KM3,KM31,DJANDO,KM311,DJANDO,KM311_0007,ITSAMIA,2023,487.7234736489923
KM,KM3,KM31,DJANDO,KM311,DJANDO,KM311_0007,ITSAMIA,2024,502.20576556985475
KM,KM3,KM31,DJANDO,KM311,DJANDO,KM311_0007,ITSAMIA,2025,516.8294215234298
KM,KM3,KM31,DJANDO,KM311,DJANDO,KM311_0007,ITSAMIA,2026,531.5001963079498
KM,KM3,KM31,DJANDO,KM311,DJANDO,KM311_0007,ITSAMIA,2027,546.2102361255296
KM,KM3,KM31,DJANDO,KM311,DJANDO,KM311_0007,ITSAMIA,2028,560.8338808107158
KM,KM3,KM31,DJANDO,KM311,DJANDO,KM311_0008,HAMAVOUNA,2017,1326.0
KM,KM3,KM31,DJANDO,KM311,DJANDO,KM311_0008,HAMAVOUNA,2018,1368.641317078326
KM,KM3,KM31,DJANDO,KM311,DJANDO,KM311_0008,HAMAVOUNA,2019,1412.4753291083928
KM,KM3,KM31,DJANDO,KM311,DJANDO,KM311_0008,HAMAVOUNA,2020,1457.3715167474234
KM,KM3,KM31,DJANDO,KM311,DJANDO,KM311_0008,HAMAVOUNA,2021,1503.2448172584313
KM,KM3,KM31,DJANDO,KM311,DJANDO,KM311_0008,HAMAVOUNA,2022,1549.8895206694922
KM,KM3,KM31,DJANDO,KM311,DJANDO,KM311_0008,HAMAVOUNA,2023,1596.8427803915154
KM,KM3,KM31,DJANDO,KM311,DJANDO,KM311_0008,HAMAVOUNA,2024,1644.2588769027836
KM,KM3,KM31,DJANDO,KM311,DJANDO,KM311_0008,HAMAVOUNA,2025,1692.1378097285624
KM,KM3,KM31,DJANDO,KM311,DJANDO,KM311_0008,HAMAVOUNA,2026,1740.1710130971392
KM,KM3,KM31,DJANDO,KM311,DJANDO,KM311_0008,HAMAVOUNA,2027,1788.3327730924748
KM,KM3,KM31,DJANDO,KM311,DJANDO,KM311_0008,HAMAVOUNA,2028,1836.2116690247137
KM,KM3,KM32,FOMBONI,KM321,FOMBONI,KM321_0001,FOMBONI,2017,17290.0
KM,KM3,KM32,FOMBONI,KM321,FOMBONI,KM321_0001,FOMBONI,2018,17847.8
KM,KM3,KM32,FOMBONI,KM321,FOMBONI,KM321_0001,FOMBONI,2019,18418.63568296623
KM,KM3,KM32,FOMBONI,KM321,FOMBONI,KM321_0001,FOMBONI,2020,19004.080615444716
KM,KM3,KM32,FOMBONI,KM321,FOMBONI,KM321_0001,FOMBONI,2021,19602.26707029829
KM,KM3,KM32,FOMBONI,KM321,FOMBONI,KM321_0001,FOMBONI,2022,20210.512595698485
KM,KM3,KM32,FOMBONI,KM321,FOMBONI,KM321_0001,FOMBONI,2023,20822.781686085742
KM,KM3,KM32,FOMBONI,KM321,FOMBONI,KM321_0001,FOMBONI,2024,21441.086154242857
KM,KM3,KM32,FOMBONI,KM321,FOMBONI,KM321_0001,FOMBONI,2025,22065.425993979316
KM,KM3,KM32,FOMBONI,KM321,FOMBONI,KM321_0001,FOMBONI,2026,22691.777516940143
KM,KM3,KM32,FOMBONI,KM321,FOMBONI,KM321_0001,FOMBONI,2027,23319.805414435883
KM,KM3,KM32,FOMBONI,KM321,FOMBONI,KM321_0001,FOMBONI,2028,23944.144773081694
KM,KM3,KM32,FOMBONI,KM322,MOILI MDJINI,KM322_0001,MBOIGOMA,2017,2055.0
KM,KM3,KM32,FOMBONI,KM322,MOILI MDJINI,KM322_0001,MBOIGOMA,2018,2121.084394114608
KM,KM3,KM32,FOMBONI,KM322,MOILI MDJINI,KM322_0001,MBOIGOMA,2019,2189.0171955639116
KM,KM3,KM32,FOMBONI,KM322,MOILI MDJINI,KM322_0001,MBOIGOMA,2020,2258.5961288958933
KM,KM3,KM32,FOMBONI,KM322,MOILI MDJINI,KM322_0001,MBOIGOMA,2021,2329.68936611318
KM,KM3,KM32,FOMBONI,KM322,MOILI MDJINI,KM322_0001,MBOIGOMA,2022,2401.978103300005
KM,KM3,KM32,FOMBONI,KM322,MOILI MDJINI,KM322_0001,MBOIGOMA,2023,2474.7450329597013
KM,KM3,KM32,FOMBONI,KM322,MOILI MDJINI,KM322_0001,MBOIGOMA,2024,2548.229254928522
KM,KM3,KM32,FOMBONI,KM322,MOILI MDJINI,KM322_0001,MBOIGOMA,2025,2622.430768470736
KM,KM3,KM32,FOMBONI,KM322,MOILI MDJINI,KM322_0001,MBOIGOMA,2026,2696.8713664514485
KM,KM3,KM32,FOMBONI,KM322,MOILI MDJINI,KM322_0001,MBOIGOMA,2027,2771.5111981184277
KM,KM3,KM32,FOMBONI,KM322,MOILI MDJINI,KM322_0001,MBOIGOMA,2028,2845.712654484002
KM,KM3,KM32,FOMBONI,KM322,MOILI MDJINI,KM322_0002,BANDAR SALAMA,2017,2413.0
KM,KM3,KM32,FOMBONI,KM322,MOILI MDJINI,KM322_0002,BANDAR SALAMA,2018,2490.5969065686336
KM,KM3,KM32,FOMBONI,KM322,MOILI MDJINI,KM322_0002,BANDAR SALAMA,2019,2570.3642301195714
KM,KM3,KM32,FOMBONI,KM322,MOILI MDJINI,KM322_0002,BANDAR SALAMA,2020,2652.0644569468573
KM,KM3,KM32,FOMBONI,KM322,MOILI MDJINI,KM322_0002,BANDAR SALAMA,2021,2735.5427933971305
KM,KM3,KM32,FOMBONI,KM322,MOILI MDJINI,KM322_0002,BANDAR SALAMA,2022,2820.4248969649207
KM,KM3,KM32,FOMBONI,KM322,MOILI MDJINI,KM322_0002,BANDAR SALAMA,2023,2905.868498555601
KM,KM3,KM32,FOMBONI,KM322,MOILI MDJINI,KM322_0002,BANDAR SALAMA,2024,2992.1543514075543
KM,KM3,KM32,FOMBONI,KM322,MOILI MDJINI,KM322_0002,BANDAR SALAMA,2025,3079.282454656879
KM,KM3,KM32,FOMBONI,KM322,MOILI MDJINI,KM322_0002,BANDAR SALAMA,2026,3166.6912930644016
KM,KM3,KM32,FOMBONI,KM322,MOILI MDJINI,KM322_0002,BANDAR SALAMA,2027,3254.3340735084025
KM,KM3,KM32,FOMBONI,KM322,MOILI MDJINI,KM322_0002,BANDAR SALAMA,2028,3341.462109620388
KM,KM3,KM32,FOMBONI,KM322,MOILI MDJINI,KM322_0003,DJOIEZI,2017,2942.0
KM,KM3,KM32,FOMBONI,KM322,MOILI MDJINI,KM322_0003,DJOIEZI,2018,3036.608412401545
KM,KM3,KM32,FOMBONI,KM322,MOILI MDJINI,KM322_0003,DJOIEZI,2019,3133.8630605104768
KM,KM3,KM32,FOMBONI,KM322,MOILI MDJINI,KM322_0003,DJOIEZI,2020,3233.474360686968
KM,KM3,KM32,FOMBONI,KM322,MOILI MDJINI,KM322_0003,DJOIEZI,2021,3335.2535839926886
KM,KM3,KM32,FOMBONI,KM322,MOILI MDJINI,KM322_0003,DJOIEZI,2022,3438.7443211234136
KM,KM3,KM32,FOMBONI,KM322,MOILI MDJINI,KM322_0003,DJOIEZI,2023,3542.9196530255194
KM,KM3,KM32,FOMBONI,KM322,MOILI MDJINI,KM322_0003,DJOIEZI,2024,3648.121882238303
KM,KM3,KM32,FOMBONI,KM322,MOILI MDJINI,KM322_0003,DJOIEZI,2025,3754.35100770847
KM,KM3,KM32,FOMBONI,KM322,MOILI MDJINI,KM322_0003,DJOIEZI,2026,3860.922413674045
KM,KM3,KM32,FOMBONI,KM322,MOILI MDJINI,KM322_0003,DJOIEZI,2027,3967.779048595823
KM,KM3,KM32,FOMBONI,KM322,MOILI MDJINI,KM322_0003,DJOIEZI,2028,4074.008092210187
KM,KM3,KM32,FOMBONI,KM323,MOINBASSA,KM252_0007,DOMONI,2017,258.0
KM,KM3,KM32,FOMBONI,KM323,MOINBASSA,KM252_0007,DOMONI,2018,266.2967268523444
KM,KM3,KM32,FOMBONI,KM323,MOINBASSA,KM252_0007,DOMONI,2019,274.82551652335246
KM,KM3,KM32,FOMBONI,KM323,MOINBASSA,KM252_0007,DOMONI,2020,283.5609738467837
KM,KM3,KM32,FOMBONI,KM323,MOINBASSA,KM252_0007,DOMONI,2021,292.4865481543554
KM,KM3,KM32,FOMBONI,KM323,MOINBASSA,KM252_0007,DOMONI,2022,301.5622144289057
KM,KM3,KM32,FOMBONI,KM323,MOINBASSA,KM252_0007,DOMONI,2023,310.69791654676544
KM,KM3,KM32,FOMBONI,KM323,MOINBASSA,KM252_0007,DOMONI,2024,319.9236728815371
KM,KM3,KM32,FOMBONI,KM323,MOINBASSA,KM252_0007,DOMONI,2025,329.23948334085156
KM,KM3,KM32,FOMBONI,KM323,MOINBASSA,KM252_0007,DOMONI,2026,338.58531024061983
KM,KM3,KM32,FOMBONI,KM323,MOINBASSA,KM252_0007,DOMONI,2027,347.9561504207078
KM,KM3,KM32,FOMBONI,KM323,MOINBASSA,KM252_0007,DOMONI,2028,357.2719537016411
KM,KM3,KM32,FOMBONI,KM323,MOINBASSA,KM323_0001,M'BATSE,2017,3676.0
KM,KM3,KM32,FOMBONI,KM323,MOINBASSA,KM323_0001,M'BATSE,2018,3794.212278717909
KM,KM3,KM32,FOMBONI,KM323,MOINBASSA,KM323_0001,M'BATSE,2019,3915.731002867611
KM,KM3,KM32,FOMBONI,KM323,MOINBASSA,KM323_0001,M'BATSE,2020,4040.1943405456473
KM,KM3,KM32,FOMBONI,KM323,MOINBASSA,KM323_0001,M'BATSE,2021,4167.366476803917
KM,KM3,KM32,FOMBONI,KM323,MOINBASSA,KM323_0001,M'BATSE,2022,4296.677132715727
KM,KM3,KM32,FOMBONI,KM323,MOINBASSA,KM323_0001,M'BATSE,2023,4426.843183046162
KM,KM3,KM32,FOMBONI,KM323,MOINBASSA,KM323_0001,M'BATSE,2024,4558.292331443916
KM,KM3,KM32,FOMBONI,KM323,MOINBASSA,KM323_0001,M'BATSE,2025,4691.0245765929085
KM,KM3,KM32,FOMBONI,KM323,MOINBASSA,KM323_0001,M'BATSE,2026,4824.184497846972
KM,KM3,KM32,FOMBONI,KM323,MOINBASSA,KM323_0001,M'BATSE,2027,4957.70080987024
KM,KM3,KM32,FOMBONI,KM323,MOINBASSA,KM323_0001,M'BATSE,2028,5090.432952741213
KM,KM3,KM32,FOMBONI,KM323,MOINBASSA,KM323_0002,HOANI,2017,2199.0
KM,KM3,KM32,FOMBONI,KM323,MOINBASSA,KM323_0002,HOANI,2018,2269.7151253810334
KM,KM3,KM32,FOMBONI,KM323,MOINBASSA,KM323_0002,HOANI,2019,2342.4081815304344
KM,KM3,KM32,FOMBONI,KM323,MOINBASSA,KM323_0002,HOANI,2020,2416.8627189499125
KM,KM3,KM32,FOMBONI,KM323,MOINBASSA,KM323_0002,HOANI,2021,2492.9376720597966
KM,KM3,KM32,FOMBONI,KM323,MOINBASSA,KM323_0002,HOANI,2022,2570.291897399859
KM,KM3,KM32,FOMBONI,KM323,MOINBASSA,KM323_0002,HOANI,2023,2648.1578235904544
KM,KM3,KM32,FOMBONI,KM323,MOINBASSA,KM323_0002,HOANI,2024,2726.791304908915
KM,KM3,KM32,FOMBONI,KM323,MOINBASSA,KM323_0002,HOANI,2025,2806.1923405679554
KM,KM3,KM32,FOMBONI,KM323,MOINBASSA,KM323_0002,HOANI,2026,2885.8492140276085
KM,KM3,KM32,FOMBONI,KM323,MOINBASSA,KM323_0002,HOANI,2027,2965.719282074172
KM,KM3,KM32,FOMBONI,KM323,MOINBASSA,KM323_0002,HOANI,2028,3045.1202565500344
KM,KM3,KM33,NIOUMACHOUA,KM331,MLEDJELE,KM331_0001,MIREMANI,2017,288.0
KM,KM3,KM33,NIOUMACHOUA,KM331,MLEDJELE,KM331_0001,MIREMANI,2018,297.2614625328501
KM,KM3,KM33,NIOUMACHOUA,KM331,MLEDJELE,KM331_0001,MIREMANI,2019,306.7819719330446
KM,KM3,KM33,NIOUMACHOUA,KM331,MLEDJELE,KM331_0001,MIREMANI,2020,316.53318010803764
KM,KM3,KM33,NIOUMACHOUA,KM331,MLEDJELE,KM331_0001,MIREMANI,2021,326.49661189323393
KM,KM3,KM33,NIOUMACHOUA,KM331,MLEDJELE,KM331_0001,MIREMANI,2022,336.6275881997087
KM,KM3,KM33,NIOUMACHOUA,KM331,MLEDJELE,KM331_0001,MIREMANI,2023,346.82558126150565
KM,KM3,KM33,NIOUMACHOUA,KM331,MLEDJELE,KM331_0001,MIREMANI,2024,357.1240999607856
KM,KM3,KM33,NIOUMACHOUA,KM331,MLEDJELE,KM331_0001,MIREMANI,2025,367.52314419443894
KM,KM3,KM33,NIOUMACHOUA,KM331,MLEDJELE,KM331_0001,MIREMANI,2026,377.95569515231983
KM,KM3,KM33,NIOUMACHOUA,KM331,MLEDJELE,KM331_0001,MIREMANI,2027,388.4161679114878
KM,KM3,KM33,NIOUMACHOUA,KM331,MLEDJELE,KM331_0001,MIREMANI,2028,398.81520413206454
KM,KM3,KM33,NIOUMACHOUA,KM331,MLEDJELE,KM331_0002,NDRONDRONI,2017,4240.0
KM,KM3,KM33,NIOUMACHOUA,KM331,MLEDJELE,KM331_0002,NDRONDRONI,2018,4376.349309511403
KM,KM3,KM33,NIOUMACHOUA,KM331,MLEDJELE,KM331_0002,NDRONDRONI,2019,4516.512364569823
KM,KM3,KM33,NIOUMACHOUA,KM331,MLEDJELE,KM331_0002,NDRONDRONI,2020,4660.071818257222
KM,KM3,KM33,NIOUMACHOUA,KM331,MLEDJELE,KM331_0002,NDRONDRONI,2021,4806.755675094833
KM,KM3,KM33,NIOUMACHOUA,KM331,MLEDJELE,KM331_0002,NDRONDRONI,2022,4955.906159606823
KM,KM3,KM33,NIOUMACHOUA,KM331,MLEDJELE,KM331_0002,NDRONDRONI,2023,5106.043279683277
KM,KM3,KM33,NIOUMACHOUA,KM331,MLEDJELE,KM331_0002,NDRONDRONI,2024,5257.660360533788
KM,KM3,KM33,NIOUMACHOUA,KM331,MLEDJELE,KM331_0002,NDRONDRONI,2025,5410.757400640351
KM,KM3,KM33,NIOUMACHOUA,KM331,MLEDJELE,KM331_0002,NDRONDRONI,2026,5564.347734186931
KM,KM3,KM33,NIOUMACHOUA,KM331,MLEDJELE,KM331_0002,NDRONDRONI,2027,5718.3491386969035
KM,KM3,KM33,NIOUMACHOUA,KM331,MLEDJELE,KM331_0002,NDRONDRONI,2028,5871.446060833172
KM,KM3,KM33,NIOUMACHOUA,KM331,MLEDJELE,KM331_0003,NIOUMACHOUA,2017,3329.0
KM,KM3,KM33,NIOUMACHOUA,KM331,MLEDJELE,KM331_0003,NIOUMACHOUA,2018,3436.053502680064
KM,KM3,KM33,NIOUMACHOUA,KM331,MLEDJELE,KM331_0003,NIOUMACHOUA,2019,3546.101335295505
KM,KM3,KM33,NIOUMACHOUA,KM331,MLEDJELE,KM331_0003,NIOUMACHOUA,2020,3658.8158214571436
KM,KM3,KM33,NIOUMACHOUA,KM331,MLEDJELE,KM331_0003,NIOUMACHOUA,2021,3773.9834062242217
KM,KM3,KM33,NIOUMACHOUA,KM331,MLEDJELE,KM331_0003,NIOUMACHOUA,2022,3891.0876427667718
KM,KM3,KM33,NIOUMACHOUA,KM331,MLEDJELE,KM331_0003,NIOUMACHOUA,2023,4008.9665278456673
KM,KM3,KM33,NIOUMACHOUA,KM331,MLEDJELE,KM331_0003,NIOUMACHOUA,2024,4128.007391560608
KM,KM3,KM33,NIOUMACHOUA,KM331,MLEDJELE,KM331_0003,NIOUMACHOUA,2025,4248.210232719747
KM,KM3,KM33,NIOUMACHOUA,KM331,MLEDJELE,KM331_0003,NIOUMACHOUA,2026,4368.800379034975
KM,KM3,KM33,NIOUMACHOUA,KM331,MLEDJELE,KM331_0003,NIOUMACHOUA,2027,4489.713274226884
KM,KM3,KM33,NIOUMACHOUA,KM331,MLEDJELE,KM331_0003,NIOUMACHOUA,2028,4609.916022762649
KM,KM3,KM33,NIOUMACHOUA,KM331,MLEDJELE,KM331_0004,NDREMEANI,2017,57.0
KM,KM3,KM33,NIOUMACHOUA,KM331,MLEDJELE,KM331_0004,NDREMEANI,2018,58.36322060987768
KM,KM3,KM33,NIOUMACHOUA,KM331,MLEDJELE,KM331_0004,NDREMEANI,2019,60.71726527841508
KM,KM3,KM33,NIOUMACHOUA,KM331,MLEDJELE,KM331_0004,NDREMEANI,2020,62.64719189638246
KM,KM3,KM33,NIOUMACHOUA,KM331,MLEDJELE,KM331_0004,NDREMEANI,2021,64.61912110386922
KM,KM3,KM33,NIOUMACHOUA,KM331,MLEDJELE,KM331_0004,NDREMEANI,2022,66.62421016452568
KM,KM3,KM33,NIOUMACHOUA,KM331,MLEDJELE,KM331_0004,NDREMEANI,2023,68.64256295800634
KM,KM3,KM33,NIOUMACHOUA,KM331,MLEDJELE,KM331_0004,NDREMEANI,2024,70.68081145057215
KM,KM3,KM33,NIOUMACHOUA,KM331,MLEDJELE,KM331_0004,NDREMEANI,2025,72.73895562181605
KM,KM3,KM33,NIOUMACHOUA,KM331,MLEDJELE,KM331_0004,NDREMEANI,2026,74.80373133222996
KM,KM3,KM33,NIOUMACHOUA,KM331,MLEDJELE,KM331_0004,NDREMEANI,2027,76.87403323248196
KM,KM3,KM33,NIOUMACHOUA,KM331,MLEDJELE,KM331_0004,NDREMEANI,2028,78.93217581780443
KM,KM3,KM33,NIOUMACHOUA,KM332,MOIMBAO,KM143_0003,BARAKANI,2017,940.0
KM,KM3,KM33,NIOUMACHOUA,KM332,MOIMBAO,KM143_0003,BARAKANI,2018,970.2283846558292
KM,KM3,KM33,NIOUMACHOUA,KM332,MOIMBAO,KM143_0003,BARAKANI,2019,1001.3022695036873
KM,KM3,KM33,NIOUMACHOUA,KM332,MOIMBAO,KM143_0003,BARAKANI,2020,1033.1291295192896
KM,KM3,KM33,NIOUMACHOUA,KM332,MOIMBAO,KM143_0003,BARAKANI,2021,1065.648663818194
KM,KM3,KM33,NIOUMACHOUA,KM332,MOIMBAO,KM143_0003,BARAKANI,2022,1098.7150448184939
KM,KM3,KM33,NIOUMACHOUA,KM332,MOIMBAO,KM143_0003,BARAKANI,2023,1132.0001610618585
KM,KM3,KM33,NIOUMACHOUA,KM332,MOIMBAO,KM143_0003,BARAKANI,2024,1165.6133818164528
KM,KM3,KM33,NIOUMACHOUA,KM332,MOIMBAO,KM143_0003,BARAKANI,2025,1199.554706745738
KM,KM3,KM33,NIOUMACHOUA,KM332,MOIMBAO,KM143_0003,BARAKANI,2026,1233.6053938999326
KM,KM3,KM33,NIOUMACHOUA,KM332,MOIMBAO,KM143_0003,BARAKANI,2027,1267.7472147111057
KM,KM3,KM33,NIOUMACHOUA,KM332,MOIMBAO,KM143_0003,BARAKANI,2028,1301.6885134865993
KM,KM3,KM33,NIOUMACHOUA,KM332,MOIMBAO,KM332_0001,HAMBA,2017,243.0
KM,KM3,KM33,NIOUMACHOUA,KM332,MOIMBAO,KM332_0001,HAMBA,2018,250.81435901209213
KM,KM3,KM33,NIOUMACHOUA,KM332,MOIMBAO,KM332_0001,HAMBA,2019,258.8472888185064
KM,KM3,KM33,NIOUMACHOUA,KM332,MOIMBAO,KM332_0001,HAMBA,2020,267.0748707161568
KM,KM3,KM33,NIOUMACHOUA,KM332,MOIMBAO,KM332_0001,HAMBA,2021,275.4815162849161
KM,KM3,KM33,NIOUMACHOUA,KM332,MOIMBAO,KM332_0001,HAMBA,2022,284.02952754350423
KM,KM3,KM33,NIOUMACHOUA,KM332,MOIMBAO,KM332_0001,HAMBA,2023,292.63408418939537
KM,KM3,KM33,NIOUMACHOUA,KM332,MOIMBAO,KM332_0001,HAMBA,2024,301.3234593419129
KM,KM3,KM33,NIOUMACHOUA,KM332,MOIMBAO,KM332_0001,HAMBA,2025,310.09765291405785
KM,KM3,KM33,NIOUMACHOUA,KM332,MOIMBAO,KM332_0001,HAMBA,2026,318.9001177847698
KM,KM3,KM33,NIOUMACHOUA,KM332,MOIMBAO,KM332_0001,HAMBA,2027,327.7261416753178
KM,KM3,KM33,NIOUMACHOUA,KM332,MOIMBAO,KM332_0001,HAMBA,2028,336.50032848642945
KM,KM3,KM33,NIOUMACHOUA,KM332,MOIMBAO,KM332_0004,MIRINGONI,2017,1007.0
KM,KM3,KM33,NIOUMACHOUA,KM332,MOIMBAO,KM332_0004,MIRINGONI,2018,1039.3829610089588
KM,KM3,KM33,NIOUMACHOUA,KM332,MOIMBAO,KM332_0004,MIRINGONI,2019,1072.671686585333
KM,KM3,KM33,NIOUMACHOUA,KM332,MOIMBAO,KM332_0004,MIRINGONI,2020,1106.76705683609
KM,KM3,KM33,NIOUMACHOUA,KM332,MOIMBAO,KM332_0004,MIRINGONI,2021,1141.6044728350228
KM,KM3,KM33,NIOUMACHOUA,KM332,MOIMBAO,KM332_0004,MIRINGONI,2022,1177.0277129066203
KM,KM3,KM33,NIOUMACHOUA,KM332,MOIMBAO,KM332_0004,MIRINGONI,2023,1212.6852789247782
KM,KM3,KM33,NIOUMACHOUA,KM332,MOIMBAO,KM332_0004,MIRINGONI,2024,1248.6943356267745
KM,KM3,KM33,NIOUMACHOUA,KM332,MOIMBAO,KM332_0004,MIRINGONI,2025,1285.0548826520833
KM,KM3,KM33,NIOUMACHOUA,KM332,MOIMBAO,KM332_0004,MIRINGONI,2026,1321.532586869396
KM,KM3,KM33,NIOUMACHOUA,KM332,MOIMBAO,KM332_0004,MIRINGONI,2027,1358.1079204405144
KM,KM3,KM33,NIOUMACHOUA,KM332,MOIMBAO,KM332_0004,MIRINGONI,2028,1394.4684394478784
KM,KM3,KM33,NIOUMACHOUA,KM332,MOIMBAO,KM332_0005,WALLAH 1,2017,446.0
KM,KM3,KM33,NIOUMACHOUA,KM332,MOIMBAO,KM332_0005,WALLAH 1,2018,460.34240378351103
KM,KM3,KM33,NIOUMACHOUA,KM332,MOIMBAO,KM332_0005,WALLAH 1,2019,475.08597042408985
KM,KM3,KM33,NIOUMACHOUA,KM332,MOIMBAO,KM332_0005,WALLAH 1,2020,490.1867997506417
KM,KM3,KM33,NIOUMACHOUA,KM332,MOIMBAO,KM332_0005,WALLAH 1,2021,505.61628091799423
KM,KM3,KM33,NIOUMACHOUA,KM332,MOIMBAO,KM332_0005,WALLAH 1,2022,521.3052233926045
KM,KM3,KM33,NIOUMACHOUA,KM332,MOIMBAO,KM332_0005,WALLAH 1,2023,537.0979487591372
KM,KM3,KM33,NIOUMACHOUA,KM332,MOIMBAO,KM332_0005,WALLAH 1,2024,553.0463492448276
KM,KM3,KM33,NIOUMACHOUA,KM332,MOIMBAO,KM332_0005,WALLAH 1,2025,569.1504246899992
KM,KM3,KM33,NIOUMACHOUA,KM332,MOIMBAO,KM332_0005,WALLAH 1,2026,585.3063890206064
KM,KM3,KM33,NIOUMACHOUA,KM332,MOIMBAO,KM332_0005,WALLAH 1,2027,601.505593362929
KM,KM3,KM33,NIOUMACHOUA,KM332,MOIMBAO,KM332_0005,WALLAH 1,2028,617.609656398961
KM,KM3,KM33,NIOUMACHOUA,KM332,MOIMBAO,KM332_0006,WALLAH 2,2017,835.0
KM,KM3,KM33,NIOUMACHOUA,KM332,MOIMBAO,KM332_0006,WALLAH 2,2018,861.851809774061
KM,KM3,KM33,NIOUMACHOUA,KM332,MOIMBAO,KM332_0006,WALLAH 2,2019,889.4546755697647
KM,KM3,KM33,NIOUMACHOUA,KM332,MOIMBAO,KM332_0006,WALLAH 2,2020,917.7264076049008
KM,KM3,KM33,NIOUMACHOUA,KM332,MOIMBAO,KM332_0006,WALLAH 2,2021,946.6134407321192
KM,KM3,KM33,NIOUMACHOUA,KM332,MOIMBAO,KM332_0006,WALLAH 2,2022,975.9862366206831
KM,KM3,KM33,NIOUMACHOUA,KM332,MOIMBAO,KM332_0006,WALLAH 2,2023,1005.5533345602681
KM,KM3,KM33,NIOUMACHOUA,KM332,MOIMBAO,KM332_0006,WALLAH 2,2024,1035.4118870390832
KM,KM3,KM33,NIOUMACHOUA,KM332,MOIMBAO,KM332_0006,WALLAH 2,2025,1065.5618937581824
KM,KM3,KM33,NIOUMACHOUA,KM332,MOIMBAO,KM332_0006,WALLAH 2,2026,1095.8090467089828
KM,KM3,KM33,NIOUMACHOUA,KM332,MOIMBAO,KM332_0006,WALLAH 2,2027,1126.1371534933758
KM,KM3,KM33,NIOUMACHOUA,KM332,MOIMBAO,KM332_0006,WALLAH 2,2028,1156.2871369801178
